sheet,column,key,lqa_row,main_row,local_row,status,local_status,main_value,lqa_value,local_value
System,Korean_Steam,System.NewGame,3,3,3,LQA_DIFFERS_FROM_MAIN,LOCAL_EQUALS_MAIN_LQA_NEW,New Game,게임시작,New Game
System,Korean_Steam,System.Load,4,4,4,LQA_DIFFERS_FROM_MAIN,LOCAL_EQUALS_MAIN_LQA_NEW,Load,이어하기,Load
System,Korean_Steam,System.Gallery,5,5,5,LQA_DIFFERS_FROM_MAIN,LOCAL_EQUALS_MAIN_LQA_NEW,Gallery,갤러리룸,Gallery
System,Korean_Steam,System.Option,6,6,6,LQA_DIFFERS_FROM_MAIN,LOCAL_EQUALS_MAIN_LQA_NEW,Option,옵션설정,Option
System,Korean_Steam,System.Credit,7,7,7,LQA_DIFFERS_FROM_MAIN,LOCAL_EQUALS_MAIN_LQA_NEW,Credit,스태프롤,Credit
System,Korean_Steam,System.Exit,8,8,8,LQA_DIFFERS_FROM_MAIN,LOCAL_EQUALS_MAIN_LQA_NEW,Exit,게임종료,Exit
System,Korean_Steam,System.Mood,20,20,20,LQA_DIFFERS_FROM_MAIN,LOCAL_EQUALS_MAIN_LQA_NEW,심정:,심정：,심정:
System,Korean_Steam,System.PickTraining,23,23,23,LQA_DIFFERS_FROM_MAIN,LOCAL_EQUALS_MAIN_LQA_NEW,조교 방법 선택:,조교 방법 선택：,조교 방법 선택:
System,Korean_Steam,System.BrainwashTraining,25,25,25,LQA_DIFFERS_FROM_MAIN,LOCAL_EQUALS_MAIN_LQA_NEW,교육 조교,세뇌 조교,교육 조교
System,Korean_Steam,System.ResearchPointCost,27,27,27,LQA_DIFFERS_FROM_MAIN,LOCAL_EQUALS_MAIN_LQA_NEW,연구 포인트 소모:,연구 포인트 소모：,연구 포인트 소모:
System,Korean_Steam,System.Back,29,30,30,LQA_DIFFERS_FROM_MAIN,LOCAL_EQUALS_MAIN_LQA_NEW,나가기,뒤로,나가기
System,Korean_Steam,System.Confirm,30,31,31,LQA_DIFFERS_FROM_MAIN,LOCAL_EQUALS_MAIN_LQA_NEW,확정,확인,확정
System,Korean_Steam,System.Attack,32,33,33,LQA_DIFFERS_FROM_MAIN,LOCAL_EQUALS_MAIN_LQA_NEW,공격력:,공격력：,공격력:
System,Korean_Steam,System.Level,33,34,34,LQA_DIFFERS_FROM_MAIN,LOCAL_EQUALS_MAIN_LQA_NEW,LV:,LV：,LV:
System,Korean_Steam,System.HP,34,35,35,LQA_DIFFERS_FROM_MAIN,LOCAL_EQUALS_MAIN_LQA_NEW,HP:,체력：,HP:
System,Korean_Steam,System.MP,35,36,36,LQA_DIFFERS_FROM_MAIN,LOCAL_EQUALS_MAIN_LQA_NEW,SP:,SP：,SP:
System,Korean_Steam,System.Defense,36,37,37,LQA_DIFFERS_FROM_MAIN,LOCAL_EQUALS_MAIN_LQA_NEW,방어력:,방어력：,방어력:
System,Korean_Steam,System.Speed,37,38,38,LQA_DIFFERS_FROM_MAIN,LOCAL_EQUALS_MAIN_LQA_NEW,민첩성:,민첩성：,민첩성:
System,Korean_Steam,System.Skill,38,39,39,LQA_DIFFERS_FROM_MAIN,LOCAL_EQUALS_MAIN_LQA_NEW,특수기:,특수기：,특수기:
System,Korean_Steam,System.SPCost,50,51,51,LQA_DIFFERS_FROM_MAIN,LOCAL_EQUALS_MAIN_LQA_NEW,SP 소모:,SP 소모：,SP 소모:
System,Korean_Steam,System.EffectTarget,51,52,52,LQA_DIFFERS_FROM_MAIN,LOCAL_EQUALS_MAIN_LQA_NEW,효과 대상:,효과 대상：,효과 대상:
System,Korean_Steam,System.Cancel,70,71,71,LQA_DIFFERS_FROM_MAIN,LOCAL_EQUALS_MAIN_LQA_NEW,취소하기,취소,취소하기
System,Korean_Steam,System.NovelAuto,92,95,95,LQA_DIFFERS_FROM_MAIN,LOCAL_EQUALS_MAIN_LQA_NEW,자동 시작/정지,자동 시작・정지,자동 시작/정지
System,Korean_Steam,Systeｍ.Requirement,98,101,101,LQA_DIFFERS_FROM_MAIN,LOCAL_EQUALS_MAIN_LQA_NEW,개방 조건:,개방 조건：,개방 조건:
System,Korean_Steam,Memory.KeiBrainWash_1,139,142,142,LQA_DIFFERS_FROM_MAIN,LOCAL_EQUALS_MAIN_LQA_NEW,케이 - 교육 조교 I,케이 - 세뇌 조교 I,케이 - 교육 조교 I
System,Korean_Steam,Memory.KeiBrainWash_2,140,143,143,LQA_DIFFERS_FROM_MAIN,LOCAL_EQUALS_MAIN_LQA_NEW,케이 - 교육 조교 II,케이 - 세뇌 조교 II,케이 - 교육 조교 II
System,Korean_Steam,Memory.KeiBrainWash_3,141,144,144,LQA_DIFFERS_FROM_MAIN,LOCAL_EQUALS_MAIN_LQA_NEW,케이 - 교육 조교 III,케이 - 세뇌 조교 III,케이 - 교육 조교 III
System,Korean_Steam,System.FoodQuest,166,193,193,LQA_DIFFERS_FROM_MAIN,LOCAL_EQUALS_MAIN_LQA_NEW,[식량 약탈],[식량 조달],[식량 약탈]
System,Korean_Steam,Name.Tank,193,220,220,LQA_DIFFERS_FROM_MAIN,LOCAL_EQUALS_MAIN_LQA_NEW,사족 보행 탱크,사각 탱크,사족 보행 탱크
System,Korean_Steam,Equipment.Helmet_Info,305,336,336,LQA_DIFFERS_FROM_MAIN,LOCAL_EQUALS_MAIN_LQA_NEW,"머리 보호뿐만 아니라, 정보를 실시간으로 표시할 수 있는 최신형 헬멧.
그 혹독한 전장 「퀀텀 전역」에서 생존율을 확실히 높여 준 아이템.","머리 보호뿐만 아니라, 정보의 실시간 표시도 가능한 최신형 헬멧.
그 혹독한 전장 「퀀텀 전역」에서의 생존율을 확실히 향상시켜 온 아이템.","머리 보호뿐만 아니라, 정보를 실시간으로 표시할 수 있는 최신형 헬멧.
그 혹독한 전장 「퀀텀 전역」에서 생존율을 확실히 높여 준 아이템."
System,Korean_Steam,Equipment.Stungun,312,343,343,LQA_DIFFERS_FROM_MAIN,LOCAL_EQUALS_MAIN_LQA_NEW,쇼크웨이브 펄서,쇼크웨이브・펄서,쇼크웨이브 펄서
System,Korean_Steam,Ability.Capture_Info,377,412,412,LQA_DIFFERS_FROM_MAIN,LOCAL_EQUALS_MAIN_LQA_NEW,"적 1명의 공격력과 속도를 일시적으로 25% 감소시킨다.

대상이 여성일 경우, 추가로 방어력과 공격력을 감소시킨다.","적 １체의 공격력・속도를 일시적으로 25% 다운

여성 상대라면 방어력과 공격력을 다운시킨다","적 1명의 공격력과 속도를 일시적으로 25% 감소시킨다.

대상이 여성일 경우, 추가로 방어력과 공격력을 감소시킨다."
System,Korean_Steam,Ability.Fist_Info,399,434,434,LQA_DIFFERS_FROM_MAIN,LOCAL_EQUALS_MAIN_LQA_NEW,턴을 소모하지 않고 적 단체를 공격한다.,턴을 소모하지 않고 적 단일을 공격한다.,턴을 소모하지 않고 적 단체를 공격한다.
System,Korean_Steam,Ability.GuardianAngel_Info,405,440,440,LQA_DIFFERS_FROM_MAIN,LOCAL_EQUALS_MAIN_LQA_NEW,모든 아군이 피해를 1회 무효화합니다.,１턴 동안 아군 전원이 받는 데미지를 무효로 한다.,모든 아군이 피해를 1회 무효화합니다.
System,Korean_Steam,Ability.PowerMode_On,419,456,456,LQA_DIFFERS_FROM_MAIN,LOCAL_EQUALS_MAIN_LQA_NEW,뇌신지상 (입),뇌신지상 (활성),뇌신지상 (입)
System,Korean_Steam,Ability.PowerMode_Off,420,457,457,LQA_DIFFERS_FROM_MAIN,LOCAL_EQUALS_MAIN_LQA_NEW,뇌신지상 (절),뇌신지상 (비활성),뇌신지상 (절)
System,Korean_Steam,Ability.PowerMode_Info,421,458,458,LQA_DIFFERS_FROM_MAIN,LOCAL_EQUALS_MAIN_LQA_NEW,"활성화하면 공격이 70% 업.
상시 30 데미지를 받는다.

스킬을 활성화・비활성화할 때 턴을 소모하지 않는다","활성화하면 공격이 70% 업.
상시 20 데미지를 받는다.

스킬을 활성화・비활성화할 때 턴을 소모하지 않는다","활성화하면 공격이 70% 업.
상시 30 데미지를 받는다.

스킬을 활성화・비활성화할 때 턴을 소모하지 않는다"
System,Korean_Steam,HomeChar.Hisui_DLC_1-1,460,511,511,LQA_DIFFERS_FROM_MAIN,LOCAL_EQUALS_MAIN_LQA_NEW,"「키, 키ーーー잇! 무슨 일이신가요……?」","「키, 키ーーー엣! 무슨 용무이십니까……?」","「키, 키ーーー잇! 무슨 일이신가요……?」"
System,Korean_Steam,HomeChar.Hisui_DLC_1-2,461,512,512,LQA_DIFFERS_FROM_MAIN,LOCAL_EQUALS_MAIN_LQA_NEW,(……이용할 만한 정보는 없을까……?),(……어딘가에 쓸만한 정보는……?),(……이용할 만한 정보는 없을까……?)
System,Korean_Steam,HomeChar.sentouin22_DLC_1-2,465,516,516,LQA_DIFFERS_FROM_MAIN,LOCAL_EQUALS_MAIN_LQA_NEW,"「키, 키ーーー잇! 언젠가 반드시 이 조직을 장악해주겠어…!!」","「키, 키ーーー잇!(언젠가 반드시 이 조직을 장악해주겠어…)!!」","「키, 키ーーー잇! 언젠가 반드시 이 조직을 장악해주겠어…!!」"
System,Korean_Steam,HomeChar.Daiya_DLC_1-1,466,517,517,LQA_DIFFERS_FROM_MAIN,POTENTIAL_PROOFREAD_CONFLICT,「와훗♥ 주인님이신가요…!?」,「와훗♥ 주인님이신가요…읏!?」,「왈프♥ 주인님이신가요…!?」
System,Korean_Steam,HomeChar.Daiya_DLC_1-2,467,518,518,LQA_DIFFERS_FROM_MAIN,LOCAL_EQUALS_MAIN_LQA_NEW,"「헤엑, 헤엑, 헤엑… 에헤헤…♥」","「헤헷, 헤헷, 헤헷, 에헤헤…♥」","「헤엑, 헤엑, 헤엑… 에헤헤…♥」"
System,Korean_Steam,HomeChar.Daiya_DLC_1-3,468,519,519,LQA_DIFFERS_FROM_MAIN,LQA_MATCHES_LOCAL,「저는 주인님께 완전히 길들여진 충견입니다…♥」,「저는 주인님께 길들여진 충견입니다…♥」,「저는 주인님께 길들여진 충견입니다…♥」
System,Korean_Steam,HomeChar.Daiya_DLC_1-4,469,520,520,LQA_DIFFERS_FROM_MAIN,POTENTIAL_PROOFREAD_CONFLICT,「깨갱♥… 조교 시간인가요…? 이 못난 개에게 벌을 잔뜩 주세요…♥」,「꺄앙♥…훈육 조교 시간인가요…? 이 못난 개에게 잔뜩 벌을 내려주세요…읏♥」,「캥♥… 훈련 시간인가요…? 이 못난 개에게 잔뜩 벌을 내려주세요…♥」
System,Korean_Steam,BattleLog.ItemSelf,481,535,535,LQA_DIFFERS_FROM_MAIN,LOCAL_EQUALS_MAIN_LQA_NEW,{0}이(가) {1}을(를) 사용했다.,"{0}, {1} 사용했다.",{0}이(가) {1}을(를) 사용했다.
System,Korean_Steam,BattleLog.ItemSelfToSelf,482,536,536,LQA_DIFFERS_FROM_MAIN,LOCAL_EQUALS_MAIN_LQA_NEW,{0}이(가) 자신에게 {1}을(를) 사용했다.,"{0}, 자신에게 {1} 사용했다.",{0}이(가) 자신에게 {1}을(를) 사용했다.
System,Korean_Steam,BattleLog.ItemOther,483,537,537,LQA_DIFFERS_FROM_MAIN,LOCAL_EQUALS_MAIN_LQA_NEW,{0}이(가) {1}에게 {2}을(를) 사용했다.,"{0}, {1}에게 {2} 사용했다.",{0}이(가) {1}에게 {2}을(를) 사용했다.
System,Korean_Steam,BattleLog.Idle,484,538,538,LQA_DIFFERS_FROM_MAIN,LOCAL_EQUALS_MAIN_LQA_NEW,{0}은(는) 대기한다.,"{0}, 대기한다.",{0}은(는) 대기한다.
System,Korean_Steam,BattleLog.IdleSP,485,539,539,LQA_DIFFERS_FROM_MAIN,LOCAL_EQUALS_MAIN_LQA_NEW,{0}은(는) 휴식을 취해 SP를 {1}만큼 회복했다.,"{0}, 휴식을 취했다. SP {1} 회복했다.",{0}은(는) 휴식을 취해 SP를 {1}만큼 회복했다.
System,Korean_Steam,BattleLog.StunStart,487,541,541,LQA_DIFFERS_FROM_MAIN,LOCAL_EQUALS_MAIN_LQA_NEW,{0}은(는) 행동 불능 상태가 되었다!,"{0}, 행동 불능이 되었다!",{0}은(는) 행동 불능 상태가 되었다!
System,Korean_Steam,BattleLog.StunUpdate,488,542,542,LQA_DIFFERS_FROM_MAIN,LOCAL_EQUALS_MAIN_LQA_NEW,{0}은(는) 아직 움직일 수 없다.,"{0}, 아직 움직일 수 없다.",{0}은(는) 아직 움직일 수 없다.
System,Korean_Steam,BattleLog.HurtStart,489,543,543,LQA_DIFFERS_FROM_MAIN,LOCAL_EQUALS_MAIN_LQA_NEW,{0}은(는) 부상 상태가 되었다!,"{0}, 부상을 입었다!",{0}은(는) 부상 상태가 되었다!
System,Korean_Steam,BattleLog.Disarm,500,554,554,LQA_DIFFERS_FROM_MAIN,LOCAL_EQUALS_MAIN_LQA_NEW,{0}은(는) 공격할 수 없게 되었다.,"{0}, 공격할 수 없게 되었다",{0}은(는) 공격할 수 없게 되었다.
System,Korean_Steam,BattleLog.AbilityExecute,502,557,557,LQA_DIFFERS_FROM_MAIN,LOCAL_EQUALS_MAIN_LQA_NEW,{0}의 {1}!,{0}에서의 {1}!,{0}의 {1}!
System,Korean_Steam,BattleLog.AbilityExecuteSelf,503,558,558,LQA_DIFFERS_FROM_MAIN,LOCAL_EQUALS_MAIN_LQA_NEW,{0}이(가) {1}을(를) 실행했다.,"{0}, {1} 실행.",{0}이(가) {1}을(를) 실행했다.
System,Korean_Steam,BattleLog.GiveSP,506,561,561,LQA_DIFFERS_FROM_MAIN,LOCAL_EQUALS_MAIN_LQA_NEW,{1}에게 SP {0}을 나누어 주었다!,"SP {0}, {1}에게 나누어 주었다!",{1}에게 SP {0}을 나누어 주었다!
System,Korean_Steam,BattleLog.Retire,509,564,564,LQA_DIFFERS_FROM_MAIN,LOCAL_EQUALS_MAIN_LQA_NEW,{0}은(는) 재기 불능 상태가 되었다.,"{0}, 재기 불능이 되었다.",{0}은(는) 재기 불능 상태가 되었다.
System,Korean_Steam,BattleLog.Defeat,510,565,565,LQA_DIFFERS_FROM_MAIN,LOCAL_EQUALS_MAIN_LQA_NEW,{0}은(는) 재기 불능 상태가 되었다.,"{0}, 재기 불능이 되었다.",{0}은(는) 재기 불능 상태가 되었다.
System,Korean_Steam,BattleLog.Hacking,511,566,566,LQA_DIFFERS_FROM_MAIN,LOCAL_EQUALS_MAIN_LQA_NEW,{0}이(가) 해킹을 시도한다! 성공 확률: {1},"{0}, 해킹을 시도한다! 성공 확률은 {1}",{0}이(가) 해킹을 시도한다! 성공 확률: {1}
System,Korean_Steam,BattleLog.StunShield,521,576,576,LQA_DIFFERS_FROM_MAIN,LOCAL_EQUALS_MAIN_LQA_NEW,다음에 {0}을 공격하는 대상은 튕겨 나가 잠시 행동 불능이 된다,다음에 {0} 공격하는 자가 반발되어 잠시 행동 불능이 된다,다음에 {0}을 공격하는 대상은 튕겨 나가 잠시 행동 불능이 된다
System,Korean_Steam,BattleLog.Suicide,523,578,578,LQA_DIFFERS_FROM_MAIN,LOCAL_EQUALS_MAIN_LQA_NEW,{0}이 자폭했다! {1} 데미지를 입혔다!,"{0}, 자폭한다! {1}의 데미지를 주었다!",{0}이 자폭했다! {1} 데미지를 입혔다!
System,Korean_Steam,BattleLog.ChargeAttack,526,581,581,LQA_DIFFERS_FROM_MAIN,LOCAL_EQUALS_MAIN_LQA_NEW,공격을 충전한다 ーー {0} 데미지를 모았다 ({1}스택),공격을 차지한다 ーー {0} 데미지를 모았다 ({1}스택),공격을 충전한다 ーー {0} 데미지를 모았다 ({1}스택)
System,Korean_Steam,BattleLog.KeiSpawn,528,583,583,LQA_DIFFERS_FROM_MAIN,LOCAL_EQUALS_MAIN_LQA_NEW,{1}이(가) {0}을(를) 소환했다.,"{0}, {1}에게 호출되었다.",{1}이(가) {0}을(를) 소환했다.
System,Korean_Steam,BattleLog.NayutaLockOn,529,584,584,LQA_DIFFERS_FROM_MAIN,LOCAL_EQUALS_MAIN_LQA_NEW,{0}이(가) 다음 표적으로 지목되었다.,"{0}, 다음 표적으로 지정되었다.",{0}이(가) 다음 표적으로 지목되었다.
Dialog.Tutorial,Korean_Steam,Dialog.Tutorial-3-5,58,58,58,LQA_DIFFERS_FROM_MAIN,LOCAL_EQUALS_MAIN_LQA_NEW,「공격」 기본적인 공격 수단입니다. 공격자와 상대의 레벨에 따라 데미지가 영향받습니다.,「공격」 기본적인 공격 수단입니다. 공격자와 상대의 레벨에 따라 대미지가 영향받습니다.,「공격」 기본적인 공격 수단입니다. 공격자와 상대의 레벨에 따라 데미지가 영향받습니다.
Dialog.Tutorial,Korean_Steam,Dialog.Tutorial-3-6,59,59,59,LQA_DIFFERS_FROM_MAIN,LOCAL_EQUALS_MAIN_LQA_NEW,"이번에는 상대 쪽이 압도적으로 레벨이 높으므로, 그다지 데미지를 줄 수 없을 것입니다.","이번에는 상대 쪽이 압도적으로 레벨이 높으므로, 그다지 대미지를 줄 수 없을 것입니다.","이번에는 상대 쪽이 압도적으로 레벨이 높으므로, 그다지 데미지를 줄 수 없을 것입니다."
Dialog.Tutorial,Korean_Steam,Tutorial.CharacterBuildingPanel-2,109,109,109,LQA_DIFFERS_FROM_MAIN,LOCAL_EQUALS_MAIN_LQA_NEW,여기서 장비를 확인하거나 변경할 수 있습니다.,여기서 장비를 확인・변경할 수 있습니다.,여기서 장비를 확인하거나 변경할 수 있습니다.
Dialog.Chapter2,Korean_Steam,Dialog.Chapter2-1-8,17,17,17,LQA_DIFFERS_FROM_MAIN,LOCAL_EQUALS_MAIN_LQA_NEW,릿카는 마음을 굳게 먹고 사령부로 향했다.,릿카는 마음을 굳게 먹고 사령부로 향하는 것이었다.,릿카는 마음을 굳게 먹고 사령부로 향했다.
Dialog.Chapter2,Korean_Steam,Dialog.Chapter2-1-25,51,51,51,LQA_DIFFERS_FROM_MAIN,LOCAL_EQUALS_MAIN_LQA_NEW,그렇게 말하며 릿카는 마지못한 표정으로 고귀한 향기가 나는 사령부를 뒤로했다.,"그렇게 말하며, 릿카는 마지못한 표정으로 고귀한 향기가 나는 사령부를 뒤로하는 것이었다.",그렇게 말하며 릿카는 마지못한 표정으로 고귀한 향기가 나는 사령부를 뒤로했다.
Dialog.Chapter2,Korean_Steam,Dialog.Chapter2-2-45,164,164,164,LQA_DIFFERS_FROM_MAIN,LOCAL_EQUALS_MAIN_LQA_NEW,「뭐!? 여기서!?」,「하앗!? 여기서!?」,「뭐!? 여기서!?」
Dialog.Chapter3,Korean_Steam,Dialog.Chapter3-2-22,224,224,224,LQA_DIFFERS_FROM_MAIN,LOCAL_EQUALS_MAIN_LQA_NEW,"「그럼 하루 종일 입어서 엘레나쨩의 냄새가 밴 수영복, 제대로 사진에 담아두도록 하지」","「그럼, 하루 종일 입어서 엘레나쨩의 냄새가 스며든 수영복, 제대로 사진에 담아두도록 하지」","「그럼 하루 종일 입어서 엘레나쨩의 냄새가 밴 수영복, 제대로 사진에 담아두도록 하지」"
Dialog.Chapter3,Korean_Steam,Dialog.Chapter3-2-25,230,230,230,LQA_DIFFERS_FROM_MAIN,LOCAL_EQUALS_MAIN_LQA_NEW,「자 좀 더 웃게나! 모처럼의 귀여운 얼굴이 아깝잖아!」,「자 좀 더 웃게나! 모처럼의 귀여운 얼굴이지 않은가!」,「자 좀 더 웃게나! 모처럼의 귀여운 얼굴이 아깝잖아!」
Dialog.Chapter3,Korean_Steam,Dialog.Chapter3-2-39,260,260,260,LQA_DIFFERS_FROM_MAIN,LOCAL_EQUALS_MAIN_LQA_NEW,"(우웃, 후배가 바로 거기에 있는데!, 이런 한심한 꼴로! 저는 뭘 하고 있는 겁니까!?)","(우웃, 후배가 바로 거기에 있는데!, 이런 한심한 꼴로! 저는 뭘 하고 있는 겁니까!?」","(우웃, 후배가 바로 거기에 있는데!, 이런 한심한 꼴로! 저는 뭘 하고 있는 겁니까!?)"
Dialog.Chapter3,Korean_Steam,Dialog.Chapter3-2-51,284,284,284,LQA_DIFFERS_FROM_MAIN,LOCAL_EQUALS_MAIN_LQA_NEW,"「부춧!? 크윽, 응읏!……ーーー윽!?」","「뷰릇!? 크윽, 응읏!……ーーー윽!?」","「부춧!? 크윽, 응읏!……ーーー윽!?」"
Dialog.Chapter3,Korean_Steam,Dialog.Chapter3-2-57,296,296,296,LQA_DIFFERS_FROM_MAIN,LOCAL_EQUALS_MAIN_LQA_NEW,"(…윽, 위험해!, 이 자식에게서 입을 떼면 그 소리로 들통나요! 소리를 내지 않도록 해야!)","(…윽, 위험해!, 이 자식에게서 입을 빼면 그 소리로 들통나요! 소리를 내지 않도록 해야!)","(…윽, 위험해!, 이 자식에게서 입을 떼면 그 소리로 들통나요! 소리를 내지 않도록 해야!)"
Dialog.Chapter3,Korean_Steam,Dialog.Chapter3-2-68,318,318,318,LQA_DIFFERS_FROM_MAIN,LOCAL_EQUALS_MAIN_LQA_NEW,"됴퓻, 뷰르르르르릇읏!","도퓻, 뷰르르르르릇읏!","됴퓻, 뷰르르르르릇읏!"
Dialog.Chapter3,Korean_Steam,Dialog.Chapter3-2-70,322,322,322,LQA_DIFFERS_FROM_MAIN,LOCAL_EQUALS_MAIN_LQA_NEW,정치가 남자의 자지에서 뜨거운 정액의 분류가 엘레나의 입안에 쏟아진다,정치가 남자의 자지에서 뜨거운 정액의 분류가 엘레나의 입안에 뿜어진다,정치가 남자의 자지에서 뜨거운 정액의 분류가 엘레나의 입안에 쏟아진다
Dialog.Chapter3,Korean_Steam,Dialog.Chapter3-2-74,332,332,332,LQA_DIFFERS_FROM_MAIN,LOCAL_EQUALS_MAIN_LQA_NEW,"「……엘레나 군, 필사적으로 빨아대는 중에 미안하지만 후배 군은 벌써 나갔네. 이제 자지를 떼도 괜찮아」","「……엘레나 군, 필사적으로 빨아대는 중에 미안하지만 후배 군은 벌써 나갔네. 이제 자지를 빼도 괜찮아」","「……엘레나 군, 필사적으로 빨아대는 중에 미안하지만 후배 군은 벌써 나갔네. 이제 자지를 떼도 괜찮아」"
Dialog.Chapter3,Korean_Steam,Dialog.Chapter3-3-21,386,386,386,LQA_DIFFERS_FROM_MAIN,LOCAL_EQUALS_MAIN_LQA_NEW,"「하뭇♥♥, 츄릇♥, 레롯♥, 쥬풋♥」","「하앙♥♥, 츄릇♥, 레롯♥, 쥬풋♥」","「하뭇♥♥, 츄릇♥, 레롯♥, 쥬풋♥」"
Dialog.Chapter3,Korean_Steam,Dialog.Chapter3-3-24,392,392,392,LQA_DIFFERS_FROM_MAIN,LOCAL_EQUALS_MAIN_LQA_NEW,"「어제♥, 츄풋♥, 제대로 씻고 오라고♥♥, 크풋♥ 말했잖아요♥!」","「어제♥, 츄풋♥, 제대로 샤워하고 오라고♥♥, 크풋♥ 말했잖아요♥!」","「어제♥, 츄풋♥, 제대로 씻고 오라고♥♥, 크풋♥ 말했잖아요♥!」"
Dialog.Chapter3,Korean_Steam,Dialog.Chapter3-3-34,412,412,412,LQA_DIFFERS_FROM_MAIN,LOCAL_EQUALS_MAIN_LQA_NEW,"「츄폿♥, 쥬풋♥고큣♥, 고큣♥!?, 곱풋!?, 고큣♥」","「츄폿♥, 쥬풋♥고큣♥, 고큣♥!?, 고풋!?, 고큣♥」","「츄폿♥, 쥬풋♥고큣♥, 고큣♥!?, 곱풋!?, 고큣♥」"
Dialog.Chapter3,Korean_Steam,Dialog.Chapter3-3-41,426,426,426,LQA_DIFFERS_FROM_MAIN,LOCAL_EQUALS_MAIN_LQA_NEW,"「크흐흐, 상당히 전부터 바뀌어 있었지.」","「크흐흐, 상당히 전부터 교체되어 있었지.」","「크흐흐, 상당히 전부터 바뀌어 있었지.」"
Dialog.Chapter3,Korean_Steam,Dialog.Chapter3-3-54,456,456,456,LQA_DIFFERS_FROM_MAIN,LOCAL_EQUALS_MAIN_LQA_NEW,"「하앗, 하앗, 하앗, 내가, 질…?」","「하앗, 하앗, 하앗, 내가, 지다니…?」","「하앗, 하앗, 하앗, 내가, 질…?」"
Dialog.Chapter3,Korean_Steam,Dialog.Chapter3-3-62,472,472,472,LQA_DIFFERS_FROM_MAIN,LOCAL_EQUALS_MAIN_LQA_NEW,(큰일이다… 의식이…… 버틸 수……),(큰일이다… 의식이…… 더는……),(큰일이다… 의식이…… 버틸 수……)
Akiho,Korean_Steam,Akiho.Fallen1-7,15,15,15,LQA_DIFFERS_FROM_MAIN,LOCAL_EQUALS_MAIN_LQA_NEW,"「아아, 너는 개조되어 재단의 도움이 될 거야. 성핵전희를 연구해서 우리의 수족으로 삼는 거지」","「아아, 너는 개조되어 재단의 도움이 될 거야. 성핵전희를 연구해서 우리들의 수족으로 삼는 거지」","「아아, 너는 개조되어 재단의 도움이 될 거야. 성핵전희를 연구해서 우리의 수족으로 삼는 거지」"
Akiho,Korean_Steam,Akiho.Fallen1-24,49,49,49,LQA_DIFFERS_FROM_MAIN,LOCAL_EQUALS_MAIN_LQA_NEW,「그럼 드디어 개조다. 음 스위치를 켜서 성핵 에너지 반전 레이저를 조사….」,"「그럼 드디어 개조다. 어디 보자, 스위치를 켜서 성핵 에너지 반전 레이저를 조사….」",「그럼 드디어 개조다. 음 스위치를 켜서 성핵 에너지 반전 레이저를 조사….」
Akiho,Korean_Steam,Akiho.Fallen1-43,87,87,87,LQA_DIFFERS_FROM_MAIN,LOCAL_EQUALS_MAIN_LQA_NEW,"그리고 실험실 문이 닫히고, 아키호는 어둠 속에서 혼자 유두 개조를 계속 당했다","그리고 실험실 문은 닫히고, 아키호는 어둠 속에서 혼자 유두 개조를 계속 당하는 것이었다","그리고 실험실 문이 닫히고, 아키호는 어둠 속에서 혼자 유두 개조를 계속 당했다"
Akiho,Korean_Steam,Akiho.Fallen1-82,165,165,165,LQA_DIFFERS_FROM_MAIN,LOCAL_EQUALS_MAIN_LQA_NEW,"「괜찮아, 너라면 더 많이 밀크를 낼 수 있어. 우리를 위해 힘내줘」","「괜찮아, 너라면 더 많이 밀크를 낼 수 있어. 우리들을 위해 힘내줘」","「괜찮아, 너라면 더 많이 밀크를 낼 수 있어. 우리를 위해 힘내줘」"
Akiho,Korean_Steam,Akiho.Fallen1-84,169,169,169,LQA_DIFFERS_FROM_MAIN,LOCAL_EQUALS_MAIN_LQA_NEW,"그리고 다시 장치에 연결된 아키호에게, 누구에게도 알려지지 않은 채 끝나지 않는 유두 개조가 시작되었다","그리고 다시 장치에 연결된 아키호에게, 누구에게도 알려지지 않은 채 끝나지 않는 유두 개조가 시작되는 것이었다","그리고 다시 장치에 연결된 아키호에게, 누구에게도 알려지지 않은 채 끝나지 않는 유두 개조가 시작되었다"
Akiho,Korean_Steam,Akiho.Fallen2-23,217,217,217,LQA_DIFFERS_FROM_MAIN,LOCAL_EQUALS_MAIN_LQA_NEW,「……뭔가 오해하고 있는 거 아냐? 지금 아키호쨩은 어디까지나 포로이고 우리의 적이야. 왜 우리가 네 말을 들어야 하는 거지?」,「……뭔가 오해하고 있는 거 아냐? 지금 아키호쨩은 어디까지나 포로이고 우리들의 적이야. 왜 우리가 네 말을 들어야 하는 거지?」,「……뭔가 오해하고 있는 거 아냐? 지금 아키호쨩은 어디까지나 포로이고 우리의 적이야. 왜 우리가 네 말을 들어야 하는 거지?」
Akiho,Korean_Steam,Akiho.Fallen2-48,267,267,267,LQA_DIFFERS_FROM_MAIN,LOCAL_EQUALS_MAIN_LQA_NEW,"돞, 도뷰르르르르릇","뷰릇, 도뷰르르르르릇","돞, 도뷰르르르르릇"
Akiho,Korean_Steam,Akiho.Fallen2-54,279,279,279,LQA_DIFFERS_FROM_MAIN,LOCAL_EQUALS_MAIN_LQA_NEW,「너는 우리 전투원들의 밀크 서버 겸 성처리 장난감으로서 정액의 페로몬으로 발정하게 되어 있어」,「너는 우리 전투원들의 밀크 서버랑 성처리 장난감으로서 정액의 페로몬으로 발정하게 되어 있어」,「너는 우리 전투원들의 밀크 서버 겸 성처리 장난감으로서 정액의 페로몬으로 발정하게 되어 있어」
Akiho,Korean_Steam,Akiho.Fallen2-56,283,283,283,LQA_DIFFERS_FROM_MAIN,LOCAL_EQUALS_MAIN_LQA_NEW,「덤으로 네가 마신 정액은 효율적으로 네 몸에 흡수되어 모유로 변환된다. 이게 바로 에코라는 거지」,「덤으로 네가 마신 정액은 효율적으로 네 몸에 흡수되어 모유로 변환된다. 이게 바로 친환경이라는 거지」,「덤으로 네가 마신 정액은 효율적으로 네 몸에 흡수되어 모유로 변환된다. 이게 바로 에코라는 거지」
Akiho,Korean_Steam,Akiho.Fallen2-67,305,305,305,LQA_DIFFERS_FROM_MAIN,LOCAL_EQUALS_MAIN_LQA_NEW,"「히긱♥♥, 오옷 오옷 오옷 오오오오옷♥♥, 윽♥♥, 오⁉⁉, 오옷 ?!」","「히긱♥♥, 오옷 오옷 오옷 오오오오옷♥♥, 윽♥♥, 오!?!?, 오옷?!」","「히긱♥♥, 오옷 오옷 오옷 오오오오옷♥♥, 윽♥♥, 오⁉⁉, 오옷 ?!」"
Akiho,Korean_Steam,Akiho.Fallen2-85,341,341,341,LQA_DIFFERS_FROM_MAIN,LOCAL_EQUALS_MAIN_LQA_NEW,"「좋아, 전부 나왔군! 그럼 이제부터 우리의 밀크 서버로서 잘 부탁한다」","「좋아, 전부 나왔군! 그럼 이제부터 우리들의 밀크 서버로서 잘 부탁한다」","「좋아, 전부 나왔군! 그럼 이제부터 우리의 밀크 서버로서 잘 부탁한다」"
Akiho,Korean_Steam,Akiho.Fallen3-14,373,373,373,LQA_DIFFERS_FROM_MAIN,LOCAL_EQUALS_MAIN_LQA_NEW,「자 어때? 우리도 아키호쨩 젖 짜는 거 능숙해졌지?」,「자 어때? 우리들도 아키호쨩 젖 짜는 거 능숙해졌지?」,「자 어때? 우리도 아키호쨩 젖 짜는 거 능숙해졌지?」
Akiho,Korean_Steam,Akiho.Fallen3-18,381,381,381,LQA_DIFFERS_FROM_MAIN,LOCAL_EQUALS_MAIN_LQA_NEW,"부슛♥♥, 돕♥, 부슈우우우우웃♥♥","부슛♥♥, 뷰릇♥, 부슈우우우우웃♥♥","부슛♥♥, 돕♥, 부슈우우우우웃♥♥"
Akiho,Korean_Steam,Akiho.Fallen3-31,407,407,407,LQA_DIFFERS_FROM_MAIN,LOCAL_EQUALS_MAIN_LQA_NEW,"「하뭇♥♥, 쥬릇♥♥, 츄풋♥, 츄풋♥, 쥬르르릇♥♥♥」","「하앙♥♥, 쥬릇♥♥, 츄풋♥, 츄풋♥, 쥬르르릇♥♥♥」","「하뭇♥♥, 쥬릇♥♥, 츄풋♥, 츄풋♥, 쥬르르릇♥♥♥」"
Akiho,Korean_Steam,Akiho.Fallen3-32,409,409,409,LQA_DIFFERS_FROM_MAIN,LOCAL_EQUALS_MAIN_LQA_NEW,아키호는 튜브에서 음식을 조르는 동물처럼 전투원들의 자지를 빤다,아키호는 튜브에서 음식을 조르는 동물처럼 전투원들의 자지를 빨고 있다,아키호는 튜브에서 음식을 조르는 동물처럼 전투원들의 자지를 빤다
Akiho,Korean_Steam,Akiho.Fallen3-34,413,413,413,LQA_DIFFERS_FROM_MAIN,LOCAL_EQUALS_MAIN_LQA_NEW,"「우리가 이 녀석 젖 짜는 데 능숙해진 것처럼, 이 녀석도 펠라가 능숙해졌다는 거지」","「우리들이 이 녀석 젖 짜는 게 능숙해진 것처럼, 이 녀석도 펠라가 능숙해졌다는 거지」","「우리가 이 녀석 젖 짜는 데 능숙해진 것처럼, 이 녀석도 펠라가 능숙해졌다는 거지」"
Akiho,Korean_Steam,Akiho.Fallen3-36,417,417,417,LQA_DIFFERS_FROM_MAIN,LOCAL_EQUALS_MAIN_LQA_NEW,"「하하, 조금 전까지 이 녀석이 우리를 실컷 두들겨 팼던 성핵전희라고는 도저히 생각할 수 없네!」","「하하, 조금 전까지 이 녀석이 우리를 실컷 두들겨 혼낸 성핵전희라고는 도저히 생각할 수 없네!」","「하하, 조금 전까지 이 녀석이 우리를 실컷 두들겨 팼던 성핵전희라고는 도저히 생각할 수 없네!」"
Akiho,Korean_Steam,Akiho.Fallen3-48,441,441,441,LQA_DIFFERS_FROM_MAIN,LOCAL_EQUALS_MAIN_LQA_NEW,"「쥬르르릇♥, 하헤텟♥, 얼굴이든 가슴이든 전부♥, 여러분의 자지 밀크 저에게 주세요♥♥」","「쥬르르릇♥, 네에엥♥, 얼굴이든 가슴이든 전부♥, 여러분의 자지 밀크 저에게 주세요♥♥」","「쥬르르릇♥, 하헤텟♥, 얼굴이든 가슴이든 전부♥, 여러분의 자지 밀크 저에게 주세요♥♥」"
Akiho,Korean_Steam,Akiho.Fallen3-49,443,443,443,LQA_DIFFERS_FROM_MAIN,LOCAL_EQUALS_MAIN_LQA_NEW,"돕, 도뷰르르르르웃!","뷰릇, 도뷰르르르르웃!","돕, 도뷰르르르르웃!"
Akiho,Korean_Steam,Akiho.Fallen3-51,447,447,447,LQA_DIFFERS_FROM_MAIN,LOCAL_EQUALS_MAIN_LQA_NEW,"「곱붑♥, 히얏♥♥, 츄부우우우웃♥♥, 으음옷 ♥, 즈르릇♥♥, 쥬릇♥♥♥」","「고릇♥, 히얏♥♥, 츄부우우우웃♥♥, 으음옷 ♥, 즈르릇♥♥, 쥬릇♥♥♥」","「곱붑♥, 히얏♥♥, 츄부우우우웃♥♥, 으음옷 ♥, 즈르릇♥♥, 쥬릇♥♥♥」"
Akiho,Korean_Steam,Akiho.Fallen3-53,451,451,451,LQA_DIFFERS_FROM_MAIN,LOCAL_EQUALS_MAIN_LQA_NEW,"「고큣♥, 고큣♥♥, 고큣♥♥……푸핫♥♥ 미안해요, 사정에 낚여서 나와버렸어요♥」","「고큣♥, 고큣♥♥, 고큣♥♥……푸핫♥♥ 미안해요, 사정에 덕분에 나와버렸어요♥」","「고큣♥, 고큣♥♥, 고큣♥♥……푸핫♥♥ 미안해요, 사정에 낚여서 나와버렸어요♥」"
Akiho,Korean_Steam,Akiho.Fallen3-61,467,467,467,LQA_DIFFERS_FROM_MAIN,LOCAL_EQUALS_MAIN_LQA_NEW,"―――그날 아키호는 그 후 몇 번이나 전투원들에게 유두를 짜이며, 재단의 생체 밀크 서버로서 수십 리터의 모유를 냈다","―――그날 아키호는 그 후 몇 번이나 전투원들에게 유두를 짜이고, 재단의 생체 밀크 서버로서 수십 리터의 모유를 내는 것이었다","―――그날 아키호는 그 후 몇 번이나 전투원들에게 유두를 짜이며, 재단의 생체 밀크 서버로서 수십 리터의 모유를 냈다"
Akiho,Korean_Steam,Akiho.Debauchery1-7,490,490,490,LQA_DIFFERS_FROM_MAIN,LOCAL_EQUALS_MAIN_LQA_NEW,「너무 성욕이 강해서 밤거리를 쏘다니는 바람에 곤란하다고 하더군」,「너무 성욕이 강해서 밤마다 곤란하다고 하더군」,「너무 성욕이 강해서 밤거리를 쏘다니는 바람에 곤란하다고 하더군」
Akiho,Korean_Steam,Akiho.Debauchery1-10,496,496,496,LQA_DIFFERS_FROM_MAIN,LOCAL_EQUALS_MAIN_LQA_NEW,"이야기를 하는 동안 호텔 최상층의 한 방에 도착하자, 근골륭륭한 금발 남자가 다가온다","이야기를 하는 동안 호텔 최상층의 한 방에 도착하자, 근골이 건장한 금발 남자가 다가온다","이야기를 하는 동안 호텔 최상층의 한 방에 도착하자, 근골륭륭한 금발 남자가 다가온다"
Akiho,Korean_Steam,Akiho.Debauchery1-16,508,508,508,LQA_DIFFERS_FROM_MAIN,LOCAL_EQUALS_MAIN_LQA_NEW,"「히야웃!?, 여, 그만두세요!」","「히야웃!?, 그, 그만두세요!」","「히야웃!?, 여, 그만두세요!」"
Akiho,Korean_Steam,Akiho.Debauchery1-38,552,552,552,LQA_DIFFERS_FROM_MAIN,LOCAL_EQUALS_MAIN_LQA_NEW,"「오오옷♥!?, 야, 야랏♥, 아파♥, 빼줘엇♥!」","「오오옷♥!?, 시, 싫어♥, 아파♥, 빼줘엇♥!」","「오오옷♥!?, 야, 야랏♥, 아파♥, 빼줘엇♥!」"
Akiho,Korean_Steam,Akiho.Debauchery1-56,588,588,588,LQA_DIFFERS_FROM_MAIN,LOCAL_EQUALS_MAIN_LQA_NEW,"「카흇, 콜록, 이, 언제…까지♥」","「카흇, 콜록, 어, 언제…까지♥」","「카흇, 콜록, 이, 언제…까지♥」"
Akiho,Korean_Steam,Akiho.Debauchery1-65,606,606,606,LQA_DIFFERS_FROM_MAIN,LOCAL_EQUALS_MAIN_LQA_NEW,"돕, 도뷰르르르릇!","뷰릇, 도뷰르르르릇!","돕, 도뷰르르르릇!"
Akiho,Korean_Steam,Akiho.Debauchery1-67,610,610,610,LQA_DIFFERS_FROM_MAIN,LOCAL_EQUALS_MAIN_LQA_NEW,"대량의 정액을 아키호의 질 내에 싼 후, 남자는 드디어 아키호의 목에서 손을 뗀다","대량의 정액을 아키호의 질 내에 싼 후, 남자는 드디어 아키호의 목에서 손을 푼다","대량의 정액을 아키호의 질 내에 싼 후, 남자는 드디어 아키호의 목에서 손을 뗀다"
Akiho,Korean_Steam,Akiho.Debauchery1-70,616,616,616,LQA_DIFFERS_FROM_MAIN,LOCAL_EQUALS_MAIN_LQA_NEW,"「히끅♥, 아옷  감사합니다앗…」","「히읏♥, 아옷  감사합니다앗…」","「히끅♥, 아옷  감사합니다앗…」"
Akiho,Korean_Steam,Akiho.Debauchery1-74,624,624,624,LQA_DIFFERS_FROM_MAIN,LOCAL_EQUALS_MAIN_LQA_NEW,"「야… 싫엇!, 돌려보내줘! 부탁이야!」","「시… 싫엇!, 돌려보내줘! 부탁이야!」","「야… 싫엇!, 돌려보내줘! 부탁이야!」"
Akiho,Korean_Steam,Akiho.Debauchery1-76,628,628,628,LQA_DIFFERS_FROM_MAIN,LOCAL_EQUALS_MAIN_LQA_NEW,"「얏♥, 앗♥, 아아아아앗♥♥」","「싫어♥, 앗♥, 아아아아앗♥♥」","「얏♥, 앗♥, 아아아아앗♥♥」"
Akiho,Korean_Steam,Akiho.Debauchery1-77,630,630,630,LQA_DIFFERS_FROM_MAIN,LOCAL_EQUALS_MAIN_LQA_NEW,그리고 이날부터 아키호와 남자의 타락한 생활이 시작되었다,"그리고, 이날부터 아키호의 남자와의 타락한 생활이 시작되는 것이었다",그리고 이날부터 아키호와 남자의 타락한 생활이 시작되었다
Akiho,Korean_Steam,Akiho.Debauchery2-17,666,666,666,LQA_DIFFERS_FROM_MAIN,LOCAL_EQUALS_MAIN_LQA_NEW,"「……아-?,  아니면 목 졸리고 싶어서 일부러 힘 뺀 건가? 이 망할 년이」","「……아-?,  아니면 목 졸리고 싶어서 일부러 그런 건가? 이 망할 년이」","「……아-?,  아니면 목 졸리고 싶어서 일부러 힘 뺀 건가? 이 망할 년이」"
Akiho,Korean_Steam,Akiho.Debauchery2-18,668,668,668,LQA_DIFFERS_FROM_MAIN,LOCAL_EQUALS_MAIN_LQA_NEW,"「콜록♥, 게홋♥, 다, 다릅니닷♥」","「콜록♥, 게홋♥, 아, 아니에요♥」","「콜록♥, 게홋♥, 다, 다릅니닷♥」"
Akiho,Korean_Steam,Akiho.Core1-8,765,765,765,LQA_DIFFERS_FROM_MAIN,LOCAL_EQUALS_MAIN_LQA_NEW,"「윽, 다, 누구…? 왜 이런 짓을 하는 거야!?」","「윽, 누, 누구…? 왜 이런 짓을 하는 거야!?」","「윽, 다, 누구…? 왜 이런 짓을 하는 거야!?」"
Akiho,Korean_Steam,Akiho.Core1-13,775,775,775,LQA_DIFFERS_FROM_MAIN,LOCAL_EQUALS_MAIN_LQA_NEW,"연구원 남자가 그렇게 말하자, 용기 아래에서 덜컹! 하고 무언가가 열리는 소리가 들린다","연구원 남자가 그렇게 말하자, 용기 아래에서 무언가가 열리는 소리가 들린다","연구원 남자가 그렇게 말하자, 용기 아래에서 덜컹! 하고 무언가가 열리는 소리가 들린다"
Akiho,Korean_Steam,Akiho.Core1-21,791,791,791,LQA_DIFFERS_FROM_MAIN,LOCAL_EQUALS_MAIN_LQA_NEW,"「히앗♥, 여, 그만해♥!」","「히앗♥, 그, 그만해♥!」","「히앗♥, 여, 그만해♥!」"
Akiho,Korean_Steam,Akiho.Core1-55,859,859,859,LQA_DIFFERS_FROM_MAIN,LOCAL_EQUALS_MAIN_LQA_NEW,곱… 곱…,고붓… 고부웃…,곱… 곱…
Akiho,Korean_Steam,Akiho.Core1-58,865,865,865,LQA_DIFFERS_FROM_MAIN,LOCAL_EQUALS_MAIN_LQA_NEW,"아키호의 몸에서 힘이 빠지고, 의식은 슬라임 속으로 녹아들었다","아키호의 몸에서 힘이 빠져, 의식은 슬라임에 녹아드는 것이었다","아키호의 몸에서 힘이 빠지고, 의식은 슬라임 속으로 녹아들었다"
Akiho,Korean_Steam,Akiho.Core2-24,916,916,916,LQA_DIFFERS_FROM_MAIN,LOCAL_EQUALS_MAIN_LQA_NEW,"(~윽!?, 뭐, 뭐야!, 거기에 누구 있는 거야!?)","(~윽!?, 뭐, 뭐야!, 거기에 누구 있는 거야!?」","(~윽!?, 뭐, 뭐야!, 거기에 누구 있는 거야!?)"
Akiho,Korean_Steam,Akiho.Core2-27,922,922,922,LQA_DIFFERS_FROM_MAIN,LOCAL_EQUALS_MAIN_LQA_NEW,"(~~~윽!?, 에, 뭐야, 무슨 소리야!?)","(~~~윽!?, 에, 뭐야, 무슨 소리야!?」","(~~~윽!?, 에, 뭐야, 무슨 소리야!?)"
Akiho,Korean_Steam,Akiho.Core2-36,940,940,940,LQA_DIFFERS_FROM_MAIN,LOCAL_EQUALS_MAIN_LQA_NEW,"(히끅♥, 응아아앗♥!)","(히읏♥, 응아아앗♥!)","(히끅♥, 응아아앗♥!)"
Akiho,Korean_Steam,Akiho.Core2-51,970,970,970,LQA_DIFFERS_FROM_MAIN,LOCAL_EQUALS_MAIN_LQA_NEW,"그 후 슬라임은 아키호의 모습을 한 괴인으로 활약하고, 아키호는 오나홀로서 전투원들에게 사용되는 나날을 보내게 되었다","그 후, 슬라임은 아키호의 모습을 한 괴인으로서 활약하고, 아키호는 오나홀로서 전투원들에게 사용되는 나날이 계속되는 것이었다","그 후 슬라임은 아키호의 모습을 한 괴인으로 활약하고, 아키호는 오나홀로서 전투원들에게 사용되는 나날을 보내게 되었다"
Rikka,Korean_Steam,Rikka.Fallen1-57,119,119,119,LQA_DIFFERS_FROM_MAIN,LOCAL_EQUALS_MAIN_LQA_NEW,"「――윽♥♥, 이, 이크 안 했어♥!, 나는♥ 이런 걸로엣♥♥, 절대로♥, 오옷 옷오옷 오♥, 가버렷♥, 가버렷♥♥♥」","「――윽♥♥, 가, 가지 않았어♥!, 나는♥ 이런 걸로옷♥♥, 절대로♥, 오옷 옷오옷 오♥, 가버렷♥, 가버렷♥♥♥」","「――윽♥♥, 이, 이크 안 했어♥!, 나는♥ 이런 걸로엣♥♥, 절대로♥, 오옷 옷오옷 오♥, 가버렷♥, 가버렷♥♥♥」"
Rikka,Korean_Steam,Rikka.Fallen1-67,139,139,139,LQA_DIFFERS_FROM_MAIN,LOCAL_EQUALS_MAIN_LQA_NEW,"「응옷♥♥오망꼬♥, 고정되어서♥, 도망칠 수 없어어어잇♥, 엉덩이 구멍도 즈봇즈봇 당해서♥, 이상해지고 있어♥♥」","「응옷♥♥ 보지♥, 고정되어서♥, 도망칠 수 없어어어잇♥, 엉덩이 구멍도 즈봇즈봇 당해서♥, 이상해지고 있어♥♥」","「응옷♥♥오망꼬♥, 고정되어서♥, 도망칠 수 없어어어잇♥, 엉덩이 구멍도 즈봇즈봇 당해서♥, 이상해지고 있어♥♥」"
Rikka,Korean_Steam,Rikka.Core2-11,932,932,932,LQA_DIFFERS_FROM_MAIN,LOCAL_EQUALS_MAIN_LQA_NEW,(일단 조금이라도 움직일 수 있는 방법을 찾아서…………“몸“에서 “나가자”),(일단 조금이라도 움직일 수 있는 방법을 찾아서…………“몸”에서 “나가자”),(일단 조금이라도 움직일 수 있는 방법을 찾아서…………“몸“에서 “나가자”)
Erena,Korean_Steam,Erena.Fallen2-57,270,270,270,LQA_DIFFERS_FROM_MAIN,LOCAL_EQUALS_MAIN_LQA_NEW,"「오ー오ー, 불쌍한 엘레나 군. 신뢰했던 사람들에게 배신당하는 건 괴롭겠군」","「오ー오ー, 불쌍한 엘레나 군. 믿었던 사람들에게 배신당하는 건 괴롭겠군」","「오ー오ー, 불쌍한 엘레나 군. 신뢰했던 사람들에게 배신당하는 건 괴롭겠군」"
Erena,Korean_Steam,Erena.Fallen2-68,292,292,292,LQA_DIFFERS_FROM_MAIN,LOCAL_EQUALS_MAIN_LQA_NEW,「흐끅… 무…엇을…」,「흐읏… 무…엇을…」,「흐끅… 무…엇을…」
Erena,Korean_Steam,Erena.Fallen2-76,308,308,308,LQA_DIFFERS_FROM_MAIN,LOCAL_EQUALS_MAIN_LQA_NEW,「흐끅! 누가아♥!」,「흐읏! 누가아♥!」,「흐끅! 누가아♥!」
Erena,Korean_Steam,Erena.Fallen2-113,382,382,382,LQA_DIFFERS_FROM_MAIN,LOCAL_EQUALS_MAIN_LQA_NEW,"「~~~~~~♥♥!!, 왔다, 새까맣고, 질척하고, 기분 좋은 것만 있는 곳!」","「~~~~~~♥♥!!, 왔다, 검고, 질척하고, 기분 좋은 것만 있는 곳!」","「~~~~~~♥♥!!, 왔다, 새까맣고, 질척하고, 기분 좋은 것만 있는 곳!」"
Erena,Korean_Steam,Erena.Fallen3-6,419,419,419,LQA_DIFFERS_FROM_MAIN,LOCAL_EQUALS_MAIN_LQA_NEW,"쥬릇♥, 즈릇♥, 그붑♥, 쥬르릇♥!","쥬릇♥, 즈릇♥, 그릇♥, 쥬르릇♥!","쥬릇♥, 즈릇♥, 그붑♥, 쥬르릇♥!"
Erena,Korean_Steam,Erena.Fallen3-10,427,427,427,LQA_DIFFERS_FROM_MAIN,LOCAL_EQUALS_MAIN_LQA_NEW,"「응? 아아 슬슬 먹이 줄 시간인가, 조금 이르지만 엘레나 군에게 밥을 줘야겠군」","「응? 아아 슬슬 먹이 줄 시간인가, 조금 이르지만 엘레나 군에게 먹이를 줘야겠군」","「응? 아아 슬슬 먹이 줄 시간인가, 조금 이르지만 엘레나 군에게 밥을 줘야겠군」"
Erena,Korean_Steam,Erena.Fallen3-14,435,435,435,LQA_DIFFERS_FROM_MAIN,LOCAL_EQUALS_MAIN_LQA_NEW,"「크흐흐, 이번 밥은 어떤가? 단백질 액과 숨겨진 맛으로 엘레나 군이 좋아하는 성분비액의 믹스다」","「크흐흐, 이번 먹이는 어떤가? 단백질 액과 숨겨진 맛으로 엘레나 군이 좋아하는 성분비액의 믹스다」","「크흐흐, 이번 밥은 어떤가? 단백질 액과 숨겨진 맛으로 엘레나 군이 좋아하는 성분비액의 믹스다」"
Erena,Korean_Steam,Erena.Fallen3-24,455,455,455,LQA_DIFFERS_FROM_MAIN,LOCAL_EQUALS_MAIN_LQA_NEW,"「응앗♥? 오옷 옷♥? 주인님아, 뭔가 배가 이상해요」","「응앗♥? 오옷 옷♥? 주인님, 뭔가 배가 이상해요」","「응앗♥? 오옷 옷♥? 주인님아, 뭔가 배가 이상해요」"
Erena,Korean_Steam,Erena.Fallen3-52,511,511,511,LQA_DIFFERS_FROM_MAIN,LOCAL_EQUALS_MAIN_LQA_NEW,"(――――여기 좋아, 새까맣고♥, 기분 좋아지는 것만으로 칭찬받을 수 있어♥)","(――――여기 좋아, 어둡고♥, 기분 좋아지는 것만으로 칭찬받을 수 있어♥)","(――――여기 좋아, 새까맣고♥, 기분 좋아지는 것만으로 칭찬받을 수 있어♥)"
Erena,Korean_Steam,Erena.Debauchery1-11,544,544,544,LQA_DIFFERS_FROM_MAIN,LOCAL_EQUALS_MAIN_LQA_NEW,「너의 그 음탕한 몸… 나만 아는 것은 아깝다. 더 많은 사람에게 보여줘야 해」,「너의 그 음탕한 몸… 나만 아는 것은 아쉽지. 더 많은 사람에게 보여줘야 해」,「너의 그 음탕한 몸… 나만 아는 것은 아깝다. 더 많은 사람에게 보여줘야 해」
Erena,Korean_Steam,Erena.Debauchery1-27,576,576,576,LQA_DIFFERS_FROM_MAIN,LOCAL_EQUALS_MAIN_LQA_NEW,"「히앗!? 야, 그만해요, 만지지 마세요!」","「히앗!? 그, 그만해요, 만지지 마세요!」","「히앗!? 야, 그만해요, 만지지 마세요!」"
Erena,Korean_Steam,Erena.Debauchery1-28,578,578,578,LQA_DIFFERS_FROM_MAIN,LOCAL_EQUALS_MAIN_LQA_NEW,"「으음, 두툼한데 예쁜 분홍색으로 훌륭한 보지로군!」","「으음, 통통하고 예쁜 분홍색으로 훌륭한 보지로군!」","「으음, 두툼한데 예쁜 분홍색으로 훌륭한 보지로군!」"
Erena,Korean_Steam,Erena.Debauchery1-29,580,580,580,LQA_DIFFERS_FROM_MAIN,LOCAL_EQUALS_MAIN_LQA_NEW,뮤뉴뮤늇! 귯! 귯!,무뉴무늇! 귯! 귯!,뮤뉴뮤늇! 귯! 귯!
Erena,Korean_Steam,Erena.Debauchery1-32,586,586,586,LQA_DIFFERS_FROM_MAIN,LOCAL_EQUALS_MAIN_LQA_NEW,"뮤늇, 쿠팟, 뮤늇, 쿠팟!","무늇, 쿠팟, 무늇, 쿠팟!","뮤늇, 쿠팟, 뮤늇, 쿠팟!"
Erena,Korean_Steam,Erena.Debauchery1-34,590,590,590,LQA_DIFFERS_FROM_MAIN,LOCAL_EQUALS_MAIN_LQA_NEW,「음 이 느낌… 엘레나쨩 꽤 자위하고 있지. 겉보기와 다르게 음흉하네」,「음 이 느낌… 엘레나쨩 꽤 자위하고 있지. 보기와 다르게 음흉하네」,「음 이 느낌… 엘레나쨩 꽤 자위하고 있지. 겉보기와 다르게 음흉하네」
Erena,Korean_Steam,Erena.Debauchery1-44,610,610,610,LQA_DIFFERS_FROM_MAIN,LOCAL_EQUALS_MAIN_LQA_NEW,"「오오, 두툼하고 탱탱하군」","「오오, 통통하고 탱탱하군」","「오오, 두툼하고 탱탱하군」"
Erena,Korean_Steam,Erena.Debauchery1-45,612,612,612,LQA_DIFFERS_FROM_MAIN,LOCAL_EQUALS_MAIN_LQA_NEW,"「여, 그만하세요! 왜 멋대로―――――」","「그, 그만하세요! 왜 멋대로―――――」","「여, 그만하세요! 왜 멋대로―――――」"
Erena,Korean_Steam,Erena.Debauchery1-72,666,666,666,LQA_DIFFERS_FROM_MAIN,LOCAL_EQUALS_MAIN_LQA_NEW,「이야~ 하지만 엘레나쨩 좋네! 이렇게 마음대로 반응해주는 애는 좀처럼 없어!」,「이야~ 하지만 엘레나쨩 좋네! 이렇게 마음대로 반응해주는 여자는 좀처럼 없어!」,「이야~ 하지만 엘레나쨩 좋네! 이렇게 마음대로 반응해주는 애는 좀처럼 없어!」
Erena,Korean_Steam,Erena.Debauchery1-81,684,684,684,LQA_DIFFERS_FROM_MAIN,LOCAL_EQUALS_MAIN_LQA_NEW,"「히야웃♥, 무, 뭐 하는 겁니까! 그런 더러운 걸… 그만하세요!」","「히야웃♥, 뭐, 뭐 하는 겁니까! 그런 더러운 걸… 그만하세요!」","「히야웃♥, 무, 뭐 하는 겁니까! 그런 더러운 걸… 그만하세요!」"
Erena,Korean_Steam,Erena.Debauchery2-28,821,821,821,LQA_DIFFERS_FROM_MAIN,LOCAL_EQUALS_MAIN_LQA_NEW,「엘레나쨩은 잡어 보지 너무 심하네… 거기가 귀엽지만…」,「엘레나쨩은 허접 보지 너무 심하네… 거기가 귀엽지만…」,「엘레나쨩은 잡어 보지 너무 심하네… 거기가 귀엽지만…」
Erena,Korean_Steam,Erena.Debauchery2-33,831,831,831,LQA_DIFFERS_FROM_MAIN,LOCAL_EQUALS_MAIN_LQA_NEW,"돕, 뷰르르르릇!","뷰릇, 뷰르르르릇!","돕, 뷰르르르릇!"
Erena,Korean_Steam,Erena.Debauchery2-55,875,875,875,LQA_DIFFERS_FROM_MAIN,LOCAL_EQUALS_MAIN_LQA_NEW,「폐를 끼쳐드렸습니다… 어떻습니까? 겸사겸사 지금 엘레나쨩을 사용하고 가시지 않겠습니까」,「폐를 끼쳐드렸습니다… 어떻습니까? 이 기회에 지금 엘레나쨩을 사용하고 가시지 않겠습니까」,「폐를 끼쳐드렸습니다… 어떻습니까? 겸사겸사 지금 엘레나쨩을 사용하고 가시지 않겠습니까」
Erena,Korean_Steam,Erena.Core1-4,896,896,896,LQA_DIFFERS_FROM_MAIN,LOCAL_EQUALS_MAIN_LQA_NEW,「너에게는 이제부터 대 괴인 전투 실험을 해줘야겠다」,「너에게는 이제부터 괴인을 상대로 전투 실험을 해줘야겠다」,「너에게는 이제부터 대 괴인 전투 실험을 해줘야겠다」
Erena,Korean_Steam,Erena.Core1-28,944,944,944,LQA_DIFFERS_FROM_MAIN,LOCAL_EQUALS_MAIN_LQA_NEW,"엘레나는 뱀이 먹이를 통째로 삼키듯, 더욱 깊숙이 삼켜져 버린다","엘레나는 먹이가 통째로 삼키듯, 더욱 깊숙이 삼켜져 버린다","엘레나는 뱀이 먹이를 통째로 삼키듯, 더욱 깊숙이 삼켜져 버린다"
Erena,Korean_Steam,Erena.Core1-63,1014,1014,1014,LQA_DIFFERS_FROM_MAIN,LOCAL_EQUALS_MAIN_LQA_NEW,엘레나의 의식은 거기서 끊어졌다,엘레나의 의식은 거기서 끊어지는 것이었다,엘레나의 의식은 거기서 끊어졌다
Erena,Korean_Steam,Erena.Core2-38,1092,1092,1092,LQA_DIFFERS_FROM_MAIN,LOCAL_EQUALS_MAIN_LQA_NEW,"뚜껑이 닫히고, 엘레나는 용기 내에 완전히 수용된다","용기가 닫히고, 엘레나는 용기 내에 완전히 수용된다","뚜껑이 닫히고, 엘레나는 용기 내에 완전히 수용된다"
Erena,Korean_Steam,Erena.Core2-44,1104,1104,1104,LQA_DIFFERS_FROM_MAIN,LOCAL_EQUALS_MAIN_LQA_NEW,「하핫! 용기가 딸깍딸깍 흔들리고 있네! 그렇게 기뻤나?」,「하핫! 용기가 이리저리 흔들리고 있네! 그렇게나 좋아?」,「하핫! 용기가 딸깍딸깍 흔들리고 있네! 그렇게 기뻤나?」
Kei,Korean_Steam,Kei.Fallen1-65,131,131,131,LQA_DIFFERS_FROM_MAIN,LOCAL_EQUALS_MAIN_LQA_NEW,"「곱, 부퓻, 응옷 응옷 윽~~~!?」","「고븟, 부퓻, 응옷 응옷 윽~~~!?」","「곱, 부퓻, 응옷 응옷 윽~~~!?」"
Kei,Korean_Steam,Kei.Fallen1-116,233,233,233,LQA_DIFFERS_FROM_MAIN,LOCAL_EQUALS_MAIN_LQA_NEW,"뷰르르르릇르릇, 뷰릇, 돕!","뷰르르르릇르릇, 뷰릇, 뷰르릇!","뷰르르르릇르릇, 뷰릇, 돕!"
Kei,Korean_Steam,Kei.Fallen1-117,235,235,235,LQA_DIFFERS_FROM_MAIN,LOCAL_EQUALS_MAIN_LQA_NEW,"「읍~~~~!?, 곱봇, 응옷 응옷 윽♥!?」","「읍~~~~!?, 고븟, 응옷 응옷 윽♥!?」","「읍~~~~!?, 곱봇, 응옷 응옷 윽♥!?」"
Kei,Korean_Steam,Kei.Fallen1-118,237,237,237,LQA_DIFFERS_FROM_MAIN,LOCAL_EQUALS_MAIN_LQA_NEW,"「게홋, 곱봇, 쥬르르릇♥」","「게홋, 고븟, 쥬르르릇♥」","「게홋, 곱봇, 쥬르르릇♥」"
Kei,Korean_Steam,Kei.Fallen1-120,241,241,241,LQA_DIFFERS_FROM_MAIN,LOCAL_EQUALS_MAIN_LQA_NEW,"「응옷 응윽♥!?, 곱봇!?, 자, 잠만!」","「응옷 응윽♥!?, 고븟!?, 자, 잠만!」","「응옷 응윽♥!?, 곱봇!?, 자, 잠만!」"
Kei,Korean_Steam,Kei.Fallen2-9,303,303,303,LQA_DIFFERS_FROM_MAIN,LOCAL_EQUALS_MAIN_LQA_NEW,「저렇게 매일 박는데도 아직 빡빡하네! 역시 성핵전희야!」,「저렇게 매일 박는데도 아직도 조임이 좋군! 역시 성핵전희야!」,「저렇게 매일 박는데도 아직 빡빡하네! 역시 성핵전희야!」
Kei,Korean_Steam,Kei.Fallen2-46,377,377,377,LQA_DIFFERS_FROM_MAIN,LOCAL_EQUALS_MAIN_LQA_NEW,"뷰르르르릇르릇, 뷰릇, 돕!","뷰르르르릇르릇, 뷰릇, 뷰르릇!","뷰르르르릇르릇, 뷰릇, 돕!"
Kei,Korean_Steam,Kei.Fallen2-59,404,404,404,LQA_DIFFERS_FROM_MAIN,LOCAL_EQUALS_MAIN_LQA_NEW,"뷰르르르릇르릇, 뷰릇, 돕!","뷰르르르릇르릇, 뷰릇, 뷰르릇!!","뷰르르르릇르릇, 뷰릇, 돕!"
Kei,Korean_Steam,Kei.Fallen2-77,440,440,440,LQA_DIFFERS_FROM_MAIN,LOCAL_EQUALS_MAIN_LQA_NEW,"「쥬풋, 쥬풋♥, 호아, 요코노 후하리모 핫하토라시타마에♥」","「쥬풋, 쥬풋♥, 자, 나란히 있는 두 사람도 빨리 꺼내♥」","「쥬풋, 쥬풋♥, 호아, 요코노 후하리모 핫하토라시타마에♥」"
Kei,Korean_Steam,Kei.Fallen3-37,553,553,553,LQA_DIFFERS_FROM_MAIN,LOCAL_EQUALS_MAIN_LQA_NEW,「응… 이 느낌 이제 텅 비었나?」,「응… 이 느낌 이제 완전히 비었나?」,「응… 이 느낌 이제 텅 비었나?」
Kei,Korean_Steam,Kei.Debauchery1-11,602,602,602,LQA_DIFFERS_FROM_MAIN,LOCAL_EQUALS_MAIN_LQA_NEW,「너에게는 이제부터 에로 스트리머 겸 홍보 담당으로 활동하게 할 거다」,「너는 이제부터 에로 스트리머랑 홍보 담당으로 활동하게 할 거다」,「너에게는 이제부터 에로 스트리머 겸 홍보 담당으로 활동하게 할 거다」
Kei,Korean_Steam,Kei.Debauchery1-23,629,629,629,LQA_DIFFERS_FROM_MAIN,LOCAL_EQUALS_MAIN_LQA_NEW,"「……그런 이유로 시청자 여러분, 처음 뵙겠습니다.」","「……그런 이유로 시청자 여러분, 처음 인사.」","「……그런 이유로 시청자 여러분, 처음 뵙겠습니다.」"
Kei,Korean_Steam,Kei.Debauchery1-37,657,657,657,LQA_DIFFERS_FROM_MAIN,LOCAL_EQUALS_MAIN_LQA_NEW,"「윽, …으으… 부끄러워서 삶아질 것 같아…」","「윽, …으으… 부끄러워…」","「윽, …으으… 부끄러워서 삶아질 것 같아…」"
Kei,Korean_Steam,Kei.Debauchery1-38,659,659,659,LQA_DIFFERS_FROM_MAIN,LOCAL_EQUALS_MAIN_LQA_NEW,"「코멘트도 읽어야지… 보지 핑크색으로 엄청 예뻐……… 아, 고마워……」","「코멘트도 읽어야지… 보지 엄청 예뻐……… 아, 고마워……」","「코멘트도 읽어야지… 보지 핑크색으로 엄청 예뻐……… 아, 고마워……」"
Kei,Korean_Steam,Kei.Debauchery1-40,663,663,663,LQA_DIFFERS_FROM_MAIN,LOCAL_EQUALS_MAIN_LQA_NEW,「겸사겸사 시청자분들에게 성교육합시다! 이렇게 보지를 클로즈업해서 볼 수 있는 기회는 좀처럼 없으니까요」,「이 기회에 시청자분들에게 성교육합시다! 이렇게 보지를 클로즈업해서 볼 수 있는 기회는 좀처럼 없으니까요」,「겸사겸사 시청자분들에게 성교육합시다! 이렇게 보지를 클로즈업해서 볼 수 있는 기회는 좀처럼 없으니까요」
Kei,Korean_Steam,Kei.Debauchery1-55,693,693,693,LQA_DIFFERS_FROM_MAIN,LOCAL_EQUALS_MAIN_LQA_NEW,「역시 선생님! 겸사겸사 해설도 부탁합니다」,「역시 선생님! 이 기회에 해설도 부탁합니다」,「역시 선생님! 겸사겸사 해설도 부탁합니다」
Kei,Korean_Steam,Kei.Debauchery1-68,719,719,719,LQA_DIFFERS_FROM_MAIN,LOCAL_EQUALS_MAIN_LQA_NEW,「히끅!?」,「히읏!?」,「히끅!?」
Kei,Korean_Steam,Kei.Debauchery2-46,875,875,875,LQA_DIFFERS_FROM_MAIN,LOCAL_EQUALS_MAIN_LQA_NEW,"「엣♥!?, 잠깐♥, 보, 벌써♥!?」","「엣♥!?, 잠깐♥, 버, 벌써♥!?」","「엣♥!?, 잠깐♥, 보, 벌써♥!?」"
Kei,Korean_Steam,Kei.Core1-11,938,938,938,LQA_DIFFERS_FROM_MAIN,LOCAL_EQUALS_MAIN_LQA_NEW,"「옷, 눈을 뜬 모양이군」","「오오, 정신이 들었나 보군」","「옷, 눈을 뜬 모양이군」"
Kei,Korean_Steam,Kei.Core1-17,950,950,950,LQA_DIFFERS_FROM_MAIN,LOCAL_EQUALS_MAIN_LQA_NEW,「게다가… 왠지 눈을 뗄 수가 없어… 이런 건 기분 나빠야 하는데……」,「게다가… 왠지 시선을 돌릴 수가 없어… 이런 건 기분 나빠야 하는데……」,「게다가… 왠지 눈을 뗄 수가 없어… 이런 건 기분 나빠야 하는데……」
Kei,Korean_Steam,Kei.Core1-86,1088,1088,1088,LQA_DIFFERS_FROM_MAIN,LOCAL_EQUALS_MAIN_LQA_NEW,「그 천재 성핵전희가 딸딸이 원숭이처럼 성핵 흩뿌리며 죽어가다니」,「그 천재 성핵전희가 딸딸이 유인원처럼 성핵 흩뿌리며 죽어가다니」,「그 천재 성핵전희가 딸딸이 원숭이처럼 성핵 흩뿌리며 죽어가다니」
Kei,Korean_Steam,Kei.Core1-91,1098,1098,1098,LQA_DIFFERS_FROM_MAIN,LOCAL_EQUALS_MAIN_LQA_NEW,"――――그 후, 케이의 성핵과 껍데기뿐인 육체는 자원으로서 회수되어, 가공되는 것이었다","――――그 후, 케이의 성핵과 비어버린 육체는 자원으로서 회수되어, 가공되는 것이었다","――――그 후, 케이의 성핵과 껍데기뿐인 육체는 자원으로서 회수되어, 가공되는 것이었다"
Kei,Korean_Steam,Kei.Core2-11,1122,1122,1122,LQA_DIFFERS_FROM_MAIN,LOCAL_EQUALS_MAIN_LQA_NEW,그리고 케이의 껍데기뿐인 몸은 오나홀이 된 케이를 사용해서 자지를 흔들기 시작한다,그리고 케이의 비어버린 몸은 오나홀이 된 케이를 사용해서 자지를 흔들기 시작한다,그리고 케이의 껍데기뿐인 몸은 오나홀이 된 케이를 사용해서 자지를 흔들기 시작한다
Nayuta,Korean_Steam,Nayuta.Fallen1-84,169,169,169,LQA_DIFFERS_FROM_MAIN,LOCAL_EQUALS_MAIN_LQA_NEW,"「윽, …… 이런 잡것 괴인에게 내가…!?」","「윽, …… 이런 약한 괴인에게 내가…!?」","「윽, …… 이런 잡것 괴인에게 내가…!?」"
Nayuta,Korean_Steam,Nayuta.Fallen2-16,239,239,239,LQA_DIFFERS_FROM_MAIN,LOCAL_EQUALS_MAIN_LQA_NEW,"「응옷 응옷 윽, 곱, 고큣, 쥬륵♥」","「응옷 응옷 윽, 고븟, 고큣, 쥬륵♥」","「응옷 응옷 윽, 곱, 고큣, 쥬륵♥」"
Nayuta,Korean_Steam,Nayuta.Fallen2-25,257,257,257,LQA_DIFFERS_FROM_MAIN,LOCAL_EQUALS_MAIN_LQA_NEW,"「윽…, 이런 잡몹 괴인에게, 이런 굴욕적인 짓밖에 할 수 없다니…윽!」","「윽…, 이런 약한 괴인에게, 이런 굴욕적인 짓밖에 할 수 없다니…윽!」","「윽…, 이런 잡몹 괴인에게, 이런 굴욕적인 짓밖에 할 수 없다니…윽!」"
Nayuta,Korean_Steam,Nayuta.Fallen2-26,259,259,259,LQA_DIFFERS_FROM_MAIN,LOCAL_EQUALS_MAIN_LQA_NEW,「하지만 어차피 지능도 낮은 잡몹… 에너지가 모여 변신하면 단숨에 갈기갈기 찢어버리겠습니다!」,「하지만 어차피 지능도 낮은 몬스터… 에너지가 모여 변신하면 단숨에 갈기갈기 찢어버리겠습니다!」,「하지만 어차피 지능도 낮은 잡몹… 에너지가 모여 변신하면 단숨에 갈기갈기 찢어버리겠습니다!」
Nayuta,Korean_Steam,Nayuta.Fallen2-29,265,265,265,LQA_DIFFERS_FROM_MAIN,LOCAL_EQUALS_MAIN_LQA_NEW,"「히끅!?, 이, 이놈!」","「히읏!?, 이, 이놈!」","「히끅!?, 이, 이놈!」"
Nayuta,Korean_Steam,Nayuta.Fallen2-31,269,269,269,LQA_DIFFERS_FROM_MAIN,LOCAL_EQUALS_MAIN_LQA_NEW,"나유타는 혀를 내밀어, 펠라하는 시늉을 한다","나유타는 혀를 내밀어, 펠라하는 자세를 취한다","나유타는 혀를 내밀어, 펠라하는 시늉을 한다"
Nayuta,Korean_Steam,Nayuta.Fallen2-51,309,309,309,LQA_DIFFERS_FROM_MAIN,LOCAL_EQUALS_MAIN_LQA_NEW,「―――――잘도 나의 검을! 절대로 용서 못… 히끅윽윽!?」,「―――――잘도 나의 검을! 절대로 용서 못… 히읏윽윽!?」,「―――――잘도 나의 검을! 절대로 용서 못… 히끅윽윽!?」
Nayuta,Korean_Steam,Nayuta.Fallen2-56,319,319,319,LQA_DIFFERS_FROM_MAIN,LOCAL_EQUALS_MAIN_LQA_NEW,"「히끅, 이 검은, 나의 긍지인데! 이런!」","「히읏, 이 검은, 나의 긍지인데! 이런!」","「히끅, 이 검은, 나의 긍지인데! 이런!」"
Nayuta,Korean_Steam,Nayuta.Fallen2-63,333,333,333,LQA_DIFFERS_FROM_MAIN,LOCAL_EQUALS_MAIN_LQA_NEW,"「히끅♥, 그런♥, 나, 이놈에게 놀아나고 있었나?! 히끅♥」","「히읏♥, 그런♥, 나, 이놈에게 놀아나고 있었나?! 히읏♥」","「히끅♥, 그런♥, 나, 이놈에게 놀아나고 있었나?! 히끅♥」"
Nayuta,Korean_Steam,Nayuta.Fallen2-64,335,335,335,LQA_DIFFERS_FROM_MAIN,LOCAL_EQUALS_MAIN_LQA_NEW,"괴인은 격렬하게 검을 넣고 빼며, 손잡이의 울퉁불퉁함이 나유타의 질 내부를 긁어 올린다","괴인은 격렬하게 검을 넣고 빼며, 손잡이의 울퉁불퉁함이 나유타의 질 내부를 자극한다","괴인은 격렬하게 검을 넣고 빼며, 손잡이의 울퉁불퉁함이 나유타의 질 내부를 긁어 올린다"
Nayuta,Korean_Steam,Nayuta.Fallen2-66,339,339,339,LQA_DIFFERS_FROM_MAIN,LOCAL_EQUALS_MAIN_LQA_NEW,"「히끅♥, 오옷 오옷 옷♥」","「히읏♥, 오옷 오옷 옷♥」","「히끅♥, 오옷 오옷 옷♥」"
Nayuta,Korean_Steam,Nayuta.Fallen2-76,359,359,359,LQA_DIFFERS_FROM_MAIN,LOCAL_EQUALS_MAIN_LQA_NEW,"「히끅윽♥, 그런♥, 기다려♥!」","「히읏윽♥, 그런♥, 기다려♥!」","「히끅윽♥, 그런♥, 기다려♥!」"
Nayuta,Korean_Steam,Nayuta.Fallen2-85,377,377,377,LQA_DIFFERS_FROM_MAIN,LOCAL_EQUALS_MAIN_LQA_NEW,"「히끅윽♥, 나는! 최강의 성핵전희입니다! 이런 자지 따위에게!」","「히읏윽♥, 나는! 최강의 성핵전희입니다! 이런 자지 따위에게!」","「히끅윽♥, 나는! 최강의 성핵전희입니다! 이런 자지 따위에게!」"
Nayuta,Korean_Steam,Nayuta.Fallen2-90,387,387,387,LQA_DIFFERS_FROM_MAIN,LOCAL_EQUALS_MAIN_LQA_NEW,「갸갸악! 갔다! 갔다! 잡몹! 잡몹!」,「갸갸악! 갔다! 갔다! 약해! 약해!」,「갸갸악! 갔다! 갔다! 잡몹! 잡몹!」
Nayuta,Korean_Steam,Nayuta.Fallen3-50,511,511,511,LQA_DIFFERS_FROM_MAIN,LOCAL_EQUALS_MAIN_LQA_NEW,"이렇게 최강의 성핵전희, 야쿠모 나유타는 완전히 패배하고, 성핵전희의 역전의 싹은 완전히 짓밟히는 것이었다","이렇게 최강의 성핵전희, 야쿠모 나유타는 완전히 패배하고, 성핵전희의 역전의 희망은 완전히 무너지게 된 것이었다","이렇게 최강의 성핵전희, 야쿠모 나유타는 완전히 패배하고, 성핵전희의 역전의 싹은 완전히 짓밟히는 것이었다"
Nayuta,Korean_Steam,Nayuta.Debauchery1-23,560,560,560,LQA_DIFFERS_FROM_MAIN,LOCAL_EQUALS_MAIN_LQA_NEW,"나유타는 많은 사람들 앞에서 땅에 머리를 박고, 엎드려 있었다",나유타는 많은 사람들이 지켜보는 가운데 지면에 이마를 대고 도게자를 하고 있었다.,"나유타는 많은 사람들 앞에서 땅에 머리를 박고, 엎드려 있었다"
Nayuta,Korean_Steam,Nayuta.Debauchery1-66,648,648,648,LQA_DIFFERS_FROM_MAIN,LOCAL_EQUALS_MAIN_LQA_NEW,「곱♥!?」,「고브읏♥!?」,「곱♥!?」
Nayuta,Korean_Steam,Nayuta.Debauchery1-74,664,664,664,LQA_DIFFERS_FROM_MAIN,LOCAL_EQUALS_MAIN_LQA_NEW,"「켁♥, ………오옷 , 오엑♥」","「크읏♥, ………오옷 , 오엑♥」","「켁♥, ………오옷 , 오엑♥」"
Nayuta,Korean_Steam,Nayuta.Debauchery1-80,676,676,676,LQA_DIFFERS_FROM_MAIN,LOCAL_EQUALS_MAIN_LQA_NEW,나유타는 정액 범벅인 몸으로 다시 엎드린다,나유타는 정액 범벅인 몸으로 다시 도게자를 한다,나유타는 정액 범벅인 몸으로 다시 엎드린다
Nayuta,Korean_Steam,Nayuta.Debauchery1-90,696,696,696,LQA_DIFFERS_FROM_MAIN,LOCAL_EQUALS_MAIN_LQA_NEW,"그 후, 나유타는 암퇘지로서 전 세계 각지에서 처절한 성봉사의 나날을 이어가게 되었다","그 후, 나유타는 암퇘지로서, 전 세계에서의 처절한 성봉사의 나날이 계속되는 것이었다","그 후, 나유타는 암퇘지로서 전 세계 각지에서 처절한 성봉사의 나날을 이어가게 되었다"
Nayuta,Korean_Steam,Nayuta.Debauchery2-29,754,754,754,LQA_DIFFERS_FROM_MAIN,LOCAL_EQUALS_MAIN_LQA_NEW,"「이 녀석, 쌌는데도 자지에서 입 떼지 않네ㅋ」","「이 녀석, 쌌는데도 자지에서 입 빼지 않네ㅋ」","「이 녀석, 쌌는데도 자지에서 입 떼지 않네ㅋ」"
Nayuta,Korean_Steam,Nayuta.Debauchery2-38,772,772,772,LQA_DIFFERS_FROM_MAIN,LOCAL_EQUALS_MAIN_LQA_NEW,「아직도 원하나… 질린 성욕이네」,「아직도 원하나… 질려 버릴 정도의 성욕이네」,「아직도 원하나… 질린 성욕이네」
Nayuta,Korean_Steam,Nayuta.Debauchery2-41,778,778,778,LQA_DIFFERS_FROM_MAIN,LOCAL_EQUALS_MAIN_LQA_NEW,"「켁♥, 콜록♥, 응앗♥」","「크읏♥, 콜록♥, 응앗♥」","「켁♥, 콜록♥, 응앗♥」"
Nayuta,Korean_Steam,Nayuta.Debauchery2-43,782,782,782,LQA_DIFFERS_FROM_MAIN,LOCAL_EQUALS_MAIN_LQA_NEW,"「켁♥, 네엣♥, 나유타는 자신을 강하다고 착각했던 그저 암퇘지였습니다♥」","「크읏♥, 네엣♥, 나유타는 자신을 강하다고 착각했던 그저 암퇘지였습니다♥」","「켁♥, 네엣♥, 나유타는 자신을 강하다고 착각했던 그저 암퇘지였습니다♥」"
Nayuta,Korean_Steam,Nayuta.Debauchery2-46,788,788,788,LQA_DIFFERS_FROM_MAIN,LOCAL_EQUALS_MAIN_LQA_NEW,"「이런이런, 이런 여자 때문에 고생했던 우리가 더 한심해지는군요」","「이런이런, 이런 여자에게 고생했던 우리들이 더 한심해지는군요」","「이런이런, 이런 여자 때문에 고생했던 우리가 더 한심해지는군요」"
Nayuta,Korean_Steam,Nayuta.Core1-58,916,916,916,LQA_DIFFERS_FROM_MAIN,LOCAL_EQUALS_MAIN_LQA_NEW,"피스톤은 나유타의 팔만큼이나 굵고, 울퉁불퉁한 원뿔 모양 돌기가 붙어 있다","피스톤은 나유타의 팔만큼이나 굵고, 울퉁불퉁한 원형 모양 돌기가 붙어 있다","피스톤은 나유타의 팔만큼이나 굵고, 울퉁불퉁한 원뿔 모양 돌기가 붙어 있다"
Nayuta,Korean_Steam,Nayuta.Core1-60,920,920,920,LQA_DIFFERS_FROM_MAIN,LOCAL_EQUALS_MAIN_LQA_NEW,"「윽, 여, 그만두십시오! 그런 게 들어갈 리가!」","「윽, 그, 그만두십시오! 그런 게 들어갈 리가!」","「윽, 여, 그만두십시오! 그런 게 들어갈 리가!」"
Nayuta,Korean_Steam,Nayuta.Core1-61,922,922,922,LQA_DIFFERS_FROM_MAIN,LOCAL_EQUALS_MAIN_LQA_NEW,카샨…… 큐이이이이인!,카응…… 큐이이이이인!,카샨…… 큐이이이이인!
Nayuta,Korean_Steam,Nayuta.Core1-72,944,944,944,LQA_DIFFERS_FROM_MAIN,LOCAL_EQUALS_MAIN_LQA_NEW,"「히끅♥!?, 오옷 옷♥, 오옷 옷♥, 그런 일은♥!」","「히읏♥!?, 오옷 옷♥, 오옷 옷♥, 그런 일은♥!」","「히끅♥!?, 오옷 옷♥, 오옷 옷♥, 그런 일은♥!」"
Nayuta,Korean_Steam,Nayuta.Core2-14,989,989,989,LQA_DIFFERS_FROM_MAIN,LOCAL_EQUALS_MAIN_LQA_NEW,가챤… 보콧!,뷰릇… 포옹!,가챤… 보콧!
Nayuta,Korean_Steam,Nayuta.Core2-16,993,993,993,LQA_DIFFERS_FROM_MAIN,LOCAL_EQUALS_MAIN_LQA_NEW,"부릇!, 도르르릇!","뷰릇!, 도르르릇!","부릇!, 도르르릇!"
Nayuta,Korean_Steam,Nayuta.Core2-31,1023,1023,1023,LQA_DIFFERS_FROM_MAIN,LOCAL_EQUALS_MAIN_LQA_NEW,"「호옷 오옷!?, 여, 그만두십시오♥!」","「호옷 오옷!?, 그, 그만두십시오♥!」","「호옷 오옷!?, 여, 그만두십시오♥!」"
Nayuta,Korean_Steam,Nayuta.Core2-50,1061,1061,1061,LQA_DIFFERS_FROM_MAIN,LOCAL_EQUALS_MAIN_LQA_NEW,"그리고 전투원이 단숨에 팔을 당기자, 나유타의 남은 성핵이 우뭇가사리처럼 배출된다","그리고 전투원이 단숨에 팔을 당기자, 나유타의 남은 성핵이 젤리처럼 배출된다","그리고 전투원이 단숨에 팔을 당기자, 나유타의 남은 성핵이 우뭇가사리처럼 배출된다"
Nayuta,Korean_Steam,Nayuta.Core2-57,1075,1075,1075,LQA_DIFFERS_FROM_MAIN,LOCAL_EQUALS_MAIN_LQA_NEW,"「좋아 전부 나왔군, 그럼 모아서 뚜껑을 닫고……」","「좋아 전부 나왔군, 그럼 모아서 용기를 닫고……」","「좋아 전부 나왔군, 그럼 모아서 뚜껑을 닫고……」"
Record,Korean_Steam,Record.Final-7,197,197,197,LQA_DIFFERS_FROM_MAIN,LOCAL_EQUALS_MAIN_LQA_NEW,「거리 한복판에서 파괴 행위를 벌이다니…… 절대 용서 못 해!」,「거리에서의 파괴 행위…… 우리들이 용서하지 않아!」,「거리 한복판에서 파괴 행위를 벌이다니…… 절대 용서 못 해!」
Record,Korean_Steam,Record.Final-23,229,229,229,LQA_DIFFERS_FROM_MAIN,LOCAL_EQUALS_MAIN_LQA_NEW,「아니면…… 너희들 이게 갖고 싶어서 뽈뽈 나온 거 아니야?」,「아니면…… 너희들 이게 갖고 싶어서 나온 거 아니야?」,「아니면…… 너희들 이게 갖고 싶어서 뽈뽈 나온 거 아니야?」
Record,Korean_Steam,Record.Final-69,321,321,321,LQA_DIFFERS_FROM_MAIN,LOCAL_EQUALS_MAIN_LQA_NEW,"「저희♥♥, 평생 오나홀로서 봉사하겠습니다♥♥」","「우리들♥♥, 평생 오나홀로서 봉사하겠습니다♥♥」","「저희♥♥, 평생 오나홀로서 봉사하겠습니다♥♥」"
Record,Korean_Steam,Record.Final-76,335,335,335,LQA_DIFFERS_FROM_MAIN,LOCAL_EQUALS_MAIN_LQA_NEW,"「「저희♥♥, 여러분의 오나홀로서 힘내겠습니다♥♥」」","「「우리들♥♥, 여러분의 오나홀로서 힘내겠습니다♥♥」」","「「저희♥♥, 여러분의 오나홀로서 힘내겠습니다♥♥」」"
Record,Korean_Steam,Record.Kei-10,359,359,359,LQA_DIFFERS_FROM_MAIN,LOCAL_EQUALS_MAIN_LQA_NEW,"케이는 작은 몸을 거대한 괴인에게 붙잡혀, 억지로 질로 자지를 흔들리고 있었다","케이는 몸을 거대한 괴인에게 붙잡혀, 억지로 질로 자지를 흔들리고 있었다","케이는 작은 몸을 거대한 괴인에게 붙잡혀, 억지로 질로 자지를 흔들리고 있었다"
Record,Korean_Steam,Record.Kei-21,381,381,381,LQA_DIFFERS_FROM_MAIN,LOCAL_EQUALS_MAIN_LQA_NEW,"「헤앗♥♥, 오옷 옷♥, 냣데♥♥♥」","「헤앗♥♥, 오옷 옷♥, 어째서♥♥♥」","「헤앗♥♥, 오옷 옷♥, 냣데♥♥♥」"
Record,Korean_Steam,Record.CloneTask-42,518,518,518,LQA_DIFFERS_FROM_MAIN,LOCAL_EQUALS_MAIN_LQA_NEW,072호의 입안에 힘차게 백탁액이 쏟아진다,072호의 입안에 힘차게 백탁액이 뿜어진다,072호의 입안에 힘차게 백탁액이 쏟아진다
Record,Korean_Steam,Record.CloneTask-46,526,526,526,LQA_DIFFERS_FROM_MAIN,LOCAL_EQUALS_MAIN_LQA_NEW,"곱♥♥, 돕풋♥♥!","고흇♥♥, 도릇♥♥!","곱♥♥, 돕풋♥♥!"
Record,Korean_Steam,Record.CloneTask-54,542,542,542,LQA_DIFFERS_FROM_MAIN,LOCAL_EQUALS_MAIN_LQA_NEW,클론의 일원이 된 072호는 거부하지 않고 그대로 따랐다,클론의 일원이 된 072호는 거부하지 않고 그것에 따르는 것이었다,클론의 일원이 된 072호는 거부하지 않고 그대로 따랐다
Record,Korean_Steam,Record.Erenayuta-5,562,562,562,LQA_DIFFERS_FROM_MAIN,LOCAL_EQUALS_MAIN_LQA_NEW,「게다가…… 왜 이 여자를 옆에……!」,「게다가…… 왜 이 여자랑 나란히……!」,「게다가…… 왜 이 여자를 옆에……!」
Record,Korean_Steam,Record.Erenayuta-6,564,564,564,LQA_DIFFERS_FROM_MAIN,LOCAL_EQUALS_MAIN_LQA_NEW,「이쪽의 대사입니다. 왜 바로 옆에 배치하는 겁니까」,「이쪽의 대사입니다. 왜 바로 나란히 배치하는 겁니까」,「이쪽의 대사입니다. 왜 바로 옆에 배치하는 겁니까」
Record,Korean_Steam,Record.Erenayuta-30,612,612,612,LQA_DIFFERS_FROM_MAIN,LOCAL_EQUALS_MAIN_LQA_NEW,"「윽♥, 어떻습니까, AV 촬영으로 단련된 저의 두툼한 보지♥♥」","「윽♥, 어떻습니까, AV 촬영으로 단련된 저의 보지♥♥」","「윽♥, 어떻습니까, AV 촬영으로 단련된 저의 두툼한 보지♥♥」"
Record,Korean_Steam,Record.Erenayuta-38,628,628,628,LQA_DIFFERS_FROM_MAIN,LOCAL_EQUALS_MAIN_LQA_NEW,"「엘레나에게는 지지 않겠습니다♥, 당연히 제가 이깁니다♥」","「엘레나에게는 지지 않겠습니다♥, 당연히 저의 승리입니다♥」","「엘레나에게는 지지 않겠습니다♥, 당연히 제가 이깁니다♥」"
Record,Korean_Steam,Record.Erenayuta-45,642,642,642,LQA_DIFFERS_FROM_MAIN,LOCAL_EQUALS_MAIN_LQA_NEW,"「아-, 이걸로 둘 다 1점씩이군. 알기 쉽게 펜으로 써두지」","「아-, 이걸로 둘 다 1점씩이군. 알기 쉽게 써두지」","「아-, 이걸로 둘 다 1점씩이군. 알기 쉽게 펜으로 써두지」"
Record,Korean_Steam,Record.Erenayuta-47,646,646,646,LQA_DIFFERS_FROM_MAIN,LOCAL_EQUALS_MAIN_LQA_NEW,"「흥♥, 요령을 알았으니 이쪽의 것입니다. 이 승부, 제가 이깁니다!」","「흥♥, 요령을 알았으니 이쪽의 것입니다. 이 승부, 저의 승리입니다!」","「흥♥, 요령을 알았으니 이쪽의 것입니다. 이 승부, 제가 이깁니다!」"
Record,Korean_Steam,Record.Erenayuta-67,686,686,686,LQA_DIFFERS_FROM_MAIN,LOCAL_EQUALS_MAIN_LQA_NEW,「오-오- 아직 멀쩡하잖아. 역시 최강의 성핵전희네?」,「오-오- 아직 괜찮다니. 역시 최강의 성핵전희네?」,「오-오- 아직 멀쩡하잖아. 역시 최강의 성핵전희네?」
Record,Korean_Steam,Record.Erenayuta-68,688,688,688,LQA_DIFFERS_FROM_MAIN,LOCAL_EQUALS_MAIN_LQA_NEW,"「당연합니다♥, 육변기 승부라고 해도 손을 뺄 수는 없습니다!」","「당연합니다♥, 육변기 승부라고 해도 양보할 수는 없습니다!」","「당연합니다♥, 육변기 승부라고 해도 손을 뺄 수는 없습니다!」"
Record,Korean_Steam,Record.Erenayuta-75,702,702,702,LQA_DIFFERS_FROM_MAIN,LOCAL_EQUALS_MAIN_LQA_NEW,"「윽♥, 그쪽이야말로♥, 살찐 암소 주제에♥, 건방집니다♥」","「윽♥, 그쪽이야말로♥, 암소 주제에♥, 건방집니다♥」","「윽♥, 그쪽이야말로♥, 살찐 암소 주제에♥, 건방집니다♥」"
Record,Korean_Steam,Record.Erenayuta-78,708,708,708,LQA_DIFFERS_FROM_MAIN,LOCAL_EQUALS_MAIN_LQA_NEW,"「응읏♥, 키, 왔습니다♥」","「응읏♥, 와, 왔습니다♥」","「응읏♥, 키, 왔습니다♥」"
Record,Korean_Steam,Record.Erenayuta-107,766,766,766,LQA_DIFFERS_FROM_MAIN,LOCAL_EQUALS_MAIN_LQA_NEW,"거기에는 온몸에 낙서가 되고, 온몸이 정액과 콘돔 범벅이 된 두 사람의 모습이 있었다","거기에는 온몸에 낙서가 되고, 온몸이 정액 범벅이 된 두 사람의 모습이 있었다","거기에는 온몸에 낙서가 되고, 온몸이 정액과 콘돔 범벅이 된 두 사람의 모습이 있었다"
Record,Korean_Steam,Record.Erenayuta-117,786,786,786,LQA_DIFFERS_FROM_MAIN,LOCAL_EQUALS_MAIN_LQA_NEW,"「겸사겸사, 마지막으로 이 녀석들로 용변이나 보자」","「이 기회에, 마지막으로 이 녀석들로 용변이나 보자」","「겸사겸사, 마지막으로 이 녀석들로 용변이나 보자」"
Record,Korean_Steam,Record.SeikakuEquip-3,814,814,814,LQA_DIFFERS_FROM_MAIN,LOCAL_EQUALS_MAIN_LQA_NEW,가챤! 가챤! 푸슈ー!,뷰릇! 뷰릇! 푸슈ー!,가챤! 가챤! 푸슈ー!
Record,Korean_Steam,Record.SeikakuEquip-7,822,822,822,LQA_DIFFERS_FROM_MAIN,LOCAL_EQUALS_MAIN_LQA_NEW,,"시, 싫어! 원래대로 돌려줘!",
Record,Korean_Steam,Record.SeikakuEquip-18,844,844,844,LQA_DIFFERS_FROM_MAIN,LOCAL_EQUALS_MAIN_LQA_NEW,"(응앗♥, 여, 그만둬♥, 그렇게 격렬하게 사용하지 마세요♥!)","(응앗♥, 그, 그만둬♥, 그렇게 격렬하게 사용하지 마세요♥!)","(응앗♥, 여, 그만둬♥, 그렇게 격렬하게 사용하지 마세요♥!)"
Record,Korean_Steam,Record.SeikakuEquip-19,846,846,846,LQA_DIFFERS_FROM_MAIN,LOCAL_EQUALS_MAIN_LQA_NEW,"「하핫, 이 녀석은 성욕만은 무진장이라서 말이야. 오나홀 검품에는 안성맞춤이야」","「하핫, 이 녀석은 성욕만은 무진장이라서 말이야. 오나홀 검사에는 쓸모가 있거든」","「하핫, 이 녀석은 성욕만은 무진장이라서 말이야. 오나홀 검품에는 안성맞춤이야」"
Record,Korean_Steam,Record.SeikakuEquip-23,854,854,854,LQA_DIFFERS_FROM_MAIN,LOCAL_EQUALS_MAIN_LQA_NEW,(그렇지 않으면 우리……윽♥),(그렇지 않으면 우리들……윽♥),(그렇지 않으면 우리……윽♥)
DLCメインストーリー,Korean_Steam,Dialog.DLC-P-17,39,39,39,LQA_DIFFERS_FROM_MAIN,LOCAL_EQUALS_MAIN_LQA_NEW,"재단은 세계를 정복하기 위해, 성핵전희를 개조하고 이용하여, 착착 전력을 확대하고 있었다","재단은 세계를 정복하기 위해, 성핵전희를 개조・이용하여, 착착 전력을 확대하고 있었다","재단은 세계를 정복하기 위해, 성핵전희를 개조하고 이용하여, 착착 전력을 확대하고 있었다"
DLCメインストーリー,Korean_Steam,Dialog.DLC-P-93,200,200,200,LQA_DIFFERS_FROM_MAIN,LOCAL_EQUALS_MAIN_LQA_NEW,「…………나는 아나스타샤·페트로·다이아몬드. …다이아라고 불러도 돼.」,「…………나는 아나스타샤・페트로・다이아몬드. …다이아로 좋다.」,「…………나는 아나스타샤·페트로·다이아몬드. …다이아라고 불러도 돼.」
DLCメインストーリー,Korean_Steam,Dialog.DLC1-1-173,568,568,568,LQA_DIFFERS_FROM_MAIN,LOCAL_EQUALS_MAIN_LQA_NEW,이렇게 하급 전투원 46호가 된 히스이의 재단 잠입 생활이 시작되었다.,이렇게 하급 전투원 46호가 된 히스이의 재단 잠입 생활이 시작되는 것이었다.,이렇게 하급 전투원 46호가 된 히스이의 재단 잠입 생활이 시작되었다.
DLCメインストーリー,Korean_Steam,Dialog.DLC1-3-14,864,864,864,LQA_DIFFERS_FROM_MAIN,LOCAL_EQUALS_MAIN_LQA_NEW,「뭐 괜찮지 않겠어? 우리가 말해 둘 테니까」,"「뭐 괜찮지 않겠어, 우리들이 말해 둘 테니까」",「뭐 괜찮지 않겠어? 우리가 말해 둘 테니까」
DLCメインストーリー,Korean_Steam,Dialog.DLC2-2-56,1709,1709,1709,LQA_DIFFERS_FROM_MAIN,LOCAL_EQUALS_MAIN_LQA_NEW,"「으으…윽, 그런………윽…… 우리는……윽!?」","「으으…윽, 그런………윽…… 우리들은……윽!?」","「으으…윽, 그런………윽…… 우리는……윽!?」"
Daiya,Korean_Steam,Daiya.Fallen1-57,116,116,116,LQA_DIFFERS_FROM_MAIN,LOCAL_EQUALS_MAIN_LQA_NEW,"그리고 다이아는 전혀 저항하지 못한 채, 몸이 순조롭게 개조되어 갔다.","그리고 다이아는 전혀 저항할 수 없는 채, 그 몸은 순조롭게 개조되어 가는 것이었다.","그리고 다이아는 전혀 저항하지 못한 채, 몸이 순조롭게 개조되어 갔다."
Daiya,Korean_Steam,Daiya.Fallen2-72,274,274,274,LQA_DIFFERS_FROM_MAIN,LOCAL_EQUALS_MAIN_LQA_NEW,"「야, 히앗, 야, 그만둬!!」","「싫어, 히앗, 그, 그만둬!!」","「야, 히앗, 야, 그만둬!!」"
Daiya,Korean_Steam,Daiya.Fallen2-113,356,356,356,LQA_DIFFERS_FROM_MAIN,LOCAL_EQUALS_MAIN_LQA_NEW,"「하앗♥, 하앗♥, 오옷 오옷♥ 다, 누가…… 오나홀 따위에…♥!」","「하앗♥, 하앗♥, 오옷 오옷♥ 누, 누가…… 오나홀 따위에…♥!」","「하앗♥, 하앗♥, 오옷 오옷♥ 다, 누가…… 오나홀 따위에…♥!」"
Daiya,Korean_Steam,Daiya.Fallen2-121,372,372,372,LQA_DIFFERS_FROM_MAIN,LOCAL_EQUALS_MAIN_LQA_NEW,"「여, 싫어…윽!…… 히스이… 도, 도와주러 와줘!! 빨리!」","「시, 싫어…윽!…… 히스이… 도, 도와주러 와줘!! 빨리!」","「여, 싫어…윽!…… 히스이… 도, 도와주러 와줘!! 빨리!」"
Daiya,Korean_Steam,Daiya.Fallen2-125,380,380,380,LQA_DIFFERS_FROM_MAIN,LOCAL_EQUALS_MAIN_LQA_NEW,"그리고 그날, 다이아는 10번 이상 괴인에게 사용되며 마음이 확실히 부서져 갔다","그리고 그날, 다이아는 10번 이상 괴인에게 사용되고, 다이아의 마음은 확실히 부서져 가는 것이었다","그리고 그날, 다이아는 10번 이상 괴인에게 사용되며 마음이 확실히 부서져 갔다"
Daiya,Korean_Steam,Daiya.Fallen3-39,468,468,468,LQA_DIFFERS_FROM_MAIN,LOCAL_EQUALS_MAIN_LQA_NEW,"「하히잇♥, 아, 감사합니다♥, 잡어 보지이지만 마음껏 사용해주세요이이잇♥!」","「하히잇♥, 아, 감사합니다♥, 허접 보지이지만 마음껏 사용해주세요이이잇♥!」","「하히잇♥, 아, 감사합니다♥, 잡어 보지이지만 마음껏 사용해주세요이이잇♥!」"
Daiya,Korean_Steam,Daiya Seikaku Scene,560,904,904,LQA_DIFFERS_FROM_MAIN,LOCAL_EQUALS_MAIN_LQA_NEW,,성핵 이벤트,
Kei(DLC),Korean_Steam,Kei Fallen Scene,2,,,KEY_MISSING_IN_MAIN,,,타락 이벤트,
Kei(DLC),Korean_Steam,Record.KeiAfter-40,87,87,87,LQA_DIFFERS_FROM_MAIN,LOCAL_EQUALS_MAIN_LQA_NEW,「위험…해…… 자………자해!!」,「위험…해…… 자………잠깐!!」,「위험…해…… 자………자해!!」
Kei(DLC),Korean_Steam,Record.KeiAfter-47,101,101,101,LQA_DIFFERS_FROM_MAIN,LOCAL_EQUALS_MAIN_LQA_NEW,"「키잇! 뭐!? 여, 그만둬!!」","「키잇! 뭐!? 그, 그만둬!!」","「키잇! 뭐!? 여, 그만둬!!」"
Kei(DLC),Korean_Steam,Record.KeiAfter-75,157,157,157,LQA_DIFFERS_FROM_MAIN,LOCAL_EQUALS_MAIN_LQA_NEW,"「응읏♥, 응읏♥, 쥬릇♥, 곱♥, 겝♥… 쥬폿♥!」","「응읏♥, 응읏♥, 쥬릇♥, 고븟♥, 커흣♥… 쥬폿♥!」","「응읏♥, 응읏♥, 쥬릇♥, 곱♥, 겝♥… 쥬폿♥!」"
Kei(DLC),Korean_Steam,Record.KeiAfter-116,241,241,241,LQA_DIFFERS_FROM_MAIN,LOCAL_EQUALS_MAIN_LQA_NEW,"「으앗♥! 자, 잠깐…! 여, 그만둬♥!」","「으앗♥! 자, 잠깐…! 그, 그만둬♥!」","「으앗♥! 자, 잠깐…! 여, 그만둬♥!」"
Daiya DLC2,Korean_Steam,Daiya Debauchery Scene 1,2,,,SHEET_MISSING_IN_MAIN,SHEET_MISSING_IN_LOCAL,,음란화 이벤트,
Daiya DLC2,Korean_Steam,Daiya.Debauchery1-1,4,,,SHEET_MISSING_IN_MAIN,SHEET_MISSING_IN_LOCAL,,재단 아지트에서,
Daiya DLC2,Korean_Steam,Daiya.Debauchery1-2,6,,,SHEET_MISSING_IN_MAIN,SHEET_MISSING_IN_LOCAL,,"「헤헷♥, 헤헷♥, 부르셨습니까♥, 나유타 님♥!」",
Daiya DLC2,Korean_Steam,Daiya.Debauchery1-3,8,,,SHEET_MISSING_IN_MAIN,SHEET_MISSING_IN_LOCAL,,"「후훗♥, 착하네요! 꼴사납고 가련한 다이아 씨♥」",
Daiya DLC2,Korean_Steam,Daiya.Debauchery1-4,10,,,SHEET_MISSING_IN_MAIN,SHEET_MISSING_IN_LOCAL,,"「당신을 부른 이유는 다른 게 아닙니다, 오늘은 저와 함께 주인님께 봉사를 합니다.」",
Daiya DLC2,Korean_Steam,Daiya.Debauchery1-5,12,,,SHEET_MISSING_IN_MAIN,SHEET_MISSING_IN_LOCAL,,"「헤헷♥, 와훗♥, 기쁩니다♥!」",
Daiya DLC2,Korean_Steam,Daiya.Debauchery1-6,14,,,SHEET_MISSING_IN_MAIN,SHEET_MISSING_IN_LOCAL,,"「그런 이유로, 손발은 돌려드리겠습니다. 자, 함께 주인님께 가도록 하죠♥」",
Daiya DLC2,Korean_Steam,Daiya.Debauchery1-7,16,,,SHEET_MISSING_IN_MAIN,SHEET_MISSING_IN_LOCAL,,"「와우♥, 주인님♥, 봉사하겠습니다앗♥!!」",
Daiya DLC2,Korean_Steam,Daiya.Debauchery1-8,20,,,SHEET_MISSING_IN_MAIN,SHEET_MISSING_IN_LOCAL,,괴인의 침실에서,
Daiya DLC2,Korean_Steam,Daiya.Debauchery1-9,22,,,SHEET_MISSING_IN_MAIN,SHEET_MISSING_IN_LOCAL,,돼지 복장을 한 다이아와 나유타가 괴인에게 봉사를 하고 있었다,
Daiya DLC2,Korean_Steam,Daiya.Debauchery1-10,24,,,SHEET_MISSING_IN_MAIN,SHEET_MISSING_IN_LOCAL,,"「읍츕♥, 레로옷♥, 응읏♥……」",
Daiya DLC2,Korean_Steam,Daiya.Debauchery1-11,26,,,SHEET_MISSING_IN_MAIN,SHEET_MISSING_IN_LOCAL,,"「하앗♥, 하앗♥, 츄르릅♥, 레롯♥…」",
Daiya DLC2,Korean_Steam,Daiya.Debauchery1-12,28,,,SHEET_MISSING_IN_MAIN,SHEET_MISSING_IN_LOCAL,,"「하앗♥, 어떻습니까…… 주인님♥」",
Daiya DLC2,Korean_Steam,Daiya.Debauchery1-13,30,,,SHEET_MISSING_IN_MAIN,SHEET_MISSING_IN_LOCAL,,「저희들의♥… 암퇘지 봉사♥… 부디 즐겨주십시오…♥」,
Daiya DLC2,Korean_Steam,Daiya.Debauchery1-14,32,,,SHEET_MISSING_IN_MAIN,SHEET_MISSING_IN_LOCAL,,「크흐흐…! 좋아 암퇘지들아!」,
Daiya DLC2,Korean_Steam,Daiya.Debauchery1-15,34,,,SHEET_MISSING_IN_MAIN,SHEET_MISSING_IN_LOCAL,,「자 다이아… 이제부터 우리를 박아주실 자지 님이시니…♥ 좀 더 꼼꼼하게 깨끗하게 하지 않으면…♥」,
Daiya DLC2,Korean_Steam,Daiya.Debauchery1-16,36,,,SHEET_MISSING_IN_MAIN,SHEET_MISSING_IN_LOCAL,,"「네엣…♥ 나유타 님…… 레롯♥, 레롯♥, 츄우우웃♥」",
Daiya DLC2,Korean_Steam,Daiya.Debauchery1-17,38,,,SHEET_MISSING_IN_MAIN,SHEET_MISSING_IN_LOCAL,,"「후후훗♥, 잘하네요♥」",
Daiya DLC2,Korean_Steam,Daiya.Debauchery1-18,40,,,SHEET_MISSING_IN_MAIN,SHEET_MISSING_IN_LOCAL,,「그리고…… 지금은 저도 당신도 주인님의 암퇘지입니다…♥ 님 따위 붙이지 않아도 돼요♥」,
Daiya DLC2,Korean_Steam,Daiya.Debauchery1-19,42,,,SHEET_MISSING_IN_MAIN,SHEET_MISSING_IN_LOCAL,,"「그, 그것은…」",
Daiya DLC2,Korean_Steam,Daiya.Debauchery1-20,44,,,SHEET_MISSING_IN_MAIN,SHEET_MISSING_IN_LOCAL,,"「후훗♥, 확실히 제가 당신보다 압도적으로 계급이 위지만… 주인님 앞에서는 똑같이 단순한 성처리 노예니까요…♥」",
Daiya DLC2,Korean_Steam,Daiya.Debauchery1-21,46,,,SHEET_MISSING_IN_MAIN,SHEET_MISSING_IN_LOCAL,,"「하, 하지만… 저 같은 개가 나유타 님을 함부로 부르다니…」",
Daiya DLC2,Korean_Steam,Daiya.Debauchery1-22,48,,,SHEET_MISSING_IN_MAIN,SHEET_MISSING_IN_LOCAL,,「그런 건 전혀 신경 쓰지 않습니다만… 하지만 잘 생각해보니 돼지가 인간처럼 이름을 대는 것도 실례군요…」,
Daiya DLC2,Korean_Steam,Daiya.Debauchery1-23,50,,,SHEET_MISSING_IN_MAIN,SHEET_MISSING_IN_LOCAL,,"「그럼 이렇게 하죠! 저는 암퇘지 1호이고, 당신은 암퇘지 2호입니다♥」",
Daiya DLC2,Korean_Steam,Daiya.Debauchery1-24,52,,,SHEET_MISSING_IN_MAIN,SHEET_MISSING_IN_LOCAL,,「이것은 명령이라는 것으로…♥ 자 암퇘지 2호쨩? 주인님께 봉사합니다♥」,
Daiya DLC2,Korean_Steam,Daiya.Debauchery1-25,54,,,SHEET_MISSING_IN_MAIN,SHEET_MISSING_IN_LOCAL,,"「부, 부힛♥ 암퇘지 1호님♥! 저도 봉사하겠습니다♥」",
Daiya DLC2,Korean_Steam,Daiya.Debauchery1-26,56,,,SHEET_MISSING_IN_MAIN,SHEET_MISSING_IN_LOCAL,,"츄르르르릇, 즈릿! 즈릿!",
Daiya DLC2,Korean_Steam,Daiya.Debauchery1-27,58,,,SHEET_MISSING_IN_MAIN,SHEET_MISSING_IN_LOCAL,,"「하앗♥, 어떻습니까… 제 가슴…♥」",
Daiya DLC2,Korean_Steam,Daiya.Debauchery1-28,60,,,SHEET_MISSING_IN_MAIN,SHEET_MISSING_IN_LOCAL,,"「후훗♥, 귀엽네요♥, 상당히 커지지 않았습니까♥?」",
Daiya DLC2,Korean_Steam,Daiya.Debauchery1-29,62,,,SHEET_MISSING_IN_MAIN,SHEET_MISSING_IN_LOCAL,,"「네엣…♥ 주인님께 봉사하는 중에♥, 이렇게 커져버렸어요♥」",
Daiya DLC2,Korean_Steam,Daiya.Debauchery1-30,64,,,SHEET_MISSING_IN_MAIN,SHEET_MISSING_IN_LOCAL,,"「후훗♥, 장하네요♥, 암퇘지 2호쨩? 뭐 저도 주인님께 귀여움 받은 덕분에 이렇지만…♥」",
Daiya DLC2,Korean_Steam,Daiya.Debauchery1-31,66,,,SHEET_MISSING_IN_MAIN,SHEET_MISSING_IN_LOCAL,,"「그런데도♥, 저희 가슴에서 나오는 주인님의 거대 자지♥, 너무 멋있어요♥」",
Daiya DLC2,Korean_Steam,Daiya.Debauchery1-32,68,,,SHEET_MISSING_IN_MAIN,SHEET_MISSING_IN_LOCAL,,"「부힛♥, 그렇군요…♥ 자지님의 맥동이 심장에 닿아서♥, 저도♥, 멋대로 발정해버립니다♥」",
Daiya DLC2,Korean_Steam,Daiya.Debauchery1-33,70,,,SHEET_MISSING_IN_MAIN,SHEET_MISSING_IN_LOCAL,,그리고 두 마리의 암퇘지는 괴인의 자지를 타액으로 골고루 적셔간다,
Daiya DLC2,Korean_Steam,Daiya.Debauchery1-34,72,,,SHEET_MISSING_IN_MAIN,SHEET_MISSING_IN_LOCAL,,"「하앗♥, 하앗♥, 츄르르르릇♥」",
Daiya DLC2,Korean_Steam,Daiya.Debauchery1-35,74,,,SHEET_MISSING_IN_MAIN,SHEET_MISSING_IN_LOCAL,,"「츄릇♥하앗♥, 이제 충분히 젖어서… 커졌어요…♥」",
Daiya DLC2,Korean_Steam,Daiya.Debauchery1-36,76,,,SHEET_MISSING_IN_MAIN,SHEET_MISSING_IN_LOCAL,,"「하앗♥, 하앗♥, 주인님의… 자지♥!」",
Daiya DLC2,Korean_Steam,Daiya.Debauchery1-37,78,,,SHEET_MISSING_IN_MAIN,SHEET_MISSING_IN_LOCAL,,"「크흐흐… 이제 됐겠지 암퇘지들아…, 순서대로 박아주마!」",
Daiya DLC2,Korean_Steam,Daiya.Debauchery1-38,80,,,SHEET_MISSING_IN_MAIN,SHEET_MISSING_IN_LOCAL,,「윽♥ 부힛! 주인님♥!」,
Daiya DLC2,Korean_Steam,Daiya.Debauchery1-39,82,,,SHEET_MISSING_IN_MAIN,SHEET_MISSING_IN_LOCAL,,"「하앗♥, 하앗♥, 부탁드립니다앗♥」",
Daiya DLC2,Korean_Steam,Daiya.Debauchery1-40,86,,,SHEET_MISSING_IN_MAIN,SHEET_MISSING_IN_LOCAL,,"「하앗♥, 하앗♥, 하앗♥…… 꿀꺽…♥」",
Daiya DLC2,Korean_Steam,Daiya.Debauchery1-41,88,,,SHEET_MISSING_IN_MAIN,SHEET_MISSING_IN_LOCAL,,「언제나 주인님께 사용될 뿐이었지만♥… 오늘은 제가 봉사하겠습니다앗♥」,
Daiya DLC2,Korean_Steam,Daiya.Debauchery1-42,90,,,SHEET_MISSING_IN_MAIN,SHEET_MISSING_IN_LOCAL,,"「후훗♥, 암퇘지 2호쨩, 그렇게 자지님께 필사적이어서♥… 귀엽네요♥」",
Daiya DLC2,Korean_Steam,Daiya.Debauchery1-43,92,,,SHEET_MISSING_IN_MAIN,SHEET_MISSING_IN_LOCAL,,"「부힛♥, 주인님의 자지♥, 하앗♥하앗♥」",
Daiya DLC2,Korean_Steam,Daiya.Debauchery1-44,94,,,SHEET_MISSING_IN_MAIN,SHEET_MISSING_IN_LOCAL,,"「후훗♥, 암퇘지 2호쨩도 참을 수 없는 것 같으니…♥ 자, 주인님…♥」",
Daiya DLC2,Korean_Steam,Daiya.Debauchery1-45,96,,,SHEET_MISSING_IN_MAIN,SHEET_MISSING_IN_LOCAL,,「크흐흐… 좋다. 삽입을 허락해주지」,
Daiya DLC2,Korean_Steam,Daiya.Debauchery1-46,98,,,SHEET_MISSING_IN_MAIN,SHEET_MISSING_IN_LOCAL,,"「하앗♥하앗♥부힛♥!, 자지♥, 넣겠습니다♥!」",
Daiya DLC2,Korean_Steam,Daiya.Debauchery1-47,100,,,SHEET_MISSING_IN_MAIN,SHEET_MISSING_IN_LOCAL,,「하앗♥…… 제 배의 이런 곳까지……♥」,
Daiya DLC2,Korean_Steam,Daiya.Debauchery1-48,102,,,SHEET_MISSING_IN_MAIN,SHEET_MISSING_IN_LOCAL,,그리고 다이아는 허리를 들어 자지에 조준하고――――,
Daiya DLC2,Korean_Steam,Daiya.Debauchery1-49,104,,,SHEET_MISSING_IN_MAIN,SHEET_MISSING_IN_LOCAL,,"「가, 갑니다♥, 부힛!」",
Daiya DLC2,Korean_Steam,Daiya.Debauchery1-50,106,,,SHEET_MISSING_IN_MAIN,SHEET_MISSING_IN_LOCAL,,즈읍우우우웃!!!!,
Daiya DLC2,Korean_Steam,Daiya.Debauchery1-51,108,,,SHEET_MISSING_IN_MAIN,SHEET_MISSING_IN_LOCAL,,"「부힛♥, 오옷 오오오오오옷♥♥!?」",
Daiya DLC2,Korean_Steam,Daiya.Debauchery1-52,110,,,SHEET_MISSING_IN_MAIN,SHEET_MISSING_IN_LOCAL,,"「호옷 오옷♥, 부힛, 드, 들어갔어요♥!!」",
Daiya DLC2,Korean_Steam,Daiya.Debauchery1-53,112,,,SHEET_MISSING_IN_MAIN,SHEET_MISSING_IN_LOCAL,,"「오옷 오옷♥! 호옷 오옷♥, 옷♥…!!」",
Daiya DLC2,Korean_Steam,Daiya.Debauchery1-54,114,,,SHEET_MISSING_IN_MAIN,SHEET_MISSING_IN_LOCAL,,「어머어머 암퇘지 2호쨩…♥ 설마 넣은 것만으로 가버렸습니까?」,
Daiya DLC2,Korean_Steam,Daiya.Debauchery1-55,116,,,SHEET_MISSING_IN_MAIN,SHEET_MISSING_IN_LOCAL,,"「히우우♥, 부힛♥, 네, 네엣♥, 주인님 자지 너무 굉장해서♥…!」",
Daiya DLC2,Korean_Steam,Daiya.Debauchery1-56,118,,,SHEET_MISSING_IN_MAIN,SHEET_MISSING_IN_LOCAL,,"「죄송합니다♥, 주인님앗♥」",
Daiya DLC2,Korean_Steam,Daiya.Debauchery1-57,120,,,SHEET_MISSING_IN_MAIN,SHEET_MISSING_IN_LOCAL,,"「정말… 암퇘지 2호쨩은 저 다음 정도로는 강할 텐데요…♥ 뭐, 주인님 자지 앞에서는 어쩔 수 없네요♥」",
Daiya DLC2,Korean_Steam,Daiya.Debauchery1-58,122,,,SHEET_MISSING_IN_MAIN,SHEET_MISSING_IN_LOCAL,,「뭐 언제나 주인님께 안겨서 오나홀 취급이었으니까요♥ 하지만 당신은 제법 강하니까 힘내야죠!」,
Daiya DLC2,Korean_Steam,Daiya.Debauchery1-59,124,,,SHEET_MISSING_IN_MAIN,SHEET_MISSING_IN_LOCAL,,"「네엣♥, 암퇘지 2호♥, 주인님 자지를 기분 좋게 해드리기 위해♥, 힘내겠습니다!!」",
Daiya DLC2,Korean_Steam,Daiya.Debauchery1-60,126,,,SHEET_MISSING_IN_MAIN,SHEET_MISSING_IN_LOCAL,,"「으윽♥, 오옷 옷♥… 오옷 오옷♥!」",
Daiya DLC2,Korean_Steam,Daiya.Debauchery1-61,128,,,SHEET_MISSING_IN_MAIN,SHEET_MISSING_IN_LOCAL,,파츗! 파츗! 파츗!♥!!,
Daiya DLC2,Korean_Steam,Daiya.Debauchery1-62,130,,,SHEET_MISSING_IN_MAIN,SHEET_MISSING_IN_LOCAL,,"「오옷 호오옷♥! 오옷 오옷♥! 이, 어떻습니까…♥!」",
Daiya DLC2,Korean_Steam,Daiya.Debauchery1-63,132,,,SHEET_MISSING_IN_MAIN,SHEET_MISSING_IN_LOCAL,,"「후훗♥, 헤코헤코할 때마다 배가 자지 모양으로 부풀어 있어요♥♥」",
Daiya DLC2,Korean_Steam,Daiya.Debauchery1-64,134,,,SHEET_MISSING_IN_MAIN,SHEET_MISSING_IN_LOCAL,,"「부힛♥, 오옷 옷♥! 오옷 옷♥!」",
Daiya DLC2,Korean_Steam,Daiya.Debauchery1-65,136,,,SHEET_MISSING_IN_MAIN,SHEET_MISSING_IN_LOCAL,,"「후훗♥, 암퇘지 2호쨩은 자지에 필사적이네요♥… 저도……」",
Daiya DLC2,Korean_Steam,Daiya.Debauchery1-66,138,,,SHEET_MISSING_IN_MAIN,SHEET_MISSING_IN_LOCAL,,그렇게 말하며 나유타는 괴인의 가슴에 자신의 사타구니를 문지르기 시작한다,
Daiya DLC2,Korean_Steam,Daiya.Debauchery1-67,140,,,SHEET_MISSING_IN_MAIN,SHEET_MISSING_IN_LOCAL,,"「부힛♥, 에헤헷♥… 암퇘지 2호쨩이 힘내고 있으니♥♥ 암퇘지 1호도 응원합니다♥!」",
Daiya DLC2,Korean_Steam,Daiya.Debauchery1-68,142,,,SHEET_MISSING_IN_MAIN,SHEET_MISSING_IN_LOCAL,,누릇♥ 누릇♥ 누릇♥!,
Daiya DLC2,Korean_Steam,Daiya.Debauchery1-69,144,,,SHEET_MISSING_IN_MAIN,SHEET_MISSING_IN_LOCAL,,"「아앙♥ 주인님의 두꺼운 가슴판♥♥, 울퉁불퉁해서 멋있어요♥」",
Daiya DLC2,Korean_Steam,Daiya.Debauchery1-70,146,,,SHEET_MISSING_IN_MAIN,SHEET_MISSING_IN_LOCAL,,"「아앙♥, 암퇘지 1호도♥, 빨리 자지 갖고 싶어졌어요…♥」",
Daiya DLC2,Korean_Steam,Daiya.Debauchery1-71,148,,,SHEET_MISSING_IN_MAIN,SHEET_MISSING_IN_LOCAL,,"「자 암퇘지 2호쨩♥, 제가 기다리고 있으니 빨리 교대해주세요…♥!」",
Daiya DLC2,Korean_Steam,Daiya.Debauchery1-72,150,,,SHEET_MISSING_IN_MAIN,SHEET_MISSING_IN_LOCAL,,"「부힛♥, 호옷 오옷♥, 오옷 오옷♥! 자, 잠깐♥, 적어도 주인님을 사정시킨 후에♥!」",
Daiya DLC2,Korean_Steam,Daiya.Debauchery1-73,152,,,SHEET_MISSING_IN_MAIN,SHEET_MISSING_IN_LOCAL,,"「후훗♥, 어쩔 수 없군요♥, 좋아요♥, 제대로 보지로 봉사해주세요♥」",
Daiya DLC2,Korean_Steam,Daiya.Debauchery1-74,154,,,SHEET_MISSING_IN_MAIN,SHEET_MISSING_IN_LOCAL,,"「호옷 오옷♥, 부힛♥, 네엣♥, 오옷 옷♥!」",
Daiya DLC2,Korean_Steam,Daiya.Debauchery1-75,156,,,SHEET_MISSING_IN_MAIN,SHEET_MISSING_IN_LOCAL,,파츗! 파츗! 즈르릇♥!!!,
Daiya DLC2,Korean_Steam,Daiya.Debauchery1-76,158,,,SHEET_MISSING_IN_MAIN,SHEET_MISSING_IN_LOCAL,,"「부힛♥, 부힛♥, 오옷 오오옷♥!」",
Daiya DLC2,Korean_Steam,Daiya.Debauchery1-77,160,,,SHEET_MISSING_IN_MAIN,SHEET_MISSING_IN_LOCAL,,"「자 암퇘지 2호쨩, 힘내라 힘내♥ 더 자지 문질러줍시다♥」",
Daiya DLC2,Korean_Steam,Daiya.Debauchery1-78,162,,,SHEET_MISSING_IN_MAIN,SHEET_MISSING_IN_LOCAL,,「오옷 오옷♥! 하힛♥ 자지님♥」,
Daiya DLC2,Korean_Steam,Daiya.Debauchery1-79,164,,,SHEET_MISSING_IN_MAIN,SHEET_MISSING_IN_LOCAL,,"「오옷 오옷♥!? 옷, 주인님♥, 조금 쿠퍼액 나오고 있어요♥!?」",
Daiya DLC2,Korean_Steam,Daiya.Debauchery1-80,166,,,SHEET_MISSING_IN_MAIN,SHEET_MISSING_IN_LOCAL,,"「장해요♥♥ 자, 끝까지 힘내서 봉사합시다♥♥」",
Daiya DLC2,Korean_Steam,Daiya.Debauchery1-81,168,,,SHEET_MISSING_IN_MAIN,SHEET_MISSING_IN_LOCAL,,"「오옷 오옷♥! 호옷 오옷♥, 호옷 오옷♥!」",
Daiya DLC2,Korean_Steam,Daiya.Debauchery1-82,170,,,SHEET_MISSING_IN_MAIN,SHEET_MISSING_IN_LOCAL,,즈봇! 즈봇! 즈봇!,
Daiya DLC2,Korean_Steam,Daiya.Debauchery1-83,172,,,SHEET_MISSING_IN_MAIN,SHEET_MISSING_IN_LOCAL,,"「부힛♥, 저는 암퇘지 허접이지만아앗♥♥ 주인님께는♥, 모든 힘을 사용해서 봉사하겠습니다앗♥!!」",
Daiya DLC2,Korean_Steam,Daiya.Debauchery1-84,174,,,SHEET_MISSING_IN_MAIN,SHEET_MISSING_IN_LOCAL,,「오옷 오오옷♥! 오옷 오옷♥! 오옷 옷♥!」,
Daiya DLC2,Korean_Steam,Daiya.Debauchery1-85,176,,,SHEET_MISSING_IN_MAIN,SHEET_MISSING_IN_LOCAL,,도쿤!!,
Daiya DLC2,Korean_Steam,Daiya.Debauchery1-86,178,,,SHEET_MISSING_IN_MAIN,SHEET_MISSING_IN_LOCAL,,「오옷 옷♥! 지금♥ 조금 나왔어요♥ 주인님의 옷♥♥ 정액」,
Daiya DLC2,Korean_Steam,Daiya.Debauchery1-87,180,,,SHEET_MISSING_IN_MAIN,SHEET_MISSING_IN_LOCAL,,「싸주세요♥♥ 주인님의 정액♥ 부히이잇♥!」,
Daiya DLC2,Korean_Steam,Daiya.Debauchery1-88,182,,,SHEET_MISSING_IN_MAIN,SHEET_MISSING_IN_LOCAL,,도크도크도크! 뷰르르르릇르르르르릇!!!,
Daiya DLC2,Korean_Steam,Daiya.Debauchery1-89,184,,,SHEET_MISSING_IN_MAIN,SHEET_MISSING_IN_LOCAL,,"「호옷 오옷♥, 오옷 오오옷~~~!♥♥!」",
Daiya DLC2,Korean_Steam,Daiya.Debauchery1-90,186,,,SHEET_MISSING_IN_MAIN,SHEET_MISSING_IN_LOCAL,,"「부히이잇~~읏♥♥ 정액♥, 나오고 있어요♥♥!!」",
Daiya DLC2,Korean_Steam,Daiya.Debauchery1-91,188,,,SHEET_MISSING_IN_MAIN,SHEET_MISSING_IN_LOCAL,,"「아하핫♥, 암퇘지 2호쨩의 단련된 배가 풍선 같아요♥♥」",
Daiya DLC2,Korean_Steam,Daiya.Debauchery1-92,190,,,SHEET_MISSING_IN_MAIN,SHEET_MISSING_IN_LOCAL,,「오옷 오옷♥! 오옷 오옷♥! 이크윽♥ 부히이잇♥♥!!」,
Daiya DLC2,Korean_Steam,Daiya.Debauchery1-93,192,,,SHEET_MISSING_IN_MAIN,SHEET_MISSING_IN_LOCAL,,도밧!! 뷰르르르릇르릇!,
Daiya DLC2,Korean_Steam,Daiya.Debauchery1-94,194,,,SHEET_MISSING_IN_MAIN,SHEET_MISSING_IN_LOCAL,,「호옷 오옷♥!? 정액♥ 너무 많이 나와♥!!」,
Daiya DLC2,Korean_Steam,Daiya.Debauchery1-95,196,,,SHEET_MISSING_IN_MAIN,SHEET_MISSING_IN_LOCAL,,결합부에서 대량의 정액이 폭포처럼 역류한다,
Daiya DLC2,Korean_Steam,Daiya.Debauchery1-96,198,,,SHEET_MISSING_IN_MAIN,SHEET_MISSING_IN_LOCAL,,"「아앗♥, 그렇게 많이……♥ 부럽습니다♥」",
Daiya DLC2,Korean_Steam,Daiya.Debauchery1-97,200,,,SHEET_MISSING_IN_MAIN,SHEET_MISSING_IN_LOCAL,,「오옷 오옷♥! 오옷 옷~~~♥!」,
Daiya DLC2,Korean_Steam,Daiya.Debauchery1-98,202,,,SHEET_MISSING_IN_MAIN,SHEET_MISSING_IN_LOCAL,,"「가버렸어요♥! 가버렷!♥, 주인님앗♥!」",
Daiya DLC2,Korean_Steam,Daiya.Debauchery1-99,204,,,SHEET_MISSING_IN_MAIN,SHEET_MISSING_IN_LOCAL,,「호옷 오옷♥…! 부히이잇!」,
Daiya DLC2,Korean_Steam,Daiya.Debauchery1-100,206,,,SHEET_MISSING_IN_MAIN,SHEET_MISSING_IN_LOCAL,,"「후훗♥, 장해요……♥ 부힛♥, 저도… 참을 수 없어요♥」",
Daiya DLC2,Korean_Steam,Daiya.Debauchery1-101,208,,,SHEET_MISSING_IN_MAIN,SHEET_MISSING_IN_LOCAL,,「호옷 오옷~~♥ 오옷 옷♥」,
Daiya DLC2,Korean_Steam,Daiya.Debauchery1-102,210,,,SHEET_MISSING_IN_MAIN,SHEET_MISSING_IN_LOCAL,,"「후훗♥…… 자, 암퇘지 2호쨩♥ 봉사는 이제 막 시작되었어요…♥」",
Daiya DLC2,Korean_Steam,Daiya.Debauchery1-103,212,,,SHEET_MISSING_IN_MAIN,SHEET_MISSING_IN_LOCAL,,「주인님이 만족하실 때까지는 아직 10번은 사정시켜야 하니까요…♥」,
Daiya DLC2,Korean_Steam,Daiya.Debauchery1-104,214,,,SHEET_MISSING_IN_MAIN,SHEET_MISSING_IN_LOCAL,,「자앗…♥ 그러기 위해 당신에게는 성핵전희의 힘이 남아 있으니까요…♥ 둘이서 만족시킬 때까지 힘내도록 해요♥」,
Daiya DLC2,Korean_Steam,Daiya.Debauchery1-105,216,,,SHEET_MISSING_IN_MAIN,SHEET_MISSING_IN_LOCAL,,"「부힛♥, 부히이잇♥!」",
Daiya DLC2,Korean_Steam,Daiya.Debauchery1-106,218,,,SHEET_MISSING_IN_MAIN,SHEET_MISSING_IN_LOCAL,,「암퇘지 2호♥♥… 주인님의 펫으로서 힘내겠습니다앗♥!!」,
Daiya DLC2,Korean_Steam,Daiya.Debauchery1-107,220,,,SHEET_MISSING_IN_MAIN,SHEET_MISSING_IN_LOCAL,,――――――――,
Daiya DLC2,Korean_Steam,Daiya.Debauchery1-108,222,,,SHEET_MISSING_IN_MAIN,SHEET_MISSING_IN_LOCAL,,――――,
Daiya DLC2,Korean_Steam,Daiya.Debauchery1-109,224,,,SHEET_MISSING_IN_MAIN,SHEET_MISSING_IN_LOCAL,,ー,
Daiya DLC2,Korean_Steam,Daiya Debauchery Scene 2,227,,,SHEET_MISSING_IN_MAIN,SHEET_MISSING_IN_LOCAL,,음란화 이벤트 2,
Daiya DLC2,Korean_Steam,Daiya.Debauchery2-1,229,,,SHEET_MISSING_IN_MAIN,SHEET_MISSING_IN_LOCAL,,재단 아지트 - 괴인의 침실에서,
Daiya DLC2,Korean_Steam,Daiya.Debauchery2-2,231,,,SHEET_MISSING_IN_MAIN,SHEET_MISSING_IN_LOCAL,,"츄릅♥♥, 쥬르릇♥, 레로옷♥",
Daiya DLC2,Korean_Steam,Daiya.Debauchery2-3,233,,,SHEET_MISSING_IN_MAIN,SHEET_MISSING_IN_LOCAL,,「하앗♥ 주인님의 자지♥ 아앗♥」,
Daiya DLC2,Korean_Steam,Daiya.Debauchery2-4,235,,,SHEET_MISSING_IN_MAIN,SHEET_MISSING_IN_LOCAL,,「레롯♥ 하앗♥ 하앗♥」,
Daiya DLC2,Korean_Steam,Daiya.Debauchery2-5,237,,,SHEET_MISSING_IN_MAIN,SHEET_MISSING_IN_LOCAL,,"「하앗♥, 어떻습니까… 이 하급 전투원 슈트♥♥」",
Daiya DLC2,Korean_Steam,Daiya.Debauchery2-6,239,,,SHEET_MISSING_IN_MAIN,SHEET_MISSING_IN_LOCAL,,"「하앗♥, 하앗♥, 이 슈트… 피부에 딱 달라붙어요……♥」",
Daiya DLC2,Korean_Steam,Daiya.Debauchery2-7,241,,,SHEET_MISSING_IN_MAIN,SHEET_MISSING_IN_LOCAL,,「크흐흣… 오늘의 코스프레는 하급 전투원인가」,
Daiya DLC2,Korean_Steam,Daiya.Debauchery2-8,243,,,SHEET_MISSING_IN_MAIN,SHEET_MISSING_IN_LOCAL,,"「후훗♥, 네엣♥ 주인님 앞에서는 저희 따위 먼지니까요…♥」",
Daiya DLC2,Korean_Steam,Daiya.Debauchery2-9,245,,,SHEET_MISSING_IN_MAIN,SHEET_MISSING_IN_LOCAL,,「최하급 전투원의 전투복이야말로 저희의 정장입니다…♥」,
Daiya DLC2,Korean_Steam,Daiya.Debauchery2-10,247,,,SHEET_MISSING_IN_MAIN,SHEET_MISSING_IN_LOCAL,,「네엣♥… 저희에게 주인님은 최상이시니까요♥… 저희는 최하급입니다♥♥」,
Daiya DLC2,Korean_Steam,Daiya.Debauchery2-11,249,,,SHEET_MISSING_IN_MAIN,SHEET_MISSING_IN_LOCAL,,즈릇♥! 즈릿♥♥ 즈릿♥♥,
Daiya DLC2,Korean_Steam,Daiya.Debauchery2-12,251,,,SHEET_MISSING_IN_MAIN,SHEET_MISSING_IN_LOCAL,,"「하앗♥, 하앗♥, 뭐였죠… 저 하급 전투원들의 꼴사나운 울음소리…♥」",
Daiya DLC2,Korean_Steam,Daiya.Debauchery2-13,253,,,SHEET_MISSING_IN_MAIN,SHEET_MISSING_IN_LOCAL,,"「아아, 키잇? 같은 느낌이었죠…♥ 저 키잇키잇하고 우스꽝스럽고 꼴사나운 목소리…♥」",
Daiya DLC2,Korean_Steam,Daiya.Debauchery2-14,255,,,SHEET_MISSING_IN_MAIN,SHEET_MISSING_IN_LOCAL,,「하지만… 그 꼴사나움을 주인님께 드러내야 비로소 하급 전투원입니다♥」,
Daiya DLC2,Korean_Steam,Daiya.Debauchery2-15,257,,,SHEET_MISSING_IN_MAIN,SHEET_MISSING_IN_LOCAL,,"「하앗♥, 키이ーーーーー잇♥!! 아앗♥ 자, 다이아도♥」",
Daiya DLC2,Korean_Steam,Daiya.Debauchery2-16,259,,,SHEET_MISSING_IN_MAIN,SHEET_MISSING_IN_LOCAL,,"「키, 키이ーーー잇!! 이걸로 괜찮을까요…?」",
Daiya DLC2,Korean_Steam,Daiya.Debauchery2-17,261,,,SHEET_MISSING_IN_MAIN,SHEET_MISSING_IN_LOCAL,,「후훗♥ 좋은 느낌입니다. …그리고 하급 전투원에게 이름 따위 사치스러운 것은 필요 없죠♥」,
Daiya DLC2,Korean_Steam,Daiya.Debauchery2-18,263,,,SHEET_MISSING_IN_MAIN,SHEET_MISSING_IN_LOCAL,,「뭐 적당히 저는 하급 전투원 01호면 되겠죠. 당신은 02호입니다♥」,
Daiya DLC2,Korean_Steam,Daiya.Debauchery2-19,265,,,SHEET_MISSING_IN_MAIN,SHEET_MISSING_IN_LOCAL,,「키이ーーーー잇!! 하급 전투원 02호♥♥ 주인님께 파이즈리 봉사하겠습니다♥♥」,
Daiya DLC2,Korean_Steam,Daiya.Debauchery2-20,267,,,SHEET_MISSING_IN_MAIN,SHEET_MISSING_IN_LOCAL,,「키이ーーーー잇!! 하급 전투원 01호도♥♥ 봉사하겠습니다♥♥」,
Daiya DLC2,Korean_Steam,Daiya.Debauchery2-21,271,,,SHEET_MISSING_IN_MAIN,SHEET_MISSING_IN_LOCAL,,"「하앗♥, 하앗♥, 하앗♥ 키이ーーーーー잇♥!!」",
Daiya DLC2,Korean_Steam,Daiya.Debauchery2-22,273,,,SHEET_MISSING_IN_MAIN,SHEET_MISSING_IN_LOCAL,,"「아하핫♥, 하급 전투원 02호쨩은 참을 수 없는 모양이군요♥♥」",
Daiya DLC2,Korean_Steam,Daiya.Debauchery2-23,275,,,SHEET_MISSING_IN_MAIN,SHEET_MISSING_IN_LOCAL,,"「키이ーーー잇!!♥, 네엣♥ 주인님♥♥ 02호에게♥♥, 삽입 허가를♥♥」",
Daiya DLC2,Korean_Steam,Daiya.Debauchery2-24,277,,,SHEET_MISSING_IN_MAIN,SHEET_MISSING_IN_LOCAL,,"「크흐흣, 좋다, 02호. 봉사를 허락한다!」",
Daiya DLC2,Korean_Steam,Daiya.Debauchery2-25,279,,,SHEET_MISSING_IN_MAIN,SHEET_MISSING_IN_LOCAL,,「키이ーーーー잇!! 감사합니다♥♥!」,
Daiya DLC2,Korean_Steam,Daiya.Debauchery2-26,281,,,SHEET_MISSING_IN_MAIN,SHEET_MISSING_IN_LOCAL,,「하급 전투원 02호. 주인님의 자지 박겠습니다♥!!」,
Daiya DLC2,Korean_Steam,Daiya.Debauchery2-27,283,,,SHEET_MISSING_IN_MAIN,SHEET_MISSING_IN_LOCAL,,즈읍우우우웃!!,
Daiya DLC2,Korean_Steam,Daiya.Debauchery2-28,285,,,SHEET_MISSING_IN_MAIN,SHEET_MISSING_IN_LOCAL,,"「오옷 홋♥! 키, 키이ーーー잇!! 삽입 완료했습니다♥!」",
Daiya DLC2,Korean_Steam,Daiya.Debauchery2-29,287,,,SHEET_MISSING_IN_MAIN,SHEET_MISSING_IN_LOCAL,,"「이제부터♥, 하급 전투원 02호, 자지 흔들기 스쿼트 개시하겠습니다♥♥!」",
Daiya DLC2,Korean_Steam,Daiya.Debauchery2-30,289,,,SHEET_MISSING_IN_MAIN,SHEET_MISSING_IN_LOCAL,,"「아하핫♥, 02호쨩, 역할에 너무 몰입했어요♥♥!」",
Daiya DLC2,Korean_Steam,Daiya.Debauchery2-31,291,,,SHEET_MISSING_IN_MAIN,SHEET_MISSING_IN_LOCAL,,"「하앗♥, 하앗♥, 키이ーーーーーー잇!!」",
Daiya DLC2,Korean_Steam,Daiya.Debauchery2-32,293,,,SHEET_MISSING_IN_MAIN,SHEET_MISSING_IN_LOCAL,,헤콧! 헤콧! 헤콧!!,
Daiya DLC2,Korean_Steam,Daiya.Debauchery2-33,295,,,SHEET_MISSING_IN_MAIN,SHEET_MISSING_IN_LOCAL,,"「호옷 오옷♥, 호옷 오옷♥, 킷, 키이ーーーー잇!!」",
Daiya DLC2,Korean_Steam,Daiya.Debauchery2-34,297,,,SHEET_MISSING_IN_MAIN,SHEET_MISSING_IN_LOCAL,,"「아하핫♥, 정말 꼴사납고 바보 같아요♥♥ 그야말로 하급 전투원이라는 느낌이네요!」",
Daiya DLC2,Korean_Steam,Daiya.Debauchery2-35,299,,,SHEET_MISSING_IN_MAIN,SHEET_MISSING_IN_LOCAL,,"「오옷 오옷♥! 하급 전투원 01호 님♥♥, 감사합니다♥♥!」",
Daiya DLC2,Korean_Steam,Daiya.Debauchery2-36,301,,,SHEET_MISSING_IN_MAIN,SHEET_MISSING_IN_LOCAL,,「키이ーーーー잇!! 힘내서♥♥ 봉사하겠습니다♥!!」,
Daiya DLC2,Korean_Steam,Daiya.Debauchery2-37,303,,,SHEET_MISSING_IN_MAIN,SHEET_MISSING_IN_LOCAL,,「아아 그러고 보니……! 이걸 잊고 있었네요♥」,
Daiya DLC2,Korean_Steam,Daiya.Debauchery2-38,307,,,SHEET_MISSING_IN_MAIN,SHEET_MISSING_IN_LOCAL,,하급 전투원 01호에 의해 02호에게 가면이 씌워진다,
Daiya DLC2,Korean_Steam,Daiya.Debauchery2-39,309,,,SHEET_MISSING_IN_MAIN,SHEET_MISSING_IN_LOCAL,,「키이ーーーーーー잇!? 이것은♥!」,
Daiya DLC2,Korean_Steam,Daiya.Debauchery2-40,311,,,SHEET_MISSING_IN_MAIN,SHEET_MISSING_IN_LOCAL,,"「후훗♥, 이걸로 서로 완전히 하급 전투원이네요♥」",
Daiya DLC2,Korean_Steam,Daiya.Debauchery2-41,313,,,SHEET_MISSING_IN_MAIN,SHEET_MISSING_IN_LOCAL,,「하급 전투원에게는 개성도 불필요하니까요♥♥… 주인님께 봉사할 뿐인 고기 오나홀이면 되는 겁니다♥♥」,
Daiya DLC2,Korean_Steam,Daiya.Debauchery2-42,315,,,SHEET_MISSING_IN_MAIN,SHEET_MISSING_IN_LOCAL,,「키이ーーーー잇! 하급 전투원 02호! 봉사하겠습니다♥♥!!」,
Daiya DLC2,Korean_Steam,Daiya.Debauchery2-43,317,,,SHEET_MISSING_IN_MAIN,SHEET_MISSING_IN_LOCAL,,「아핫♥! 키이ーーーー잇! 02호쨩… 정말 꼴사납고 멋져요♥」,
Daiya DLC2,Korean_Steam,Daiya.Debauchery2-44,319,,,SHEET_MISSING_IN_MAIN,SHEET_MISSING_IN_LOCAL,,「자… 하급 전투원으로서 상급 괴인 주인님께 봉사를 합시다♥!」,
Daiya DLC2,Korean_Steam,Daiya.Debauchery2-45,321,,,SHEET_MISSING_IN_MAIN,SHEET_MISSING_IN_LOCAL,,"「키이ーーーーー잇! 하급 전투원 02호, 보지로 봉사하겠습니다!」",
Daiya DLC2,Korean_Steam,Daiya.Debauchery2-46,323,,,SHEET_MISSING_IN_MAIN,SHEET_MISSING_IN_LOCAL,,"즈르릇, 팡! 팡! 팡!",
Daiya DLC2,Korean_Steam,Daiya.Debauchery2-47,325,,,SHEET_MISSING_IN_MAIN,SHEET_MISSING_IN_LOCAL,,"「오옷 오옷♥! 키, 키이ーーーー잇♥! 키이ーーー잇!」",
Daiya DLC2,Korean_Steam,Daiya.Debauchery2-48,327,,,SHEET_MISSING_IN_MAIN,SHEET_MISSING_IN_LOCAL,,"「하앗♥, 이제 구별이 안 가네요♥ 저도 봉사하겠습니다♥… 키이ーーーー잇!」",
Daiya DLC2,Korean_Steam,Daiya.Debauchery2-49,329,,,SHEET_MISSING_IN_MAIN,SHEET_MISSING_IN_LOCAL,,「키이ーーー잇! 싸주십시오! 안에 싸기 준비 완료입니다!!」,
Daiya DLC2,Korean_Steam,Daiya.Debauchery2-50,331,,,SHEET_MISSING_IN_MAIN,SHEET_MISSING_IN_LOCAL,,"도쿤!! 도큣, 뷰르르르!!",
Daiya DLC2,Korean_Steam,Daiya.Debauchery2-51,333,,,SHEET_MISSING_IN_MAIN,SHEET_MISSING_IN_LOCAL,,「오옷 오오옷♥! 오옷 옷♥! 키이ーーーーーー잇♥!!!」,
Daiya DLC2,Korean_Steam,Daiya.Debauchery2-52,335,,,SHEET_MISSING_IN_MAIN,SHEET_MISSING_IN_LOCAL,,"「보고합니다♥, 하급 전투원 02호♥ 안에 싸기♥… 완료했습니다♥!!」",
Daiya DLC2,Korean_Steam,Daiya.Debauchery2-53,337,,,SHEET_MISSING_IN_MAIN,SHEET_MISSING_IN_LOCAL,,「키이ーーーーーー잇♥!」,
Daiya DLC2,Korean_Steam,Daiya.Debauchery2-54,339,,,SHEET_MISSING_IN_MAIN,SHEET_MISSING_IN_LOCAL,,"「키이ーーーーー잇♥! 하앗♥, 주인님♥… 다음은♥ 제가♥!」",
Daiya DLC2,Korean_Steam,Daiya.Debauchery2-55,341,,,SHEET_MISSING_IN_MAIN,SHEET_MISSING_IN_LOCAL,,"「크흐흣, 걱정 마라 하급 전투원들아… 원래 이름도 잊을 정도로 귀여워해주마」",
Daiya DLC2,Korean_Steam,Daiya.Debauchery2-56,343,,,SHEET_MISSING_IN_MAIN,SHEET_MISSING_IN_LOCAL,,"「하앗♥, 하앗♥, 키이ーーーーーー잇♥!」",
Daiya DLC2,Korean_Steam,Daiya.Debauchery2-57,345,,,SHEET_MISSING_IN_MAIN,SHEET_MISSING_IN_LOCAL,,"「오옷 옷♥! 키, 키이ーーーーーー잇!」",
Daiya DLC2,Korean_Steam,Daiya.Debauchery2-58,347,,,SHEET_MISSING_IN_MAIN,SHEET_MISSING_IN_LOCAL,,「키이ーーーーーー잇!」,
Daiya DLC2,Korean_Steam,Daiya.Debauchery2-59,349,,,SHEET_MISSING_IN_MAIN,SHEET_MISSING_IN_LOCAL,,「키이ーーーーーー잇!」,
Daiya DLC2,Korean_Steam,Daiya.Debauchery2-60,351,,,SHEET_MISSING_IN_MAIN,SHEET_MISSING_IN_LOCAL,,「키이ーーーーーー잇!」,
Daiya DLC2,Korean_Steam,Daiya.Debauchery2-61,353,,,SHEET_MISSING_IN_MAIN,SHEET_MISSING_IN_LOCAL,,――――――――,
Daiya DLC2,Korean_Steam,Daiya.Debauchery2-62,355,,,SHEET_MISSING_IN_MAIN,SHEET_MISSING_IN_LOCAL,,――――,
Daiya DLC2,Korean_Steam,Daiya.Debauchery2-63,357,,,SHEET_MISSING_IN_MAIN,SHEET_MISSING_IN_LOCAL,,ー,
Kei DLC2,Korean_Steam,Kei Fallen Scene DLC 2,2,,,SHEET_MISSING_IN_MAIN,SHEET_MISSING_IN_LOCAL,,케이 음란화 이벤트,
Kei DLC2,Korean_Steam,Kei.DLC_BrainWash2-1,4,,,SHEET_MISSING_IN_MAIN,SHEET_MISSING_IN_LOCAL,,"어느 날, K22호가 하급 전투원으로서 임무에 힘쓰는 중――――",
Kei DLC2,Korean_Steam,Kei.DLC_BrainWash2-2,6,,,SHEET_MISSING_IN_MAIN,SHEET_MISSING_IN_LOCAL,,「「「「「키이ーーーーーー잇!!!!!」」」」」,
Kei DLC2,Korean_Steam,Kei.DLC_BrainWash2-3,8,,,SHEET_MISSING_IN_MAIN,SHEET_MISSING_IN_LOCAL,,"「키, 키이ーーーーー잇!」",
Kei DLC2,Korean_Steam,Kei.DLC_BrainWash2-4,10,,,SHEET_MISSING_IN_MAIN,SHEET_MISSING_IN_LOCAL,,"(하앗, 하앗……… 젠장… 오늘도 탈출할 만한 틈은 없었나……!)",
Kei DLC2,Korean_Steam,Kei.DLC_BrainWash2-5,12,,,SHEET_MISSING_IN_MAIN,SHEET_MISSING_IN_LOCAL,,(크으윽……! 이 내가……! 언제까지 이런 짓을 계속해야 하는 거야……!!),
Kei DLC2,Korean_Steam,Kei.DLC_BrainWash2-6,14,,,SHEET_MISSING_IN_MAIN,SHEET_MISSING_IN_LOCAL,,(두고 봐라……! 이 정도 조직… 내 손에 걸리면 순식간에 붕괴시켜주마…!),
Kei DLC2,Korean_Steam,Kei.DLC_BrainWash2-7,16,,,SHEET_MISSING_IN_MAIN,SHEET_MISSING_IN_LOCAL,,그때――――,
Kei DLC2,Korean_Steam,Kei.DLC_BrainWash2-8,18,,,SHEET_MISSING_IN_MAIN,SHEET_MISSING_IN_LOCAL,,"「오, 여기 있네, 어이 K22호!」",
Kei DLC2,Korean_Steam,Kei.DLC_BrainWash2-9,20,,,SHEET_MISSING_IN_MAIN,SHEET_MISSING_IN_LOCAL,,"「!, 키이ーーーーーー잇!!」",
Kei DLC2,Korean_Steam,Kei.DLC_BrainWash2-10,22,,,SHEET_MISSING_IN_MAIN,SHEET_MISSING_IN_LOCAL,,"「하핫, 이 녀석은 소처럼 큰 젖 하고 있으니 바로 알겠네.」",
Kei DLC2,Korean_Steam,Kei.DLC_BrainWash2-11,24,,,SHEET_MISSING_IN_MAIN,SHEET_MISSING_IN_LOCAL,,"「아-, 너에게 새로운 임무다. 네가 간부였을 때 하던 방송을 해라.」",
Kei DLC2,Korean_Steam,Kei.DLC_BrainWash2-12,26,,,SHEET_MISSING_IN_MAIN,SHEET_MISSING_IN_LOCAL,,"「키, 키이ーーーー잇!! 알겠습니다!」",
Kei DLC2,Korean_Steam,Kei.DLC_BrainWash2-13,28,,,SHEET_MISSING_IN_MAIN,SHEET_MISSING_IN_LOCAL,,(윽! 방송이라고……!?),
Kei DLC2,Korean_Steam,Kei.DLC_BrainWash2-14,30,,,SHEET_MISSING_IN_MAIN,SHEET_MISSING_IN_LOCAL,,"「잘 됐네, 또 간부 같은 일 할 수 있잖아?」",
Kei DLC2,Korean_Steam,Kei.DLC_BrainWash2-15,32,,,SHEET_MISSING_IN_MAIN,SHEET_MISSING_IN_LOCAL,,(장난 아니야…! 이런 꼴사납고 바보 같은 젖을 드러내라는 건가…!?),
Kei DLC2,Korean_Steam,Kei.DLC_BrainWash2-16,34,,,SHEET_MISSING_IN_MAIN,SHEET_MISSING_IN_LOCAL,,"「키, 키이ーーー잇!! 기대를 저버리지 않도록 전력으로 임무를 수행하겠습니다!」",
Kei DLC2,Korean_Steam,Kei.DLC_BrainWash2-17,38,,,SHEET_MISSING_IN_MAIN,SHEET_MISSING_IN_LOCAL,,"「아, 아~ 오랜만이군 제군………! 내가 없는 동안 외롭지 않았을까…?」",
Kei DLC2,Korean_Steam,Kei.DLC_BrainWash2-18,40,,,SHEET_MISSING_IN_MAIN,SHEET_MISSING_IN_LOCAL,,"쿠츗, 쿠츗, 쿠츗",
Kei DLC2,Korean_Steam,Kei.DLC_BrainWash2-19,42,,,SHEET_MISSING_IN_MAIN,SHEET_MISSING_IN_LOCAL,,"「히앗!?, 자, 자초지종이 있어서 방송을 못 했는데…… 그, 그건……」",
Kei DLC2,Korean_Steam,Kei.DLC_BrainWash2-20,44,,,SHEET_MISSING_IN_MAIN,SHEET_MISSING_IN_LOCAL,,"「똑바로 말해, 제대로 무슨 일이 있었는지 설명해라.」",
Kei DLC2,Korean_Steam,Kei.DLC_BrainWash2-21,46,,,SHEET_MISSING_IN_MAIN,SHEET_MISSING_IN_LOCAL,,"「키, 키이ーーー잇!! 죄송합니다!」",
Kei DLC2,Korean_Steam,Kei.DLC_BrainWash2-22,48,,,SHEET_MISSING_IN_MAIN,SHEET_MISSING_IN_LOCAL,,"「나, 나… 전 폴른 재단 간부 네코미야 케이는…… 그………」",
Kei DLC2,Korean_Steam,Kei.DLC_BrainWash2-23,50,,,SHEET_MISSING_IN_MAIN,SHEET_MISSING_IN_LOCAL,,「조직에 대한 배신 행위로 12계급 강등…… 현재는 최하급 허접 전투원으로서 재단에 소속되어 있다!」,
Kei DLC2,Korean_Steam,Kei.DLC_BrainWash2-24,52,,,SHEET_MISSING_IN_MAIN,SHEET_MISSING_IN_LOCAL,,"「그, 그런 이유로… 현재 남성 전투원님에게 몸을 농락당하고 있는 몸이다만… 나에게 거부권은 없으므로 이렇게 당하는 대로라는 거지…윽♥」",
Kei DLC2,Korean_Steam,Kei.DLC_BrainWash2-25,54,,,SHEET_MISSING_IN_MAIN,SHEET_MISSING_IN_LOCAL,,「그런 이유군… 자! 가랏!」,
Kei DLC2,Korean_Steam,Kei.DLC_BrainWash2-26,56,,,SHEET_MISSING_IN_MAIN,SHEET_MISSING_IN_LOCAL,,구츗! 구츗구츗!!,
Kei DLC2,Korean_Steam,Kei.DLC_BrainWash2-27,58,,,SHEET_MISSING_IN_MAIN,SHEET_MISSING_IN_LOCAL,,「호오옷 오오옷♥ 오옷 오~~~~~~읏♥!?」,
Kei DLC2,Korean_Steam,Kei.DLC_BrainWash2-28,60,,,SHEET_MISSING_IN_MAIN,SHEET_MISSING_IN_LOCAL,,푸슛! 푸슛!!,
Kei DLC2,Korean_Steam,Kei.DLC_BrainWash2-29,62,,,SHEET_MISSING_IN_MAIN,SHEET_MISSING_IN_LOCAL,,「오옷 오오옷♥ 남성 전투원님의 굵은 손가락이 내 보지를… 오옷 오옷♥♥!」,
Kei DLC2,Korean_Steam,Kei.DLC_BrainWash2-30,64,,,SHEET_MISSING_IN_MAIN,SHEET_MISSING_IN_LOCAL,,구츗! 구츗구츗!!,
Kei DLC2,Korean_Steam,Kei.DLC_BrainWash2-31,66,,,SHEET_MISSING_IN_MAIN,SHEET_MISSING_IN_LOCAL,,"「보, 보는 대로다! 나는 이제 최하급 허접 전투원이라는 것을 알았겠지…!」",
Kei DLC2,Korean_Steam,Kei.DLC_BrainWash2-32,68,,,SHEET_MISSING_IN_MAIN,SHEET_MISSING_IN_LOCAL,,"「코멘트…… 그 젖소 같은 가슴은 무엇입니까…… 아, 아아 이건 벌로서 개조되어서 말이야……」",
Kei DLC2,Korean_Steam,Kei.DLC_BrainWash2-33,70,,,SHEET_MISSING_IN_MAIN,SHEET_MISSING_IN_LOCAL,,"「그런 가슴 하고 싸울 수 있습니까…… 괘, 괜한 참견 마라!!」",
Kei DLC2,Korean_Steam,Kei.DLC_BrainWash2-34,72,,,SHEET_MISSING_IN_MAIN,SHEET_MISSING_IN_LOCAL,,"「좋아, 보지도 젖었네… 이제부터 박아줄 테니 다리 벌리고 준비해라.」",
Kei DLC2,Korean_Steam,Kei.DLC_BrainWash2-35,74,,,SHEET_MISSING_IN_MAIN,SHEET_MISSING_IN_LOCAL,,그렇게 말하며 남성 전투원은 자지를 K22호의 허벅지에 꽂는다,
Kei DLC2,Korean_Steam,Kei.DLC_BrainWash2-36,76,,,SHEET_MISSING_IN_MAIN,SHEET_MISSING_IN_LOCAL,,"「키, 키이ーーーーーー잇!!」",
Kei DLC2,Korean_Steam,Kei.DLC_BrainWash2-37,78,,,SHEET_MISSING_IN_MAIN,SHEET_MISSING_IN_LOCAL,,"「K22호 허접 보지, 전투원님 덕분에 준비 완료입니다! 언제든지 삽입해주세요!」",
Kei DLC2,Korean_Steam,Kei.DLC_BrainWash2-38,80,,,SHEET_MISSING_IN_MAIN,SHEET_MISSING_IN_LOCAL,,"(크으으으으으윽~~~!!! 전투원에게 아양 떨고, 이, 이런 한심한 짓을!!)",
Kei DLC2,Korean_Steam,Kei.DLC_BrainWash2-39,82,,,SHEET_MISSING_IN_MAIN,SHEET_MISSING_IN_LOCAL,,"(으윽, 하지만 목걸이를 차고 있는 이상 어떻게 해도 거역할 수 없고…… 젠장……!)",
Kei DLC2,Korean_Steam,Kei.DLC_BrainWash2-40,84,,,SHEET_MISSING_IN_MAIN,SHEET_MISSING_IN_LOCAL,,"「키이ーーーー잇!! K22호, 지금부터 남성 전투원님께 박히겠습니다!!」",
Kei DLC2,Korean_Steam,Kei.DLC_BrainWash2-41,86,,,SHEET_MISSING_IN_MAIN,SHEET_MISSING_IN_LOCAL,,(지금은 견딜 수밖에 없어…… 아무리 꼴사나운 모습을 보여도……!),
Kei DLC2,Korean_Steam,Kei.DLC_BrainWash2-42,88,,,SHEET_MISSING_IN_MAIN,SHEET_MISSING_IN_LOCAL,,"「그, 그런 이유로…… 내가 박히는 모습, 똑똑히 보도록 해라……!」",
Kei DLC2,Korean_Steam,Kei.DLC_BrainWash2-43,90,,,SHEET_MISSING_IN_MAIN,SHEET_MISSING_IN_LOCAL,,「간다… 자!!」,
Kei DLC2,Korean_Steam,Kei.DLC_BrainWash2-44,92,,,SHEET_MISSING_IN_MAIN,SHEET_MISSING_IN_LOCAL,,즈읍우우우웃!!!,
Kei DLC2,Korean_Steam,Kei.DLC_BrainWash2-45,94,,,SHEET_MISSING_IN_MAIN,SHEET_MISSING_IN_LOCAL,,「히익기잇♥!? 오옷 오오오오오옷♥!?」,
Kei DLC2,Korean_Steam,Kei.DLC_BrainWash2-46,96,,,SHEET_MISSING_IN_MAIN,SHEET_MISSING_IN_LOCAL,,"「하핫, 여전히 오나홀 몸이네! 한 방에 안쪽까지 쑥 들어가.」",
Kei DLC2,Korean_Steam,Kei.DLC_BrainWash2-47,98,,,SHEET_MISSING_IN_MAIN,SHEET_MISSING_IN_LOCAL,,"「카흣, 오옷 …윽♥ 오옷 오오옷♥!」",
Kei DLC2,Korean_Steam,Kei.DLC_BrainWash2-48,100,,,SHEET_MISSING_IN_MAIN,SHEET_MISSING_IN_LOCAL,,"(위, 위험해…윽♥ 개조당한 탓에♥ 이런 허접 전투원 자지로도 쉽게 절정해버렷♥!?)",
Kei DLC2,Korean_Steam,Kei.DLC_BrainWash2-49,102,,,SHEET_MISSING_IN_MAIN,SHEET_MISSING_IN_LOCAL,,"K22호는 간단히 들어 올려져, 온몸으로 전투원 자지에 봉사하게 된다",
Kei DLC2,Korean_Steam,Kei.DLC_BrainWash2-50,104,,,SHEET_MISSING_IN_MAIN,SHEET_MISSING_IN_LOCAL,,즈봇! 즈봇! 즈봇! 즈봇!,
Kei DLC2,Korean_Steam,Kei.DLC_BrainWash2-51,106,,,SHEET_MISSING_IN_MAIN,SHEET_MISSING_IN_LOCAL,,「오옷 오옷♥! 헤엣♥!? 오옷 오옷♥!」,
Kei DLC2,Korean_Steam,Kei.DLC_BrainWash2-52,108,,,SHEET_MISSING_IN_MAIN,SHEET_MISSING_IN_LOCAL,,"「카흣, 오옷 오옷♥! 자지♥, 오옷 옷♥!」",
Kei DLC2,Korean_Steam,Kei.DLC_BrainWash2-53,110,,,SHEET_MISSING_IN_MAIN,SHEET_MISSING_IN_LOCAL,,"「자!, 쉽게 가지 말고 제대로 보지 조여서 자지에 아양 떨어!」",
Kei DLC2,Korean_Steam,Kei.DLC_BrainWash2-54,112,,,SHEET_MISSING_IN_MAIN,SHEET_MISSING_IN_LOCAL,,즈봇! 즈봇! 즈봇! 즈봇!,
Kei DLC2,Korean_Steam,Kei.DLC_BrainWash2-55,114,,,SHEET_MISSING_IN_MAIN,SHEET_MISSING_IN_LOCAL,,「오옷 헷♥! 오옷 옷♥! 오옷 옷♥!」,
Kei DLC2,Korean_Steam,Kei.DLC_BrainWash2-56,116,,,SHEET_MISSING_IN_MAIN,SHEET_MISSING_IN_LOCAL,,"(으앗…♥ 젠장♥!, 이런 허접 전투원 한 마리에게! 이 내가!)",
Kei DLC2,Korean_Steam,Kei.DLC_BrainWash2-57,118,,,SHEET_MISSING_IN_MAIN,SHEET_MISSING_IN_LOCAL,,「오옷 오옷♥! 아힛♥!? 오옷 옷♥!」,
Kei DLC2,Korean_Steam,Kei.DLC_BrainWash2-58,120,,,SHEET_MISSING_IN_MAIN,SHEET_MISSING_IN_LOCAL,,"(젠장! 자지로 찔릴 때마다♥, 머리가♥, 바보가 돼서♥, 가버렷♥!)",
Kei DLC2,Korean_Steam,Kei.DLC_BrainWash2-59,122,,,SHEET_MISSING_IN_MAIN,SHEET_MISSING_IN_LOCAL,,푸싯! 푸슈우웃!,
Kei DLC2,Korean_Steam,Kei.DLC_BrainWash2-60,124,,,SHEET_MISSING_IN_MAIN,SHEET_MISSING_IN_LOCAL,,"(크윽! 내 몸, 멋대로 분수 싸지 마앗♥!)",
Kei DLC2,Korean_Steam,Kei.DLC_BrainWash2-61,126,,,SHEET_MISSING_IN_MAIN,SHEET_MISSING_IN_LOCAL,,즈봇! 즈봇! 즈봇! 즈봇!,
Kei DLC2,Korean_Steam,Kei.DLC_BrainWash2-62,128,,,SHEET_MISSING_IN_MAIN,SHEET_MISSING_IN_LOCAL,,"「어이 K22호, 절정했으면 제대로 상관에게 보고해라!」",
Kei DLC2,Korean_Steam,Kei.DLC_BrainWash2-63,130,,,SHEET_MISSING_IN_MAIN,SHEET_MISSING_IN_LOCAL,,"「키, 키잇! 지금 분수로 절정했습니다♥!」",
Kei DLC2,Korean_Steam,Kei.DLC_BrainWash2-64,132,,,SHEET_MISSING_IN_MAIN,SHEET_MISSING_IN_LOCAL,,「현재도! 자궁 찔릴 때마다 계속해서 절정하고 있습니다♥!!」,
Kei DLC2,Korean_Steam,Kei.DLC_BrainWash2-65,134,,,SHEET_MISSING_IN_MAIN,SHEET_MISSING_IN_LOCAL,,"「잘 말했다 K22호! 포상이다, 가장 깊은 곳에 정액 흘려 넣어주마!」",
Kei DLC2,Korean_Steam,Kei.DLC_BrainWash2-66,136,,,SHEET_MISSING_IN_MAIN,SHEET_MISSING_IN_LOCAL,,"「헤엣?! 네엣, K22호, 보지, 준비 완료입니다♥! 사정 잘 부탁드립니다♥!」",
Kei DLC2,Korean_Steam,Kei.DLC_BrainWash2-67,138,,,SHEET_MISSING_IN_MAIN,SHEET_MISSING_IN_LOCAL,,그리고 K22호 안에서 전투원의 자지가 맥동을 격렬하게 한 다음 순간,
Kei DLC2,Korean_Steam,Kei.DLC_BrainWash2-68,140,,,SHEET_MISSING_IN_MAIN,SHEET_MISSING_IN_LOCAL,,도큣! 도쿤!!,
Kei DLC2,Korean_Steam,Kei.DLC_BrainWash2-69,142,,,SHEET_MISSING_IN_MAIN,SHEET_MISSING_IN_LOCAL,,"「오옷 옷♥! 사정잇♥, 부탁드립니다앗♥!!」",
Kei DLC2,Korean_Steam,Kei.DLC_BrainWash2-70,144,,,SHEET_MISSING_IN_MAIN,SHEET_MISSING_IN_LOCAL,,뷰르르르릇! 도큣! 도큣!,
Kei DLC2,Korean_Steam,Kei.DLC_BrainWash2-71,146,,,SHEET_MISSING_IN_MAIN,SHEET_MISSING_IN_LOCAL,,"「히규우우우웃! 호옷 오옷!? 타, 방금, 정액♥! 자궁에 안에 싸지고 있는 것을 확인했습니다앗♥!」",
Kei DLC2,Korean_Steam,Kei.DLC_BrainWash2-72,148,,,SHEET_MISSING_IN_MAIN,SHEET_MISSING_IN_LOCAL,,"「오옷 옷♥, 오옷 옷♥!!, 현재 자궁이♥, 전투원님의 정액으로 채워져♥!! 계속 절정하고 있는 상태입니다앗♥!!」",
Kei DLC2,Korean_Steam,Kei.DLC_BrainWash2-73,150,,,SHEET_MISSING_IN_MAIN,SHEET_MISSING_IN_LOCAL,,「호오옷 오옷♥! 오옷 옷♥! 오옷 옷♥!」,
Kei DLC2,Korean_Steam,Kei.DLC_BrainWash2-74,152,,,SHEET_MISSING_IN_MAIN,SHEET_MISSING_IN_LOCAL,,"비큿, 비큿…!",
Kei DLC2,Korean_Steam,Kei.DLC_BrainWash2-75,154,,,SHEET_MISSING_IN_MAIN,SHEET_MISSING_IN_LOCAL,,"「오옷 옷, 가, 가서 지쳤으니 조금 휴식을…!」",
Kei DLC2,Korean_Steam,Kei.DLC_BrainWash2-76,156,,,SHEET_MISSING_IN_MAIN,SHEET_MISSING_IN_LOCAL,,"「아? 무슨 소리야, 아직 방송 중이잖아.」",
Kei DLC2,Korean_Steam,Kei.DLC_BrainWash2-77,158,,,SHEET_MISSING_IN_MAIN,SHEET_MISSING_IN_LOCAL,,"「이 녀석, 간부 시절 잘난 척하며 실컷 우리를 부려먹었으니까… 이번엔 우리가 듬뿍 귀여워줘야지.」",
Kei DLC2,Korean_Steam,Kei.DLC_BrainWash2-78,160,,,SHEET_MISSING_IN_MAIN,SHEET_MISSING_IN_LOCAL,,"(하앗, 하앗……, 전투원 놈들이 이렇게나… 젠장, 개조당하지만 않았더라면……!)",
Kei DLC2,Korean_Steam,Kei.DLC_BrainWash2-79,162,,,SHEET_MISSING_IN_MAIN,SHEET_MISSING_IN_LOCAL,,(크윽… 하지만…… 이 상황에서 도망치는 건 아무리 나라도 불가능…윽……),
Kei DLC2,Korean_Steam,Kei.DLC_BrainWash2-80,164,,,SHEET_MISSING_IN_MAIN,SHEET_MISSING_IN_LOCAL,,"(제, 젠장! 빨리 이놈들을 가게 하고 끝내는 수밖에 없어!)",
Kei DLC2,Korean_Steam,Kei.DLC_BrainWash2-81,166,,,SHEET_MISSING_IN_MAIN,SHEET_MISSING_IN_LOCAL,,"「키, 키이ーーーー잇!! 남성 전투원님! 부디 하급 전투원 K22호를 사용해주십시오!」",
Kei DLC2,Korean_Steam,Kei.DLC_BrainWash2-82,168,,,SHEET_MISSING_IN_MAIN,SHEET_MISSING_IN_LOCAL,,팡! 팡! 팡! 팡!,
Kei DLC2,Korean_Steam,Kei.DLC_BrainWash2-83,170,,,SHEET_MISSING_IN_MAIN,SHEET_MISSING_IN_LOCAL,,"「호옷 오옷♥♥, 오옷 오옷♥ 이크윽♥! 가버렸어요옷♥!」",
Kei DLC2,Korean_Steam,Kei.DLC_BrainWash2-84,172,,,SHEET_MISSING_IN_MAIN,SHEET_MISSING_IN_LOCAL,,"「후우~! 이 녀석 몸만은 최고네! 전 성핵전희이자 간부 님이시니까, 자! 쉬지 마!」",
Kei DLC2,Korean_Steam,Kei.DLC_BrainWash2-85,174,,,SHEET_MISSING_IN_MAIN,SHEET_MISSING_IN_LOCAL,,팡! 팡! 팡! 팡!,
Kei DLC2,Korean_Steam,Kei.DLC_BrainWash2-86,176,,,SHEET_MISSING_IN_MAIN,SHEET_MISSING_IN_LOCAL,,"「오옷 오오옷♥! 오옷 옷♥!, 자, 잠깐♥, 가버렷♥ 가버렸으니까앗♥!」",
Kei DLC2,Korean_Steam,Kei.DLC_BrainWash2-87,178,,,SHEET_MISSING_IN_MAIN,SHEET_MISSING_IN_LOCAL,,팡! 팡! 팡! 팡!,
Kei DLC2,Korean_Steam,Kei.DLC_BrainWash2-88,180,,,SHEET_MISSING_IN_MAIN,SHEET_MISSING_IN_LOCAL,,「오옷 옷♥! 자지♥! 죽어엇♥! 쉽게 가버렷♥」,
Kei DLC2,Korean_Steam,Kei.DLC_BrainWash2-89,182,,,SHEET_MISSING_IN_MAIN,SHEET_MISSING_IN_LOCAL,,"도큣, 뷰르르르! 뷰릇!!",
Kei DLC2,Korean_Steam,Kei.DLC_BrainWash2-90,184,,,SHEET_MISSING_IN_MAIN,SHEET_MISSING_IN_LOCAL,,"「오옷 옷♥오옷 옷♥! 또, 안에 싸기잇♥?!」",
Kei DLC2,Korean_Steam,Kei.DLC_BrainWash2-91,186,,,SHEET_MISSING_IN_MAIN,SHEET_MISSING_IN_LOCAL,,「자! 전투 못 하는 만큼 오나홀로서의 역할은 다해!」,
Kei DLC2,Korean_Steam,Kei.DLC_BrainWash2-92,188,,,SHEET_MISSING_IN_MAIN,SHEET_MISSING_IN_LOCAL,,"「키, 키이ーーー잇! 죄송합니다! 보지 조이겠습니다♥!」",
Kei DLC2,Korean_Steam,Kei.DLC_BrainWash2-93,190,,,SHEET_MISSING_IN_MAIN,SHEET_MISSING_IN_LOCAL,,"(크윽, 제, 젠장♥, 젠장♥! 자지에♥… 이길 수 없어, 거역할 수 없어어어잇♥!!)",
Kei DLC2,Korean_Steam,Kei.DLC_BrainWash2-94,192,,,SHEET_MISSING_IN_MAIN,SHEET_MISSING_IN_LOCAL,,"(으옷♥, 자지로♥, 머릿속♥, 아무 생각도 할 수 없게 돼애♥♥!)",
Kei DLC2,Korean_Steam,Kei.DLC_BrainWash2-95,194,,,SHEET_MISSING_IN_MAIN,SHEET_MISSING_IN_LOCAL,,(~~~~~~~~~~윽♥!!!),
Kei DLC2,Korean_Steam,Kei.DLC_BrainWash2-96,196,,,SHEET_MISSING_IN_MAIN,SHEET_MISSING_IN_LOCAL,,그 후 K22호는 여러 명의 남성 전투원에 의해 아침까지 계속 박히는 것이었다.,
Kei DLC2,Korean_Steam,Kei.DLC_BrainWash2-97,200,,,SHEET_MISSING_IN_MAIN,SHEET_MISSING_IN_LOCAL,,――――수 시간 후,
Kei DLC2,Korean_Steam,Kei.DLC_BrainWash2-98,202,,,SHEET_MISSING_IN_MAIN,SHEET_MISSING_IN_LOCAL,,팡! 팡! 팡! 팡!,
Kei DLC2,Korean_Steam,Kei.DLC_BrainWash2-99,204,,,SHEET_MISSING_IN_MAIN,SHEET_MISSING_IN_LOCAL,,"「오옷 옷………, 오옷 오옷…………♥」",
Kei DLC2,Korean_Steam,Kei.DLC_BrainWash2-100,206,,,SHEET_MISSING_IN_MAIN,SHEET_MISSING_IN_LOCAL,,「후웃…… 벌써 아침이잖아.」,
Kei DLC2,Korean_Steam,Kei.DLC_BrainWash2-101,208,,,SHEET_MISSING_IN_MAIN,SHEET_MISSING_IN_LOCAL,,「전원 3번은 쌌나? 정말 이 녀석은 좋은 오나홀이야.」,
Kei DLC2,Korean_Steam,Kei.DLC_BrainWash2-102,210,,,SHEET_MISSING_IN_MAIN,SHEET_MISSING_IN_LOCAL,,「하핫! 박혀서 개구리처럼 뒤집혔잖아.」,
Kei DLC2,Korean_Steam,Kei.DLC_BrainWash2-103,212,,,SHEET_MISSING_IN_MAIN,SHEET_MISSING_IN_LOCAL,,「게다가 너희들이 너무 싸서 보지에서 정액이 역류하고 있잖아ㅋ 얼마나 안에 싼 거야?」,
Kei DLC2,Korean_Steam,Kei.DLC_BrainWash2-104,214,,,SHEET_MISSING_IN_MAIN,SHEET_MISSING_IN_LOCAL,,"「오옷 ……윽♥, 오옷 옷 윽…………♥♥」",
Kei DLC2,Korean_Steam,Kei.DLC_BrainWash2-105,216,,,SHEET_MISSING_IN_MAIN,SHEET_MISSING_IN_LOCAL,,K22호는 피크피크 움직일 뿐이다,
Kei DLC2,Korean_Steam,Kei.DLC_BrainWash2-106,218,,,SHEET_MISSING_IN_MAIN,SHEET_MISSING_IN_LOCAL,,"「자! K22호, 임무 시간이다! 언제까지 자지 말고 빨리 전투복 입어!」",
Kei DLC2,Korean_Steam,Kei.DLC_BrainWash2-107,220,,,SHEET_MISSING_IN_MAIN,SHEET_MISSING_IN_LOCAL,,"「오옷 오오옷♥ 키, 키이ーーーー잇!!」",
Kei DLC2,Korean_Steam,Kei.DLC_BrainWash2-108,222,,,SHEET_MISSING_IN_MAIN,SHEET_MISSING_IN_LOCAL,,"「고홋, 고홋, 윽…… 아, 알겠습니다!」",
Kei DLC2,Korean_Steam,Kei.DLC_BrainWash2-109,224,,,SHEET_MISSING_IN_MAIN,SHEET_MISSING_IN_LOCAL,,"(오옷 옷♥… 보지… 너무 박혀서… 머, 머리가…윽♥)",
Kei DLC2,Korean_Steam,Kei.DLC_BrainWash2-110,226,,,SHEET_MISSING_IN_MAIN,SHEET_MISSING_IN_LOCAL,,그리고 K22호는 전투원의 모습이 되어,
Kei DLC2,Korean_Steam,Kei.DLC_BrainWash2-111,228,,,SHEET_MISSING_IN_MAIN,SHEET_MISSING_IN_LOCAL,,「아직 보고 있는 시청자들에게 마지막으로 뭔가 인사해라.」,
Kei DLC2,Korean_Steam,Kei.DLC_BrainWash2-112,230,,,SHEET_MISSING_IN_MAIN,SHEET_MISSING_IN_LOCAL,,"「케홋, 키, 키이ーーーー잇!! 아직 보고 있는 시청자……!」",
Kei DLC2,Korean_Steam,Kei.DLC_BrainWash2-113,232,,,SHEET_MISSING_IN_MAIN,SHEET_MISSING_IN_LOCAL,,「언제든지 나… K22호의 상관이 되어 박을 수 있으니까…! 너도 전투원으로서 우리 동료가 되지 않을래…!」,
Kei DLC2,Korean_Steam,Kei.DLC_BrainWash2-114,234,,,SHEET_MISSING_IN_MAIN,SHEET_MISSING_IN_LOCAL,,「나는 언제나 너희들의 자지를 기다리고 있어…… 그러니까…! 나와 함께… 재단에 충성을!」,
Kei DLC2,Korean_Steam,Kei.DLC_BrainWash2-115,236,,,SHEET_MISSING_IN_MAIN,SHEET_MISSING_IN_LOCAL,,「키이ーーーーーー잇!!」,
Kei DLC2,Korean_Steam,Kei.DLC_BrainWash2-116,238,,,SHEET_MISSING_IN_MAIN,SHEET_MISSING_IN_LOCAL,,――――――――,
Kei DLC2,Korean_Steam,Kei.DLC_BrainWash2-117,240,,,SHEET_MISSING_IN_MAIN,SHEET_MISSING_IN_LOCAL,,――――,
Kei DLC2,Korean_Steam,Kei.DLC_BrainWash2-118,242,,,SHEET_MISSING_IN_MAIN,SHEET_MISSING_IN_LOCAL,,ー,
Kei DLC2,Korean_Steam,Akiho DLC,248,,,SHEET_MISSING_IN_MAIN,SHEET_MISSING_IN_LOCAL,,아키호 ＆ 클론 전투원,
Kei DLC2,Korean_Steam,Record.AkihoDLC,249,,,SHEET_MISSING_IN_MAIN,SHEET_MISSING_IN_LOCAL,,【아키호 ＆ 클론 전투원】,
Kei DLC2,Korean_Steam,Record.AkihoDLC-1,250,,,SHEET_MISSING_IN_MAIN,SHEET_MISSING_IN_LOCAL,,"심야, 재단 아지트의 한 방에서…",
Kei DLC2,Korean_Steam,Record.AkihoDLC-2,252,,,SHEET_MISSING_IN_MAIN,SHEET_MISSING_IN_LOCAL,,「낼름… 낼름…… 후웃♥……」,
Kei DLC2,Korean_Steam,Record.AkihoDLC-3,254,,,SHEET_MISSING_IN_MAIN,SHEET_MISSING_IN_LOCAL,,"「츄르릅… 레롯… 하앗♥, …… 어떻습니까…… 아키호 님………♥」",
Kei DLC2,Korean_Steam,Record.AkihoDLC-4,256,,,SHEET_MISSING_IN_MAIN,SHEET_MISSING_IN_LOCAL,,「아하하하핫! 좋아♥! 잘한다 잘해~♥!」,
Kei DLC2,Korean_Steam,Record.AkihoDLC-5,258,,,SHEET_MISSING_IN_MAIN,SHEET_MISSING_IN_LOCAL,,"「아핫♥, 개조 수술로 이런 훌륭한 자지 받아버렸지만 좋은 느낌!」",
Kei DLC2,Korean_Steam,Record.AkihoDLC-6,260,,,SHEET_MISSING_IN_MAIN,SHEET_MISSING_IN_LOCAL,,「이렇게 매일 클론쨩이랑 놀 수 있으니까…♥」,
Kei DLC2,Korean_Steam,Record.AkihoDLC-7,262,,,SHEET_MISSING_IN_MAIN,SHEET_MISSING_IN_LOCAL,,"「아핫♥, 클론쨩들? 파코파코 당하기 전에 제대로 적셔두지 않으면 안 되지~♥?」",
Kei DLC2,Korean_Steam,Record.AkihoDLC-8,264,,,SHEET_MISSING_IN_MAIN,SHEET_MISSING_IN_LOCAL,,"「앗, 거기 내 자지 핥고 있는 거! 072호쨩? 좀 게으름 피우고 있지 않아?」",
Kei DLC2,Korean_Steam,Record.AkihoDLC-9,266,,,SHEET_MISSING_IN_MAIN,SHEET_MISSING_IN_LOCAL,,"「-죄, 죄송합니다!」",
Kei DLC2,Korean_Steam,Record.AkihoDLC-10,268,,,SHEET_MISSING_IN_MAIN,SHEET_MISSING_IN_LOCAL,,츄르릅! 츄르르르릇♥!,
Kei DLC2,Korean_Steam,Record.AkihoDLC-11,270,,,SHEET_MISSING_IN_MAIN,SHEET_MISSING_IN_LOCAL,,"「후후웅♥, 그래그래, 그거면 돼! 제대로 안 하면 하급 전투원으로 강등될 테니까?」",
Kei DLC2,Korean_Steam,Record.AkihoDLC-12,272,,,SHEET_MISSING_IN_MAIN,SHEET_MISSING_IN_LOCAL,,"「이야~, 릿카 클론쨩은 정말 편리하네! 강할 뿐만 아니라 오나홀도 되고 최고!」",
Kei DLC2,Korean_Steam,Record.AkihoDLC-13,274,,,SHEET_MISSING_IN_MAIN,SHEET_MISSING_IN_LOCAL,,「…어라? 그러고 보니 오리지널 릿카는 어떻게 됐더라? 죽었나?」,
Kei DLC2,Korean_Steam,Record.AkihoDLC-14,276,,,SHEET_MISSING_IN_MAIN,SHEET_MISSING_IN_LOCAL,,"「……아니요, 기록에 따르면 성핵전희: 미나세 릿카는 패배하여 기억을 소거당한 후, 세뇌를 받아 저희 클론 전투원 중 하나가 되었습니다.」",
Kei DLC2,Korean_Steam,Record.AkihoDLC-15,278,,,SHEET_MISSING_IN_MAIN,SHEET_MISSING_IN_LOCAL,,"「아하하하핫! 그렇구나…! 뭐, 솔직히 아무래도 좋지만…!」",
Kei DLC2,Korean_Steam,Record.AkihoDLC-16,280,,,SHEET_MISSING_IN_MAIN,SHEET_MISSING_IN_LOCAL,,「흐음… 그럼 혹시 이 안에 그 릿카가 있을지도! 아하핫!」,
Kei DLC2,Korean_Steam,Record.AkihoDLC-17,282,,,SHEET_MISSING_IN_MAIN,SHEET_MISSING_IN_LOCAL,,「뭐 그런 거 아무래도 좋네! 나도 슬슬 발정해버렸고…」,
Kei DLC2,Korean_Steam,Record.AkihoDLC-18,284,,,SHEET_MISSING_IN_MAIN,SHEET_MISSING_IN_LOCAL,,「거기… 072호쨩? 그만 됐어! 파코파코 해줄 테니 보지 내놔!」,
Kei DLC2,Korean_Steam,Record.AkihoDLC-19,286,,,SHEET_MISSING_IN_MAIN,SHEET_MISSING_IN_LOCAL,,"「!―――네, 넷!」",
Kei DLC2,Korean_Steam,Record.AkihoDLC-20,288,,,SHEET_MISSING_IN_MAIN,SHEET_MISSING_IN_LOCAL,,"그리고 072호는 아키호 앞에 서서, 자지에 자신의 사타구니를 맞댄다",
Kei DLC2,Korean_Steam,Record.AkihoDLC-21,290,,,SHEET_MISSING_IN_MAIN,SHEET_MISSING_IN_LOCAL,,"「072호!, 준비됐습니다!」",
Kei DLC2,Korean_Steam,Record.AkihoDLC-22,292,,,SHEET_MISSING_IN_MAIN,SHEET_MISSING_IN_LOCAL,,"「아핫♥, 그럼 자지 넣어줄게~♥! 자!」",
Kei DLC2,Korean_Steam,Record.AkihoDLC-23,294,,,SHEET_MISSING_IN_MAIN,SHEET_MISSING_IN_LOCAL,,즈푸웃!!,
Kei DLC2,Korean_Steam,Record.AkihoDLC-24,296,,,SHEET_MISSING_IN_MAIN,SHEET_MISSING_IN_LOCAL,,「응옷 윽――――♥!」,
Kei DLC2,Korean_Steam,Record.AkihoDLC-25,298,,,SHEET_MISSING_IN_MAIN,SHEET_MISSING_IN_LOCAL,,"「자자앗♥, 움직여! 자지 기분 좋게 해줘♥!」",
Kei DLC2,Korean_Steam,Record.AkihoDLC-26,300,,,SHEET_MISSING_IN_MAIN,SHEET_MISSING_IN_LOCAL,,"「네, 넷!」",
Kei DLC2,Korean_Steam,Record.AkihoDLC-27,302,,,SHEET_MISSING_IN_MAIN,SHEET_MISSING_IN_LOCAL,,"파츗, 파츗, 파츗♥!",
Kei DLC2,Korean_Steam,Record.AkihoDLC-28,304,,,SHEET_MISSING_IN_MAIN,SHEET_MISSING_IN_LOCAL,,"「하앗, 하앗…윽♥!」",
Kei DLC2,Korean_Steam,Record.AkihoDLC-29,306,,,SHEET_MISSING_IN_MAIN,SHEET_MISSING_IN_LOCAL,,"헤콧! 헤콧, 헤콧!",
Kei DLC2,Korean_Steam,Record.AkihoDLC-30,308,,,SHEET_MISSING_IN_MAIN,SHEET_MISSING_IN_LOCAL,,(이 느낌…… 뭔가 그리운 기분이…… 생각나지 않아……),
Kei DLC2,Korean_Steam,Record.AkihoDLC-31,310,,,SHEET_MISSING_IN_MAIN,SHEET_MISSING_IN_LOCAL,,"「어, 어떻습니까……♥!」",
Kei DLC2,Korean_Steam,Record.AkihoDLC-32,312,,,SHEET_MISSING_IN_MAIN,SHEET_MISSING_IN_LOCAL,,(뭔가…… 매우 중요한 일 같은…?),
Kei DLC2,Korean_Steam,Record.AkihoDLC-33,314,,,SHEET_MISSING_IN_MAIN,SHEET_MISSING_IN_LOCAL,,(왜?… 내가 간부님께 이런 감정?을…?),
Kei DLC2,Korean_Steam,Record.AkihoDLC-34,316,,,SHEET_MISSING_IN_MAIN,SHEET_MISSING_IN_LOCAL,,「……이봐 072호쨩? 뭔가 게으름 피우고 있지 않아? 정말 집중해서 하고 있어?」,
Kei DLC2,Korean_Steam,Record.AkihoDLC-35,318,,,SHEET_MISSING_IN_MAIN,SHEET_MISSING_IN_LOCAL,,「――――잇!」,
Kei DLC2,Korean_Steam,Record.AkihoDLC-36,320,,,SHEET_MISSING_IN_MAIN,SHEET_MISSING_IN_LOCAL,,「게다가 072호쨩 조금 다른 클론쨩에 비해 체력 없지 않아? 제대로 안 하면 정말 하급 전투원으로 만들 거야?」,
Kei DLC2,Korean_Steam,Record.AkihoDLC-37,322,,,SHEET_MISSING_IN_MAIN,SHEET_MISSING_IN_LOCAL,,"「죄, 죄송합니다 아키호 님!」",
Kei DLC2,Korean_Steam,Record.AkihoDLC-38,324,,,SHEET_MISSING_IN_MAIN,SHEET_MISSING_IN_LOCAL,,「간부님을 존경하는 마음이 부족한 거 아니야? 누구에게 봉사하고 있는 거야?」,
Kei DLC2,Korean_Steam,Record.AkihoDLC-39,326,,,SHEET_MISSING_IN_MAIN,SHEET_MISSING_IN_LOCAL,,"「―――그, 그것은!」",
Kei DLC2,Korean_Steam,Record.AkihoDLC-40,328,,,SHEET_MISSING_IN_MAIN,SHEET_MISSING_IN_LOCAL,,「나랑 너랑은 전혀 입장이 다르니까아? 좀 더 제대로 봉사해야지?」,
Kei DLC2,Korean_Steam,Record.AkihoDLC-41,330,,,SHEET_MISSING_IN_MAIN,SHEET_MISSING_IN_LOCAL,,"「네, 넷! 아키호 님! 제대로 봉사하겠습니다!」",
Kei DLC2,Korean_Steam,Record.AkihoDLC-42,332,,,SHEET_MISSING_IN_MAIN,SHEET_MISSING_IN_LOCAL,,"(그래!, 나는 클론 전투원 072호… 간부님의 명령에는 절대 복종……!)",
Kei DLC2,Korean_Steam,Record.AkihoDLC-43,334,,,SHEET_MISSING_IN_MAIN,SHEET_MISSING_IN_LOCAL,,(쓸데없는 생각 말고 제대로 아키호 님께 봉사해야 해!),
Kei DLC2,Korean_Steam,Record.AkihoDLC-44,336,,,SHEET_MISSING_IN_MAIN,SHEET_MISSING_IN_LOCAL,,(쓸데없는 사고와 감정은 전투원에게는 불필요……!),
Kei DLC2,Korean_Steam,Record.AkihoDLC-45,338,,,SHEET_MISSING_IN_MAIN,SHEET_MISSING_IN_LOCAL,,「―――――잇!」,
Kei DLC2,Korean_Steam,Record.AkihoDLC-46,340,,,SHEET_MISSING_IN_MAIN,SHEET_MISSING_IN_LOCAL,,팡! 팡! 팡!,
Kei DLC2,Korean_Steam,Record.AkihoDLC-47,342,,,SHEET_MISSING_IN_MAIN,SHEET_MISSING_IN_LOCAL,,"「아핫♥, 제대로 움직이게 됐네! 하면 되잖아♥!」",
Kei DLC2,Korean_Steam,Record.AkihoDLC-48,344,,,SHEET_MISSING_IN_MAIN,SHEET_MISSING_IN_LOCAL,,"「핫♥, 핫♥, 황송합니다♥!」",
Kei DLC2,Korean_Steam,Record.AkihoDLC-49,346,,,SHEET_MISSING_IN_MAIN,SHEET_MISSING_IN_LOCAL,,"「아하아♥, 좋아? 자!, 좀 더 보지 뀨-욱 해줘!」",
Kei DLC2,Korean_Steam,Record.AkihoDLC-50,348,,,SHEET_MISSING_IN_MAIN,SHEET_MISSING_IN_LOCAL,,"「네, 넷! 알겠습니다!」",
Kei DLC2,Korean_Steam,Record.AkihoDLC-51,350,,,SHEET_MISSING_IN_MAIN,SHEET_MISSING_IN_LOCAL,,"「하앗♥, 하앗♥, 하앗♥!」",
Kei DLC2,Korean_Steam,Record.AkihoDLC-52,352,,,SHEET_MISSING_IN_MAIN,SHEET_MISSING_IN_LOCAL,,"(아키호 님께♥, 만족시켜 드려야 해♥!)",
Kei DLC2,Korean_Steam,Record.AkihoDLC-53,354,,,SHEET_MISSING_IN_MAIN,SHEET_MISSING_IN_LOCAL,,"(그것이 나, 클론 전투원의 역할♥!)",
Kei DLC2,Korean_Steam,Record.AkihoDLC-54,356,,,SHEET_MISSING_IN_MAIN,SHEET_MISSING_IN_LOCAL,,팡! 팡! 팡!,
Kei DLC2,Korean_Steam,Record.AkihoDLC-55,358,,,SHEET_MISSING_IN_MAIN,SHEET_MISSING_IN_LOCAL,,"「아~ 쌀 것 같아♥, 072호쨩! 제대로 받아줘♥!」",
Kei DLC2,Korean_Steam,Record.AkihoDLC-56,360,,,SHEET_MISSING_IN_MAIN,SHEET_MISSING_IN_LOCAL,,"「…! 아, 언제든지 싸주세요♥!」",
Kei DLC2,Korean_Steam,Record.AkihoDLC-57,362,,,SHEET_MISSING_IN_MAIN,SHEET_MISSING_IN_LOCAL,,도큣! 도크도크!,
Kei DLC2,Korean_Steam,Record.AkihoDLC-58,364,,,SHEET_MISSING_IN_MAIN,SHEET_MISSING_IN_LOCAL,,"「앗♥, 아핫♥, 나온다! 자지즙, 클론쨩 안에♥!」",
Kei DLC2,Korean_Steam,Record.AkihoDLC-59,366,,,SHEET_MISSING_IN_MAIN,SHEET_MISSING_IN_LOCAL,,「아~ 클론쨩 안에 퓻퓻하는 거 최고~!」,
Kei DLC2,Korean_Steam,Record.AkihoDLC-60,368,,,SHEET_MISSING_IN_MAIN,SHEET_MISSING_IN_LOCAL,,"「하앗♥, 하앗♥, 어떻습니까…♥!」",
Kei DLC2,Korean_Steam,Record.AkihoDLC-61,370,,,SHEET_MISSING_IN_MAIN,SHEET_MISSING_IN_LOCAL,,"「아하핫♥, 뭐 좋지 않았어?」",
Kei DLC2,Korean_Steam,Record.AkihoDLC-62,372,,,SHEET_MISSING_IN_MAIN,SHEET_MISSING_IN_LOCAL,,"「하앗, 하앗…… 감사합니다….」",
Kei DLC2,Korean_Steam,Record.AkihoDLC-63,374,,,SHEET_MISSING_IN_MAIN,SHEET_MISSING_IN_LOCAL,,(……맞아… 클론 전투원에게 쓸데없는 사고는 불필요… 재단에 충성을 맹세한 복종 기계일뿐…!),
Kei DLC2,Korean_Steam,Record.AkihoDLC-64,376,,,SHEET_MISSING_IN_MAIN,SHEET_MISSING_IN_LOCAL,,"「아하핫♥, 귀여운 클론쨩들… 내가 좀 더 귀여워해 줄게…♥?」",
Kei DLC2,Korean_Steam,Record.AkihoDLC-65,378,,,SHEET_MISSING_IN_MAIN,SHEET_MISSING_IN_LOCAL,,그렇게 클론 전투원과 072호의 아키호에 대한 봉사는 밤새도록 계속되는 것이었다,
Kei DLC2,Korean_Steam,Record.AkihoDLC-66,380,,,SHEET_MISSING_IN_MAIN,SHEET_MISSING_IN_LOCAL,,――――――――,
Kei DLC2,Korean_Steam,Record.AkihoDLC-67,382,,,SHEET_MISSING_IN_MAIN,SHEET_MISSING_IN_LOCAL,,――――,
Kei DLC2,Korean_Steam,Record.AkihoDLC-68,384,,,SHEET_MISSING_IN_MAIN,SHEET_MISSING_IN_LOCAL,,ー,
Add0127,Korean_Steam,Daiya.Core1-1,3,,,SHEET_MISSING_IN_MAIN,SHEET_MISSING_IN_LOCAL,,"다이아에 대한 조교가 계속되는 가운데, 재단 지하 감금 시설에서――――",
Add0127,Korean_Steam,Daiya.Core1-2,5,,,SHEET_MISSING_IN_MAIN,SHEET_MISSING_IN_LOCAL,,「키이ーーー잇! 빨리 걸어라!」,
Add0127,Korean_Steam,Daiya.Core1-3,7,,,SHEET_MISSING_IN_MAIN,SHEET_MISSING_IN_LOCAL,,「―――――잇!」,
Add0127,Korean_Steam,Daiya.Core1-4,9,,,SHEET_MISSING_IN_MAIN,SHEET_MISSING_IN_LOCAL,,(……윽! 손발을 되찾을 수 있었지만…!),
Add0127,Korean_Steam,Daiya.Core1-5,11,,,SHEET_MISSING_IN_MAIN,SHEET_MISSING_IN_LOCAL,,(젠장…… 몸이…… 거역할 수 없어……! 원래라면 전투원 따위 변신하지 않아도 여유롭게 쓰러뜨릴 수 있는데…!),
Add0127,Korean_Steam,Daiya.Core1-6,13,,,SHEET_MISSING_IN_MAIN,SHEET_MISSING_IN_LOCAL,,「………어디로 데려갈 셈이냐….」,
Add0127,Korean_Steam,Daiya.Core1-7,15,,,SHEET_MISSING_IN_MAIN,SHEET_MISSING_IN_LOCAL,,「키이ーーー잇! 도착했습니다!」,
Add0127,Korean_Steam,Daiya.Core1-8,17,,,SHEET_MISSING_IN_MAIN,SHEET_MISSING_IN_LOCAL,,「…………뭐라고?」,
Add0127,Korean_Steam,Daiya.Core1-9,19,,,SHEET_MISSING_IN_MAIN,SHEET_MISSING_IN_LOCAL,,"그리고 전투원이 버튼을 누르자, 천장에서 다이아를 향해 광선이 발사된다",
Add0127,Korean_Steam,Daiya.Core1-10,21,,,SHEET_MISSING_IN_MAIN,SHEET_MISSING_IN_LOCAL,,바치바치바칫! 바치바치바칫!!,
Add0127,Korean_Steam,Daiya.Core1-11,23,,,SHEET_MISSING_IN_MAIN,SHEET_MISSING_IN_LOCAL,,"「크윽!? 무, 뭐야……윽!?」",
Add0127,Korean_Steam,Daiya.Core1-12,25,,,SHEET_MISSING_IN_MAIN,SHEET_MISSING_IN_LOCAL,,"(윽… 이 광선…! 머, 머리에 직접……!?)",
Add0127,Korean_Steam,Daiya.Core1-13,27,,,SHEET_MISSING_IN_MAIN,SHEET_MISSING_IN_LOCAL,,「키이ーーー잇! 걱정하지 않아도 죽지는 않습니다!」,
Add0127,Korean_Steam,Daiya.Core1-14,29,,,SHEET_MISSING_IN_MAIN,SHEET_MISSING_IN_LOCAL,,"「……뭐, 죽는 편이 나을 정도로 더 비참한 꼴이 되어버리겠지만!」",
Add0127,Korean_Steam,Daiya.Core1-15,31,,,SHEET_MISSING_IN_MAIN,SHEET_MISSING_IN_LOCAL,,「크윽…!? 젠장…… 네놈… 뭘……!?」,
Add0127,Korean_Steam,Daiya.Core1-16,33,,,SHEET_MISSING_IN_MAIN,SHEET_MISSING_IN_LOCAL,,「크악…!? 의식……이… 몽롱해져서……윽?!」,
Add0127,Korean_Steam,Daiya.Core1-17,35,,,SHEET_MISSING_IN_MAIN,SHEET_MISSING_IN_LOCAL,,"「히웃♥!?… 무, 뭐야… 이거!?」",
Add0127,Korean_Steam,Daiya.Core1-18,37,,,SHEET_MISSING_IN_MAIN,SHEET_MISSING_IN_LOCAL,,「배가…… 뜨거워……♥!?」,
Add0127,Korean_Steam,Daiya.Core1-19,39,,,SHEET_MISSING_IN_MAIN,SHEET_MISSING_IN_LOCAL,,"「하앗♥, 하앗♥…!? 아, 안돼……!? 이건……윽!?」",
Add0127,Korean_Steam,Daiya.Core1-20,41,,,SHEET_MISSING_IN_MAIN,SHEET_MISSING_IN_LOCAL,,「키이ーー잇! 저항은 소용없습니다! 받아들이십시오!」,
Add0127,Korean_Steam,Daiya.Core1-21,43,,,SHEET_MISSING_IN_MAIN,SHEET_MISSING_IN_LOCAL,,"「하앗♥, 하앗♥, 다, 닥쳐…엇!!」",
Add0127,Korean_Steam,Daiya.Core1-22,45,,,SHEET_MISSING_IN_MAIN,SHEET_MISSING_IN_LOCAL,,"다이아는 의식이 몽롱한 가운데, 어중간한 자세로 견디려 한다",
Add0127,Korean_Steam,Daiya.Core1-23,47,,,SHEET_MISSING_IN_MAIN,SHEET_MISSING_IN_LOCAL,,"「하앗♥, 에앗♥, 무, 무엇이……♥」",
Add0127,Korean_Steam,Daiya.Core1-24,49,,,SHEET_MISSING_IN_MAIN,SHEET_MISSING_IN_LOCAL,,"「앗♥, 아, 안돼……♥ 배가……♥, 나는……♥!!!」",
Add0127,Korean_Steam,Daiya.Core1-25,51,,,SHEET_MISSING_IN_MAIN,SHEET_MISSING_IN_LOCAL,,「오옷 오옷 오옷~~~~~♥!?!?」,
Add0127,Korean_Steam,Daiya.Core1-26,53,,,SHEET_MISSING_IN_MAIN,SHEET_MISSING_IN_LOCAL,,"엉덩이 구멍에서 무언가가 빠져나가는 감각과 함께, 다이아의 의식은 뚝 끊어지는 것이었다.",
Add0127,Korean_Steam,Daiya.Core1-27,55,,,SHEET_MISSING_IN_MAIN,SHEET_MISSING_IN_LOCAL,,―――――――――,
Add0127,Korean_Steam,Daiya.Core1-28,57,,,SHEET_MISSING_IN_MAIN,SHEET_MISSING_IN_LOCAL,,――――,
Add0127,Korean_Steam,Daiya.Core1-29,61,,,SHEET_MISSING_IN_MAIN,SHEET_MISSING_IN_LOCAL,,―――――――――,
Add0127,Korean_Steam,Daiya.Core1-30,63,,,SHEET_MISSING_IN_MAIN,SHEET_MISSING_IN_LOCAL,,즈봇…… 구츗……,
Add0127,Korean_Steam,Daiya.Core1-31,65,,,SHEET_MISSING_IN_MAIN,SHEET_MISSING_IN_LOCAL,,――――,
Add0127,Korean_Steam,Daiya.Core1-32,67,,,SHEET_MISSING_IN_MAIN,SHEET_MISSING_IN_LOCAL,,구칫…… 니츗……,
Add0127,Korean_Steam,Daiya.Core1-33,69,,,SHEET_MISSING_IN_MAIN,SHEET_MISSING_IN_LOCAL,,ー,
Add0127,Korean_Steam,Daiya.Core1-34,73,,,SHEET_MISSING_IN_MAIN,SHEET_MISSING_IN_LOCAL,,「전투원…… 님……… 어떠………신가요……….」,
Add0127,Korean_Steam,Daiya.Core1-35,75,,,SHEET_MISSING_IN_MAIN,SHEET_MISSING_IN_LOCAL,,(…………………….),
Add0127,Korean_Steam,Daiya.Core1-36,77,,,SHEET_MISSING_IN_MAIN,SHEET_MISSING_IN_LOCAL,,"「오오옷, 굉장한 조임! 이 녀석 다른 성핵전희 오나홀보다 조임이 강하잖아?」",
Add0127,Korean_Steam,Daiya.Core1-37,79,,,SHEET_MISSING_IN_MAIN,SHEET_MISSING_IN_LOCAL,,"「꽤 강한 성핵전희라던데, 오나홀도 강한 건가?」",
Add0127,Korean_Steam,Daiya.Core1-38,81,,,SHEET_MISSING_IN_MAIN,SHEET_MISSING_IN_LOCAL,,「칭찬해 주셔서…… 감사…합니다.」,
Add0127,Korean_Steam,Daiya.Core1-39,83,,,SHEET_MISSING_IN_MAIN,SHEET_MISSING_IN_LOCAL,,「…성핵전희 시절에는…… 꽤 단련하고 있었으므로……」,
Add0127,Korean_Steam,Daiya.Core1-40,85,,,SHEET_MISSING_IN_MAIN,SHEET_MISSING_IN_LOCAL,,(………………………윽?),
Add0127,Korean_Steam,Daiya.Core1-41,87,,,SHEET_MISSING_IN_MAIN,SHEET_MISSING_IN_LOCAL,,"「그런가, 그럼 얼른 시작해 줘.」",
Add0127,Korean_Steam,Daiya.Core1-42,89,,,SHEET_MISSING_IN_MAIN,SHEET_MISSING_IN_LOCAL,,「네…… 전투원님의 자지… 성핵 오나홀로 훑어드리겠습니다………」,
Add0127,Korean_Steam,Daiya.Core1-43,91,,,SHEET_MISSING_IN_MAIN,SHEET_MISSING_IN_LOCAL,,슈콧! 슈콧! 구츗! 구츗!,
Add0127,Korean_Steam,Daiya.Core1-44,93,,,SHEET_MISSING_IN_MAIN,SHEET_MISSING_IN_LOCAL,,(윽!~~~~~~~~윽!?!?),
Add0127,Korean_Steam,Daiya.Core1-45,95,,,SHEET_MISSING_IN_MAIN,SHEET_MISSING_IN_LOCAL,,"(뭣♥, 뭐야♥!? 무, 무슨 일이 일어나고 있는 거야♥!?!?)",
Add0127,Korean_Steam,Daiya.Core1-46,97,,,SHEET_MISSING_IN_MAIN,SHEET_MISSING_IN_LOCAL,,"(으, 나… 이거…… 어떻게 된 거야♥!?)",
Add0127,Korean_Steam,Daiya.Core1-47,99,,,SHEET_MISSING_IN_MAIN,SHEET_MISSING_IN_LOCAL,,슈콧! 슈콧! 구츗! 구츗!,
Add0127,Korean_Steam,Daiya.Core1-48,101,,,SHEET_MISSING_IN_MAIN,SHEET_MISSING_IN_LOCAL,,(윽!~~~~~~~~읏!?!?),
Add0127,Korean_Steam,Daiya.Core1-49,103,,,SHEET_MISSING_IN_MAIN,SHEET_MISSING_IN_LOCAL,,(뭐야♥!?~~이!? 온몸을 꿰뚫는 듯한 감각은♥!?),
Add0127,Korean_Steam,Daiya.Core1-50,105,,,SHEET_MISSING_IN_MAIN,SHEET_MISSING_IN_LOCAL,,「………윽♥…… 어떠십니까……… 전투원님………」,
Add0127,Korean_Steam,Daiya.Core1-51,107,,,SHEET_MISSING_IN_MAIN,SHEET_MISSING_IN_LOCAL,,"「오우, 제법 좋잖아! 자지에 달라붙어서 놔주질 않네」",
Add0127,Korean_Steam,Daiya.Core1-52,109,,,SHEET_MISSING_IN_MAIN,SHEET_MISSING_IN_LOCAL,,(아니… 저것은…… 나!?),
Add0127,Korean_Steam,Daiya.Core1-53,111,,,SHEET_MISSING_IN_MAIN,SHEET_MISSING_IN_LOCAL,,(나는……… 대체 뭘 보고……!?),
Add0127,Korean_Steam,Daiya.Core1-54,113,,,SHEET_MISSING_IN_MAIN,SHEET_MISSING_IN_LOCAL,,「성핵전희 오나홀 중에서는 최고의 품질이야! 이대로 계속 흔들어!」,
Add0127,Korean_Steam,Daiya.Core1-55,115,,,SHEET_MISSING_IN_MAIN,SHEET_MISSING_IN_LOCAL,,「……네……… 전투원님.」,
Add0127,Korean_Steam,Daiya.Core1-56,117,,,SHEET_MISSING_IN_MAIN,SHEET_MISSING_IN_LOCAL,,슈콧! 슈콧! 구츗! 구츗!,
Add0127,Korean_Steam,Daiya.Core1-57,119,,,SHEET_MISSING_IN_MAIN,SHEET_MISSING_IN_LOCAL,,"(히극♥, 으으윽~~~~♥!?!?)",
Add0127,Korean_Steam,Daiya.Core1-58,121,,,SHEET_MISSING_IN_MAIN,SHEET_MISSING_IN_LOCAL,,"(성핵전희 오나홀이라고오!? 윽, 즉…… 나는 지금……!?)",
Add0127,Korean_Steam,Daiya.Core1-59,123,,,SHEET_MISSING_IN_MAIN,SHEET_MISSING_IN_LOCAL,,슈콧! 슈콧! 구츗! 구츗!,
Add0127,Korean_Steam,Daiya.Core1-60,125,,,SHEET_MISSING_IN_MAIN,SHEET_MISSING_IN_LOCAL,,"(오오오옷♥ 오오옷♥, 내 안을 앗, 무언가가… 움직여서……윽♥!?)",
Add0127,Korean_Steam,Daiya.Core1-61,127,,,SHEET_MISSING_IN_MAIN,SHEET_MISSING_IN_LOCAL,,"(서… 설마♥!? 이건… 전투원의…… 자, 자지잇……?!)",
Add0127,Korean_Steam,Daiya.Core1-62,129,,,SHEET_MISSING_IN_MAIN,SHEET_MISSING_IN_LOCAL,,슈콧! 슈콧! 구츗! 구츗!,
Add0127,Korean_Steam,Daiya.Core1-63,131,,,SHEET_MISSING_IN_MAIN,SHEET_MISSING_IN_LOCAL,,"(히우우우웃♥!? 그, 그만둬! 오오오옷♥!!)",
Add0127,Korean_Steam,Daiya.Core1-64,133,,,SHEET_MISSING_IN_MAIN,SHEET_MISSING_IN_LOCAL,,"다이아는 오나홀이 된 몸으로 필사적으로 저항하려 하지만, 실리콘 몸은 자신의 의지로는 전혀 움직이지 않는다",
Add0127,Korean_Steam,Daiya.Core1-65,135,,,SHEET_MISSING_IN_MAIN,SHEET_MISSING_IN_LOCAL,,피쿤!,
Add0127,Korean_Steam,Daiya.Core1-66,137,,,SHEET_MISSING_IN_MAIN,SHEET_MISSING_IN_LOCAL,,「…응앗♥…… 전투원님… 어떠십니까…… 아앗응…♥」,
Add0127,Korean_Steam,Daiya.Core1-67,139,,,SHEET_MISSING_IN_MAIN,SHEET_MISSING_IN_LOCAL,,「…아? 흔들고 있는 건 오나홀인데 본체도 느끼고 있는 건가?」,
Add0127,Korean_Steam,Daiya.Core1-68,141,,,SHEET_MISSING_IN_MAIN,SHEET_MISSING_IN_LOCAL,,「……아… 네. 제 몸은 의식이 없어 조종당하는 상태지만…… 감각은 오나홀과 연결되어 있습니다………」,
Add0127,Korean_Steam,Daiya.Core1-69,143,,,SHEET_MISSING_IN_MAIN,SHEET_MISSING_IN_LOCAL,,「……현재……… 전투원님의 자지에 의해… 오나홀이 자극받아서… 몸도 계속 절정하고 있습니다.」,
Add0127,Korean_Steam,Daiya.Core1-70,145,,,SHEET_MISSING_IN_MAIN,SHEET_MISSING_IN_LOCAL,,"「하핫, 이 녀석은 꽤 강한 성핵전희였던 모양인데, 이제는 그저 꼴사나운 오나홀일 뿐이군」",
Add0127,Korean_Steam,Daiya.Core1-71,147,,,SHEET_MISSING_IN_MAIN,SHEET_MISSING_IN_LOCAL,,「네…… 계속해서…… 전투원님의 자지……… 흔들어 드리겠습니다.」,
Add0127,Korean_Steam,Daiya.Core1-72,149,,,SHEET_MISSING_IN_MAIN,SHEET_MISSING_IN_LOCAL,,슈콧! 슈콧! 구츗! 구츗!,
Add0127,Korean_Steam,Daiya.Core1-73,151,,,SHEET_MISSING_IN_MAIN,SHEET_MISSING_IN_LOCAL,,"(히아앗♥!? 으앙♥, 그만둬……윽♥?!)",
Add0127,Korean_Steam,Daiya.Core1-74,153,,,SHEET_MISSING_IN_MAIN,SHEET_MISSING_IN_LOCAL,,시콧! 시콧! 시콧! 시콧!,
Add0127,Korean_Steam,Daiya.Core1-75,155,,,SHEET_MISSING_IN_MAIN,SHEET_MISSING_IN_LOCAL,,(오오오옷♥ 오옷~♥!),
Add0127,Korean_Steam,Daiya.Core1-76,157,,,SHEET_MISSING_IN_MAIN,SHEET_MISSING_IN_LOCAL,,(내 안이…♥ 늘려져서…우읏 이 녀석의 자지 모양이 되고 있어어어엇♥!?),
Add0127,Korean_Steam,Daiya.Core1-77,159,,,SHEET_MISSING_IN_MAIN,SHEET_MISSING_IN_LOCAL,,"(몸 전체가 읏♥, 자지 모양으로♥, 이런 거어♥, 너무 꼴사나워어어엇♥!)",
Add0127,Korean_Steam,Daiya.Core1-78,161,,,SHEET_MISSING_IN_MAIN,SHEET_MISSING_IN_LOCAL,,"「응앗♥…… 앗♥, 하앗♥…」",
Add0127,Korean_Steam,Daiya.Core1-79,163,,,SHEET_MISSING_IN_MAIN,SHEET_MISSING_IN_LOCAL,,"「아ー 쌀 것 같아……, 어이 오나홀, 혀 내밀어!」",
Add0127,Korean_Steam,Daiya.Core1-80,165,,,SHEET_MISSING_IN_MAIN,SHEET_MISSING_IN_LOCAL,,「네…… 알겠습니다………」,
Add0127,Korean_Steam,Daiya.Core1-81,167,,,SHEET_MISSING_IN_MAIN,SHEET_MISSING_IN_LOCAL,,"쥬르르르릇, 쥬릇!",
Add0127,Korean_Steam,Daiya.Core1-82,169,,,SHEET_MISSING_IN_MAIN,SHEET_MISSING_IN_LOCAL,,"(히앗♥, 기, 기분 나빠!)",
Add0127,Korean_Steam,Daiya.Core1-83,171,,,SHEET_MISSING_IN_MAIN,SHEET_MISSING_IN_LOCAL,,「강한 성핵전희라도 혀는 단련할 수 없는 모양이군!」,
Add0127,Korean_Steam,Daiya.Core1-84,173,,,SHEET_MISSING_IN_MAIN,SHEET_MISSING_IN_LOCAL,,「네…… 제 몸은 전부 전투원님께 봉사하기 위해 있으니까요…♥」,
Add0127,Korean_Steam,Daiya.Core1-85,175,,,SHEET_MISSING_IN_MAIN,SHEET_MISSING_IN_LOCAL,,"베롯, 레로레옷, 쥬릇♥",
Add0127,Korean_Steam,Daiya.Core1-86,177,,,SHEET_MISSING_IN_MAIN,SHEET_MISSING_IN_LOCAL,,다이아는 무기질적으로 전투원의 자지를 흔들며 봉사를 계속해 나간다,
Add0127,Korean_Steam,Daiya.Core1-87,179,,,SHEET_MISSING_IN_MAIN,SHEET_MISSING_IN_LOCAL,,「우오옷… 짜내어진다… 싼다!」,
Add0127,Korean_Steam,Daiya.Core1-88,181,,,SHEET_MISSING_IN_MAIN,SHEET_MISSING_IN_LOCAL,,슈콧! 슈콧! 구츗! 구츗!,
Add0127,Korean_Steam,Daiya.Core1-89,183,,,SHEET_MISSING_IN_MAIN,SHEET_MISSING_IN_LOCAL,,「네…윽♥ 전투원님의 정액……♥ 내주세요……♥」,
Add0127,Korean_Steam,Daiya.Core1-90,185,,,SHEET_MISSING_IN_MAIN,SHEET_MISSING_IN_LOCAL,,"(그, 그만…… 멈춰!!!)",
Add0127,Korean_Steam,Daiya.Core1-91,187,,,SHEET_MISSING_IN_MAIN,SHEET_MISSING_IN_LOCAL,,도큣! 뷰르르르르르르릇!!!,
Add0127,Korean_Steam,Daiya.Core1-92,189,,,SHEET_MISSING_IN_MAIN,SHEET_MISSING_IN_LOCAL,,「응♥……… 앗♥……………!」,
Add0127,Korean_Steam,Daiya.Core1-93,191,,,SHEET_MISSING_IN_MAIN,SHEET_MISSING_IN_LOCAL,,(히아아아앗♥!?!),
Add0127,Korean_Steam,Daiya.Core1-94,193,,,SHEET_MISSING_IN_MAIN,SHEET_MISSING_IN_LOCAL,,(정액이…… 나의… 배 안에………윽♥!?),
Add0127,Korean_Steam,Daiya.Core1-95,195,,,SHEET_MISSING_IN_MAIN,SHEET_MISSING_IN_LOCAL,,"(내 안이 읏♥, 정액으로♥ 빵빵해져어어엇♥!??)",
Add0127,Korean_Steam,Daiya.Core1-96,197,,,SHEET_MISSING_IN_MAIN,SHEET_MISSING_IN_LOCAL,,"(오오오옷♥, 배가♥, 터, 터져버려어어어엇♥!!!)",
Add0127,Korean_Steam,Daiya.Core1-97,199,,,SHEET_MISSING_IN_MAIN,SHEET_MISSING_IN_LOCAL,,도쿤!! 도퓻! 도퓻!!!!,
Add0127,Korean_Steam,Daiya.Core1-98,201,,,SHEET_MISSING_IN_MAIN,SHEET_MISSING_IN_LOCAL,,「후우… 짜내어졌군…」,
Add0127,Korean_Steam,Daiya.Core1-99,203,,,SHEET_MISSING_IN_MAIN,SHEET_MISSING_IN_LOCAL,,「네…… 많이 싸주셔서 감사합니다. 오나홀로서 더할 나위 없습니다.」,
Add0127,Korean_Steam,Daiya.Core1-100,205,,,SHEET_MISSING_IN_MAIN,SHEET_MISSING_IN_LOCAL,,"(오오오옷♥…… 오오옷♥, 정액… 내 안에서… 풍선처럼…읏♥!?)",
Add0127,Korean_Steam,Daiya.Core1-101,207,,,SHEET_MISSING_IN_MAIN,SHEET_MISSING_IN_LOCAL,,「저도 오나홀도 기뻐하고 있습니다…… 또 이용해 주시길 기다리고 있겠습니다.」,
Add0127,Korean_Steam,Daiya.Core1-102,209,,,SHEET_MISSING_IN_MAIN,SHEET_MISSING_IN_LOCAL,,「그럼… 아직 전투원은 많이 남아 있으니까요……」,
Add0127,Korean_Steam,Daiya.Core1-103,211,,,SHEET_MISSING_IN_MAIN,SHEET_MISSING_IN_LOCAL,,(시! 싫어…엇♥! 이 이상은…… 무리…♥!!),
Add0127,Korean_Steam,Daiya.Core1-104,213,,,SHEET_MISSING_IN_MAIN,SHEET_MISSING_IN_LOCAL,,"그 후, 다이아는 의지 없는 성처리 오나홀로서 여러 전투원의 자지를 계속 흔들게 되었다.",
Add0127,Korean_Steam,Daiya.Core1-105,215,,,SHEET_MISSING_IN_MAIN,SHEET_MISSING_IN_LOCAL,,――――――――,
Add0127,Korean_Steam,Daiya.Core1-106,217,,,SHEET_MISSING_IN_MAIN,SHEET_MISSING_IN_LOCAL,,――――,
Akiho,English_Steam,Akiho.Fallen1-9,19,19,19,LQA_DIFFERS_FROM_MAIN,LOCAL_EQUALS_MAIN_LQA_NEW,"""Don't worry, we're not going to turn you into a monster or make you a soldier.""","""Don't worry, we're not going to turn you into a monster or make you a soldier.""...? What's your purpose...!?""","""Don't worry, we're not going to turn you into a monster or make you a soldier."""
Akiho,English_Steam,Akiho.Fallen1-11,23,23,23,LQA_DIFFERS_FROM_MAIN,LOCAL_EQUALS_MAIN_LQA_NEW,"""Even if we re-educated you to fight, you wouldn't be much of a fighting force.""","""Even if we brainwashed you to fight, you wouldn't be much of a fighting force.""","""Even if we re-educated you to fight, you wouldn't be much of a fighting force."""
Akiho,English_Steam,Akiho.Fallen2-9,189,189,189,LQA_DIFFERS_FROM_MAIN,LOCAL_EQUALS_MAIN_LQA_NEW,"""ah♥ Mmgh♥ No more♥♥""","""Ah♥ Mmgh♥ No more♥♥""","""ah♥ Mmgh♥ No more♥♥"""
Akiho,English_Steam,Akiho.Debauchery2-4,640,640,640,LQA_DIFFERS_FROM_MAIN,LOCAL_EQUALS_MAIN_LQA_NEW,"""Fuuuuuuuuuuu""","""Haaaaaah...""","""Fuuuuuuuuuuu"""
Akiho,English_Steam,Akiho.Core1-34,817,817,817,LQA_DIFFERS_FROM_MAIN,LOCAL_EQUALS_MAIN_LQA_NEW,"""Haaaa... I need to do something about this... But♥ Nnnnn♥""","""Haaaa... I need to do something about this... But♥ Nnnnn♥","""Haaaa... I need to do something about this... But♥ Nnnnn♥"""
Rikka,English_Steam,Rikka.Fallen1-68,141,141,141,LQA_DIFFERS_FROM_MAIN,LOCAL_EQUALS_MAIN_LQA_NEW,(...This is bad♥ My mind... My transformation will not hold♥),(...This is bad♥ My mind... My transformation won't hold♥),(...This is bad♥ My mind... My transformation will not hold♥)
Rikka,English_Steam,Rikka.Fallen2-51,297,297,297,LQA_DIFFERS_FROM_MAIN,LOCAL_EQUALS_MAIN_LQA_NEW,"""You might just be lying to deceive us. You'll have to be re-educated now.""","""You might just be lying to deceive us. You'll have to be brainwashed now.""","""You might just be lying to deceive us. You'll have to be re-educated now."""
Rikka,English_Steam,Rikka.Fallen2-59,313,313,313,LQA_DIFFERS_FROM_MAIN,LOCAL_EQUALS_MAIN_LQA_NEW,Rikka's head was covered with a helmet-like re-educating device.,Rikka's head was covered with a helmet-like brainwashing device.,Rikka's head was covered with a helmet-like re-educating device.
Rikka,English_Steam,Rikka.Fallen2-61,317,317,317,LQA_DIFFERS_FROM_MAIN,LOCAL_EQUALS_MAIN_LQA_NEW,"""We'll now begin the re-educating and enhancement surgery. This is the end of Rikka Minase as a Holy Core Battlemaiden.""","""We'll now begin the brainwashing and enhancement surgery. This is the end of Rikka Minase as a Holy Core Battlemaiden.""","""We'll now begin the re-educating and enhancement surgery. This is the end of Rikka Minase as a Holy Core Battlemaiden."""
Rikka,English_Steam,Rikka.Fallen2-62,319,319,319,LQA_DIFFERS_FROM_MAIN,LOCAL_EQUALS_MAIN_LQA_NEW,"(I can't give up! If I can endure the re-educating, there will be another way!)","(I can't give up! If I can endure the brainwashing, there will be another way!)","(I can't give up! If I can endure the re-educating, there will be another way!)"
Rikka,English_Steam,Rikka.Fallen2-63,321,321,321,LQA_DIFFERS_FROM_MAIN,LOCAL_EQUALS_MAIN_LQA_NEW,"The re-educating device a emitted red light, and lasers were fired at Rikka's brain inside the mask.","The brainwashing device a emitted red light, and lasers were fired at Rikka's brain inside the mask.","The re-educating device a emitted red light, and lasers were fired at Rikka's brain inside the mask."
Rikka,English_Steam,Rikka.Fallen3-19,377,377,377,LQA_DIFFERS_FROM_MAIN,LOCAL_EQUALS_MAIN_LQA_NEW,"(Don't give up, I haven't lost yet! Even if I'm no longer a Holy Core Battlemaiden, if I can endure the re-education for twelve hours!)","(Don't give up, I haven't lost yet! Even if I'm no longer a Holy Core Battlemaiden, if I can endure the brainwashing for twelve hours!)","(Don't give up, I haven't lost yet! Even if I'm no longer a Holy Core Battlemaiden, if I can endure the re-education for twelve hours!)"
Rikka,English_Steam,Rikka.Fallen3-60,459,459,459,LQA_DIFFERS_FROM_MAIN,LOCAL_EQUALS_MAIN_LQA_NEW,"""...Re-educating at 99.9%. Holy Core conversion at 99.99%. Modification complete. You've done well.""","""...Brainwashing at 99.9%. Holy Core conversion at 99.99%. Modification complete. You've done well.""","""...Re-educating at 99.9%. Holy Core conversion at 99.99%. Modification complete. You've done well."""
Rikka,English_Steam,Rikka.Fallen3-69,478,478,478,LQA_DIFFERS_FROM_MAIN,LOCAL_EQUALS_MAIN_LQA_NEW,"""The re-education is complete, and her Holy Core has been replaced with a pseudo-Holy Core.""","""The brainwashing is complete, and her Holy Core has been replaced with a pseudo-Holy Core.""","""The re-education is complete, and her Holy Core has been replaced with a pseudo-Holy Core."""
Rikka,English_Steam,Rikka.Debauchery2-33,782,782,782,LQA_DIFFERS_FROM_MAIN,LOCAL_EQUALS_MAIN_LQA_NEW,"""The audience shot their loads at her.""","The audience shot their loads at her.""","""The audience shot their loads at her."""
Erena,English_Steam,Erena.Fallen1-4,9,9,9,LQA_DIFFERS_FROM_MAIN,LOCAL_EQUALS_MAIN_LQA_NEW,"Erena Seidō was confined to a research lab deep underground, courtesy of the Tentacle Man.","Elena Seidou was confined to a research lab deep underground, courtesy of the Tentacle Man.","Erena Seidō was confined to a research lab deep underground, courtesy of the Tentacle Man."
Erena,English_Steam,Erena.Fallen1-11,23,23,23,LQA_DIFFERS_FROM_MAIN,LOCAL_EQUALS_MAIN_LQA_NEW,The Tentacle Man removed a tentacle from Erena's mouth.,The Tentacle Man removed a tentacle from Elena's mouth.,The Tentacle Man removed a tentacle from Erena's mouth.
Erena,English_Steam,Erena.Fallen1-16,33,33,33,LQA_DIFFERS_FROM_MAIN,LOCAL_EQUALS_MAIN_LQA_NEW,(I am Erena Seidō! The deputy commander of the Holy Core Legion and a Holy Core Battlemaiden! I can't die here!),(I am Elena Seidou! The deputy commander of the Holy Core Legion and a Holy Core Battlemaiden! I can't die here!),(I am Erena Seidō! The deputy commander of the Holy Core Legion and a Holy Core Battlemaiden! I can't die here!)
Erena,English_Steam,Erena.Fallen1-19,39,39,39,LQA_DIFFERS_FROM_MAIN,LOCAL_EQUALS_MAIN_LQA_NEW,"""Valiant but reckless. Very much like you, Erena.""","""Valiant but reckless. Very much like you, Elena.""","""Valiant but reckless. Very much like you, Erena."""
Erena,English_Steam,Erena.Fallen1-25,51,51,51,LQA_DIFFERS_FROM_MAIN,LOCAL_EQUALS_MAIN_LQA_NEW,A tentacle extended from the Tentacle Man's mouth and wrapped itself around Erena's upper body.,A tentacle extended from the Tentacle Man's mouth and wrapped itself around Elena's upper body.,A tentacle extended from the Tentacle Man's mouth and wrapped itself around Erena's upper body.
Erena,English_Steam,Erena.Fallen1-31,63,63,63,LQA_DIFFERS_FROM_MAIN,LOCAL_EQUALS_MAIN_LQA_NEW,The Tentacle Man started sucking on Erena.,The Tentacle Man started sucking on Elena.,The Tentacle Man started sucking on Erena.
Erena,English_Steam,Erena.Fallen1-47,93,93,93,LQA_DIFFERS_FROM_MAIN,LOCAL_EQUALS_MAIN_LQA_NEW,Erena wiggled violently to resist and bit on a tentacle.,Elena wiggled violently to resist and bit on a tentacle.,Erena wiggled violently to resist and bit on a tentacle.
Erena,English_Steam,Erena.Fallen1-65,127,127,127,LQA_DIFFERS_FROM_MAIN,LOCAL_EQUALS_MAIN_LQA_NEW,"While Erena's consciousness grew hazy, her entire body was thoroughly violated by tentacles and slime.","While Elena's consciousness grew hazy, her entire body was thoroughly violated by tentacles and slime.","While Erena's consciousness grew hazy, her entire body was thoroughly violated by tentacles and slime."
Erena,English_Steam,Erena.Fallen1-68,133,133,133,LQA_DIFFERS_FROM_MAIN,LOCAL_EQUALS_MAIN_LQA_NEW,(Get it together♥♥! I'm Erena Seidō! I won't yield to some weakling like this!),(Get it together♥♥! I'm Elena Seidou! I won't yield to some weakling like this!),(Get it together♥♥! I'm Erena Seidō! I won't yield to some weakling like this!)
Erena,English_Steam,Erena.Fallen1-73,141,141,141,LQA_DIFFERS_FROM_MAIN,LOCAL_EQUALS_MAIN_LQA_NEW,Erena was finally released from the tentacle monster's mouth and exposed to outside air and light for the first time in hours.,Elena was finally released from the tentacle monster's mouth and exposed to outside air and light for the first time in hours.,Erena was finally released from the tentacle monster's mouth and exposed to outside air and light for the first time in hours.
Erena,English_Steam,Erena.Fallen1-79,153,153,153,LQA_DIFFERS_FROM_MAIN,LOCAL_EQUALS_MAIN_LQA_NEW,"""Oh my, Erena has become completely stupid.""","""Oh my, Elena has become completely stupid.""","""Oh my, Erena has become completely stupid."""
Erena,English_Steam,Erena.Fallen2-8,172,172,172,LQA_DIFFERS_FROM_MAIN,LOCAL_EQUALS_MAIN_LQA_NEW,"""Good morning, Erena. Have you gotten used to spending time inside me?""","""Good morning, Elena. Have you gotten used to spending time inside me?""","""Good morning, Erena. Have you gotten used to spending time inside me?"""
Erena,English_Steam,Erena.Fallen2-16,188,188,188,LQA_DIFFERS_FROM_MAIN,LOCAL_EQUALS_MAIN_LQA_NEW,"""By the way, hehehe, I have something I want to show you today, Erena.""","""By the way, hehehe, I have something I want to show you today, Elena.""","""By the way, hehehe, I have something I want to show you today, Erena."""
Erena,English_Steam,Erena.Fallen2-18,192,192,192,LQA_DIFFERS_FROM_MAIN,LOCAL_EQUALS_MAIN_LQA_NEW,"""You were the young heir of the Seidō family, part of a giant conglomerate group, weren't you?""","""You were the young heir of the Seidou family, part of a giant conglomerate group, weren't you?""","""You were the young heir of the Seidō family, part of a giant conglomerate group, weren't you?"""
Erena,English_Steam,Erena.Fallen2-23,202,202,202,LQA_DIFFERS_FROM_MAIN,LOCAL_EQUALS_MAIN_LQA_NEW,"""Hehehe, recently Foundation personnel had a talk with the Seidō Group about you, Erena.""","""Hehehe, recently Foundation personnel had a talk with the Seidou Group about you, Elena.""","""Hehehe, recently Foundation personnel had a talk with the Seidō Group about you, Erena."""
Erena,English_Steam,Erena.Fallen2-25,206,206,206,LQA_DIFFERS_FROM_MAIN,LOCAL_EQUALS_MAIN_LQA_NEW,"""Let me get to the point. The Seidō Group has become a subsidiary organization of our Foundation.""","""Let me get to the point. The Seidou Group has become a subsidiary organization of our Foundation.""","""Let me get to the point. The Seidō Group has become a subsidiary organization of our Foundation."""
Erena,English_Steam,Erena.Fallen2-27,210,210,210,LQA_DIFFERS_FROM_MAIN,LOCAL_EQUALS_MAIN_LQA_NEW,"""The Seidō Group was especially supportive of the Holy Core Battlemaidens, so why all of a sudden?""","""The Seidou Group was especially supportive of the Holy Core Battlemaidens, so why all of a sudden?""","""The Seidō Group was especially supportive of the Holy Core Battlemaidens, so why all of a sudden?"""
Erena,English_Steam,Erena.Fallen2-28,212,212,212,LQA_DIFFERS_FROM_MAIN,LOCAL_EQUALS_MAIN_LQA_NEW,"""Heh, when we told them we had captured you, Erena, they agreed immediately.""","""Heh, when we told them we had captured you, Elena, they agreed immediately.""","""Heh, when we told them we had captured you, Erena, they agreed immediately."""
Erena,English_Steam,Erena.Fallen2-29,214,214,214,LQA_DIFFERS_FROM_MAIN,LOCAL_EQUALS_MAIN_LQA_NEW,"""I feel sorry for you, Erena...but considering our current power, it was a very wise choice.""","""I feel sorry for you, Elena...but considering our current power, it was a very wise choice.""","""I feel sorry for you, Erena...but considering our current power, it was a very wise choice."""
Erena,English_Steam,Erena.Fallen2-32,220,220,220,LQA_DIFFERS_FROM_MAIN,LOCAL_EQUALS_MAIN_LQA_NEW,"(I've maintained deep relations between the Legion and the Seidō Group. If I return to headquarters, the Seidō Group should support the Holy Core Battlemaidens again.)","(I've maintained deep relations between the Legion and the Seidou Group. If I return to headquarters, the Seidou Group should support the Holy Core Battlemaidens again.)","(I've maintained deep relations between the Legion and the Seidō Group. If I return to headquarters, the Seidō Group should support the Holy Core Battlemaidens again.)"
Erena,English_Steam,Erena.Fallen2-33,222,222,222,LQA_DIFFERS_FROM_MAIN,LOCAL_EQUALS_MAIN_LQA_NEW,"""Erena, do you still think you can return to the Legion?""","""Elena, do you still think you can return to the Legion?""","""Erena, do you still think you can return to the Legion?"""
Erena,English_Steam,Erena.Fallen2-41,238,238,238,LQA_DIFFERS_FROM_MAIN,LOCAL_EQUALS_MAIN_LQA_NEW,"""Your resident registration has been erased. You're no longer a member of the Seidō family.""","""Your resident registration has been erased. You're no longer a member of the Seidou family.""","""Your resident registration has been erased. You're no longer a member of the Seidō family."""
Erena,English_Steam,Erena.Fallen2-43,242,242,242,LQA_DIFFERS_FROM_MAIN,LOCAL_EQUALS_MAIN_LQA_NEW,"""When we showed that video to your father, he was quite enraged. He said he won't allow you to use the Seidō name anymore.""","""When we showed that video to your father, he was quite enraged. He said he won't allow you to use the Seidou name anymore.""","""When we showed that video to your father, he was quite enraged. He said he won't allow you to use the Seidō name anymore."""
Erena,English_Steam,Erena.Fallen2-46,248,248,248,LQA_DIFFERS_FROM_MAIN,LOCAL_EQUALS_MAIN_LQA_NEW,Erena's family registration information was displayed on the monitor.,Elena's family registration information was displayed on the monitor.,Erena's family registration information was displayed on the monitor.
Erena,English_Steam,Erena.Fallen2-55,266,266,266,LQA_DIFFERS_FROM_MAIN,LOCAL_EQUALS_MAIN_LQA_NEW,"""All this time! For peace! For the Seidō Group! For the Holy Core Battlemaidens! I worked so hard!""","""All this time! For peace! For the Seidou Group! For the Holy Core Battlemaidens! I worked so hard!""","""All this time! For peace! For the Seidō Group! For the Holy Core Battlemaidens! I worked so hard!"""
Erena,English_Steam,Erena.Fallen2-57,270,270,270,LQA_DIFFERS_FROM_MAIN,LOCAL_EQUALS_MAIN_LQA_NEW,"""Oh my, poor Erena. It's painful to be betrayed by people you trusted.""","""Oh my, poor Elena. It's painful to be betrayed by people you trusted.""","""Oh my, poor Erena. It's painful to be betrayed by people you trusted."""
Erena,English_Steam,Erena.Fallen2-60,276,276,276,LQA_DIFFERS_FROM_MAIN,LOCAL_EQUALS_MAIN_LQA_NEW,"""Oh my, that strong-willed Erena is crying!""","""Oh my, that strong-willed Elena is crying!""","""Oh my, that strong-willed Erena is crying!"""
Erena,English_Steam,Erena.Fallen2-79,314,314,314,LQA_DIFFERS_FROM_MAIN,LOCAL_EQUALS_MAIN_LQA_NEW,"""Become my pet, Erena. Then you won't have to think about anything!""","""Become my pet, Elena. Then you won't have to think about anything!""","""Become my pet, Erena. Then you won't have to think about anything!"""
Erena,English_Steam,Erena.Fallen2-88,332,332,332,LQA_DIFFERS_FROM_MAIN,LOCAL_EQUALS_MAIN_LQA_NEW,(Even if I defeat this fiend and return to the Seidō family... the Legion... do I have a place there?),(Even if I defeat this fiend and return to the Seidou family... the Legion... do I have a place there?),(Even if I defeat this fiend and return to the Seidō family... the Legion... do I have a place there?)
Erena,English_Steam,Erena.Fallen2-89,334,334,334,LQA_DIFFERS_FROM_MAIN,LOCAL_EQUALS_MAIN_LQA_NEW,"""Hehe, Erena, how are my tentacles?""","""Hehe, Elena, how are my tentacles?""","""Hehe, Erena, how are my tentacles?"""
Erena,English_Steam,Erena.Fallen2-96,348,348,348,LQA_DIFFERS_FROM_MAIN,LOCAL_EQUALS_MAIN_LQA_NEW,"""What will you do, Erena? Will you become my pet... or continue your meaningless resistance?""","""What will you do, Elena? Will you become my pet... or continue your meaningless resistance?""","""What will you do, Erena? Will you become my pet... or continue your meaningless resistance?"""
Erena,English_Steam,Erena.Fallen2-100,356,356,356,LQA_DIFFERS_FROM_MAIN,LOCAL_EQUALS_MAIN_LQA_NEW,"""Is that so! Now everything about you belongs to me, Erena!""","""Is that so! Now everything about you belongs to me, Elena!""","""Is that so! Now everything about you belongs to me, Erena!"""
Erena,English_Steam,Erena.Fallen2-101,358,358,358,LQA_DIFFERS_FROM_MAIN,LOCAL_EQUALS_MAIN_LQA_NEW,"""Yes♥ Erena lost to Master and became Master's beloved pet♥""","""Yes♥ Elena lost to Master and became Master's beloved pet♥""","""Yes♥ Erena lost to Master and became Master's beloved pet♥"""
Erena,English_Steam,Erena.Fallen2-104,364,364,364,LQA_DIFFERS_FROM_MAIN,LOCAL_EQUALS_MAIN_LQA_NEW,Erena turned a broken smile toward the monitor aimed at her.,Elena turned a broken smile toward the monitor aimed at her.,Erena turned a broken smile toward the monitor aimed at her.
Erena,English_Steam,Erena.Fallen2-105,366,366,366,LQA_DIFFERS_FROM_MAIN,LOCAL_EQUALS_MAIN_LQA_NEW,"""I, Seidō... no, Erena has just become Master's beloved pet!""","""I, Seidou... no, Elena has just become Master's beloved pet!""","""I, Seidō... no, Erena has just become Master's beloved pet!"""
Erena,English_Steam,Erena.Fallen2-111,378,378,378,LQA_DIFFERS_FROM_MAIN,LOCAL_EQUALS_MAIN_LQA_NEW,Erena was taken in by the tentacle man without resisting.,Elena was taken in by the tentacle man without resisting.,Erena was taken in by the tentacle man without resisting.
Erena,English_Steam,Erena.Fallen2-116,388,388,388,LQA_DIFFERS_FROM_MAIN,LOCAL_EQUALS_MAIN_LQA_NEW,"""Of course, Erena. You don't have to think about anything. You just need to enjoy the endless pleasure inside me!""","""Of course, Elena. You don't have to think about anything. You just need to enjoy the endless pleasure inside me!""","""Of course, Erena. You don't have to think about anything. You just need to enjoy the endless pleasure inside me!"""
Erena,English_Steam,Erena.Fallen2-119,394,394,394,LQA_DIFFERS_FROM_MAIN,LOCAL_EQUALS_MAIN_LQA_NEW,Erena Seidō kept licking the tentacles in the dark with admiration.,Elena Seidou kept licking the tentacles in the dark with admiration.,Erena Seidō kept licking the tentacles in the dark with admiration.
Erena,English_Steam,Erena.Fallen2-124,404,404,404,LQA_DIFFERS_FROM_MAIN,LOCAL_EQUALS_MAIN_LQA_NEW,"In the dark, Erena's mind melted under the sinister pleasure that she was drowning in.","In the dark, Elena's mind melted under the sinister pleasure that she was drowning in.","In the dark, Erena's mind melted under the sinister pleasure that she was drowning in."
Erena,English_Steam,Erena.Fallen3-5,417,417,417,LQA_DIFFERS_FROM_MAIN,LOCAL_EQUALS_MAIN_LQA_NEW,Erena's abdomen expanded like a pregnant woman after the Tentacle Man kept pumping slime into her for a long time.,Elena's abdomen expanded like a pregnant woman after the Tentacle Man kept pumping slime into her for a long time.,Erena's abdomen expanded like a pregnant woman after the Tentacle Man kept pumping slime into her for a long time.
Erena,English_Steam,Erena.Fallen3-11,429,429,429,LQA_DIFFERS_FROM_MAIN,LOCAL_EQUALS_MAIN_LQA_NEW,"A nutritious slime came out from the tip of the tentacle that was in Erena's mouth, and flowed down her throat.","A nutritious slime came out from the tip of the tentacle that was in Elena's mouth, and flowed down her throat.","A nutritious slime came out from the tip of the tentacle that was in Erena's mouth, and flowed down her throat."
Erena,English_Steam,Erena.Fallen3-20,447,447,447,LQA_DIFFERS_FROM_MAIN,LOCAL_EQUALS_MAIN_LQA_NEW,The Tentacle Man petted Erena's head.,The Tentacle Man petted Elena's head.,The Tentacle Man petted Erena's head.
Erena,English_Steam,Erena.Fallen3-21,449,449,449,LQA_DIFFERS_FROM_MAIN,LOCAL_EQUALS_MAIN_LQA_NEW,"""Good job, Erena. You have good manners.""","""Good job, Elena. You have good manners.""","""Good job, Erena. You have good manners."""
Erena,English_Steam,Erena.Fallen3-30,467,467,467,LQA_DIFFERS_FROM_MAIN,LOCAL_EQUALS_MAIN_LQA_NEW,"""You can do it, Erena! You will give birth to a fiend that has inherited a lot of Holy Core energy!""","""You can do it, Elena! You will give birth to a fiend that has inherited a lot of Holy Core energy!""","""You can do it, Erena! You will give birth to a fiend that has inherited a lot of Holy Core energy!"""
Erena,English_Steam,Erena.Fallen3-36,479,479,479,LQA_DIFFERS_FROM_MAIN,LOCAL_EQUALS_MAIN_LQA_NEW,"""Erena, you're almost there! Just a little more and it'll be out fully!""","""Elena, you're almost there! Just a little more and it'll be out fully!""","""Erena, you're almost there! Just a little more and it'll be out fully!"""
Erena,English_Steam,Erena.Fallen3-43,493,493,493,LQA_DIFFERS_FROM_MAIN,LOCAL_EQUALS_MAIN_LQA_NEW,"""Erena, this is amazing! Well done!""","""Elena, this is amazing! Well done!""","""Erena, this is amazing! Well done!"""
Erena,English_Steam,Erena.Fallen3-46,499,499,499,LQA_DIFFERS_FROM_MAIN,LOCAL_EQUALS_MAIN_LQA_NEW,"""You did great, Erena. But this is no time to rest.""","""You did great, Elena. But this is no time to rest.""","""You did great, Erena. But this is no time to rest."""
Erena,English_Steam,Erena.Fallen3-50,507,507,507,LQA_DIFFERS_FROM_MAIN,LOCAL_EQUALS_MAIN_LQA_NEW,And then Erena was taken into the dark and slimy mouth of the fiend.,And then Elena was taken into the dark and slimy mouth of the fiend.,And then Erena was taken into the dark and slimy mouth of the fiend.
Erena,English_Steam,Erena.Debauchery1-1,526,526,526,LQA_DIFFERS_FROM_MAIN,LOCAL_EQUALS_MAIN_LQA_NEW,A while after Erena was defeated and trained by the Foundation,A while after Elena was defeated and trained by the Foundation,A while after Erena was defeated and trained by the Foundation
Erena,English_Steam,Erena.Debauchery1-16,554,554,554,LQA_DIFFERS_FROM_MAIN,LOCAL_EQUALS_MAIN_LQA_NEW,"""Let's get started for the shoot, Erena.""","""Let's get started for the shoot, Elena.""","""Let's get started for the shoot, Erena."""
Erena,English_Steam,Erena.Debauchery1-18,558,558,558,LQA_DIFFERS_FROM_MAIN,LOCAL_EQUALS_MAIN_LQA_NEW,One of the men pushed Erena down onto the inflatable mat on the floor.,One of the men pushed Elena down onto the inflatable mat on the floor.,One of the men pushed Erena down onto the inflatable mat on the floor.
Erena,English_Steam,Erena.Debauchery1-23,568,568,568,LQA_DIFFERS_FROM_MAIN,LOCAL_EQUALS_MAIN_LQA_NEW,"Erena finally understood, and blushed.","Elena finally understood, and blushed.","Erena finally understood, and blushed."
Erena,English_Steam,Erena.Debauchery1-42,606,606,606,LQA_DIFFERS_FROM_MAIN,LOCAL_EQUALS_MAIN_LQA_NEW,The director put his index and middle finger inside Erena's vagina.,The director put his index and middle finger inside Elena's vagina.,The director put his index and middle finger inside Erena's vagina.
Erena,English_Steam,Erena.Debauchery1-48,618,618,618,LQA_DIFFERS_FROM_MAIN,LOCAL_EQUALS_MAIN_LQA_NEW,The director stimulated Erena's vagina as if he was looking for something.,The director stimulated Elena's vagina as if he was looking for something.,The director stimulated Erena's vagina as if he was looking for something.
Erena,English_Steam,Erena.Debauchery1-70,662,662,662,LQA_DIFFERS_FROM_MAIN,LOCAL_EQUALS_MAIN_LQA_NEW,The director pulled his fingers out from Erena.,The director pulled his fingers out from Elena.,The director pulled his fingers out from Erena.
Erena,English_Steam,Erena.Debauchery1-80,682,682,682,LQA_DIFFERS_FROM_MAIN,LOCAL_EQUALS_MAIN_LQA_NEW,The director slapped Erena's crotch with his cock.,The director slapped Elena's crotch with his cock.,The director slapped Erena's crotch with his cock.
Erena,English_Steam,Erena.Debauchery1-102,726,726,726,LQA_DIFFERS_FROM_MAIN,LOCAL_EQUALS_MAIN_LQA_NEW,"Whenever Erena moved to get away from the pleasure, the man's cock found the spot again and relentlessly attacked it.","Whenever Elena moved to get away from the pleasure, the man's cock found the spot again and relentlessly attacked it.","Whenever Erena moved to get away from the pleasure, the man's cock found the spot again and relentlessly attacked it."
Erena,English_Steam,Erena.Debauchery1-108,738,738,738,LQA_DIFFERS_FROM_MAIN,LOCAL_EQUALS_MAIN_LQA_NEW,His cock went in deep and rubbed hard against Erena's most sensitive spot.,His cock went in deep and rubbed hard against Elena's most sensitive spot.,His cock went in deep and rubbed hard against Erena's most sensitive spot.
Erena,English_Steam,Erena.Debauchery1-118,758,758,758,LQA_DIFFERS_FROM_MAIN,LOCAL_EQUALS_MAIN_LQA_NEW,"""You are a genius, Erena! Can I borrow her for a while please? I will make sure she becomes the number one porn star!""","""You are a genius, Elena! Can I borrow her for a while please? I will make sure she becomes the number one porn star!""","""You are a genius, Erena! Can I borrow her for a while please? I will make sure she becomes the number one porn star!"""
Erena,English_Steam,Erena.Debauchery2-7,779,779,779,LQA_DIFFERS_FROM_MAIN,LOCAL_EQUALS_MAIN_LQA_NEW,"""It'll be called 'Big-breasted Milk Cow Princess Erena vs Seed-Sowing Geezers: One Hundred Fucks From Hell'!""","""It'll be called 'Big-breasted Milk Cow Princess Elena vs Seed-Sowing Geezers: One Hundred Fucks From Hell'!""","""It'll be called 'Big-breasted Milk Cow Princess Erena vs Seed-Sowing Geezers: One Hundred Fucks From Hell'!"""
Erena,English_Steam,Erena.Debauchery2-10,785,785,785,LQA_DIFFERS_FROM_MAIN,LOCAL_EQUALS_MAIN_LQA_NEW,Erena was surrounded by many men with raging hard-ons.,Elena was surrounded by many men with raging hard-ons.,Erena was surrounded by many men with raging hard-ons.
Erena,English_Steam,Erena.Debauchery2-15,795,795,795,LQA_DIFFERS_FROM_MAIN,LOCAL_EQUALS_MAIN_LQA_NEW,"""Erena, what's on your mind? Are you scared of facing a hundred men?""","""Elena, what's on your mind? Are you scared of facing a hundred men?""","""Erena, what's on your mind? Are you scared of facing a hundred men?"""
Erena,English_Steam,Erena.Debauchery2-37,839,839,839,LQA_DIFFERS_FROM_MAIN,LOCAL_EQUALS_MAIN_LQA_NEW,"""So that was the first person! Not bad, Erena.""","""So that was the first person! Not bad, Elena.""","""So that was the first person! Not bad, Erena."""
Erena,English_Steam,Erena.Debauchery2-42,849,849,849,LQA_DIFFERS_FROM_MAIN,LOCAL_EQUALS_MAIN_LQA_NEW,A cock came out from Erena's jizz-filled vagina with a slurping sound.,A cock came out from Elena's jizz-filled vagina with a slurping sound.,A cock came out from Erena's jizz-filled vagina with a slurping sound.
Erena,English_Steam,Erena.Debauchery2-45,855,855,855,LQA_DIFFERS_FROM_MAIN,LOCAL_EQUALS_MAIN_LQA_NEW,"""Thank you, director. How was Erena?""","""Thank you, director. How was Elena?""","""Thank you, director. How was Erena?"""
Erena,English_Steam,Erena.Debauchery2-61,887,887,887,LQA_DIFFERS_FROM_MAIN,LOCAL_EQUALS_MAIN_LQA_NEW,"After that, Erena, the Tentacle Man, and the extras that left behind had sex all night...","After that, Elena, the Tentacle Man, and the extras that left behind had sex all night...","After that, Erena, the Tentacle Man, and the extras that left behind had sex all night..."
Erena,English_Steam,Erena.Core1-18,924,924,924,LQA_DIFFERS_FROM_MAIN,LOCAL_EQUALS_MAIN_LQA_NEW,Erena was caught by countless tentacles and swallowed whole.,Elena was caught by countless tentacles and swallowed whole.,Erena was caught by countless tentacles and swallowed whole.
Erena,English_Steam,Erena.Core1-25,938,938,938,LQA_DIFFERS_FROM_MAIN,LOCAL_EQUALS_MAIN_LQA_NEW,Just when Erena was about to go all out to get out of the fiend...,Just when Elena was about to go all out to get out of the fiend...,Just when Erena was about to go all out to get out of the fiend...
Erena,English_Steam,Erena.Core1-33,954,954,954,LQA_DIFFERS_FROM_MAIN,LOCAL_EQUALS_MAIN_LQA_NEW,The flesh wrapping around Erena contracted and pushed her in further.,The flesh wrapping around Elena contracted and pushed her in further.,The flesh wrapping around Erena contracted and pushed her in further.
Erena,English_Steam,Erena.Core1-38,964,964,964,LQA_DIFFERS_FROM_MAIN,LOCAL_EQUALS_MAIN_LQA_NEW,The intestinal movements allowed the fiend to swallow Erena further down its digestive system.,The intestinal movements allowed the fiend to swallow Elena further down its digestive system.,The intestinal movements allowed the fiend to swallow Erena further down its digestive system.
Erena,English_Steam,Erena.Core1-41,970,970,970,LQA_DIFFERS_FROM_MAIN,LOCAL_EQUALS_MAIN_LQA_NEW,"Erena thought about how to get out several times, but she had no solutions when faced with the tremendous power of the fiend.","Elena thought about how to get out several times, but she had no solutions when faced with the tremendous power of the fiend.","Erena thought about how to get out several times, but she had no solutions when faced with the tremendous power of the fiend."
Erena,English_Steam,Erena.Core1-48,984,984,984,LQA_DIFFERS_FROM_MAIN,LOCAL_EQUALS_MAIN_LQA_NEW,Erena glowed yellow as her transformation was undone.,Elena glowed yellow as her transformation was undone.,Erena glowed yellow as her transformation was undone.
Erena,English_Steam,Erena.Core1-50,988,988,988,LQA_DIFFERS_FROM_MAIN,LOCAL_EQUALS_MAIN_LQA_NEW,"The flesh of the fiend came down on Erena, who lost her strength.","The flesh of the fiend came down on Elena, who lost her strength.","The flesh of the fiend came down on Erena, who lost her strength."
Erena,English_Steam,Erena.Core1-52,992,992,992,LQA_DIFFERS_FROM_MAIN,LOCAL_EQUALS_MAIN_LQA_NEW,(It's pressing against me and I can't move...),(It's pressing against me♥ and I can't move♥...),(It's pressing against me and I can't move...)
Erena,English_Steam,Erena.Core1-53,994,994,994,LQA_DIFFERS_FROM_MAIN,LOCAL_EQUALS_MAIN_LQA_NEW,(Is this it for me?),(Is this it for me♥?),(Is this it for me?)
Erena,English_Steam,Erena.Core1-55,998,998,998,LQA_DIFFERS_FROM_MAIN,LOCAL_EQUALS_MAIN_LQA_NEW,(What is this?!),(What is this♥?!),(What is this?!)
Erena,English_Steam,Erena.Core1-58,1004,1004,1004,LQA_DIFFERS_FROM_MAIN,LOCAL_EQUALS_MAIN_LQA_NEW,(I hate this! I can't believe this is how I'm going to die...),(I hate this! I can't believe this is how I'm going to die♥...),(I hate this! I can't believe this is how I'm going to die...)
Erena,English_Steam,Erena.Core1-59,1006,1006,1006,LQA_DIFFERS_FROM_MAIN,LOCAL_EQUALS_MAIN_LQA_NEW,"With the movements and the digestive acid, Erena was sent further down the fiend's digestive system as she was being digested.","With the movements and the digestive acid, Elena was sent further down the fiend's digestive system as she was being digested.","With the movements and the digestive acid, Erena was sent further down the fiend's digestive system as she was being digested."
Erena,English_Steam,Erena.Core1-61,1010,1010,1010,LQA_DIFFERS_FROM_MAIN,LOCAL_EQUALS_MAIN_LQA_NEW,Erena felt like she was losing herself.,Elena felt like she was losing herself.,Erena felt like she was losing herself.
Erena,English_Steam,Erena.Core1-63,1014,1014,1014,LQA_DIFFERS_FROM_MAIN,LOCAL_EQUALS_MAIN_LQA_NEW,Erena lost consciousness.,Elena lost consciousness.,Erena lost consciousness.
Erena,English_Steam,Erena.Core2-1,1018,1018,1018,LQA_DIFFERS_FROM_MAIN,LOCAL_EQUALS_MAIN_LQA_NEW,A while after Erena was eaten by the fiend...,A while after Elena was eaten by the fiend...,A while after Erena was eaten by the fiend...
Erena,English_Steam,Erena.Core2-8,1032,1032,1032,LQA_DIFFERS_FROM_MAIN,LOCAL_EQUALS_MAIN_LQA_NEW,Erena felt something bright.,Elena felt something bright.,Erena felt something bright.
Erena,English_Steam,Erena.Core2-13,1042,1042,1042,LQA_DIFFERS_FROM_MAIN,LOCAL_EQUALS_MAIN_LQA_NEW,(?!),(♥♥♥?!),(?!)
Erena,English_Steam,Erena.Core2-27,1070,1070,1070,LQA_DIFFERS_FROM_MAIN,LOCAL_EQUALS_MAIN_LQA_NEW,A pair of tong-like arms appeared and picked up Erena.,A pair of tong-like arms appeared and picked up Elena.,A pair of tong-like arms appeared and picked up Erena.
Erena,English_Steam,Erena.Core2-36,1088,1088,1088,LQA_DIFFERS_FROM_MAIN,LOCAL_EQUALS_MAIN_LQA_NEW,Erena tried to flex her muscles and exit the container.,Elena tried to flex her muscles and exit the container.,Erena tried to flex her muscles and exit the container.
Erena,English_Steam,Erena.Core2-38,1092,1092,1092,LQA_DIFFERS_FROM_MAIN,LOCAL_EQUALS_MAIN_LQA_NEW,The lid was closed and Erena was shut inside the container.,The lid was closed and Elena was shut inside the container.,The lid was closed and Erena was shut inside the container.
Erena,English_Steam,Erena.Core2-46,1108,1108,1108,LQA_DIFFERS_FROM_MAIN,LOCAL_EQUALS_MAIN_LQA_NEW,Erena's Holy Core was made into a sex sleeve for the soldiers...,Elena's Holy Core was made into a sex sleeve for the soldiers...,Erena's Holy Core was made into a sex sleeve for the soldiers...
Kei,English_Steam,Kei.Fallen1-5,11,11,11,LQA_DIFFERS_FROM_MAIN,LOCAL_EQUALS_MAIN_LQA_NEW,"""Aren't you going to re-educate me like you did with the other captured Holy Core Battlemaidens?""","""Aren't you going to brainwash me like you did with the other captured Holy Core Battlemaidens?""","""Aren't you going to re-educate me like you did with the other captured Holy Core Battlemaidens?"""
Kei,English_Steam,Kei.Fallen1-8,17,17,17,LQA_DIFFERS_FROM_MAIN,LOCAL_EQUALS_MAIN_LQA_NEW,"""I do, you're going to humiliate me as much as possible and then re-educate me, right?""","""I do, you're going to humiliate me as much as possible and then brainwash me, right?""","""I do, you're going to humiliate me as much as possible and then re-educate me, right?"""
Kei,English_Steam,Kei.Fallen2-13,311,311,311,LQA_DIFFERS_FROM_MAIN,LOCAL_EQUALS_MAIN_LQA_NEW,"""...Now, I'm going to squeeze my vagina very hard, so hurry up and ejaculate.""","""...Now, I'll going to squeeze my vagina very hard, so hurry up and ejaculate.""","""...Now, I'm going to squeeze my vagina very hard, so hurry up and ejaculate."""
Kei,English_Steam,Kei.Fallen2-45,375,375,375,LQA_DIFFERS_FROM_MAIN,LOCAL_EQUALS_MAIN_LQA_NEW,"""Whoa, I can't hold it, I'm comoing!""","""Whoa, I can't hold it, I'm cumming!""","""Whoa, I can't hold it, I'm comoing!"""
Kei,English_Steam,Kei.Fallen3-8,495,495,495,LQA_DIFFERS_FROM_MAIN,LOCAL_EQUALS_MAIN_LQA_NEW,"""Hehe, 'this bitch' is harsh. I'm now a modified soldier here, you know?""","""Hehe, 'this bitch' is harsh. I'm now a brainwashed and modified soldier here, you know?""","""Hehe, 'this bitch' is harsh. I'm now a modified soldier here, you know?"""
Kei,English_Steam,Kei.Debauchery1-65,713,713,713,LQA_DIFFERS_FROM_MAIN,LOCAL_EQUALS_MAIN_LQA_NEW,"""This piston moves in sync with viewer donations. Oh, someone's already donating.""","""This piston moves in sync with viewer donations. Oh, someone's already donating.","""This piston moves in sync with viewer donations. Oh, someone's already donating."""
Kei,English_Steam,Kei.Debauchery2-33,849,849,849,LQA_DIFFERS_FROM_MAIN,LOCAL_EQUALS_MAIN_LQA_NEW,"""Higu♥!? St-still only halfway!?""","""Wh♥!? What rule♥!?""","""Higu♥!? St-still only halfway!?"""
Record,English_Steam,Record.CloneTask-49,532,532,532,LQA_DIFFERS_FROM_MAIN,LOCAL_EQUALS_MAIN_LQA_NEW,"""After the soldier pulsated several times, the remaining semen was unloaded.""","After the soldier pulsated several times, the remaining semen was unloaded.""","""After the soldier pulsated several times, the remaining semen was unloaded."""
Record,English_Steam,Record.Erenayuta-1,554,554,554,LQA_DIFFERS_FROM_MAIN,LOCAL_EQUALS_MAIN_LQA_NEW,Some time passed after Erena and Nayuta fell into the Foundation's hands...,Some time passed after Elena and Nayuta fell into the Foundation's hands...,Some time passed after Erena and Nayuta fell into the Foundation's hands...
Record,English_Steam,Record.Erenayuta-2,556,556,556,LQA_DIFFERS_FROM_MAIN,LOCAL_EQUALS_MAIN_LQA_NEW,Erena and Nayuta were tied to the wall of a public restroom.,Elena and Nayuta were tied to the wall of a public restroom.,Erena and Nayuta were tied to the wall of a public restroom.
Record,English_Steam,Record.Erenayuta-29,610,610,610,LQA_DIFFERS_FROM_MAIN,LOCAL_EQUALS_MAIN_LQA_NEW,"Nayuta and Erena competed by tightening, encouraging ejaculations.","Nayuta and Elena competed by tightening, encouraging ejaculations.","Nayuta and Erena competed by tightening, encouraging ejaculations."
Record,English_Steam,Record.Erenayuta-32,616,616,616,LQA_DIFFERS_FROM_MAIN,LOCAL_EQUALS_MAIN_LQA_NEW,"""Whoa, amazing... So this is Erena the porn star's pussy...""","""Whoa, amazing... So this is Elena the porn star's pussy...""","""Whoa, amazing... So this is Erena the porn star's pussy..."""
Record,English_Steam,Record.Erenayuta-38,628,628,628,LQA_DIFFERS_FROM_MAIN,LOCAL_EQUALS_MAIN_LQA_NEW,"""I won't lose to Erena♥ Of course I'll win♥""","""I won't lose to Elena♥ Of course I'll win♥""","""I won't lose to Erena♥ Of course I'll win♥"""
Record,English_Steam,Record.Erenayuta-41,634,634,634,LQA_DIFFERS_FROM_MAIN,LOCAL_EQUALS_MAIN_LQA_NEW,"Almost simultaneously, both Erena and Nayuta were filled with hot jizz.","Almost simultaneously, both Elena and Nayuta were filled with hot jizz.","Almost simultaneously, both Erena and Nayuta were filled with hot jizz."
Record,English_Steam,Record.Erenayuta-48,648,648,648,LQA_DIFFERS_FROM_MAIN,LOCAL_EQUALS_MAIN_LQA_NEW,Then the next men approached Nayuta and Erena.,Then the next men approached Nayuta and Elena.,Then the next men approached Nayuta and Erena.
Record,English_Steam,Record.Erenayuta-55,662,662,662,LQA_DIFFERS_FROM_MAIN,LOCAL_EQUALS_MAIN_LQA_NEW,And so Erena and Nayuta engaged in the public service competition all night long.,And so Elena and Nayuta engaged in the public service competition all night long.,And so Erena and Nayuta engaged in the public service competition all night long.
Record,English_Steam,Record.Erenayuta-73,698,698,698,LQA_DIFFERS_FROM_MAIN,LOCAL_EQUALS_MAIN_LQA_NEW,"Erena and Nayuta had already accepted countless men and their cocks, and no longer had any resistance to being cum dumpsters.","Elena and Nayuta had already accepted countless men and their cocks, and no longer had any resistance to being cum dumpsters.","Erena and Nayuta had already accepted countless men and their cocks, and no longer had any resistance to being cum dumpsters."
Record,English_Steam,Record.Erenayuta-83,718,718,718,LQA_DIFFERS_FROM_MAIN,LOCAL_EQUALS_MAIN_LQA_NEW,"Saying that, the man began urinating inside Erena.","Saying that, the man began urinating inside Elena.","Saying that, the man began urinating inside Erena."
Record,English_Steam,Record.Erenayuta-91,734,734,734,LQA_DIFFERS_FROM_MAIN,LOCAL_EQUALS_MAIN_LQA_NEW,"""W-wait, m-me too♥ Please urinate on me too♥ I can't let Erena win♥""","""W-wait, m-me too♥ Please urinate on me too♥ I can't let Elena win♥""","""W-wait, m-me too♥ Please urinate on me too♥ I can't let Erena win♥"""
Record,English_Steam,Record.SeikakuEquip-2,812,812,812,LQA_DIFFERS_FROM_MAIN,LOCAL_EQUALS_MAIN_LQA_NEW,"In one room of the Fallen Foundation’s underground hideout, the sounds of machinery and running water echoed through the air.","In a room in the Forren Foundation's underground hideout, there was a room echoing with the sound of machines and water.","In one room of the Fallen Foundation’s underground hideout, the sounds of machinery and running water echoed through the air."
Record,English_Steam,Record.SeikakuEquip-15,838,838,838,LQA_DIFFERS_FROM_MAIN,LOCAL_EQUALS_MAIN_LQA_NEW,"After Erena's body was dissolved and processed, she was being used as a pussy in Kei, who had become a sex doll.","After Elena's body was dissolved and processed, she was being used as a pussy in Kei, who had become a sex doll.","After Erena's body was dissolved and processed, she was being used as a pussy in Kei, who had become a sex doll."
DLCメインストーリー,English_Steam,Dialog.DLC-P-5,14,14,14,LQA_DIFFERS_FROM_MAIN,LOCAL_EQUALS_MAIN_LQA_NEW,"""Today's progress. Re-education depth at 36%... not much advancement.""","""Today's progress. Brainwashing depth at 36%... not much advancement.""","""Today's progress. Re-education depth at 36%... not much advancement."""
DLCメインストーリー,English_Steam,Dialog.DLC-P-9,22,22,22,LQA_DIFFERS_FROM_MAIN,LOCAL_EQUALS_MAIN_LQA_NEW,"""Perhaps she has resistance to re-educating...? We'll need to report this to Technical Executive Kei.""","""Perhaps she has resistance to brainwashing...? We'll need to report this to Technical Executive Kei.""","""Perhaps she has resistance to re-educating...? We'll need to report this to Technical Executive Kei."""
DLCメインストーリー,English_Steam,Dialog.DLC-P-18,43,43,43,LQA_DIFFERS_FROM_MAIN,LOCAL_EQUALS_MAIN_LQA_NEW,"""Production Exec Akiho, Finance Exec Erena, Military Exec Nayuta, Tech Exec Kei. Reports.""","""...Now then, Production Executive Akiho, Finance Executive Elena, Military Executive Nayuta, Technical Executive Kei, please give your reports.""","""Production Exec Akiho, Finance Exec Erena, Military Exec Nayuta, Tech Exec Kei. Reports."""
DLCメインストーリー,English_Steam,Dialog.DLC-P-31,71,71,71,LQA_DIFFERS_FROM_MAIN,LOCAL_EQUALS_MAIN_LQA_NEW,"""These are soldiers created by capturing ordinary people and performing simple pseudo-Holy Core implant surgery and re-education.""","""These are soldiers created by capturing ordinary people and performing simple pseudo-Holy Core implant surgery and brainwashing.""","""These are soldiers created by capturing ordinary people and performing simple pseudo-Holy Core implant surgery and re-education."""
DLCメインストーリー,English_Steam,Dialog.DLC-P-89,192,192,192,LQA_DIFFERS_FROM_MAIN,LOCAL_EQUALS_MAIN_LQA_NEW,"""And... Erena is there... I absolutely want to get her back!""","""And... Elena is there... I absolutely want to get her back!""","""And... Erena is there... I absolutely want to get her back!"""
DLCメインストーリー,English_Steam,Dialog.DLC1-1-7,229,229,229,LQA_DIFFERS_FROM_MAIN,LOCAL_EQUALS_MAIN_LQA_NEW,"""The Seidō Group was apparently developing it to support Holy Core Battlemaidens... They say its combat power rivals Nayuta's.""","""The Seidou Group was apparently developing it to support Holy Core Battlemaidens... They say its combat power rivals Nayuta's.""","""The Seidō Group was apparently developing it to support Holy Core Battlemaidens... They say its combat power rivals Nayuta's."""
DLCメインストーリー,English_Steam,Dialog.DLC1-1-10,237,237,237,LQA_DIFFERS_FROM_MAIN,LOCAL_EQUALS_MAIN_LQA_NEW,"""It's at a facility under Seidō Group's control. However...""","""It's at a facility under Seidou Group's control. However...""","""It's at a facility under Seidō Group's control. However..."""
DLCメインストーリー,English_Steam,Dialog.DLC1-1-12,241,241,241,LQA_DIFFERS_FROM_MAIN,LOCAL_EQUALS_MAIN_LQA_NEW,"""The storage facility is under Foundation control and heavily guarded... Now it's difficult to enter without Erena's permission.""","""The storage facility is under Foundation control and heavily guarded... Now it's difficult to enter without Elena's permission.""","""The storage facility is under Foundation control and heavily guarded... Now it's difficult to enter without Erena's permission."""
DLCメインストーリー,English_Steam,Dialog.DLC1-1-14,245,245,245,LQA_DIFFERS_FROM_MAIN,LOCAL_EQUALS_MAIN_LQA_NEW,"""...So we just need to kidnap Erena Seidō and force her to open it.""","""...So we just need to kidnap Elena Seidou and force her to open it.""","""...So we just need to kidnap Erena Seidō and force her to open it."""
DLCメインストーリー,English_Steam,Dialog.DLC1-1-16,249,249,249,LQA_DIFFERS_FROM_MAIN,LOCAL_EQUALS_MAIN_LQA_NEW,"""If possible, we could persuade her... If not, if we had something to prove it's Erena's directive... like an ID card...?""","""If possible, we could persuade her... If not, if we had something to prove it's Elena's directive... like an ID card...?""","""If possible, we could persuade her... If not, if we had something to prove it's Erena's directive... like an ID card...?"""
DLCメインストーリー,English_Steam,Dialog.DLC1-1-17,251,251,251,LQA_DIFFERS_FROM_MAIN,LOCAL_EQUALS_MAIN_LQA_NEW,"""But... how do you plan to approach Erena Seidō?""","""But... how do you plan to approach Elena Seidou?""","""But... how do you plan to approach Erena Seidō?"""
DLCメインストーリー,English_Steam,Dialog.DLC1-1-30,277,277,277,LQA_DIFFERS_FROM_MAIN,LOCAL_EQUALS_MAIN_LQA_NEW,"""I... for peace! ...I fight to restore the peaceful daily life with Erena and all the Holy Core Battlemaidens...!""","""I... for peace! ...I fight to restore the peaceful daily life with Elena and all the Holy Core Battlemaidens...!""","""I... for peace! ...I fight to restore the peaceful daily life with Erena and all the Holy Core Battlemaidens...!"""
DLCメインストーリー,English_Steam,Dialog.DLC1-1-98,414,414,414,LQA_DIFFERS_FROM_MAIN,LOCAL_EQUALS_MAIN_LQA_NEW,(Spread the Foundation's control through fear and lust.),(Spread the Foundation's control through fear and lust.],(Spread the Foundation's control through fear and lust.)
DLCメインストーリー,English_Steam,Dialog.DLC1-1-105,428,428,428,LQA_DIFFERS_FROM_MAIN,LOCAL_EQUALS_MAIN_LQA_NEW,And so Hisui's re-education program continued for a while...,And so Hisui's brainwashing program continued for a while...,And so Hisui's re-education program continued for a while...
DLCメインストーリー,English_Steam,Dialog.DLC1-1-126,470,470,470,LQA_DIFFERS_FROM_MAIN,LOCAL_EQUALS_MAIN_LQA_NEW,(Nah♥ N-no...♥! I'm a Holy Core Battlemaiden...♥ This level of re-education...!),(Nah♥ N-no...♥! I'm a Holy Core Battlemaiden...♥ This level of brainwashing...!),(Nah♥ N-no...♥! I'm a Holy Core Battlemaiden...♥ This level of re-education...!)
DLCメインストーリー,English_Steam,Dialog.DLC1-1-159,540,540,540,LQA_DIFFERS_FROM_MAIN,LOCAL_EQUALS_MAIN_LQA_NEW,"(...Haa, haa, I managed to withstand the re-education... right...?)","(...Haa, haa, I managed to withstand the brainwashing... right...?)","(...Haa, haa, I managed to withstand the re-education... right...?)"
DLCメインストーリー,English_Steam,Dialog.DLC1-1-171,564,564,564,LQA_DIFFERS_FROM_MAIN,LOCAL_EQUALS_MAIN_LQA_NEW,(...In that case! Maybe I can get closer to Erena...!),(...In that case! Maybe I can get closer to Elena...!),(...In that case! Maybe I can get closer to Erena...!)
DLCメインストーリー,English_Steam,Dialog.DLC1-2-21,624,624,624,LQA_DIFFERS_FROM_MAIN,LOCAL_EQUALS_MAIN_LQA_NEW,(Senior executive unit...! There I might be able to get close to Erena...!),(Senior executive unit...! There I might be able to get close to Elena...!),(Senior executive unit...! There I might be able to get close to Erena...!)
DLCメインストーリー,English_Steam,Dialog.DLC1-2-25,632,632,632,LQA_DIFFERS_FROM_MAIN,LOCAL_EQUALS_MAIN_LQA_NEW,"(Yes! Now I can get closer to the Foundation... no, to Erena...!)","(Yes! Now I can get closer to the Foundation... no, to Elena...!)","(Yes! Now I can get closer to the Foundation... no, to Erena...!)"
DLCメインストーリー,English_Steam,Dialog.DLC1-2-28,638,638,638,LQA_DIFFERS_FROM_MAIN,LOCAL_EQUALS_MAIN_LQA_NEW,"(Still, I'm a junior soldier now... I need to focus on what's in front of me to get closer to Erena...!)","(Still, I'm a junior soldier now... I need to focus on what's in front of me to get closer to Elena...!)","(Still, I'm a junior soldier now... I need to focus on what's in front of me to get closer to Erena...!)"
DLCメインストーリー,English_Steam,Dialog.DLC1-2-61,709,709,709,LQA_DIFFERS_FROM_MAIN,LOCAL_EQUALS_MAIN_LQA_NEW,"""Why is a junior soldier acting embarrassed? Want to be sent back to the re-educating device?""","""Why is a junior soldier acting embarrassed? Want to be sent back to the brainwashing device?""","""Why is a junior soldier acting embarrassed? Want to be sent back to the re-educating device?"""
DLCメインストーリー,English_Steam,Dialog.DLC1-2-118,823,823,823,LQA_DIFFERS_FROM_MAIN,LOCAL_EQUALS_MAIN_LQA_NEW,(Yes! Now I'm even closer... Yes! To Erena...!),(Yes! Now I'm even closer... Yes! To Elena...!),(Yes! Now I'm even closer... Yes! To Erena...!)
DLCメインストーリー,English_Steam,Dialog.DLC1-3-6,848,848,848,LQA_DIFFERS_FROM_MAIN,LOCAL_EQUALS_MAIN_LQA_NEW,"(But... I still haven't been able to locate Erena... As expected, being a junior soldier has its limits...)","(But... I still haven't been able to locate Elena... As expected, being a junior soldier has its limits...)","(But... I still haven't been able to locate Erena... As expected, being a junior soldier has its limits...)"
DLCメインストーリー,English_Steam,Dialog.DLC1-3-19,876,876,876,LQA_DIFFERS_FROM_MAIN,LOCAL_EQUALS_MAIN_LQA_NEW,"""Yeah, it was good... Oh, that's right! I work under executive fiend Erena...""","""Yeah, it was good... Oh, that's right! I work under executive fiend Elena...""","""Yeah, it was good... Oh, that's right! I work under executive fiend Erena..."""
DLCメインストーリー,English_Steam,Dialog.DLC1-3-20,878,878,878,LQA_DIFFERS_FROM_MAIN,LOCAL_EQUALS_MAIN_LQA_NEW,(Erena... Erena...?!),(Elena... Elena...?!),(Erena... Erena...?!)
DLCメインストーリー,English_Steam,Dialog.DLC1-3-24,886,886,886,LQA_DIFFERS_FROM_MAIN,LOCAL_EQUALS_MAIN_LQA_NEW,"""Plus, Erena will be at the shoot... It's not often that a junior soldier gets to meet a high-ranking executive up close.""","""Plus, Elena will be at the shoot... It's not often that a junior soldier gets to meet a high-ranking executive up close.""","""Plus, Erena will be at the shoot... It's not often that a junior soldier gets to meet a high-ranking executive up close."""
DLCメインストーリー,English_Steam,Dialog.DLC1-3-25,888,888,888,LQA_DIFFERS_FROM_MAIN,LOCAL_EQUALS_MAIN_LQA_NEW,(Violating civilians is concerning... but this is my chance to get close to Erena!),(Violating civilians is concerning... but this is my chance to get close to Elena!),(Violating civilians is concerning... but this is my chance to get close to Erena!)
DLCメインストーリー,English_Steam,Dialog.DLC1-3-28,896,896,896,LQA_DIFFERS_FROM_MAIN,LOCAL_EQUALS_MAIN_LQA_NEW,"(...The filming day has finally arrived... If everything goes as planned, Erena will be here today...!)","(...The filming day has finally arrived... If everything goes as planned, Elena will be here today...!)","(...The filming day has finally arrived... If everything goes as planned, Erena will be here today...!)"
DLCメインストーリー,English_Steam,Dialog.DLC1-3-30,900,900,900,LQA_DIFFERS_FROM_MAIN,LOCAL_EQUALS_MAIN_LQA_NEW,(...Today is the big day... I absolutely must meet Erena!),(...Today is the big day... I absolutely must meet Elena!),(...Today is the big day... I absolutely must meet Erena!)
DLCメインストーリー,English_Steam,Dialog.DLC1-3-36,912,912,912,LQA_DIFFERS_FROM_MAIN,LOCAL_EQUALS_MAIN_LQA_NEW,(...I knew it! Erena!),(...I knew it! Elena!),(...I knew it! Erena!)
DLCメインストーリー,English_Steam,Dialog.DLC1-3-38,916,916,916,LQA_DIFFERS_FROM_MAIN,LOCAL_EQUALS_MAIN_LQA_NEW,"(...I don't understand the circumstances, but... Erena is still...)","(...I don't understand the circumstances, but... Elena is still...)","(...I don't understand the circumstances, but... Erena is still...)"
DLCメインストーリー,English_Steam,Dialog.DLC1-3-52,946,946,946,LQA_DIFFERS_FROM_MAIN,LOCAL_EQUALS_MAIN_LQA_NEW,(...Just a little more and I can reach Erena-senpai... This is the final push...),(...Just a little more and I can reach Elena-senpai... This is the final push...),(...Just a little more and I can reach Erena-senpai... This is the final push...)
DLCメインストーリー,English_Steam,Dialog.DLC1-3-76,994,994,994,LQA_DIFFERS_FROM_MAIN,LOCAL_EQUALS_MAIN_LQA_NEW,(My pussy is tingling♥ it feels good... ugh♥ this is all... because of that weird education...♥),(My pussy is tingling♥ it feels good... ugh♥ this is all... because of that weird brainwashing...♥),(My pussy is tingling♥ it feels good... ugh♥ this is all... because of that weird education...♥)
DLCメインストーリー,English_Steam,Dialog.DLC1-3-78,998,998,998,LQA_DIFFERS_FROM_MAIN,LOCAL_EQUALS_MAIN_LQA_NEW,(Haah♥ if Erena saw me like this...♥),(Haah♥ if Elena saw me like this...♥),(Haah♥ if Erena saw me like this...♥)
DLCメインストーリー,English_Steam,Dialog.DLC1-3-122,1088,1088,1088,LQA_DIFFERS_FROM_MAIN,LOCAL_EQUALS_MAIN_LQA_NEW,(Erena is over there... now's my chance...!),(Elena is over there... now's my chance...!),(Erena is over there... now's my chance...!)
DLCメインストーリー,English_Steam,Dialog.DLC1-3-124,1094,1094,1094,LQA_DIFFERS_FROM_MAIN,LOCAL_EQUALS_MAIN_LQA_NEW,Hisui found an opening when Erena was alone and rushed to her.,Hisui found an opening when Elena was alone and rushed to her.,Hisui found an opening when Erena was alone and rushed to her.
DLCメインストーリー,English_Steam,Dialog.DLC1-3-127,1100,1100,1100,LQA_DIFFERS_FROM_MAIN,LOCAL_EQUALS_MAIN_LQA_NEW,"(...Eh, Erena... right?)","(...Eh, Elena... right?)","(...Eh, Erena... right?)"
DLCメインストーリー,English_Steam,Dialog.DLC1-3-130,1106,1106,1106,LQA_DIFFERS_FROM_MAIN,LOCAL_EQUALS_MAIN_LQA_NEW,"""It's me! Erena...!""","""It's me! Elena...!""","""It's me! Erena...!"""
DLCメインストーリー,English_Steam,Dialog.DLC1-3-137,1120,1120,1120,LQA_DIFFERS_FROM_MAIN,LOCAL_EQUALS_MAIN_LQA_NEW,"""...Erena, about you being a Foundation executive... that's not real, is it...?""","""...Elena, about you being a Foundation executive... that's not real, is it...?""","""...Erena, about you being a Foundation executive... that's not real, is it...?"""
DLCメインストーリー,English_Steam,Dialog.DLC1-3-145,1136,1136,1136,LQA_DIFFERS_FROM_MAIN,LOCAL_EQUALS_MAIN_LQA_NEW,"At that moment, purple light rose from Erena and enveloped her body.","At that moment, purple light rose from Elena and enveloped her body.","At that moment, purple light rose from Erena and enveloped her body."
DLCメインストーリー,English_Steam,Dialog.DLC1-3-152,1150,1150,1150,LQA_DIFFERS_FROM_MAIN,LOCAL_EQUALS_MAIN_LQA_NEW,"Just when Erena was about to strike Hisui down, something broke through the ceiling and came into the room.","Just when Elena was about to strike Hisui down, something broke through the ceiling and came into the room.","Just when Erena was about to strike Hisui down, something broke through the ceiling and came into the room."
DLCメインストーリー,English_Steam,Dialog.DLC1-3-155,1156,1156,1156,LQA_DIFFERS_FROM_MAIN,LOCAL_EQUALS_MAIN_LQA_NEW,"""I found you, Erena Seidō!! Haah!!""","""I found you, Elena Seidou!! Haah!!""","""I found you, Erena Seidō!! Haah!!"""
DLCメインストーリー,English_Steam,Dialog.DLC1-3-157,1160,1160,1160,LQA_DIFFERS_FROM_MAIN,LOCAL_EQUALS_MAIN_LQA_NEW,"As Daiya swung her sword, Erena's wrist was severed along with her spear and flew through the air.","As Daiya swung her sword, Elena's wrist was severed along with her spear and flew through the air.","As Daiya swung her sword, Erena's wrist was severed along with her spear and flew through the air."
DLCメインストーリー,English_Steam,Dialog.DLC1-3-159,1164,1164,1164,LQA_DIFFERS_FROM_MAIN,LOCAL_EQUALS_MAIN_LQA_NEW,"""I am Holy Core Battlemaiden Diamond! Erena Seidō, I condemn you for the crime of betraying the Holy Core Battlemaidens and peace!""","""I am Holy Core Battlemaiden Diamond! Elena Seidou, I condemn you for the crime of betraying the Holy Core Battlemaidens and peace!""","""I am Holy Core Battlemaiden Diamond! Erena Seidō, I condemn you for the crime of betraying the Holy Core Battlemaidens and peace!"""
DLCメインストーリー,English_Steam,Dialog.DLC2-0-5,1179,1179,1179,LQA_DIFFERS_FROM_MAIN,LOCAL_EQUALS_MAIN_LQA_NEW,"""The perimeter is completely secured. Erena Seidō, resistance is futile.""","""The perimeter is completely secured. Elena Seidou, resistance is futile.""","""The perimeter is completely secured. Erena Seidō, resistance is futile."""
DLCメインストーリー,English_Steam,Dialog.DLC2-0-7,1183,1183,1183,LQA_DIFFERS_FROM_MAIN,LOCAL_EQUALS_MAIN_LQA_NEW,"""...Good work, Hisui. Thanks to you, we were able to corner Erena Seidō.""","""...Good work, Hisui. Thanks to you, we were able to corner Elena Seidou.""","""...Good work, Hisui. Thanks to you, we were able to corner Erena Seidō."""
DLCメインストーリー,English_Steam,Dialog.DLC2-0-14,1197,1197,1197,LQA_DIFFERS_FROM_MAIN,LOCAL_EQUALS_MAIN_LQA_NEW,"""...Erena Seidō, you will come with us as a prisoner.""","""...Elena Kijofuji, you will come with us as a prisoner.""","""...Erena Seidō, you will come with us as a prisoner."""
DLCメインストーリー,English_Steam,Dialog.DLC2-0-16,1201,1201,1201,LQA_DIFFERS_FROM_MAIN,LOCAL_EQUALS_MAIN_LQA_NEW,"Erena's entire body pulsated, and flesh bulged from the severed arm's stump.","Elena's entire body pulsated, and flesh bulged from the severed arm's stump.","Erena's entire body pulsated, and flesh bulged from the severed arm's stump."
DLCメインストーリー,English_Steam,Dialog.DLC2-0-18,1205,1205,1205,LQA_DIFFERS_FROM_MAIN,LOCAL_EQUALS_MAIN_LQA_NEW,"""E-Erena...?!""","""E-Elena...?!""","""E-Erena...?!"""
DLCメインストーリー,English_Steam,Dialog.DLC2-0-20,1209,1209,1209,LQA_DIFFERS_FROM_MAIN,LOCAL_EQUALS_MAIN_LQA_NEW,"Erena's entire body turned red, and countless tentacles emerged from her body.","Elena's entire body turned red, and countless tentacles emerged from her body.","Erena's entire body turned red, and countless tentacles emerged from her body."
DLCメインストーリー,English_Steam,Dialog.DLC2-0-31,1231,1231,1231,LQA_DIFFERS_FROM_MAIN,LOCAL_EQUALS_MAIN_LQA_NEW,"""Ah... but... E-Erena...?""","""Ah... but... E-Elena...?""","""Ah... but... E-Erena...?"""
DLCメインストーリー,English_Steam,Dialog.DLC2-0-36,1243,1243,1243,LQA_DIFFERS_FROM_MAIN,LOCAL_EQUALS_MAIN_LQA_NEW,Several minutes after the battle between Daiya and Erena began,Several minutes after the battle between Daiya and Elena began,Several minutes after the battle between Daiya and Erena began
DLCメインストーリー,English_Steam,Dialog.DLC2-0-42,1255,1255,1255,LQA_DIFFERS_FROM_MAIN,LOCAL_EQUALS_MAIN_LQA_NEW,"An arrow pierced Erena's body, and the tentacles stopped moving for a moment.","An arrow pierced Elena's body, and the tentacles stopped moving for a moment.","An arrow pierced Erena's body, and the tentacles stopped moving for a moment."
DLCメインストーリー,English_Steam,Dialog.DLC2-0-44,1259,1259,1259,LQA_DIFFERS_FROM_MAIN,LOCAL_EQUALS_MAIN_LQA_NEW,"Seizing the opportunity, Daiya cut off several of Erena's tentacles.","Seizing the opportunity, Daiya cut off several of Elena's tentacles.","Seizing the opportunity, Daiya cut off several of Erena's tentacles."
DLCメインストーリー,English_Steam,Dialog.DLC2-0-49,1269,1269,1269,LQA_DIFFERS_FROM_MAIN,LOCAL_EQUALS_MAIN_LQA_NEW,"""Even if it's Erena... she's just a fiend now... I've made my resolve!""","""Even if it's Elena... she's just a fiend now... I've made my resolve!""","""Even if it's Erena... she's just a fiend now... I've made my resolve!"""
DLCメインストーリー,English_Steam,Dialog.DLC2-0-53,1277,1277,1277,LQA_DIFFERS_FROM_MAIN,LOCAL_EQUALS_MAIN_LQA_NEW,"However, Daiya and Hisui steadily cut off Erena's tentacles.","However, Daiya and Hisui steadily cut off Elena's tentacles.","However, Daiya and Hisui steadily cut off Erena's tentacles."
DLCメインストーリー,English_Steam,Dialog.DLC2-0-58,1287,1287,1287,LQA_DIFFERS_FROM_MAIN,LOCAL_EQUALS_MAIN_LQA_NEW,Daiya stopped her sword aimed at Erena and retreated.,Daiya stopped her sword aimed at Elena and retreated.,Daiya stopped her sword aimed at Erena and retreated.
DLCメインストーリー,English_Steam,Dialog.DLC2-0-63,1297,1297,1297,LQA_DIFFERS_FROM_MAIN,LOCAL_EQUALS_MAIN_LQA_NEW,Crash!,"Crash!""",Crash!
DLCメインストーリー,English_Steam,Dialog.DLC2-0-75,1325,1325,1325,LQA_DIFFERS_FROM_MAIN,LOCAL_EQUALS_MAIN_LQA_NEW,"Daiya had been utterly defeated by Nayuta and Erena, and was already half unconscious.","Daiya had been utterly defeated by Nayuta and Elena, and was already half unconscious.","Daiya had been utterly defeated by Nayuta and Erena, and was already half unconscious."
DLCメインストーリー,English_Steam,Dialog.DLC2-0-80,1335,1335,1335,LQA_DIFFERS_FROM_MAIN,LOCAL_EQUALS_MAIN_LQA_NEW,"""Erena, killing capture targets violates orders.""","""Elena, killing capture targets violates orders.""","""Erena, killing capture targets violates orders."""
DLCメインストーリー,English_Steam,Dialog.DLC2-1-11,1388,1388,1388,LQA_DIFFERS_FROM_MAIN,LOCAL_EQUALS_MAIN_LQA_NEW,"""Fufu, please do your best. Now then...""","""Fufu, please do your best. Now then...","""Fufu, please do your best. Now then..."""
DLCメインストーリー,English_Steam,Dialog.DLC2-1-25,1420,1420,1420,LQA_DIFFERS_FROM_MAIN,LOCAL_EQUALS_MAIN_LQA_NEW,Seidō Group Secret Warehouse,Seidou Group Secret Warehouse,Seidō Group Secret Warehouse
DLCメインストーリー,English_Steam,Dialog.DLC2-1-26,1422,1422,1422,LQA_DIFFERS_FROM_MAIN,LOCAL_EQUALS_MAIN_LQA_NEW,"""KIIIIII! And so, under senior executive Erena's orders, I'm here to secretly inspect the powered suits!""","""KIIIIII! And so, under senior executive Elena's orders, I'm here to secretly inspect the powered suits!""","""KIIIIII! And so, under senior executive Erena's orders, I'm here to secretly inspect the powered suits!"""
DLCメインストーリー,English_Steam,Dialog.DLC2-1-31,1432,1432,1432,LQA_DIFFERS_FROM_MAIN,LOCAL_EQUALS_MAIN_LQA_NEW,(That's right! ...While I got the soldier uniform... I was in such a rush that I don't have anything to prove this is Erena's order...!),(That's right! ...While I got the soldier uniform... I was in such a rush that I don't have anything to prove this is Elena's order...!),(That's right! ...While I got the soldier uniform... I was in such a rush that I don't have anything to prove this is Erena's order...!)
DLCメインストーリー,English_Steam,Dialog.DLC2-1-86,1544,1544,1544,LQA_DIFFERS_FROM_MAIN,LOCAL_EQUALS_MAIN_LQA_NEW,"""Mmph♥ slurp♥ sluuurp♥ nnn♥""","""Mmph♥ slurp♥ sluuurp♥ nnn♥","""Mmph♥ slurp♥ sluuurp♥ nnn♥"""
DLCメインストーリー,English_Steam,Dialog.DLC2-1-99,1576,1576,1576,LQA_DIFFERS_FROM_MAIN,LOCAL_EQUALS_MAIN_LQA_NEW,"""This is the powered suit the Seidō Group was developing...""","""This is the powered suit the Seidou Group was developing...""","""This is the powered suit the Seidō Group was developing..."""
DLCメインストーリー,English_Steam,Dialog.DLC2-2-37,1671,1671,1671,LQA_DIFFERS_FROM_MAIN,LOCAL_EQUALS_MAIN_LQA_NEW,"“Hah… hah… I’m not really sure what happened, but… it seems to have worked. Thank you, Kei.”","""Haah... haah... I don't quite understand... but it seems to have worked? Thank you, Kei.""","“Hah… hah… I’m not really sure what happened, but… it seems to have worked. Thank you, Kei.”"
DLCメインストーリー,English_Steam,Dialog.DLC2-3-11,1753,1753,1753,LQA_DIFFERS_FROM_MAIN,LOCAL_EQUALS_MAIN_LQA_NEW,"""I plan to re-educate all the other fiends and executives as my pawns and soldiers.""","""I plan to re-brainwash all the other fiends and executives as my pawns and soldiers.""","""I plan to re-educate all the other fiends and executives as my pawns and soldiers."""
DLCメインストーリー,English_Steam,Dialog.DLC2-3-16(1),1767,1767,1767,LQA_DIFFERS_FROM_MAIN,LOCAL_EQUALS_MAIN_LQA_NEW,"""You clearly tampered with the soldier management system. Naturally, I have backups.""","""There's no way you haven't tampered with the soldier management system. Of course I have backups.""","""You clearly tampered with the soldier management system. Naturally, I have backups."""
DLCメインストーリー,English_Steam,Dialog.DLC2-3-21(1),1787,1787,1787,LQA_DIFFERS_FROM_MAIN,LOCAL_EQUALS_MAIN_LQA_NEW,"""You tried to overthrow the organization. That's considered a grave betrayal.""","""You attempted to overthrow the organization, and that is considered a serious act of betrayal.""","""You tried to overthrow the organization. That's considered a grave betrayal."""
DLCメインストーリー,English_Steam,Dialog.DLC2-3-33,1817,1817,1817,LQA_DIFFERS_FROM_MAIN,LOCAL_EQUALS_MAIN_LQA_NEW,"""Guh...! I see... You're trying to re-educate me with the soldier conversion device to make me obey the organization.""","""Guh...! I see... You're trying to brainwash me with the soldier conversion device to make me obey the organization.""","""Guh...! I see... You're trying to re-educate me with the soldier conversion device to make me obey the organization."""
DLCメインストーリー,English_Steam,Dialog.DLC2-3-51,1853,1853,1853,LQA_DIFFERS_FROM_MAIN,LOCAL_EQUALS_MAIN_LQA_NEW,"Kei then focused and attempted to connect to the re-educating device, but...","Kei then focused and attempted to connect to the brainwashing device, but...","Kei then focused and attempted to connect to the re-educating device, but..."
DLCメインストーリー,English_Steam,Dialog.DLC2-3-72,1897,1897,1897,LQA_DIFFERS_FROM_MAIN,LOCAL_EQUALS_MAIN_LQA_NEW,Several dozen hours after Kei’s modification began...,Several dozen hours after Kei's modification began,Several dozen hours after Kei’s modification began...
DLCメインストーリー,English_Steam,Dialog.DLC2-3-80,1913,1913,1913,LQA_DIFFERS_FROM_MAIN,LOCAL_EQUALS_MAIN_LQA_NEW,"""Noooh?! Ohooh♥!!? Whash... happeniiing♥?!!""","""Noooh?! Ohooh♥!!? Whash... happeniiing♥?!!","""Noooh?! Ohooh♥!!? Whash... happeniiing♥?!!"""
DLCメインストーリー,English_Steam,Dialog.DLC2-3-90,1933,1933,1933,LQA_DIFFERS_FROM_MAIN,LOCAL_EQUALS_MAIN_LQA_NEW,"Kei desperately resists, but with her intelligence diminished, she can barely even think anymore.","Kei desperately resisted, but with her reduced intelligence, she could barely think.","Kei desperately resists, but with her intelligence diminished, she can barely even think anymore."
DLCメインストーリー,English_Steam,Dialog.DLC2-3-109,1971,1971,1971,LQA_DIFFERS_FROM_MAIN,LOCAL_EQUALS_MAIN_LQA_NEW,―――――――――――,...,―――――――――――
DLCメインストーリー,English_Steam,Dialog.DLC2-3-110,1973,1973,1973,LQA_DIFFERS_FROM_MAIN,LOCAL_EQUALS_MAIN_LQA_NEW,――――――――,...,――――――――
DLCメインストーリー,English_Steam,Dialog.DLC2-3-111,1975,1975,1975,LQA_DIFFERS_FROM_MAIN,LOCAL_EQUALS_MAIN_LQA_NEW,――――,...,――――
DLCメインストーリー,English_Steam,Dialog.DLC2-3-122,2000,2000,2000,LQA_DIFFERS_FROM_MAIN,LOCAL_EQUALS_MAIN_LQA_NEW,"“Eh? Haha… no way! Kei-chan, who’s always acting so cool, ended up like this? Ahahahaha!”","""What... No way?! Kei was always so composed... AHAHAHAHA!!!""","“Eh? Haha… no way! Kei-chan, who’s always acting so cool, ended up like this? Ahahahaha!”"
DLCメインストーリー,English_Steam,Dialog.DLC2-3-130(1),2018,2018,2018,LQA_DIFFERS_FROM_MAIN,LOCAL_EQUALS_MAIN_LQA_NEW,"""I spared her self-awareness. Her intelligence is backed up, so she can be restored.""","""Out of mercy, I left her self-awareness. Intelligence is backed up too, so restoration is possible.""","""I spared her self-awareness. Her intelligence is backed up, so she can be restored."""
DLCメインストーリー,English_Steam,Dialog.DLC2-3-131(1),2020,2020,2020,LQA_DIFFERS_FROM_MAIN,LOCAL_EQUALS_MAIN_LQA_NEW,"""If she proves loyal as a junior soldier, I'll let her return as an executive.""","""If she accomplishes things as a junior soldier and shows loyalty to the organization, I'll give her a chance to return as an executive.""","""If she proves loyal as a junior soldier, I'll let her return as an executive."""
DLCメインストーリー,English_Steam,Dialog.DLC2-3-144(1),2050,2050,2050,LQA_DIFFERS_FROM_MAIN,LOCAL_EQUALS_MAIN_LQA_NEW,"""...Junior Soldier K22. Serve under 072 and prove your loyalty to the Foundation.""","""...Junior soldier K22. Give your all in mission execution under 072 to demonstrate loyalty to the Foundation.""","""...Junior Soldier K22. Serve under 072 and prove your loyalty to the Foundation."""
DLCメインストーリー,English_Steam,Dialog.DLC2-3-148,2060,2060,2060,LQA_DIFFERS_FROM_MAIN,LOCAL_EQUALS_MAIN_LQA_NEW,――――――――,...,――――――――
DLCメインストーリー,English_Steam,Dialog.DLC2-3-149,2062,2062,2062,LQA_DIFFERS_FROM_MAIN,LOCAL_EQUALS_MAIN_LQA_NEW,――――,...,――――
DLCメインストーリー,English_Steam,Dialog.DLC2-3-150,2064,2064,2064,LQA_DIFFERS_FROM_MAIN,LOCAL_EQUALS_MAIN_LQA_NEW,ー,...,ー
Hisui,English_Steam,Hisui.Fallen1-49,104,104,104,LQA_DIFFERS_FROM_MAIN,LOCAL_EQUALS_MAIN_LQA_NEW,(The re-educating... it's more powerful than last time...?!),(The brainwashing... it's more powerful than last time...?!),(The re-educating... it's more powerful than last time...?!)
Hisui,English_Steam,Hisui.Fallen1-53,112,112,112,LQA_DIFFERS_FROM_MAIN,LOCAL_EQUALS_MAIN_LQA_NEW,(T-this is bad... at this rate I'll really be re-educated...),(T-this is bad... at this rate I'll really be brainwashed...),(T-this is bad... at this rate I'll really be re-educated...)
Hisui,English_Steam,Hisui.Fallen1-74,156,156,156,LQA_DIFFERS_FROM_MAIN,LOCAL_EQUALS_MAIN_LQA_NEW,(N-no...! If I'm re-educated without my Holy Core Battlemaiden powers... I'll really become a soldier...?!),(N-no...! If I'm brainwashed without my Holy Core Battlemaiden powers... I'll really become a soldier...?!),(N-no...! If I'm re-educated without my Holy Core Battlemaiden powers... I'll really become a soldier...?!)
Hisui,English_Steam,Hisui.Fallen1-98,204,204,204,LQA_DIFFERS_FROM_MAIN,LOCAL_EQUALS_MAIN_LQA_NEW,(And... Erena too...! Someday I'll get her back...!),(And... Elena too...! Someday I'll get her back...!),(And... Erena too...! Someday I'll get her back...!)
Hisui,English_Steam,Hisui.Fallen1-152,320,320,320,LQA_DIFFERS_FROM_MAIN,LOCAL_EQUALS_MAIN_LQA_NEW,"[Re-educating complete. K46, report.]","[Brainwashing complete. K46, report.]","[Re-educating complete. K46, report.]"
Hisui,English_Steam,Hisui.Fallen1-153,322,322,322,LQA_DIFFERS_FROM_MAIN,LOCAL_EQUALS_MAIN_LQA_NEW,"""KIIIIII! K46, re-educating complete!""","""KIIIIII! K46, brainwashing complete!""","""KIIIIII! K46, re-educating complete!"""
Hisui,English_Steam,Hisui.Fallen2-12,374,374,374,LQA_DIFFERS_FROM_MAIN,LOCAL_EQUALS_MAIN_LQA_NEW,"""Man, this is a great job... Every day newly re-educated women suck on us!""","""Man, this is a great job... Every day newly brainwashed women suck on us!""","""Man, this is a great job... Every day newly re-educated women suck on us!"""
Hisui,English_Steam,Hisui.Fallen2-28,406,406,406,LQA_DIFFERS_FROM_MAIN,LOCAL_EQUALS_MAIN_LQA_NEW,"""Was she some kind of slut before the re-educating...?!""","""Was she some kind of slut before the brainwashing...?!""","""Was she some kind of slut before the re-educating...?!"""
Hisui,English_Steam,Hisui.Fallen3-60,708,708,708,LQA_DIFFERS_FROM_MAIN,LOCAL_EQUALS_MAIN_LQA_NEW,(...Again... this re-educating device...),(...Again... this brainwashing device...),(...Again... this re-educating device...)
Hisui,English_Steam,Hisui.Fallen3-68,724,724,724,LQA_DIFFERS_FROM_MAIN,LOCAL_EQUALS_MAIN_LQA_NEW,And so the sense of unease that had sprouted in K46 was completely erased along with the re-educating.,And so the sense of unease that had sprouted in K46 was completely erased along with the brainwashing.,And so the sense of unease that had sprouted in K46 was completely erased along with the re-educating.
Hisui,English_Steam,Hisui.Fallen3-78,744,744,744,LQA_DIFFERS_FROM_MAIN,LOCAL_EQUALS_MAIN_LQA_NEW,――――――――,...,――――――――
Hisui,English_Steam,Hisui.Fallen3-79,746,746,746,LQA_DIFFERS_FROM_MAIN,LOCAL_EQUALS_MAIN_LQA_NEW,――――,...,――――
Hisui,English_Steam,Hisui.Fallen3-80,748,748,748,LQA_DIFFERS_FROM_MAIN,LOCAL_EQUALS_MAIN_LQA_NEW,ー,...,ー
Hisui DLC2,English_Steam,Hisui.Horny1-1,4,,,SHEET_MISSING_IN_MAIN,SHEET_MISSING_IN_LOCAL,,At the Foundation's hideout,
Hisui DLC2,English_Steam,Hisui.Horny1-2,6,,,SHEET_MISSING_IN_MAIN,SHEET_MISSING_IN_LOCAL,,"""Kiiiiiii! K46, reporting for duty!""",
Hisui DLC2,English_Steam,Hisui.Horny1-3,8,,,SHEET_MISSING_IN_MAIN,SHEET_MISSING_IN_LOCAL,,"""Ah, you've arrived, K46.""",
Hisui DLC2,English_Steam,Hisui.Horny1-4,10,,,SHEET_MISSING_IN_MAIN,SHEET_MISSING_IN_LOCAL,,"""Kiiiiiii!""",
Hisui DLC2,English_Steam,Hisui.Horny1-5,12,,,SHEET_MISSING_IN_MAIN,SHEET_MISSING_IN_LOCAL,,"""This time we'll be filming a propaganda porn. I heard that you have an excellent reputation for service duties...""",
Hisui DLC2,English_Steam,Hisui.Horny1-6,14,,,SHEET_MISSING_IN_MAIN,SHEET_MISSING_IN_LOCAL,,"""Kiiiiiii! Thank you! It's an honor!""",
Hisui DLC2,English_Steam,Hisui.Horny1-7,16,,,SHEET_MISSING_IN_MAIN,SHEET_MISSING_IN_LOCAL,,"""Good. Now, about the role I want to assign you...""",
Hisui DLC2,English_Steam,Hisui.Horny1-9,20,,,SHEET_MISSING_IN_MAIN,SHEET_MISSING_IN_LOCAL,,"""...What is this?""",
Hisui DLC2,English_Steam,Hisui.Horny1-10,22,,,SHEET_MISSING_IN_MAIN,SHEET_MISSING_IN_LOCAL,,"""That's a 'cosplay outfit' of Hisui Saionji, the last Holy Core Battlemaiden who resisted the Forren Foundation to the very end.""",
Hisui DLC2,English_Steam,Hisui.Horny1-11,24,,,SHEET_MISSING_IN_MAIN,SHEET_MISSING_IN_LOCAL,,"""Kiiiiiii! How should I put it... it's a creepy outfit...!""",
Hisui DLC2,English_Steam,Hisui.Horny1-12,26,,,SHEET_MISSING_IN_MAIN,SHEET_MISSING_IN_LOCAL,,"""Hehe... Well, it's a cheap cosplay, but it suits you. You look just like that foolish woman.""",
Hisui DLC2,English_Steam,Hisui.Horny1-13,28,,,SHEET_MISSING_IN_MAIN,SHEET_MISSING_IN_LOCAL,,"""Kiiiiiii! Thank you! It's an unpleasant outfit, but I'll act with all my might!""",
Hisui DLC2,English_Steam,Hisui.Horny1-14,30,,,SHEET_MISSING_IN_MAIN,SHEET_MISSING_IN_LOCAL,,"""Yes, I'm looking forward to it. Well then, shall we begin filming...""",
Hisui DLC2,English_Steam,Hisui.Horny1-16,34,,,SHEET_MISSING_IN_MAIN,SHEET_MISSING_IN_LOCAL,,In the Porn filming room,
Hisui DLC2,English_Steam,Hisui.Horny1-17,36,,,SHEET_MISSING_IN_MAIN,SHEET_MISSING_IN_LOCAL,,"""Guh... I, a Holy Core Battlemaiden... Elena Seidou, losing to such weak soldiers...!""",
Hisui DLC2,English_Steam,Hisui.Horny1-18,38,,,SHEET_MISSING_IN_MAIN,SHEET_MISSING_IN_LOCAL,,"""N-no way... Erena is losing...!""",
Hisui DLC2,English_Steam,Hisui.Horny1-19,40,,,SHEET_MISSING_IN_MAIN,SHEET_MISSING_IN_LOCAL,,"""Gufufu, even Holy Core Battlemaidens aren't much after all, huh?""",
Hisui DLC2,English_Steam,Hisui.Horny1-20,42,,,SHEET_MISSING_IN_MAIN,SHEET_MISSING_IN_LOCAL,,"""Uuuh... Erena...""",
Hisui DLC2,English_Steam,Hisui.Horny1-21,44,,,SHEET_MISSING_IN_MAIN,SHEET_MISSING_IN_LOCAL,,"""Don't worry... Hisui! No matter what happens to me, I'll protect you...!""",
Hisui DLC2,English_Steam,Hisui.Horny1-22,46,,,SHEET_MISSING_IN_MAIN,SHEET_MISSING_IN_LOCAL,,"""E-Erena...!!""",
Hisui DLC2,English_Steam,Hisui.Horny1-23,48,,,SHEET_MISSING_IN_MAIN,SHEET_MISSING_IN_LOCAL,,"""Oh, oh, how touching, eh? Is this the bond of the Holy Core Battlemaidens?""",
Hisui DLC2,English_Steam,Hisui.Horny1-24,50,,,SHEET_MISSING_IN_MAIN,SHEET_MISSING_IN_LOCAL,,"""But you don't seem to understand what happens to defeated Holy Core Battlemaidens, do you?""",
Hisui DLC2,English_Steam,Hisui.Horny1-25,52,,,SHEET_MISSING_IN_MAIN,SHEET_MISSING_IN_LOCAL,,"""W-what are you planning to do...!?""",
Hisui DLC2,English_Steam,Hisui.Horny1-26,54,,,SHEET_MISSING_IN_MAIN,SHEET_MISSING_IN_LOCAL,,"""Gufufu, this is what's going to happen...!""",
Hisui DLC2,English_Steam,Hisui.Horny1-27,56,,,SHEET_MISSING_IN_MAIN,SHEET_MISSING_IN_LOCAL,,Then the soldier removed his rubber suit and pressed his cock against Erena and Hisui's asses.,
Hisui DLC2,English_Steam,Hisui.Horny1-28,58,,,SHEET_MISSING_IN_MAIN,SHEET_MISSING_IN_LOCAL,,"""Aahn♥ What's going on!""",
Hisui DLC2,English_Steam,Hisui.Horny1-29,60,,,SHEET_MISSING_IN_MAIN,SHEET_MISSING_IN_LOCAL,,"""D-disgusting...♥! What are you planning to do...♥""",
Hisui DLC2,English_Steam,Hisui.Horny1-30,62,,,SHEET_MISSING_IN_MAIN,SHEET_MISSING_IN_LOCAL,,"Contrary to their words, both their faces showed lewd smiles.",
Hisui DLC2,English_Steam,Hisui.Horny1-31,64,,,SHEET_MISSING_IN_MAIN,SHEET_MISSING_IN_LOCAL,,"""Huh? I'm gonna shove it in your pussies and fuck you both...!""",
Hisui DLC2,English_Steam,Hisui.Horny1-32,66,,,SHEET_MISSING_IN_MAIN,SHEET_MISSING_IN_LOCAL,,"""Ahn♥... nooo♥... that's terrible♥""",
Hisui DLC2,English_Steam,Hisui.Horny1-33,68,,,SHEET_MISSING_IN_MAIN,SHEET_MISSING_IN_LOCAL,,"""Uuh...♥ how despicable...♥""",
Hisui DLC2,English_Steam,Hisui.Horny1-34,70,,,SHEET_MISSING_IN_MAIN,SHEET_MISSING_IN_LOCAL,,"""Uuh♥... Erena... what should we do♥...!""",
Hisui DLC2,English_Steam,Hisui.Horny1-35,72,,,SHEET_MISSING_IN_MAIN,SHEET_MISSING_IN_LOCAL,,"""Soldiers... I'll take on both of you... so! Don't lay a hand on Hisui...!""",
Hisui DLC2,English_Steam,Hisui.Horny1-36,74,,,SHEET_MISSING_IN_MAIN,SHEET_MISSING_IN_LOCAL,,"""E-Erena...!""",
Hisui DLC2,English_Steam,Hisui.Horny1-37,76,,,SHEET_MISSING_IN_MAIN,SHEET_MISSING_IN_LOCAL,,"""Haha! What a thoughtful comrade! Fine... I'll take you on first...""",
Hisui DLC2,English_Steam,Hisui.Horny1-38,78,,,SHEET_MISSING_IN_MAIN,SHEET_MISSING_IN_LOCAL,,"""But there's a condition... only if you can make us come first. If you do that, we won't touch your junior!""",
Hisui DLC2,English_Steam,Hisui.Horny1-39,80,,,SHEET_MISSING_IN_MAIN,SHEET_MISSING_IN_LOCAL,,"""B-bring it on...! I'll prove the strength and pride of a Holy Core Battlemaiden...!""",
Hisui DLC2,English_Steam,Hisui.Horny1-40,82,,,SHEET_MISSING_IN_MAIN,SHEET_MISSING_IN_LOCAL,,"""Haha, let's see how long that stubbornness lasts...? Take this!!""",
Hisui DLC2,English_Steam,Hisui.Horny1-41,84,,,SHEET_MISSING_IN_MAIN,SHEET_MISSING_IN_LOCAL,,Thrust!!,
Hisui DLC2,English_Steam,Hisui.Horny1-42,86,,,SHEET_MISSING_IN_MAIN,SHEET_MISSING_IN_LOCAL,,"""Hiuh♥!? O-ohhh♥!""",
Hisui DLC2,English_Steam,Hisui.Horny1-43,88,,,SHEET_MISSING_IN_MAIN,SHEET_MISSING_IN_LOCAL,,"""Haha? Huh? You came just from me putting it in?""",
Hisui DLC2,English_Steam,Hisui.Horny1-44,90,,,SHEET_MISSING_IN_MAIN,SHEET_MISSING_IN_LOCAL,,"""Oh no♥♥ Erena, I'm so jeal... I mean♥ please do your best♥!""",
Hisui DLC2,English_Steam,Hisui.Horny1-45,92,,,SHEET_MISSING_IN_MAIN,SHEET_MISSING_IN_LOCAL,,"""I-I didn't come, I'm a Holy Core Battlemaiden... Something like this won't...♥!""",
Hisui DLC2,English_Steam,Hisui.Horny1-46,94,,,SHEET_MISSING_IN_MAIN,SHEET_MISSING_IN_LOCAL,,"""Is that so? Then I'll fuck you hard until you do!""",
Hisui DLC2,English_Steam,Hisui.Horny1-47,96,,,SHEET_MISSING_IN_MAIN,SHEET_MISSING_IN_LOCAL,,Slap! Slap! Slap!,
Hisui DLC2,English_Steam,Hisui.Horny1-48,98,,,SHEET_MISSING_IN_MAIN,SHEET_MISSING_IN_LOCAL,,"""Ahn♥, aah♥, yahn♥!""",
Hisui DLC2,English_Steam,Hisui.Horny1-49,100,,,SHEET_MISSING_IN_MAIN,SHEET_MISSING_IN_LOCAL,,"""Hey, how's that? How's my modified soldier cock!?""",
Hisui DLC2,English_Steam,Hisui.Horny1-50,102,,,SHEET_MISSING_IN_MAIN,SHEET_MISSING_IN_LOCAL,,"""Fufufu♥, it's not as good as Master's♥, but it's pretty nice♥""",
Hisui DLC2,English_Steam,Hisui.Horny1-51,104,,,SHEET_MISSING_IN_MAIN,SHEET_MISSING_IN_LOCAL,,"""Oh, t-thank you very... wait, no! Take this!""",
Hisui DLC2,English_Steam,Hisui.Horny1-52,106,,,SHEET_MISSING_IN_MAIN,SHEET_MISSING_IN_LOCAL,,Slap! Slap! Slap!,
Hisui DLC2,English_Steam,Hisui.Horny1-53,108,,,SHEET_MISSING_IN_MAIN,SHEET_MISSING_IN_LOCAL,,"""Yaah♥, aahn♥, I'm a Holy Core Battlemaiden... yet putting on such a shameful display in front of my junior...♥""",
Hisui DLC2,English_Steam,Hisui.Horny1-54,110,,,SHEET_MISSING_IN_MAIN,SHEET_MISSING_IN_LOCAL,,"""E-Erena! Please don't lose♥!""",
Hisui DLC2,English_Steam,Hisui.Horny1-55,112,,,SHEET_MISSING_IN_MAIN,SHEET_MISSING_IN_LOCAL,,"""Ah♥, ahn♥, the soldier's cock♥ is knocking on my womb♥""",
Hisui DLC2,English_Steam,Hisui.Horny1-56,114,,,SHEET_MISSING_IN_MAIN,SHEET_MISSING_IN_LOCAL,,"""Aah♥, the soldier's cock♥... I can't... hold back♥!""",
Hisui DLC2,English_Steam,Hisui.Horny1-57,116,,,SHEET_MISSING_IN_MAIN,SHEET_MISSING_IN_LOCAL,,"""Aah♥, oh no♥, Erena... don't lose...♥""",
Hisui DLC2,English_Steam,Hisui.Horny1-58,118,,,SHEET_MISSING_IN_MAIN,SHEET_MISSING_IN_LOCAL,,"""Ah♥, I'm sorry♥... I'm...♥ about to come from the soldier's cock...♥""",
Hisui DLC2,English_Steam,Hisui.Horny1-59,120,,,SHEET_MISSING_IN_MAIN,SHEET_MISSING_IN_LOCAL,,Slap! Slap! Slap!,
Hisui DLC2,English_Steam,Hisui.Horny1-60,122,,,SHEET_MISSING_IN_MAIN,SHEET_MISSING_IN_LOCAL,,"(Aah♥, to be able to see the respected executive Erena being violated this close...♥)",
Hisui DLC2,English_Steam,Hisui.Horny1-61,124,,,SHEET_MISSING_IN_MAIN,SHEET_MISSING_IN_LOCAL,,(Erena... yes♥... has been my idol since I first saw her at the Foundation...♥),
Hisui DLC2,English_Steam,Hisui.Horny1-62,126,,,SHEET_MISSING_IN_MAIN,SHEET_MISSING_IN_LOCAL,,(As if she had been my idol for a very long time...♥),
Hisui DLC2,English_Steam,Hisui.Horny1-63,128,,,SHEET_MISSING_IN_MAIN,SHEET_MISSING_IN_LOCAL,,"""Aah♥, I'm sorry♥, Hisui♥, the soldier's cock♥ is too much♥""",
Hisui DLC2,English_Steam,Hisui.Horny1-64,130,,,SHEET_MISSING_IN_MAIN,SHEET_MISSING_IN_LOCAL,,"""Hey hey, is that okay? Your cute junior's gonna get fucked, you know?""",
Hisui DLC2,English_Steam,Hisui.Horny1-65,132,,,SHEET_MISSING_IN_MAIN,SHEET_MISSING_IN_LOCAL,,"""Ahn♥ t-that's...♥""",
Hisui DLC2,English_Steam,Hisui.Horny1-66,134,,,SHEET_MISSING_IN_MAIN,SHEET_MISSING_IN_LOCAL,,"""Or... have you started wanting my cock even more?""",
Hisui DLC2,English_Steam,Hisui.Horny1-67,136,,,SHEET_MISSING_IN_MAIN,SHEET_MISSING_IN_LOCAL,,"""Aah♥, I-I want it♥, I can't win♥, Elena Seidou♥ has been defeated by the soldier's cock♥""",
Hisui DLC2,English_Steam,Hisui.Horny1-68,138,,,SHEET_MISSING_IN_MAIN,SHEET_MISSING_IN_LOCAL,,"""Please shoot your soldier jizz♥ In my pussy♥""",
Hisui DLC2,English_Steam,Hisui.Horny1-69,140,,,SHEET_MISSING_IN_MAIN,SHEET_MISSING_IN_LOCAL,,"""Alright! As a mark of your defeat... take this!""",
Hisui DLC2,English_Steam,Hisui.Horny1-70,142,,,SHEET_MISSING_IN_MAIN,SHEET_MISSING_IN_LOCAL,,"Spurt, spurt, spurt, spurt!!",
Hisui DLC2,English_Steam,Hisui.Horny1-71,144,,,SHEET_MISSING_IN_MAIN,SHEET_MISSING_IN_LOCAL,,"""...♥!!!""",
Hisui DLC2,English_Steam,Hisui.Horny1-72,146,,,SHEET_MISSING_IN_MAIN,SHEET_MISSING_IN_LOCAL,,"""Ahii♥, I-I came♥! Defeated by a creampie climax♥!""",
Hisui DLC2,English_Steam,Hisui.Horny1-73,148,,,SHEET_MISSING_IN_MAIN,SHEET_MISSING_IN_LOCAL,,"""Aah♥, oh no... Erena...♥""",
Hisui DLC2,English_Steam,Hisui.Horny1-74,150,,,SHEET_MISSING_IN_MAIN,SHEET_MISSING_IN_LOCAL,,"""That's terrible♥, then... I'll get fucked too♥""",
Hisui DLC2,English_Steam,Hisui.Horny1-75,152,,,SHEET_MISSING_IN_MAIN,SHEET_MISSING_IN_LOCAL,,"""Fufu♥ That's right... You should get fucked by the soldier too...?""",
Hisui DLC2,English_Steam,Hisui.Horny1-76,154,,,SHEET_MISSING_IN_MAIN,SHEET_MISSING_IN_LOCAL,,"""Yes♥... That's the future of us Holy Core Battlemaidens♥!""",
Hisui DLC2,English_Steam,Hisui.Horny1-77,156,,,SHEET_MISSING_IN_MAIN,SHEET_MISSING_IN_LOCAL,,"""N-no way♥...""",
Hisui DLC2,English_Steam,Hisui.Horny1-78,158,,,SHEET_MISSING_IN_MAIN,SHEET_MISSING_IN_LOCAL,,"""Ahhhh, how pitiful, huh? You've been abandoned.""",
Hisui DLC2,English_Steam,Hisui.Horny1-79,160,,,SHEET_MISSING_IN_MAIN,SHEET_MISSING_IN_LOCAL,,"""Uh♥ uuh♥... Erena...♥""",
Hisui DLC2,English_Steam,Hisui.Horny1-80,162,,,SHEET_MISSING_IN_MAIN,SHEET_MISSING_IN_LOCAL,,"""A-at this rate, I'll also... get screwed by the soldier...♥!""",
Hisui DLC2,English_Steam,Hisui.Horny1-81,164,,,SHEET_MISSING_IN_MAIN,SHEET_MISSING_IN_LOCAL,,"""Haha, too bad for you! Well then, I'll have my turn too... Take this!""",
Hisui DLC2,English_Steam,Hisui.Horny1-82,166,,,SHEET_MISSING_IN_MAIN,SHEET_MISSING_IN_LOCAL,,Thrust!!,
Hisui DLC2,English_Steam,Hisui.Horny1-83,168,,,SHEET_MISSING_IN_MAIN,SHEET_MISSING_IN_LOCAL,,"""Hiuh♥!? Aahn♥!!""",
Hisui DLC2,English_Steam,Hisui.Horny1-84,170,,,SHEET_MISSING_IN_MAIN,SHEET_MISSING_IN_LOCAL,,Slap! Slap! Slap!,
Hisui DLC2,English_Steam,Hisui.Horny1-85,172,,,SHEET_MISSING_IN_MAIN,SHEET_MISSING_IN_LOCAL,,"""Aah♥, I'm... a Holy Core Battlemaiden, but...♥!""",
Hisui DLC2,English_Steam,Hisui.Horny1-86,174,,,SHEET_MISSING_IN_MAIN,SHEET_MISSING_IN_LOCAL,,"""B-but♥, if I can get fucked together with Erena...♥... it might not be so bad...♥""",
Hisui DLC2,English_Steam,Hisui.Horny1-87,176,,,SHEET_MISSING_IN_MAIN,SHEET_MISSING_IN_LOCAL,,"""Fufu♥, that's right...♥! You too, together with me...♥ let's serve the soldier...!""",
Hisui DLC2,English_Steam,Hisui.Horny1-88,178,,,SHEET_MISSING_IN_MAIN,SHEET_MISSING_IN_LOCAL,,"""Aah♥, yes♥... if Erena says so...♥""",
Hisui DLC2,English_Steam,Hisui.Horny1-89,180,,,SHEET_MISSING_IN_MAIN,SHEET_MISSING_IN_LOCAL,,"""I too♥... will serve the soldier♥!""",
Hisui DLC2,English_Steam,Hisui.Horny1-90,182,,,SHEET_MISSING_IN_MAIN,SHEET_MISSING_IN_LOCAL,,"""Ahn♥, that's right♥... We Holy Core Battlemaidens lost to the Foundation...♥""",
Hisui DLC2,English_Steam,Hisui.Horny1-91,184,,,SHEET_MISSING_IN_MAIN,SHEET_MISSING_IN_LOCAL,,"""It's our fate to fawn over and serve the mighty soldiers...♥""",
Hisui DLC2,English_Steam,Hisui.Horny1-92,186,,,SHEET_MISSING_IN_MAIN,SHEET_MISSING_IN_LOCAL,,"""Yes♥... I'll obediently get fucked together with you...♥!""",
Hisui DLC2,English_Steam,Hisui.Horny1-93,188,,,SHEET_MISSING_IN_MAIN,SHEET_MISSING_IN_LOCAL,,Slap... Slap... Slap...,
Hisui DLC2,English_Steam,Hisui.Horny1-94,190,,,SHEET_MISSING_IN_MAIN,SHEET_MISSING_IN_LOCAL,,"""Ah♥ the soldier's cock♥ is throbbing♥""",
Hisui DLC2,English_Steam,Hisui.Horny1-95,192,,,SHEET_MISSING_IN_MAIN,SHEET_MISSING_IN_LOCAL,,"""Haah♥, please come inside the weak pussy of a defeated Holy Core Battlemaiden♥""",
Hisui DLC2,English_Steam,Hisui.Horny1-96,194,,,SHEET_MISSING_IN_MAIN,SHEET_MISSING_IN_LOCAL,,"""Your mighty semen♥ please mark me with the sign of defeat♥""",
Hisui DLC2,English_Steam,Hisui.Horny1-97,196,,,SHEET_MISSING_IN_MAIN,SHEET_MISSING_IN_LOCAL,,"Spurt, spurt, spurt, spurt!!",
Hisui DLC2,English_Steam,Hisui.Horny1-98,198,,,SHEET_MISSING_IN_MAIN,SHEET_MISSING_IN_LOCAL,,"""Ah♥, ah♥, the soldier's cock♥ is coming♥!""",
Hisui DLC2,English_Steam,Hisui.Horny1-99,200,,,SHEET_MISSING_IN_MAIN,SHEET_MISSING_IN_LOCAL,,"""I'm a Holy Core Battlemaiden♥... I shouldn't feel good from this...♥!""",
Hisui DLC2,English_Steam,Hisui.Horny1-100,202,,,SHEET_MISSING_IN_MAIN,SHEET_MISSING_IN_LOCAL,,"""I can't win anymore...♥, I've completely lost♥!""",
Hisui DLC2,English_Steam,Hisui.Horny1-101,204,,,SHEET_MISSING_IN_MAIN,SHEET_MISSING_IN_LOCAL,,"(Aah♥, to be able to get fucked by the soldier while watching Erena...♥)",
Hisui DLC2,English_Steam,Hisui.Horny1-102,206,,,SHEET_MISSING_IN_MAIN,SHEET_MISSING_IN_LOCAL,,"(For a junior soldier like me, there's no greater honor...♥)",
Hisui DLC2,English_Steam,Hisui.Horny1-103,208,,,SHEET_MISSING_IN_MAIN,SHEET_MISSING_IN_LOCAL,,"(I want to say ""Kiiiii!"" but... I'll hold back♥ We're filming porn right now...♥)",
Hisui DLC2,English_Steam,Hisui.Horny1-104,210,,,SHEET_MISSING_IN_MAIN,SHEET_MISSING_IN_LOCAL,,"""Ahn♥ your cock♥ is amazing♥, this makes me♥ want to pledge loyalty to the Foundation♥!""",
Hisui DLC2,English_Steam,Hisui.Horny1-105,212,,,SHEET_MISSING_IN_MAIN,SHEET_MISSING_IN_LOCAL,,"""Yes♥, Holy Core Battlemaidens are done forr♥ Let's pledge loyalty to the Foundation together♥""",
Hisui DLC2,English_Steam,Hisui.Horny1-106,214,,,SHEET_MISSING_IN_MAIN,SHEET_MISSING_IN_LOCAL,,"""Haha! You've completely fallen... Alright, I'll welcome you both to the Foundation...!""",
Hisui DLC2,English_Steam,Hisui.Horny1-107,216,,,SHEET_MISSING_IN_MAIN,SHEET_MISSING_IN_LOCAL,,"""T-thank you♥, I'll quit being a Holy Core Battlemaiden... and pledge loyalty to the Foundation!!""",
Hisui DLC2,English_Steam,Hisui.Horny1-108,218,,,SHEET_MISSING_IN_MAIN,SHEET_MISSING_IN_LOCAL,,"""Kiiii!""",
Hisui DLC2,English_Steam,Hisui.Horny2-1,224,,,SHEET_MISSING_IN_MAIN,SHEET_MISSING_IN_LOCAL,,At the Foundation's hideout,
Hisui DLC2,English_Steam,Hisui.Horny2-2,226,,,SHEET_MISSING_IN_MAIN,SHEET_MISSING_IN_LOCAL,,"""Aahn♥ what is♥ this outfit♥...?""",
Hisui DLC2,English_Steam,Hisui.Horny2-3,228,,,SHEET_MISSING_IN_MAIN,SHEET_MISSING_IN_LOCAL,,"""It clings tightly to my body... feels good... bad...♥""",
Hisui DLC2,English_Steam,Hisui.Horny2-4,230,,,SHEET_MISSING_IN_MAIN,SHEET_MISSING_IN_LOCAL,,"""That's the junior soldier uniform, proof that you're now members of our Foundation.""",
Hisui DLC2,English_Steam,Hisui.Horny2-5,232,,,SHEET_MISSING_IN_MAIN,SHEET_MISSING_IN_LOCAL,,"""Aah♥, no way♥... An elite Holy Core Battlemaiden like me becoming a junior soldier...♥""",
Hisui DLC2,English_Steam,Hisui.Horny2-6,234,,,SHEET_MISSING_IN_MAIN,SHEET_MISSING_IN_LOCAL,,"""It's humiliating...♥, but♥... somehow my heart is racing♥""",
Hisui DLC2,English_Steam,Hisui.Horny2-7,236,,,SHEET_MISSING_IN_MAIN,SHEET_MISSING_IN_LOCAL,,"""Haha, doesn't it suit you better than those Holy Core Battlemaiden outfits?""",
Hisui DLC2,English_Steam,Hisui.Horny2-8,238,,,SHEET_MISSING_IN_MAIN,SHEET_MISSING_IN_LOCAL,,"""That's mean♥... but♥ this outfit... wearing the same thing as you... makes me excited...♥""",
Hisui DLC2,English_Steam,Hisui.Horny2-9,240,,,SHEET_MISSING_IN_MAIN,SHEET_MISSING_IN_LOCAL,,"""Haah♥, haah♥, if I get...♥ fucked like this... even my heart will truly belong to the soldier...♥""",
Hisui DLC2,English_Steam,Hisui.Horny2-10,242,,,SHEET_MISSING_IN_MAIN,SHEET_MISSING_IN_LOCAL,,(Aah♥... I'm happy♥... This combat uniform is my pride♥!),
Hisui DLC2,English_Steam,Hisui.Horny2-11,244,,,SHEET_MISSING_IN_MAIN,SHEET_MISSING_IN_LOCAL,,(To think I was wearing such a silly Holy Core Battlemaiden outfit until now... it gives me the chills...♥),
Hisui DLC2,English_Steam,Hisui.Horny2-12,246,,,SHEET_MISSING_IN_MAIN,SHEET_MISSING_IN_LOCAL,,"(Kiiiii! Haah♥, haah♥, soldiers... hurry and give me your cock...♥!)",
Hisui DLC2,English_Steam,Hisui.Horny2-13,248,,,SHEET_MISSING_IN_MAIN,SHEET_MISSING_IN_LOCAL,,"""Haha! New junior soldiers! Your first mission... service our cocks!""",
Hisui DLC2,English_Steam,Hisui.Horny2-14,250,,,SHEET_MISSING_IN_MAIN,SHEET_MISSING_IN_LOCAL,,Thrust! Squelch!!,
Hisui DLC2,English_Steam,Hisui.Horny2-15,252,,,SHEET_MISSING_IN_MAIN,SHEET_MISSING_IN_LOCAL,,"""Kiiiiiiii♥♥!""",
Hisui DLC2,English_Steam,Hisui.Horny2-16,254,,,SHEET_MISSING_IN_MAIN,SHEET_MISSING_IN_LOCAL,,"""Haah♥, ah♥, your cock♥...!""",
Hisui DLC2,English_Steam,Hisui.Horny2-17,256,,,SHEET_MISSING_IN_MAIN,SHEET_MISSING_IN_LOCAL,,"""Kiiiii!♥... ahn♥, amazing♥ with each thrust♥ my body submits to you♥""",
Hisui DLC2,English_Steam,Hisui.Horny2-18,258,,,SHEET_MISSING_IN_MAIN,SHEET_MISSING_IN_LOCAL,,"""Haha, oh yeah, I forgot about these!""",
Hisui DLC2,English_Steam,Hisui.Horny2-19,260,,,SHEET_MISSING_IN_MAIN,SHEET_MISSING_IN_LOCAL,,"When the soldier said that, Hisui and Erena's heads were covered with soldier masks.",
Hisui DLC2,English_Steam,Hisui.Horny2-20,262,,,SHEET_MISSING_IN_MAIN,SHEET_MISSING_IN_LOCAL,,"""Aah♥ this is... a soldier's... mask♥""",
Hisui DLC2,English_Steam,Hisui.Horny2-21,264,,,SHEET_MISSING_IN_MAIN,SHEET_MISSING_IN_LOCAL,,"""I'm♥... really becoming a junior soldier...♥""",
Hisui DLC2,English_Steam,Hisui.Horny2-22,266,,,SHEET_MISSING_IN_MAIN,SHEET_MISSING_IN_LOCAL,,"""Haha, can't tell which one is which anymore!""",
Hisui DLC2,English_Steam,Hisui.Horny2-23,268,,,SHEET_MISSING_IN_MAIN,SHEET_MISSING_IN_LOCAL,,"""Kiiiii! Yes♥, with this♥, I'm completely a faceless junior soldier♥!""",
Hisui DLC2,English_Steam,Hisui.Horny2-24,270,,,SHEET_MISSING_IN_MAIN,SHEET_MISSING_IN_LOCAL,,"""Aah♥... me too♥... now I'm a junior soldier...♥ a weakling worse than the male soldiers♥""",
Hisui DLC2,English_Steam,Hisui.Horny2-25,272,,,SHEET_MISSING_IN_MAIN,SHEET_MISSING_IN_LOCAL,,"""Yes... now I'm the same as the junior soldier in front of me...♥""",
Hisui DLC2,English_Steam,Hisui.Horny2-26,274,,,SHEET_MISSING_IN_MAIN,SHEET_MISSING_IN_LOCAL,,"""Kiiiii! T-that's right... even Erena... is just a low-ranking soldier now♥""",
Hisui DLC2,English_Steam,Hisui.Horny2-27,276,,,SHEET_MISSING_IN_MAIN,SHEET_MISSING_IN_LOCAL,,"(...! Even though we're filming, I'm in the same position as Erena...♥ how awe-inspiring♥)",
Hisui DLC2,English_Steam,Hisui.Horny2-28,278,,,SHEET_MISSING_IN_MAIN,SHEET_MISSING_IN_LOCAL,,(But♥... it's so thrilling...♥ to see Erena reduced to a pathetic junior soldier moaning in front of me♥),
Hisui DLC2,English_Steam,Hisui.Horny2-29,280,,,SHEET_MISSING_IN_MAIN,SHEET_MISSING_IN_LOCAL,,"""Haah♥, c-come on... junior soldier! Let's serve the male soldier properly!""",
Hisui DLC2,English_Steam,Hisui.Horny2-30,282,,,SHEET_MISSING_IN_MAIN,SHEET_MISSING_IN_LOCAL,,"""The greeting of junior soldiers is 'Kiiiii!' Say 'Kiiiii♥!'""",
Hisui DLC2,English_Steam,Hisui.Horny2-31,284,,,SHEET_MISSING_IN_MAIN,SHEET_MISSING_IN_LOCAL,,"""...! Understood... Kiiiii!""",
Hisui DLC2,English_Steam,Hisui.Horny2-32,286,,,SHEET_MISSING_IN_MAIN,SHEET_MISSING_IN_LOCAL,,"Then the two junior soldiers undulated their hips, giving squelching pleasure to the male soldier's cock.",
Hisui DLC2,English_Steam,Hisui.Horny2-33,288,,,SHEET_MISSING_IN_MAIN,SHEET_MISSING_IN_LOCAL,,"""Kiiiiiiii! How is it♥... my pussy service...♥""",
Hisui DLC2,English_Steam,Hisui.Horny2-34,290,,,SHEET_MISSING_IN_MAIN,SHEET_MISSING_IN_LOCAL,,"""Kiiiiiiii! A junior soldier's weak pussy♥... please enjoy it as much as you want♥""",
Hisui DLC2,English_Steam,Hisui.Horny2-35,292,,,SHEET_MISSING_IN_MAIN,SHEET_MISSING_IN_LOCAL,,Slap... Slap... Slap...,
Hisui DLC2,English_Steam,Hisui.Horny2-36,294,,,SHEET_MISSING_IN_MAIN,SHEET_MISSING_IN_LOCAL,,"""Haah♥, haah♥, Kiiiiiiii!""",
Hisui DLC2,English_Steam,Hisui.Horny2-37,296,,,SHEET_MISSING_IN_MAIN,SHEET_MISSING_IN_LOCAL,,"""Aah♥... I'm being... treated the same way as those junior soldiers...♥ Kiiiiiiii♥!""",
Hisui DLC2,English_Steam,Hisui.Horny2-38,298,,,SHEET_MISSING_IN_MAIN,SHEET_MISSING_IN_LOCAL,,"""Kiiiii♥! Haah♥ haah♥""",
Hisui DLC2,English_Steam,Hisui.Horny2-39,300,,,SHEET_MISSING_IN_MAIN,SHEET_MISSING_IN_LOCAL,,"""Kiiiii♥! Haah♥, haah♥""",
Hisui DLC2,English_Steam,Hisui.Horny2-40,302,,,SHEET_MISSING_IN_MAIN,SHEET_MISSING_IN_LOCAL,,"""Fufu♥, how pathetic... Erena... no, I mean... junior soldier♥""",
Hisui DLC2,English_Steam,Hisui.Horny2-41,304,,,SHEET_MISSING_IN_MAIN,SHEET_MISSING_IN_LOCAL,,"""Kiiiii! Haah♥, uh♥, I've become such a junior soldier...♥""",
Hisui DLC2,English_Steam,Hisui.Horny2-42,306,,,SHEET_MISSING_IN_MAIN,SHEET_MISSING_IN_LOCAL,,"""Guh... uh... I'm coming... take it!""",
Hisui DLC2,English_Steam,Hisui.Horny2-43,308,,,SHEET_MISSING_IN_MAIN,SHEET_MISSING_IN_LOCAL,,"""Kiiiiiiii♥! Roger that!""",
Hisui DLC2,English_Steam,Hisui.Horny2-44,310,,,SHEET_MISSING_IN_MAIN,SHEET_MISSING_IN_LOCAL,,"""Kiiiiiiiii♥! Yes♥ please come anytime♥""",
Hisui DLC2,English_Steam,Hisui.Horny2-45,312,,,SHEET_MISSING_IN_MAIN,SHEET_MISSING_IN_LOCAL,,"Spurt, spurt, spurt, spurt!!",
Hisui DLC2,English_Steam,Hisui.Horny2-46,314,,,SHEET_MISSING_IN_MAIN,SHEET_MISSING_IN_LOCAL,,"""Ohhh♥! Kiiiiiiii♥! Kiiiiiiii♥!!""",
Hisui DLC2,English_Steam,Hisui.Horny2-47,316,,,SHEET_MISSING_IN_MAIN,SHEET_MISSING_IN_LOCAL,,"""Aah♥, Kiiiiiiii! A junior soldier's semen... in me♥""",
Hisui DLC2,English_Steam,Hisui.Horny2-48,318,,,SHEET_MISSING_IN_MAIN,SHEET_MISSING_IN_LOCAL,,"""Kiiiii! Haah♥, haah♥, ejaculation confirmed...♥""",
Hisui DLC2,English_Steam,Hisui.Horny2-49,320,,,SHEET_MISSING_IN_MAIN,SHEET_MISSING_IN_LOCAL,,"""Haah♥, a junior soldier's trash pussy♥... thank you for coming♥""",
Hisui DLC2,English_Steam,Hisui.Horny2-50,322,,,SHEET_MISSING_IN_MAIN,SHEET_MISSING_IN_LOCAL,,"""Kiiiiiiii♥♥!!""",
Hisui DLC2,English_Steam,Hisui.Horny2-51,324,,,SHEET_MISSING_IN_MAIN,SHEET_MISSING_IN_LOCAL,,(Aah♥... for a junior soldier like me to share pleasure with Erena...),
Hisui DLC2,English_Steam,Hisui.Horny2-52,326,,,SHEET_MISSING_IN_MAIN,SHEET_MISSING_IN_LOCAL,,(There's no greater honor♥... being a junior soldier is the best...♥),
Hisui DLC2,English_Steam,Hisui.Horny2-53,328,,,SHEET_MISSING_IN_MAIN,SHEET_MISSING_IN_LOCAL,,(Kiiiiiiii! Loyalty to the Foundation♥ Loyalty to the Foundation♥),
Hisui DLC2,English_Steam,Hisui.Horny2-54,330,,,SHEET_MISSING_IN_MAIN,SHEET_MISSING_IN_LOCAL,,(Kiiiiiiii♥!!!),
Hisui DLC2,English_Steam,Hisui.Core1-1,340,,,SHEET_MISSING_IN_MAIN,SHEET_MISSING_IN_LOCAL,,While K46 was carrying out her duties as a junior soldier...,
Hisui DLC2,English_Steam,Hisui.Core1-2,342,,,SHEET_MISSING_IN_MAIN,SHEET_MISSING_IN_LOCAL,,"""...Here you are, K46. I have a message for you.""",
Hisui DLC2,English_Steam,Hisui.Core1-3,344,,,SHEET_MISSING_IN_MAIN,SHEET_MISSING_IN_LOCAL,,"""Kiiiii! What is it?""",
Hisui DLC2,English_Steam,Hisui.Core1-4,346,,,SHEET_MISSING_IN_MAIN,SHEET_MISSING_IN_LOCAL,,"""According to the results of the recent examination, an abnormality was detected in your body.""",
Hisui DLC2,English_Steam,Hisui.Core1-5,348,,,SHEET_MISSING_IN_MAIN,SHEET_MISSING_IN_LOCAL,,"""Huh...!""",
Hisui DLC2,English_Steam,Hisui.Core1-6,350,,,SHEET_MISSING_IN_MAIN,SHEET_MISSING_IN_LOCAL,,"""Therefore, K46, you will be disposed of...""",
Hisui DLC2,English_Steam,Hisui.Core1-7,352,,,SHEET_MISSING_IN_MAIN,SHEET_MISSING_IN_LOCAL,,"""Kiiiii! If it's for the Foundation, I'll gladly accept!""",
Hisui DLC2,English_Steam,Hisui.Core1-8,354,,,SHEET_MISSING_IN_MAIN,SHEET_MISSING_IN_LOCAL,,"""No, you were supposed to be disposed of, but since you've been an excellent junior soldier, you'll receive treatment instead of disposal.""",
Hisui DLC2,English_Steam,Hisui.Core1-9,356,,,SHEET_MISSING_IN_MAIN,SHEET_MISSING_IN_LOCAL,,"""Kiiiii! It's an honor beyond what I deserve!""",
Hisui DLC2,English_Steam,Hisui.Core1-10,358,,,SHEET_MISSING_IN_MAIN,SHEET_MISSING_IN_LOCAL,,"""We're going to the research center now. Follow me.""",
Hisui DLC2,English_Steam,Hisui.Core1-11,360,,,SHEET_MISSING_IN_MAIN,SHEET_MISSING_IN_LOCAL,,"""Kiiiiiiii!!""",
Hisui DLC2,English_Steam,Hisui.Core1-12,364,,,SHEET_MISSING_IN_MAIN,SHEET_MISSING_IN_LOCAL,,At the Foundation research facility,
Hisui DLC2,English_Steam,Hisui.Core1-13,366,,,SHEET_MISSING_IN_MAIN,SHEET_MISSING_IN_LOCAL,,"K46 was dressed as a Holy Core Battlemaiden, spreading her legs on the sheets.",
Hisui DLC2,English_Steam,Hisui.Core1-14,368,,,SHEET_MISSING_IN_MAIN,SHEET_MISSING_IN_LOCAL,,"""Haah♥... W-what is this!?""",
Hisui DLC2,English_Steam,Hisui.Core1-15,370,,,SHEET_MISSING_IN_MAIN,SHEET_MISSING_IN_LOCAL,,"""This weird outfit... it's disgusting...!""",
Hisui DLC2,English_Steam,Hisui.Core1-16,372,,,SHEET_MISSING_IN_MAIN,SHEET_MISSING_IN_LOCAL,,"""...That's a Holy Core Battlemaiden outfit. We've manifested the energy that remained in your body.""",
Hisui DLC2,English_Steam,Hisui.Core1-17,374,,,SHEET_MISSING_IN_MAIN,SHEET_MISSING_IN_LOCAL,,"""What!? H-Holy Core Battlemaiden!? M-me!?""",
Hisui DLC2,English_Steam,Hisui.Core1-18,376,,,SHEET_MISSING_IN_MAIN,SHEET_MISSING_IN_LOCAL,,"""Yes, unfortunately... Before you were brainwashed as a soldier, you were a Holy Core Battlemaiden.""",
Hisui DLC2,English_Steam,Hisui.Core1-19,378,,,SHEET_MISSING_IN_MAIN,SHEET_MISSING_IN_LOCAL,,"""K-Kiiiii!! N-no way!? That's a lie!?""",
Hisui DLC2,English_Steam,Hisui.Core1-20,380,,,SHEET_MISSING_IN_MAIN,SHEET_MISSING_IN_LOCAL,,"""I was...? One of those hateful enemies... a Holy Core Battlemaiden!?""",
Hisui DLC2,English_Steam,Hisui.Core1-21,382,,,SHEET_MISSING_IN_MAIN,SHEET_MISSING_IN_LOCAL,,"""Kiiiii!! I should be disposed of for the Foundation's sake...!""",
Hisui DLC2,English_Steam,Hisui.Core1-22,384,,,SHEET_MISSING_IN_MAIN,SHEET_MISSING_IN_LOCAL,,"""Don't worry. Through modification, we can completely eliminate your Holy Core energy.""",
Hisui DLC2,English_Steam,Hisui.Core1-23,386,,,SHEET_MISSING_IN_MAIN,SHEET_MISSING_IN_LOCAL,,"""The Foundation will accept that you were a Holy Core Battlemaiden in the past. As long as you're a loyal junior soldier now.""",
Hisui DLC2,English_Steam,Hisui.Core1-24,388,,,SHEET_MISSING_IN_MAIN,SHEET_MISSING_IN_LOCAL,,"""K-Kiiiiiiii!!""",
Hisui DLC2,English_Steam,Hisui.Core1-25,390,,,SHEET_MISSING_IN_MAIN,SHEET_MISSING_IN_LOCAL,,"""Now we'll perform the procedure to remove the Holy Core. It might be a bit painful, but please endure it.""",
Hisui DLC2,English_Steam,Hisui.Core1-26,392,,,SHEET_MISSING_IN_MAIN,SHEET_MISSING_IN_LOCAL,,"""Kiiiii!! Please proceed!""",
Hisui DLC2,English_Steam,Hisui.Core1-27,394,,,SHEET_MISSING_IN_MAIN,SHEET_MISSING_IN_LOCAL,,Bzzzzzz... Zshhhhhh!!!,
Hisui DLC2,English_Steam,Hisui.Core1-28,396,,,SHEET_MISSING_IN_MAIN,SHEET_MISSING_IN_LOCAL,,"""Hiuuh!? A-aaaaah♥!?""",
Hisui DLC2,English_Steam,Hisui.Core1-29,398,,,SHEET_MISSING_IN_MAIN,SHEET_MISSING_IN_LOCAL,,"""The...♥ the laser♥... on my stomach... hiuuuuh♥!?""",
Hisui DLC2,English_Steam,Hisui.Core1-30,400,,,SHEET_MISSING_IN_MAIN,SHEET_MISSING_IN_LOCAL,,"""It might be a little painful... well, please bear with it.""",
Hisui DLC2,English_Steam,Hisui.Core1-31,402,,,SHEET_MISSING_IN_MAIN,SHEET_MISSING_IN_LOCAL,,"""K-Kiiiiiiii!! Yes♥! For the Foundation♥!""",
Hisui DLC2,English_Steam,Hisui.Core1-32,404,,,SHEET_MISSING_IN_MAIN,SHEET_MISSING_IN_LOCAL,,"(Haah♥, I said that, but...♥!)",
Hisui DLC2,English_Steam,Hisui.Core1-33,406,,,SHEET_MISSING_IN_MAIN,SHEET_MISSING_IN_LOCAL,,(My stomach... is hot... ♥),
Hisui DLC2,English_Steam,Hisui.Core1-34,408,,,SHEET_MISSING_IN_MAIN,SHEET_MISSING_IN_LOCAL,,(It feels like something from all over my body is gathering in my stomach...♥),
Hisui DLC2,English_Steam,Hisui.Core1-35,410,,,SHEET_MISSING_IN_MAIN,SHEET_MISSING_IN_LOCAL,,"Grrrrr, grrrrrrrr!",
Hisui DLC2,English_Steam,Hisui.Core1-36,412,,,SHEET_MISSING_IN_MAIN,SHEET_MISSING_IN_LOCAL,,Suddenly K46's stomach made a sound.,
Hisui DLC2,English_Steam,Hisui.Core1-37,414,,,SHEET_MISSING_IN_MAIN,SHEET_MISSING_IN_LOCAL,,"""Hiuh♥?! I-I'm terribly sorry!""",
Hisui DLC2,English_Steam,Hisui.Core1-38,416,,,SHEET_MISSING_IN_MAIN,SHEET_MISSING_IN_LOCAL,,"""No, that's an appropriate reaction.""",
Hisui DLC2,English_Steam,Hisui.Core1-39,418,,,SHEET_MISSING_IN_MAIN,SHEET_MISSING_IN_LOCAL,,"""The purpose of this treatment is to condense and expel the Holy Core. Let yourself go.""",
Hisui DLC2,English_Steam,Hisui.Core1-40,420,,,SHEET_MISSING_IN_MAIN,SHEET_MISSING_IN_LOCAL,,"""Haah♥, haah♥, K-Kiiiiiiii!!""",
Hisui DLC2,English_Steam,Hisui.Core1-41,422,,,SHEET_MISSING_IN_MAIN,SHEET_MISSING_IN_LOCAL,,"(Uuuh♥, my stomach♥ hurts...♥! But...♥ I have to endure...♥)",
Hisui DLC2,English_Steam,Hisui.Core1-42,424,,,SHEET_MISSING_IN_MAIN,SHEET_MISSING_IN_LOCAL,,Gurgle gurgle!! Gurgle! Pop!,
Hisui DLC2,English_Steam,Hisui.Core1-43,426,,,SHEET_MISSING_IN_MAIN,SHEET_MISSING_IN_LOCAL,,"""Hiuuuuh♥!?""",
Hisui DLC2,English_Steam,Hisui.Core1-44,428,,,SHEET_MISSING_IN_MAIN,SHEET_MISSING_IN_LOCAL,,"""Oh♥... ohhh♥... what's... happening...♥""",
Hisui DLC2,English_Steam,Hisui.Core1-45,430,,,SHEET_MISSING_IN_MAIN,SHEET_MISSING_IN_LOCAL,,"""My butt♥... is so hooot♥...!!""",
Hisui DLC2,English_Steam,Hisui.Core1-46,432,,,SHEET_MISSING_IN_MAIN,SHEET_MISSING_IN_LOCAL,,"""The solidified Holy Core is coming out... This is the expected reaction.""",
Hisui DLC2,English_Steam,Hisui.Core1-47,434,,,SHEET_MISSING_IN_MAIN,SHEET_MISSING_IN_LOCAL,,"""Haah♥, haah♥... nnh♥!""",
Hisui DLC2,English_Steam,Hisui.Core1-48,436,,,SHEET_MISSING_IN_MAIN,SHEET_MISSING_IN_LOCAL,,(My butt... is so hot... I want to let it out...♥! I can't hold it♥!!),
Hisui DLC2,English_Steam,Hisui.Core1-49,438,,,SHEET_MISSING_IN_MAIN,SHEET_MISSING_IN_LOCAL,,"""K46, permission granted to expel the Holy Core.""",
Hisui DLC2,English_Steam,Hisui.Core1-50,440,,,SHEET_MISSING_IN_MAIN,SHEET_MISSING_IN_LOCAL,,"""K-Kiiiiii!! Under...stood!""",
Hisui DLC2,English_Steam,Hisui.Core1-51,442,,,SHEET_MISSING_IN_MAIN,SHEET_MISSING_IN_LOCAL,,(If this comes out♥... I can become a complete soldier♥!),
Hisui DLC2,English_Steam,Hisui.Core1-52,444,,,SHEET_MISSING_IN_MAIN,SHEET_MISSING_IN_LOCAL,,(So! Get out... the Holy Core Battlemaiden inside me♥!),
Hisui DLC2,English_Steam,Hisui.Core1-53,446,,,SHEET_MISSING_IN_MAIN,SHEET_MISSING_IN_LOCAL,,And then K46 pushed hard...,
Hisui DLC2,English_Steam,Hisui.Core1-54,448,,,SHEET_MISSING_IN_MAIN,SHEET_MISSING_IN_LOCAL,,Squelch! Squeeze!,
Hisui DLC2,English_Steam,Hisui.Core1-55,450,,,SHEET_MISSING_IN_MAIN,SHEET_MISSING_IN_LOCAL,,"""Hooh♥, the Holy Core♥ is coming out! Of my♥""",
Hisui DLC2,English_Steam,Hisui.Core1-56,452,,,SHEET_MISSING_IN_MAIN,SHEET_MISSING_IN_LOCAL,,"(Oh♥, I can feel♥ the energy inside me♥ disappearing rapidly... but♥)",
Hisui DLC2,English_Steam,Hisui.Core1-57,454,,,SHEET_MISSING_IN_MAIN,SHEET_MISSING_IN_LOCAL,,"""Get out♥! The Holy Core Battlemaiden... inside me♥!""",
Hisui DLC2,English_Steam,Hisui.Core1-58,456,,,SHEET_MISSING_IN_MAIN,SHEET_MISSING_IN_LOCAL,,"""I'm a junior soldier who pledged loyalty to the Foundation♥, I don't need Holy Core energy♥!!""",
Hisui DLC2,English_Steam,Hisui.Core1-59,458,,,SHEET_MISSING_IN_MAIN,SHEET_MISSING_IN_LOCAL,,"Pop, clang!",
Hisui DLC2,English_Steam,Hisui.Core1-60,460,,,SHEET_MISSING_IN_MAIN,SHEET_MISSING_IN_LOCAL,,"""Hooo♥ Ohhhh♥""",
Hisui DLC2,English_Steam,Hisui.Core1-61,462,,,SHEET_MISSING_IN_MAIN,SHEET_MISSING_IN_LOCAL,,"""Holy Core remnant at 0.2%. You got almost all of it out.""",
Hisui DLC2,English_Steam,Hisui.Core1-62,464,,,SHEET_MISSING_IN_MAIN,SHEET_MISSING_IN_LOCAL,,"""Hoooo♥ Kiiiiii!""",
Hisui DLC2,English_Steam,Hisui.Core1-63,466,,,SHEET_MISSING_IN_MAIN,SHEET_MISSING_IN_LOCAL,,"""Ohhhhh! Hmmm? This... Ahhh♥""",
Hisui DLC2,English_Steam,Hisui.Core1-64,468,,,SHEET_MISSING_IN_MAIN,SHEET_MISSING_IN_LOCAL,,"K46's transformed suit faded with the light, and a soldier's combat suit appeared.",
Hisui DLC2,English_Steam,Hisui.Core1-65,470,,,SHEET_MISSING_IN_MAIN,SHEET_MISSING_IN_LOCAL,,"""Now the power of the Holy Core Battlemaidens in you has been driven away.""",
Hisui DLC2,English_Steam,Hisui.Core1-66,472,,,SHEET_MISSING_IN_MAIN,SHEET_MISSING_IN_LOCAL,,"""You are now a junior soldier down to the very core.""",
Hisui DLC2,English_Steam,Hisui.Core1-67,474,,,SHEET_MISSING_IN_MAIN,SHEET_MISSING_IN_LOCAL,,"""I have really become a junior soldier♥""",
Hisui DLC2,English_Steam,Hisui.Core1-68,476,,,SHEET_MISSING_IN_MAIN,SHEET_MISSING_IN_LOCAL,,"""Kiiiiii! Thank you very much!""",
Hisui DLC2,English_Steam,Hisui.Core1-69,478,,,SHEET_MISSING_IN_MAIN,SHEET_MISSING_IN_LOCAL,,"""Once again, I am junior soldier K46!""",
Hisui DLC2,English_Steam,Hisui.Core1-70,480,,,SHEET_MISSING_IN_MAIN,SHEET_MISSING_IN_LOCAL,,"""Loyalty to the Foundation! Rule the world with fear!""",
Hisui DLC2,English_Steam,Hisui.Core1-71,482,,,SHEET_MISSING_IN_MAIN,SHEET_MISSING_IN_LOCAL,,"""Good. Please dedicate yourself to the Foundation, K46.""",
Hisui DLC2,English_Steam,Hisui.Core1-72,484,,,SHEET_MISSING_IN_MAIN,SHEET_MISSING_IN_LOCAL,,"""Kiiiiiiii!!""",
Hisui DLC2,English_Steam,Hisui.Core1-73,486,,,SHEET_MISSING_IN_MAIN,SHEET_MISSING_IN_LOCAL,,(Kiiiiiiii! I am now completely K46!),
Hisui DLC2,English_Steam,Hisui.Core1-74,488,,,SHEET_MISSING_IN_MAIN,SHEET_MISSING_IN_LOCAL,,"(As a junior soldier, I will dedicate everything to the Foundation!)",
Hisui DLC2,English_Steam,Hisui.Core1-75,490,,,SHEET_MISSING_IN_MAIN,SHEET_MISSING_IN_LOCAL,,(Kiiiiiiiii!),
Hisui DLC2,English_Steam,Hisui.Core1-76,492,,,SHEET_MISSING_IN_MAIN,SHEET_MISSING_IN_LOCAL,,(Kiiiiiiiii!),
Hisui DLC2,English_Steam,Hisui.Core1-77,494,,,SHEET_MISSING_IN_MAIN,SHEET_MISSING_IN_LOCAL,,(Kiiiiiiiii!),
Daiya DLC2,English_Steam,Daiya.Debauchery1-1,4,,,SHEET_MISSING_IN_MAIN,SHEET_MISSING_IN_LOCAL,,At the Foundation hideout,
Daiya DLC2,English_Steam,Daiya.Debauchery1-2,6,,,SHEET_MISSING_IN_MAIN,SHEET_MISSING_IN_LOCAL,,"""Heh♥ heh♥ did you call for me♥ Lady Nayuta♥!""",
Daiya DLC2,English_Steam,Daiya.Debauchery1-3,8,,,SHEET_MISSING_IN_MAIN,SHEET_MISSING_IN_LOCAL,,"""Fufu♥ what a good girl! You pathetic and pitiful Daiya♥""",
Daiya DLC2,English_Steam,Daiya.Debauchery1-4,10,,,SHEET_MISSING_IN_MAIN,SHEET_MISSING_IN_LOCAL,,"""There's no other reason I called you here. Today you'll serve Master together with me.""",
Daiya DLC2,English_Steam,Daiya.Debauchery1-5,12,,,SHEET_MISSING_IN_MAIN,SHEET_MISSING_IN_LOCAL,,"""Heh♥ Woof♥ I'm so happy♥!""",
Daiya DLC2,English_Steam,Daiya.Debauchery1-6,14,,,SHEET_MISSING_IN_MAIN,SHEET_MISSING_IN_LOCAL,,"""That being the case, I'll return your limbs to you. Now, let's go to Master together♥""",
Daiya DLC2,English_Steam,Daiya.Debauchery1-7,16,,,SHEET_MISSING_IN_MAIN,SHEET_MISSING_IN_LOCAL,,"""Woof♥ Master♥ I'll serve you♥!!""",
Daiya DLC2,English_Steam,Daiya.Debauchery1-8,20,,,SHEET_MISSING_IN_MAIN,SHEET_MISSING_IN_LOCAL,,In the fiend's bedroom,
Daiya DLC2,English_Steam,Daiya.Debauchery1-9,22,,,SHEET_MISSING_IN_MAIN,SHEET_MISSING_IN_LOCAL,,"Daiya and Nayuta, dressed as pigs, were servicing the fiend",
Daiya DLC2,English_Steam,Daiya.Debauchery1-10,24,,,SHEET_MISSING_IN_MAIN,SHEET_MISSING_IN_LOCAL,,"""Mmchu♥, slurp♥, mmm♥...""",
Daiya DLC2,English_Steam,Daiya.Debauchery1-11,26,,,SHEET_MISSING_IN_MAIN,SHEET_MISSING_IN_LOCAL,,"""Haa♥, haa♥, slurp♥, lick♥...""",
Daiya DLC2,English_Steam,Daiya.Debauchery1-12,28,,,SHEET_MISSING_IN_MAIN,SHEET_MISSING_IN_LOCAL,,"""Haa♥, how is it... Master♥""",
Daiya DLC2,English_Steam,Daiya.Debauchery1-13,30,,,SHEET_MISSING_IN_MAIN,SHEET_MISSING_IN_LOCAL,,"""Our♥... pig service♥... please enjoy it to the fullest...♥""",
Daiya DLC2,English_Steam,Daiya.Debauchery1-14,32,,,SHEET_MISSING_IN_MAIN,SHEET_MISSING_IN_LOCAL,,"""Gufufu...! Good work, you pigs!""",
Daiya DLC2,English_Steam,Daiya.Debauchery1-15,34,,,SHEET_MISSING_IN_MAIN,SHEET_MISSING_IN_LOCAL,,"""Come on, Daiya... This is the cock that's going to fuck us...♥ We need to clean it more thoroughly...♥""",
Daiya DLC2,English_Steam,Daiya.Debauchery1-16,36,,,SHEET_MISSING_IN_MAIN,SHEET_MISSING_IN_LOCAL,,"""Yes...♥ Lady Nayuta... lick♥, lick♥, chuuu♥""",
Daiya DLC2,English_Steam,Daiya.Debauchery1-17,38,,,SHEET_MISSING_IN_MAIN,SHEET_MISSING_IN_LOCAL,,"""Fufufu♥, you're doing so well♥""",
Daiya DLC2,English_Steam,Daiya.Debauchery1-18,40,,,SHEET_MISSING_IN_MAIN,SHEET_MISSING_IN_LOCAL,,"""Also... right now, both you and I are Master's pigs...♥ You don't need to use honorifics♥""",
Daiya DLC2,English_Steam,Daiya.Debauchery1-19,42,,,SHEET_MISSING_IN_MAIN,SHEET_MISSING_IN_LOCAL,,"""B-but that's...""",
Daiya DLC2,English_Steam,Daiya.Debauchery1-20,44,,,SHEET_MISSING_IN_MAIN,SHEET_MISSING_IN_LOCAL,,"""Fufu♥, it's true that I'm overwhelmingly higher in rank than you... but before Master, we're equally just sex slaves...♥""",
Daiya DLC2,English_Steam,Daiya.Debauchery1-21,46,,,SHEET_MISSING_IN_MAIN,SHEET_MISSING_IN_LOCAL,,"""B-but... for a dog like me to address Lady Nayuta without honorifics...""",
Daiya DLC2,English_Steam,Daiya.Debauchery1-22,48,,,SHEET_MISSING_IN_MAIN,SHEET_MISSING_IN_LOCAL,,"""I don't mind that at all... but now that I think about it, it's rude for pigs to use human names...""",
Daiya DLC2,English_Steam,Daiya.Debauchery1-23,50,,,SHEET_MISSING_IN_MAIN,SHEET_MISSING_IN_LOCAL,,"""Let's do this then! I'm pig 1, and you're pig 2♥""",
Daiya DLC2,English_Steam,Daiya.Debauchery1-24,52,,,SHEET_MISSING_IN_MAIN,SHEET_MISSING_IN_LOCAL,,"""This is an order...♥ Now, pig 2? Let's service Master♥""",
Daiya DLC2,English_Steam,Daiya.Debauchery1-25,54,,,SHEET_MISSING_IN_MAIN,SHEET_MISSING_IN_LOCAL,,"""O-oink♥ Pig 1♥! I'll service him too♥""",
Daiya DLC2,English_Steam,Daiya.Debauchery1-26,56,,,SHEET_MISSING_IN_MAIN,SHEET_MISSING_IN_LOCAL,,"Slurp, stroke! Stroke!",
Daiya DLC2,English_Steam,Daiya.Debauchery1-27,58,,,SHEET_MISSING_IN_MAIN,SHEET_MISSING_IN_LOCAL,,"""Haa♥, how are they... my tits...♥""",
Daiya DLC2,English_Steam,Daiya.Debauchery1-28,60,,,SHEET_MISSING_IN_MAIN,SHEET_MISSING_IN_LOCAL,,"""Fufu♥, how cute♥, haven't they gotten quite big♥?""",
Daiya DLC2,English_Steam,Daiya.Debauchery1-29,62,,,SHEET_MISSING_IN_MAIN,SHEET_MISSING_IN_LOCAL,,"""Yes...♥ While servicing Master♥, they've gotten this big♥""",
Daiya DLC2,English_Steam,Daiya.Debauchery1-30,64,,,SHEET_MISSING_IN_MAIN,SHEET_MISSING_IN_LOCAL,,"""Fufu♥, you're such a good girl♥, pig 2? Well, mine are like this too thanks to Master's affection...♥""",
Daiya DLC2,English_Steam,Daiya.Debauchery1-31,66,,,SHEET_MISSING_IN_MAIN,SHEET_MISSING_IN_LOCAL,,"""Even so♥, Master's huge cock poking out from between our tits♥, it's too amazing♥""",
Daiya DLC2,English_Steam,Daiya.Debauchery1-32,68,,,SHEET_MISSING_IN_MAIN,SHEET_MISSING_IN_LOCAL,,"""Oink♥, you're right...♥ The cock's pulsing reaches my heart♥, and I♥ can't help getting horny♥""",
Daiya DLC2,English_Steam,Daiya.Debauchery1-33,70,,,SHEET_MISSING_IN_MAIN,SHEET_MISSING_IN_LOCAL,,And then the two pigs thoroughly coated the monster's cock with their spit,
Daiya DLC2,English_Steam,Daiya.Debauchery1-34,72,,,SHEET_MISSING_IN_MAIN,SHEET_MISSING_IN_LOCAL,,"""Haa♥, haa♥, slurrrp♥""",
Daiya DLC2,English_Steam,Daiya.Debauchery1-35,74,,,SHEET_MISSING_IN_MAIN,SHEET_MISSING_IN_LOCAL,,"""Slurp♥ haa♥, it's already thoroughly wet... and so big...♥""",
Daiya DLC2,English_Steam,Daiya.Debauchery1-36,76,,,SHEET_MISSING_IN_MAIN,SHEET_MISSING_IN_LOCAL,,"""Haa♥, haa♥, Master's... cock♥!""",
Daiya DLC2,English_Steam,Daiya.Debauchery1-37,78,,,SHEET_MISSING_IN_MAIN,SHEET_MISSING_IN_LOCAL,,"""Gufufu... That's enough, pigs... I'll take you in turns!""",
Daiya DLC2,English_Steam,Daiya.Debauchery1-38,80,,,SHEET_MISSING_IN_MAIN,SHEET_MISSING_IN_LOCAL,,"""♥ Oink! Master♥!""",
Daiya DLC2,English_Steam,Daiya.Debauchery1-39,82,,,SHEET_MISSING_IN_MAIN,SHEET_MISSING_IN_LOCAL,,"""Haa♥, haa♥, please do♥""",
Daiya DLC2,English_Steam,Daiya.Debauchery1-40,86,,,SHEET_MISSING_IN_MAIN,SHEET_MISSING_IN_LOCAL,,"""Haa♥, haa♥, haa♥... gulp...♥""",
Daiya DLC2,English_Steam,Daiya.Debauchery1-41,88,,,SHEET_MISSING_IN_MAIN,SHEET_MISSING_IN_LOCAL,,"""Usually I'm just used by Master♥... but today I'll be the one servicing♥""",
Daiya DLC2,English_Steam,Daiya.Debauchery1-42,90,,,SHEET_MISSING_IN_MAIN,SHEET_MISSING_IN_LOCAL,,"""Fufu♥, pig 2, getting so desperate for cock♥... how cute♥""",
Daiya DLC2,English_Steam,Daiya.Debauchery1-43,92,,,SHEET_MISSING_IN_MAIN,SHEET_MISSING_IN_LOCAL,,"""Oink♥, Master's cock♥, haa♥ haa♥""",
Daiya DLC2,English_Steam,Daiya.Debauchery1-44,94,,,SHEET_MISSING_IN_MAIN,SHEET_MISSING_IN_LOCAL,,"""Fufu♥, it seems pig 2 can't hold back anymore...♥ Now, Master...♥""",
Daiya DLC2,English_Steam,Daiya.Debauchery1-45,96,,,SHEET_MISSING_IN_MAIN,SHEET_MISSING_IN_LOCAL,,"""Gufufu... Very well. I permit insertion""",
Daiya DLC2,English_Steam,Daiya.Debauchery1-46,98,,,SHEET_MISSING_IN_MAIN,SHEET_MISSING_IN_LOCAL,,"""Haa♥ haa♥ oink♥! Cock♥, I'll be putting it in♥!""",
Daiya DLC2,English_Steam,Daiya.Debauchery1-47,100,,,SHEET_MISSING_IN_MAIN,SHEET_MISSING_IN_LOCAL,,"""Haa♥... All the way to this part of my belly...♥""",
Daiya DLC2,English_Steam,Daiya.Debauchery1-48,102,,,SHEET_MISSING_IN_MAIN,SHEET_MISSING_IN_LOCAL,,And then Daiya raised her hips and aimed at the cock...,
Daiya DLC2,English_Steam,Daiya.Debauchery1-49,104,,,SHEET_MISSING_IN_MAIN,SHEET_MISSING_IN_LOCAL,,"""H-Here I come♥, oink!""",
Daiya DLC2,English_Steam,Daiya.Debauchery1-50,106,,,SHEET_MISSING_IN_MAIN,SHEET_MISSING_IN_LOCAL,,Squeeelch!,
Daiya DLC2,English_Steam,Daiya.Debauchery1-51,108,,,SHEET_MISSING_IN_MAIN,SHEET_MISSING_IN_LOCAL,,"""Oink♥, ohhhhhhh♥♥!?""",
Daiya DLC2,English_Steam,Daiya.Debauchery1-52,110,,,SHEET_MISSING_IN_MAIN,SHEET_MISSING_IN_LOCAL,,"""Hooh♥, oink, i-it's inside♥!!""",
Daiya DLC2,English_Steam,Daiya.Debauchery1-53,112,,,SHEET_MISSING_IN_MAIN,SHEET_MISSING_IN_LOCAL,,"""Ohh♥! Hooh♥, oh♥...!!""",
Daiya DLC2,English_Steam,Daiya.Debauchery1-54,114,,,SHEET_MISSING_IN_MAIN,SHEET_MISSING_IN_LOCAL,,"""Oh my, pig 2...♥ Don't tell me you came just from putting it in?""",
Daiya DLC2,English_Steam,Daiya.Debauchery1-55,116,,,SHEET_MISSING_IN_MAIN,SHEET_MISSING_IN_LOCAL,,"""Hiuu♥, oink♥, y-yes♥, Master's cock is too amazing♥...!""",
Daiya DLC2,English_Steam,Daiya.Debauchery1-56,118,,,SHEET_MISSING_IN_MAIN,SHEET_MISSING_IN_LOCAL,,"""I'm so sorry♥, Master♥""",
Daiya DLC2,English_Steam,Daiya.Debauchery1-57,120,,,SHEET_MISSING_IN_MAIN,SHEET_MISSING_IN_LOCAL,,"""Honestly... pig 2 should be almost as strong as me...♥ Well, I suppose it can't be helped before Master's cock♥""",
Daiya DLC2,English_Steam,Daiya.Debauchery1-58,122,,,SHEET_MISSING_IN_MAIN,SHEET_MISSING_IN_LOCAL,,"""Well, you were always held by Master and used like a toy♥ But you're reasonably strong, so you need to try harder!""",
Daiya DLC2,English_Steam,Daiya.Debauchery1-59,124,,,SHEET_MISSING_IN_MAIN,SHEET_MISSING_IN_LOCAL,,"""Yes♥, pig 2♥ will do her best to make Master's cock feel good♥!!""",
Daiya DLC2,English_Steam,Daiya.Debauchery1-60,126,,,SHEET_MISSING_IN_MAIN,SHEET_MISSING_IN_LOCAL,,"""Uuh♥, oh♥... ohh♥!""",
Daiya DLC2,English_Steam,Daiya.Debauchery1-61,128,,,SHEET_MISSING_IN_MAIN,SHEET_MISSING_IN_LOCAL,,Slap! Slap! Slap♥!!,
Daiya DLC2,English_Steam,Daiya.Debauchery1-62,130,,,SHEET_MISSING_IN_MAIN,SHEET_MISSING_IN_LOCAL,,"""Ohooh♥! Ohh♥! H-how is it...♥!""",
Daiya DLC2,English_Steam,Daiya.Debauchery1-63,132,,,SHEET_MISSING_IN_MAIN,SHEET_MISSING_IN_LOCAL,,"""Fufu♥, every time you move, your belly bulges in the shape of his cock♥♥""",
Daiya DLC2,English_Steam,Daiya.Debauchery1-64,134,,,SHEET_MISSING_IN_MAIN,SHEET_MISSING_IN_LOCAL,,"""Oink♥, oh♥! Oh♥!""",
Daiya DLC2,English_Steam,Daiya.Debauchery1-65,136,,,SHEET_MISSING_IN_MAIN,SHEET_MISSING_IN_LOCAL,,"""Fufu♥, pig 2 is so desperate for cock♥... Me too...""",
Daiya DLC2,English_Steam,Daiya.Debauchery1-66,138,,,SHEET_MISSING_IN_MAIN,SHEET_MISSING_IN_LOCAL,,"Saying that, Nayuta began rubbing her crotch against the fiend's chest",
Daiya DLC2,English_Steam,Daiya.Debauchery1-67,140,,,SHEET_MISSING_IN_MAIN,SHEET_MISSING_IN_LOCAL,,"""Oink♥, ehehe♥... Since pig 2 is working hard♥♥ pig 1 will cheer you on♥!""",
Daiya DLC2,English_Steam,Daiya.Debauchery1-68,142,,,SHEET_MISSING_IN_MAIN,SHEET_MISSING_IN_LOCAL,,Rub♥ slide♥ slide♥!,
Daiya DLC2,English_Steam,Daiya.Debauchery1-69,144,,,SHEET_MISSING_IN_MAIN,SHEET_MISSING_IN_LOCAL,,"""Aahn♥ Master's thick chest♥♥, so rugged and cool♥""",
Daiya DLC2,English_Steam,Daiya.Debauchery1-70,146,,,SHEET_MISSING_IN_MAIN,SHEET_MISSING_IN_LOCAL,,"""Ahn♥, pig 1 too♥ is starting to want cock soon...♥""",
Daiya DLC2,English_Steam,Daiya.Debauchery1-71,148,,,SHEET_MISSING_IN_MAIN,SHEET_MISSING_IN_LOCAL,,"""Come on, pig 2♥, I'm waiting so please hurry up and switch...♥!""",
Daiya DLC2,English_Steam,Daiya.Debauchery1-72,150,,,SHEET_MISSING_IN_MAIN,SHEET_MISSING_IN_LOCAL,,"""Oink♥, hooh♥, ohh♥! W-wait♥, at least let me make Master come first♥!""",
Daiya DLC2,English_Steam,Daiya.Debauchery1-73,152,,,SHEET_MISSING_IN_MAIN,SHEET_MISSING_IN_LOCAL,,"""Fufu♥, I suppose it can't be helped♥, alright♥, make sure to service him well with your pussy♥""",
Daiya DLC2,English_Steam,Daiya.Debauchery1-74,154,,,SHEET_MISSING_IN_MAIN,SHEET_MISSING_IN_LOCAL,,"""Hooh♥, oink♥, yes♥, oh♥!""",
Daiya DLC2,English_Steam,Daiya.Debauchery1-75,156,,,SHEET_MISSING_IN_MAIN,SHEET_MISSING_IN_LOCAL,,Slap! Slap! Squelch♥!!!,
Daiya DLC2,English_Steam,Daiya.Debauchery1-76,158,,,SHEET_MISSING_IN_MAIN,SHEET_MISSING_IN_LOCAL,,"""Oink♥, oink♥, ohhh♥!""",
Daiya DLC2,English_Steam,Daiya.Debauchery1-77,160,,,SHEET_MISSING_IN_MAIN,SHEET_MISSING_IN_LOCAL,,"""Come on, pig #2, you can do it♥ Let's rub that cock more♥""",
Daiya DLC2,English_Steam,Daiya.Debauchery1-78,162,,,SHEET_MISSING_IN_MAIN,SHEET_MISSING_IN_LOCAL,,"""Ohh♥! Hahi♥ cock♥""",
Daiya DLC2,English_Steam,Daiya.Debauchery1-79,164,,,SHEET_MISSING_IN_MAIN,SHEET_MISSING_IN_LOCAL,,"""Ohh♥!? Oh, Master♥, you're leaking a bit♥!?""",
Daiya DLC2,English_Steam,Daiya.Debauchery1-80,166,,,SHEET_MISSING_IN_MAIN,SHEET_MISSING_IN_LOCAL,,"""Good job♥♥ Now, let's work hard and service him to the end♥♥""",
Daiya DLC2,English_Steam,Daiya.Debauchery1-81,168,,,SHEET_MISSING_IN_MAIN,SHEET_MISSING_IN_LOCAL,,"""Ohh♥! Hooh♥, hooh♥!""",
Daiya DLC2,English_Steam,Daiya.Debauchery1-82,170,,,SHEET_MISSING_IN_MAIN,SHEET_MISSING_IN_LOCAL,,Thrust! Thrust! Thrust!,
Daiya DLC2,English_Steam,Daiya.Debauchery1-83,172,,,SHEET_MISSING_IN_MAIN,SHEET_MISSING_IN_LOCAL,,"""Oink♥, I'm just a weak pig♥♥ but for Master♥ I'll use all my strength to service you♥!!""",
Daiya DLC2,English_Steam,Daiya.Debauchery1-84,174,,,SHEET_MISSING_IN_MAIN,SHEET_MISSING_IN_LOCAL,,"""Ohhh♥! Ohh♥! Oh♥!""",
Daiya DLC2,English_Steam,Daiya.Debauchery1-85,176,,,SHEET_MISSING_IN_MAIN,SHEET_MISSING_IN_LOCAL,,Throb!!,
Daiya DLC2,English_Steam,Daiya.Debauchery1-86,178,,,SHEET_MISSING_IN_MAIN,SHEET_MISSING_IN_LOCAL,,"""Oh♥! Just now♥ a bit came out♥ Master's♥♥ semen.""",
Daiya DLC2,English_Steam,Daiya.Debauchery1-87,180,,,SHEET_MISSING_IN_MAIN,SHEET_MISSING_IN_LOCAL,,"""Please come♥♥ Master's semen♥ oinkkkk♥!""",
Daiya DLC2,English_Steam,Daiya.Debauchery1-88,182,,,SHEET_MISSING_IN_MAIN,SHEET_MISSING_IN_LOCAL,,"Throb, throb, throb! Spuuuurt!!!",
Daiya DLC2,English_Steam,Daiya.Debauchery1-89,184,,,SHEET_MISSING_IN_MAIN,SHEET_MISSING_IN_LOCAL,,"""Hooh♥, ohhh~~~!♥♥!""",
Daiya DLC2,English_Steam,Daiya.Debauchery1-90,186,,,SHEET_MISSING_IN_MAIN,SHEET_MISSING_IN_LOCAL,,"""Oinkkk!♥♥ Semen♥ it's coming out♥♥!!""",
Daiya DLC2,English_Steam,Daiya.Debauchery1-91,188,,,SHEET_MISSING_IN_MAIN,SHEET_MISSING_IN_LOCAL,,"""Ahaha♥, pig 2's trained belly looks like a balloon♥♥""",
Daiya DLC2,English_Steam,Daiya.Debauchery1-92,190,,,SHEET_MISSING_IN_MAIN,SHEET_MISSING_IN_LOCAL,,"""Ohh♥! Ohh♥! Coming♥ oinkkk♥♥!!""",
Daiya DLC2,English_Steam,Daiya.Debauchery1-93,192,,,SHEET_MISSING_IN_MAIN,SHEET_MISSING_IN_LOCAL,,Gush!! Spuuurt!,
Daiya DLC2,English_Steam,Daiya.Debauchery1-94,194,,,SHEET_MISSING_IN_MAIN,SHEET_MISSING_IN_LOCAL,,"""Hooh♥!? So much semen♥ too much♥!!""",
Daiya DLC2,English_Steam,Daiya.Debauchery1-95,196,,,SHEET_MISSING_IN_MAIN,SHEET_MISSING_IN_LOCAL,,A massive amount of semen came down like a waterfall from where they are joined,
Daiya DLC2,English_Steam,Daiya.Debauchery1-96,198,,,SHEET_MISSING_IN_MAIN,SHEET_MISSING_IN_LOCAL,,"""Aah♥, so much...♥ I'm jealous♥""",
Daiya DLC2,English_Steam,Daiya.Debauchery1-97,200,,,SHEET_MISSING_IN_MAIN,SHEET_MISSING_IN_LOCAL,,"""Ohh♥! Oh♥!""",
Daiya DLC2,English_Steam,Daiya.Debauchery1-98,202,,,SHEET_MISSING_IN_MAIN,SHEET_MISSING_IN_LOCAL,,"""I came♥! Coming!♥ Masterrr♥!""",
Daiya DLC2,English_Steam,Daiya.Debauchery1-99,204,,,SHEET_MISSING_IN_MAIN,SHEET_MISSING_IN_LOCAL,,"""Hooh♥...! Oinkkk!""",
Daiya DLC2,English_Steam,Daiya.Debauchery1-100,206,,,SHEET_MISSING_IN_MAIN,SHEET_MISSING_IN_LOCAL,,"""Fufu♥, good job...♥ Oink♥, I... can't hold back either♥""",
Daiya DLC2,English_Steam,Daiya.Debauchery1-101,208,,,SHEET_MISSING_IN_MAIN,SHEET_MISSING_IN_LOCAL,,"""Hoohhhhh♥ oh♥""",
Daiya DLC2,English_Steam,Daiya.Debauchery1-102,210,,,SHEET_MISSING_IN_MAIN,SHEET_MISSING_IN_LOCAL,,"""Fufu♥... Now, pig 2♥ the service has only just begun...♥""",
Daiya DLC2,English_Steam,Daiya.Debauchery1-103,212,,,SHEET_MISSING_IN_MAIN,SHEET_MISSING_IN_LOCAL,,"""We still need to make him come at least 10 more times before Master will be satisfied...♥""",
Daiya DLC2,English_Steam,Daiya.Debauchery1-104,214,,,SHEET_MISSING_IN_MAIN,SHEET_MISSING_IN_LOCAL,,"""Come on...♥ That's why you still have your Holy Core Battlemaiden powers...♥ Let's work together until he's satisfied♥""",
Daiya DLC2,English_Steam,Daiya.Debauchery1-105,216,,,SHEET_MISSING_IN_MAIN,SHEET_MISSING_IN_LOCAL,,"""Oink♥, oinkkk♥!""",
Daiya DLC2,English_Steam,Daiya.Debauchery1-106,218,,,SHEET_MISSING_IN_MAIN,SHEET_MISSING_IN_LOCAL,,"""Pig 2♥♥... will work hard as Master's pet♥!!""",
Daiya DLC2,English_Steam,Daiya.Debauchery1-107,220,,,SHEET_MISSING_IN_MAIN,SHEET_MISSING_IN_LOCAL,,...,
Daiya DLC2,English_Steam,Daiya.Debauchery1-108,222,,,SHEET_MISSING_IN_MAIN,SHEET_MISSING_IN_LOCAL,,...,
Daiya DLC2,English_Steam,Daiya.Debauchery1-109,224,,,SHEET_MISSING_IN_MAIN,SHEET_MISSING_IN_LOCAL,,...,
Daiya DLC2,English_Steam,Daiya.Debauchery2-1,229,,,SHEET_MISSING_IN_MAIN,SHEET_MISSING_IN_LOCAL,,"At the Foundation hideout, in the fiend's bedroom",
Daiya DLC2,English_Steam,Daiya.Debauchery2-2,231,,,SHEET_MISSING_IN_MAIN,SHEET_MISSING_IN_LOCAL,,"Slurp♥♥, sluuurp♥, lick♥",
Daiya DLC2,English_Steam,Daiya.Debauchery2-3,233,,,SHEET_MISSING_IN_MAIN,SHEET_MISSING_IN_LOCAL,,"""Haa♥ Master's cock♥ aah♥""",
Daiya DLC2,English_Steam,Daiya.Debauchery2-4,235,,,SHEET_MISSING_IN_MAIN,SHEET_MISSING_IN_LOCAL,,"""Lick♥ haa♥ haa♥""",
Daiya DLC2,English_Steam,Daiya.Debauchery2-5,237,,,SHEET_MISSING_IN_MAIN,SHEET_MISSING_IN_LOCAL,,"""Haa♥, how is it... this junior soldier suit♥♥""",
Daiya DLC2,English_Steam,Daiya.Debauchery2-6,239,,,SHEET_MISSING_IN_MAIN,SHEET_MISSING_IN_LOCAL,,"""Haa♥, haa♥, this suit... clings so tightly to the skin...♥""",
Daiya DLC2,English_Steam,Daiya.Debauchery2-7,241,,,SHEET_MISSING_IN_MAIN,SHEET_MISSING_IN_LOCAL,,"""Gufufu... Today's cosplay is junior soldier, huh?""",
Daiya DLC2,English_Steam,Daiya.Debauchery2-8,243,,,SHEET_MISSING_IN_MAIN,SHEET_MISSING_IN_LOCAL,,"""Fufu♥, yes♥ before Master, we're nothing but dust...♥""",
Daiya DLC2,English_Steam,Daiya.Debauchery2-9,245,,,SHEET_MISSING_IN_MAIN,SHEET_MISSING_IN_LOCAL,,"""The junior soldier uniforms are our proper attire...♥""",
Daiya DLC2,English_Steam,Daiya.Debauchery2-10,247,,,SHEET_MISSING_IN_MAIN,SHEET_MISSING_IN_LOCAL,,"""Yes♥... Master is the highest rank to us♥... we are the lowest rank♥♥""",
Daiya DLC2,English_Steam,Daiya.Debauchery2-11,249,,,SHEET_MISSING_IN_MAIN,SHEET_MISSING_IN_LOCAL,,Rub♥! Stroke♥♥ stroke♥♥,
Daiya DLC2,English_Steam,Daiya.Debauchery2-12,251,,,SHEET_MISSING_IN_MAIN,SHEET_MISSING_IN_LOCAL,,"""Haa♥, haa♥, what was it again... those pathetic cries of the junior soldiers...♥""",
Daiya DLC2,English_Steam,Daiya.Debauchery2-13,253,,,SHEET_MISSING_IN_MAIN,SHEET_MISSING_IN_LOCAL,,"""Ah, it was like 'kii', wasn't it...♥ That ridiculous and pathetic kii kii sound...♥""",
Daiya DLC2,English_Steam,Daiya.Debauchery2-14,255,,,SHEET_MISSING_IN_MAIN,SHEET_MISSING_IN_LOCAL,,"""But... exposing that patheticness to Master is what makes us true junior soldiers♥""",
Daiya DLC2,English_Steam,Daiya.Debauchery2-15,257,,,SHEET_MISSING_IN_MAIN,SHEET_MISSING_IN_LOCAL,,"""Haa♥, KIIIIII♥!! Aah♥ come on, you too♥""",
Daiya DLC2,English_Steam,Daiya.Debauchery2-16,259,,,SHEET_MISSING_IN_MAIN,SHEET_MISSING_IN_LOCAL,,"""K-KIIII!! Is this good...?""",
Daiya DLC2,English_Steam,Daiya.Debauchery2-17,261,,,SHEET_MISSING_IN_MAIN,SHEET_MISSING_IN_LOCAL,,"""Fufu♥ that's perfect. And junior soldiers don't need luxuries like names♥""",
Daiya DLC2,English_Steam,Daiya.Debauchery2-18,263,,,SHEET_MISSING_IN_MAIN,SHEET_MISSING_IN_LOCAL,,"""Well, I'll just be junior soldier 01. You're 02♥""",
Daiya DLC2,English_Steam,Daiya.Debauchery2-19,265,,,SHEET_MISSING_IN_MAIN,SHEET_MISSING_IN_LOCAL,,"""KIIIIII!! Junior soldier 02♥♥ will give Master with a titfuck♥♥""",
Daiya DLC2,English_Steam,Daiya.Debauchery2-20,267,,,SHEET_MISSING_IN_MAIN,SHEET_MISSING_IN_LOCAL,,"""KIIIIII!! Junior soldier 01 will also♥♥ serve the Master♥♥""",
Daiya DLC2,English_Steam,Daiya.Debauchery2-21,271,,,SHEET_MISSING_IN_MAIN,SHEET_MISSING_IN_LOCAL,,"""Haa♥, haa♥, haa♥ KIIIIII♥!!""",
Daiya DLC2,English_Steam,Daiya.Debauchery2-22,273,,,SHEET_MISSING_IN_MAIN,SHEET_MISSING_IN_LOCAL,,"""Ahaha♥, Looks like 02 can't hold back anymore♥♥""",
Daiya DLC2,English_Steam,Daiya.Debauchery2-23,275,,,SHEET_MISSING_IN_MAIN,SHEET_MISSING_IN_LOCAL,,"""KIIII!!♥, yes♥ Master♥♥ please give 02♥♥ permission to insert♥♥""",
Daiya DLC2,English_Steam,Daiya.Debauchery2-24,277,,,SHEET_MISSING_IN_MAIN,SHEET_MISSING_IN_LOCAL,,"""Gufufu, very well, 02. I permit your service!""",
Daiya DLC2,English_Steam,Daiya.Debauchery2-25,279,,,SHEET_MISSING_IN_MAIN,SHEET_MISSING_IN_LOCAL,,"""KIIIIII!! Thank you so much♥♥!""",
Daiya DLC2,English_Steam,Daiya.Debauchery2-26,281,,,SHEET_MISSING_IN_MAIN,SHEET_MISSING_IN_LOCAL,,"""I, junior soldier 02 will be taking Master's cock♥!!""",
Daiya DLC2,English_Steam,Daiya.Debauchery2-27,283,,,SHEET_MISSING_IN_MAIN,SHEET_MISSING_IN_LOCAL,,Squeeelch!!,
Daiya DLC2,English_Steam,Daiya.Debauchery2-28,285,,,SHEET_MISSING_IN_MAIN,SHEET_MISSING_IN_LOCAL,,"""Ohooh♥! K-KIIII!! Insertion complete♥!""",
Daiya DLC2,English_Steam,Daiya.Debauchery2-29,287,,,SHEET_MISSING_IN_MAIN,SHEET_MISSING_IN_LOCAL,,"""Now♥, I, junior soldier 02, will begin cock-stroking squats♥♥!""",
Daiya DLC2,English_Steam,Daiya.Debauchery2-30,289,,,SHEET_MISSING_IN_MAIN,SHEET_MISSING_IN_LOCAL,,"""Ahaha♥, 02, you're really getting into character♥♥!""",
Daiya DLC2,English_Steam,Daiya.Debauchery2-31,291,,,SHEET_MISSING_IN_MAIN,SHEET_MISSING_IN_LOCAL,,"""Haa♥, haa♥, KIIIIIIII!!""",
Daiya DLC2,English_Steam,Daiya.Debauchery2-32,293,,,SHEET_MISSING_IN_MAIN,SHEET_MISSING_IN_LOCAL,,Bounce! Bounce! Bounce!!,
Daiya DLC2,English_Steam,Daiya.Debauchery2-33,295,,,SHEET_MISSING_IN_MAIN,SHEET_MISSING_IN_LOCAL,,"""Hooh♥, hooh♥, K-KIIIIII!!""",
Daiya DLC2,English_Steam,Daiya.Debauchery2-34,297,,,SHEET_MISSING_IN_MAIN,SHEET_MISSING_IN_LOCAL,,"""Ahaha♥, truly pathetic and ridiculous♥♥ Exactly like a junior soldier!""",
Daiya DLC2,English_Steam,Daiya.Debauchery2-35,299,,,SHEET_MISSING_IN_MAIN,SHEET_MISSING_IN_LOCAL,,"""Ohh♥! 01♥♥, thank you so much♥♥!""",
Daiya DLC2,English_Steam,Daiya.Debauchery2-36,301,,,SHEET_MISSING_IN_MAIN,SHEET_MISSING_IN_LOCAL,,"""KIIIIII!! I'll work hard♥♥ to serve you♥!!""",
Daiya DLC2,English_Steam,Daiya.Debauchery2-37,303,,,SHEET_MISSING_IN_MAIN,SHEET_MISSING_IN_LOCAL,,"""Oh, that's right...! I forgot about this♥""",
Daiya DLC2,English_Steam,Daiya.Debauchery2-38,307,,,SHEET_MISSING_IN_MAIN,SHEET_MISSING_IN_LOCAL,,Junior soldier 01 placed a mask on 02.,
Daiya DLC2,English_Steam,Daiya.Debauchery2-39,309,,,SHEET_MISSING_IN_MAIN,SHEET_MISSING_IN_LOCAL,,"""KIIIIIIIII!? Wow, this is...♥!""",
Daiya DLC2,English_Steam,Daiya.Debauchery2-40,311,,,SHEET_MISSING_IN_MAIN,SHEET_MISSING_IN_LOCAL,,"""Fufu♥, now we've completed the junior soldier look♥""",
Daiya DLC2,English_Steam,Daiya.Debauchery2-41,313,,,SHEET_MISSING_IN_MAIN,SHEET_MISSING_IN_LOCAL,,"""Junior soldiers don't need individuality♥♥... We just need to be pocket pussies that serve Master♥♥""",
Daiya DLC2,English_Steam,Daiya.Debauchery2-42,315,,,SHEET_MISSING_IN_MAIN,SHEET_MISSING_IN_LOCAL,,"""KIIIIII! I, junior soldier 02, Will serve the master♥♥!!""",
Daiya DLC2,English_Steam,Daiya.Debauchery2-43,317,,,SHEET_MISSING_IN_MAIN,SHEET_MISSING_IN_LOCAL,,"""Aha♥! KIIIIII! 02... you're so pathetic and wonderful♥""",
Daiya DLC2,English_Steam,Daiya.Debauchery2-44,319,,,SHEET_MISSING_IN_MAIN,SHEET_MISSING_IN_LOCAL,,"""Now... let's service our senior fiend Master as junior soldier♥!""",
Daiya DLC2,English_Steam,Daiya.Debauchery2-45,321,,,SHEET_MISSING_IN_MAIN,SHEET_MISSING_IN_LOCAL,,"""KIIIIIII! I, junior soldier 02, will serve you with my pussy!""",
Daiya DLC2,English_Steam,Daiya.Debauchery2-46,323,,,SHEET_MISSING_IN_MAIN,SHEET_MISSING_IN_LOCAL,,"Squelch, slap! Slap! Slap!",
Daiya DLC2,English_Steam,Daiya.Debauchery2-47,325,,,SHEET_MISSING_IN_MAIN,SHEET_MISSING_IN_LOCAL,,"""Ohh♥! K-KIIIIII♥! KIIIIII!""",
Daiya DLC2,English_Steam,Daiya.Debauchery2-48,327,,,SHEET_MISSING_IN_MAIN,SHEET_MISSING_IN_LOCAL,,"""Haa♥, we're indistinguishable now♥ I'll serve the Master too♥... KIIIIII!""",
Daiya DLC2,English_Steam,Daiya.Debauchery2-49,329,,,SHEET_MISSING_IN_MAIN,SHEET_MISSING_IN_LOCAL,,"""KIIIIII! Please come! I am ready for a creampie!!""",
Daiya DLC2,English_Steam,Daiya.Debauchery2-50,331,,,SHEET_MISSING_IN_MAIN,SHEET_MISSING_IN_LOCAL,,"Throb!! Throb, spuuurt!!",
Daiya DLC2,English_Steam,Daiya.Debauchery2-51,333,,,SHEET_MISSING_IN_MAIN,SHEET_MISSING_IN_LOCAL,,"""Ohhh♥! Oh♥! KIIIIIIII♥!!!""",
Daiya DLC2,English_Steam,Daiya.Debauchery2-52,335,,,SHEET_MISSING_IN_MAIN,SHEET_MISSING_IN_LOCAL,,"""Report!♥, junior soldier 02♥ has received a creampie♥!""",
Daiya DLC2,English_Steam,Daiya.Debauchery2-53,337,,,SHEET_MISSING_IN_MAIN,SHEET_MISSING_IN_LOCAL,,"""KIIIIIIIIII♥!""",
Daiya DLC2,English_Steam,Daiya.Debauchery2-54,339,,,SHEET_MISSING_IN_MAIN,SHEET_MISSING_IN_LOCAL,,"""KIIIIIIII♥! Haa♥, Master♥... I am next♥!""",
Daiya DLC2,English_Steam,Daiya.Debauchery2-55,341,,,SHEET_MISSING_IN_MAIN,SHEET_MISSING_IN_LOCAL,,"""Gufufu, don't worry, junior soldiers... I'll fuck you so hard that you'll forget your original names.""",
Daiya DLC2,English_Steam,Daiya.Debauchery2-56,343,,,SHEET_MISSING_IN_MAIN,SHEET_MISSING_IN_LOCAL,,"""Haa♥, haa♥, KIIIIIIII♥!""",
Daiya DLC2,English_Steam,Daiya.Debauchery2-57,345,,,SHEET_MISSING_IN_MAIN,SHEET_MISSING_IN_LOCAL,,"""Oh♥! K-KIIIIIIII!""",
Daiya DLC2,English_Steam,Daiya.Debauchery2-58,347,,,SHEET_MISSING_IN_MAIN,SHEET_MISSING_IN_LOCAL,,"""KIIII!""",
Daiya DLC2,English_Steam,Daiya.Debauchery2-59,349,,,SHEET_MISSING_IN_MAIN,SHEET_MISSING_IN_LOCAL,,"""KIIII!""",
Daiya DLC2,English_Steam,Daiya.Debauchery2-60,351,,,SHEET_MISSING_IN_MAIN,SHEET_MISSING_IN_LOCAL,,"""KIIII!""",
Daiya DLC2,English_Steam,Daiya.Debauchery2-61,353,,,SHEET_MISSING_IN_MAIN,SHEET_MISSING_IN_LOCAL,,...,
Daiya DLC2,English_Steam,Daiya.Debauchery2-62,355,,,SHEET_MISSING_IN_MAIN,SHEET_MISSING_IN_LOCAL,,...,
Daiya DLC2,English_Steam,Daiya.Debauchery2-63,357,,,SHEET_MISSING_IN_MAIN,SHEET_MISSING_IN_LOCAL,,...,
