Key,Comment,Japanese,English,Traditional Chinese,Simplified Chinese,Japanese_Steam,Traditional Chinese_Steam,Simplified Chinese_Steam,English_Steam,Korean_Steam
Akiho Fallen Scene,注釈,闇堕ちシーン,闇堕ちシーン,闇堕ちシーン,暗堕ちシーン,闇堕ちシーン,闇堕ちシーン,暗堕ちシーン,,타락화 이벤트
Akiho.Fallen1-1,明穂,「くっ、がっちり拘束されて抜け出せない…っ」,"「Tch, I'm tightly restrained and can't get out...!」",「咕……被拘束得好緊住，掙脫不了……」,「咕……被拘束得好紧住，挣脱不了……」,「くっ、がっちり拘束されて抜け出せない…っ」,「咕……被拘束得好緊住，掙脫不了……」,「咕……被拘束得好紧住，挣脱不了……」,"""Ugh, I'm tightly bound and can't break free...!""","「윽, 단단히 구속돼서 빠져나갈 수 없어…윽」"
,Akiho darkness 1-1 ,,,,,,,,,
Akiho.Fallen1-2,,明穂は財団アジトの奥深くの人体実験室に胸を露出させられた状態で拘束されていた,Akiho was bound with her breasts exposed in a human experiment room deep inside the Foundation's hideout.,明穗被束縛在福倫財團基地深處的人體實驗室，胸部被暴露出來。,明穗被束缚在福伦财团基地深处的人体实验室，胸部被暴露出来。,明穂は財団アジトの奥深くの人体実験室に胸を露出させられた状態で拘束されていた,明穗被束縛在墮落財團基地深處的人體實驗室，胸部被暴露出來。,明穗被束缚在福伦财团基地深处的人体实验室，胸部被暴露出来。,Akiho was restrained in a human experimentation room deep within the Foundation hideout with her chest exposed.,아키호는 재단 아지트 깊숙한 곳의 인체 실험실에 가슴을 노출당한 상태로 구속되어 있었다
,,,,,,,,,,
Akiho.Fallen1-3,戦闘員,「ふふ、いかに聖核戦姫のお前でもこれだけ拘束されていれば逃げられないだろ？」,"「Hmmm, even you, the Holy Core Battlemaiden, can't escape when you're bound like this, can you?」",「嘿嘿，就算是聖核戰姬的你，被這麼緊緊束縛著也逃不掉吧？」,「嘿嘿，就算是圣核战姬的你，被这么紧紧束缚著也逃不掉吧？」,「ふふ、いかに聖核戦姫のお前でもこれだけ拘束されていれば逃げられないだろ？」,「嘿嘿，就算是聖核戰姬的妳，被這麼緊緊束縛著也逃不掉吧？」,「嘿嘿，就算是圣核战姬的你，被这么紧紧束缚著也逃不掉吧？」,"""Heh, even a Holy Core Battlemaiden like you can't escape with these restraints, right?""","「후후, 아무리 성핵전희인 너라도 이렇게 구속되어 있으면 도망칠 수 없겠지?」"
,,,,,,,,,,
Akiho.Fallen1-4,明穂,「…私がいなくなったことが分かれば、いつか六花か他の先輩が助けに来てくれる！」,"「...If they know I'm gone, someday Rikka or one of the other seniors will come to my rescue!」",「……一旦他們發現我不在，六花或其他前輩肯定會來救我的！」,「……一旦他们发现我不在，六花或其他前辈肯定会来救我的！」,「…私がいなくなったことが分かれば、いつか六花か他の先輩が助けに来てくれる！」,「……一旦他們發現我不在，六花或其他前輩肯定會來救我的！」,「……一旦他们发现我不在，六花或其他前辈肯定会来救我的！」,"""...Once they realize I'm missing, Rikka or one of the other higher-ranking ones will come save me!""","「…내가 없어진 걸 알면, 언젠가 릿카나 다른 선배가 구하러 와줄 거야!」"
,,,,,,,,,,
Akiho.Fallen1-5,戦闘員,「ああ、まあお前は水無瀬六花をおびき寄せるのに役に立ってもらう予定だからな」,"「Yeah, well, that's the plan. we are using you to help us lure Minase Rikka.」",「啊，是啊，你將被用來當作水無瀬六花的誘餌，這是計劃中的一部分。」,「啊，是啊，你将被用来当作水无瀬六花的诱饵，这是计划中的一部分。」,「ああ、まあお前は水無瀬六花をおびき寄せるのに役に立ってもらう予定だからな」,「啊，是啊，妳將被用來當作水無瀬六花的誘餌，這是計劃中的一部分。」,「啊，是啊，你将被用来当作水无瀬六花的诱饵，这是计划中的一部分。」,"""Ah, well you're supposed to be used for luring Rikka Minase here.""","「아아, 뭐 너는 미나세 릿카를 유인하는 데 도움이 될 예정이니까」"
,,,,,,,,,,
Akiho.Fallen1-6,明穂,「…それが目的ならこんな胸が出るような拘束しなくてもいいじゃない！なんでわざわざ拘束するのっ？！」,"「If that's your goal, you don't have to restrain me in such a way that my breasts show! Why bother restraining them at all?」",「…如果是這種目的的話，根本不需要這樣暴露胸部的拘束啊！為什麼非得特意把我弄成這樣呢！」,「…如果是这种目的的话，根本不需要这样暴露胸部的拘束啊！为什么非得特意把我弄成这样呢！」,「…それが目的ならこんな胸が出るような拘束しなくてもいいじゃない！なんでわざわざ拘束するのっ？！」,「…如果是這種目的的話，根本不需要這樣暴露胸部的拘束啊！為什麼非得特意把我弄成這樣呢！」,「…如果是这种目的的话，根本不需要这样暴露胸部的拘束啊！为什么非得特意把我弄成这样呢！」,"""...If that's the purpose, you don't need restraints that expose my chest! Why are you restraining me like this?!""",「…그게 목적이라면 이런 가슴이 드러나는 구속 안 해도 되잖아! 왜 굳이 구속하는 거야?」
,,,,,,,,,,
Akiho.Fallen1-7,戦闘員,「ああ、お前は改造されて財団の役に立ってもらうんだよ。聖核戦姫を研究して俺達の手駒にするってわけだ」,「Your body will be transformed into a tool useful to the Foundation. We will study the Holy Core Battlemaiden and turn you into our pawn.」,「你的身體將會被改造成為對財團有用的工具。研究聖核戰姬，然後將你變為我們的棋子。」,「你的身体将会被改造成为对财团有用的工具。研究圣核战姬，然后将你变为我们的棋子。」,「ああ、お前は改造されて財団の役に立ってもらうんだよ。聖核戦姫を研究して俺達の手駒にするってわけだ」,「妳的身體將會被改造成為對財團有用的工具。研究聖核戰姬，然後將變為我們的棋子。」,「你的身体将会被改造成为对财团有用的工具。研究圣核战姬，然后将你变为我们的棋子。」,"""Ah, you're going to be modified to serve the Foundation. We're going to research Holy Core Battlemaidens and make you our pawns.""","「아아, 너는 개조되어 재단의 도움이 될 거야. 성핵전희를 연구해서 우리들의 수족으로 삼는 거지」"
,,,,,,,,,,
Akiho.Fallen1-8,明穂,「っ！、どんなことしたって、私が六花とか他の皆を攻撃するなんてこと絶対ないっ！」,"「I'll never attack Rikka or anyone else, no matter what you do! No matter what happen, I would never attack Rikka or anyone else!」",「！無論發生什麼事，我是絕對不會攻擊六花或大家的！」,「！无论发生什么事，我是绝对不会攻击六花或大家的！」,「っ！、どんなことしたって、私が六花とか他の皆を攻撃するなんてこと絶対ないっ！」,「！無論發生什麼事，我是絕對不會攻擊六花或大家的！」,「！无论发生什么事，我是绝对不会攻击六花或大家的！」,"""...! No matter what you do, I'll never attack Rikka or anyone else!""","「윽!, 무슨 짓을 해도, 내가 릿카나 다른 모두를 공격하는 일은 절대 없을 거야!」"
,,,,,,,,,,
Akiho.Fallen1-9,戦闘員,「安心しろ、何もお前をバケモノに改造したリ戦闘員にするわけじゃない」,"「Don't worry, we're not going to turn you into a monster or a combatant.」",「放心吧，我們不會將你改造成怪物般的戰鬥員的。」,「放心吧，我们不会将你改造成怪物般的战斗员的。」,「安心しろ、何もお前をバケモノに改造したリ戦闘員にするわけじゃない」,「放心吧，我們不會將妳改造成怪物般的戰鬥員的。」,「放心吧，我们不会将你改造成怪物般的战斗员的。」,"""Don't worry, we're not going to turn you into a monster or make you a soldier.""","「안심해, 널 괴물로 개조하거나 전투원으로 만드는 건 아니니까」"
,,,,,,,,,,
Akiho.Fallen1-10,明穂,「…？、何が目的なの…！？」,「What do you want then...?」,「…？你們的目的是什麼…！？」,「…？你们的目的是什么…！？」,「…？、何が目的なの…！？」,「…？你們的目的是什麼…！？」,「…？你们的目的是什么…！？」,"""What do you want, then?""","「…?, 뭐가 목적인 거야…!?」"
,,,,,,,,,,
Akiho.Fallen1-11,戦闘員,「お前を洗脳して戦わせたところで大した戦力にはならねえからな」,「Brainwashing you into fighting won't make you much of a force.」,「就算把你洗腦然後派你去戰鬥，你也算不上什麼了不起的戰力啊。」,「就算把你洗脑然后派你去战斗，你也算不上什么了不起的战力啊。」,「お前を教育して戦わせたところで大した戦力にはならねえからな」,「就算把妳教育然後派去戰鬥，妳也算不上什麼了不起的戰力啊。」,「就算把你教育然后派你去战斗，你也算不上什么了不起的战力啊。」,"""Even if we re-educated you to fight, you wouldn't be much of a fighting force.""",「널 세뇌해서 싸우게 해봤자 큰 전력은 안 될 테니까」
,,,,,,,,,,
Akiho.Fallen1-12,戦闘員,「お前には聖核のエネルギーを有効利用するための実験台になってもらう」,「You will be our test subject for the effective use of the Seikaku energy.」,「你將成為讓我們能夠有效利用聖核能量的實驗工具。」,「你将成为让我们能够有效利用圣核能量的实验工具。」,「お前には聖核のエネルギーを有効利用するための実験台になってもらう」,「妳將成為讓我們能夠有效利用聖核能量的實驗工具。」,「你将成为让我们能够有效利用圣核能量的实验工具。」,"""You're going to be our test subject for effectively utilizing Holy Core energy.""",「너에게는 성핵의 에너지를 유효하게 이용하기 위한 실험대가 되어줘야겠어」
,Akiho darkness1-2,,,,,,,,,
Akiho.Fallen1-13,明穂,「！っ、むぐっ！」,「Mmph!」,「嗯唔！」,「嗯唔！」,「！っ、むぐっ！」,「嗯唔！」,「嗯唔！」,"""Huh? Mmmgggg!""","「!윽, 읍!」"
,,,,,,,,,,
Akiho.Fallen1-14,,明穂の口にガスマスクのようなものが付けられ、胸にも装置が付けられる,A gas mask―like device is attached to Akiho's mouth and a device is also attached to his chest.,明穗的嘴巴被戴上了像防毒面具一樣的東西，胸部也裝上了裝置。,明穗的嘴巴被戴上了像防毒面具一样的东西，胸部也装上了装置。,明穂の口にガスマスクのようなものが付けられ、胸にも装置が付けられる,明穗的嘴巴被戴上了像防毒面具一樣的東西，胸部也裝上了裝置。,明穗的嘴巴被戴上了像防毒面具一样的东西，胸部也装上了装置。,A gas mask-like device was attached to her face while another device is attached to her chest.,"아키호의 입에 가스 마스크 같은 것이 씌워지고, 가슴에도 장치가 부착된다"
,,,,,,,,,,
Akiho.Fallen1-15,戦闘員,「これはお前の体に宿る聖核エネルギーをいじくるための装置だ。これでお前の聖核を俺達の役に立つように書き換えるってわけだ」,「This is a device to tamper with the Seikaku energy in your body. It rewrites your Seikaku to make it more useful to us.」,「這是為了調整你體內的聖核能量而設計的裝置。我們將用這個來把你的聖核置換成能為我們所用的東西。」,「这是为了调整你体内的圣核能量而设计的装置。我们将用这个来把你的圣核置换成能为我们所用的东西。」,「これはお前の体に宿る聖核エネルギーをいじくるための装置だ。これでお前の聖核を俺達の役に立つように書き換えるってわけだ」,「這是為了調整妳體內的聖核能量而設計的裝置。我們將用這個來把妳的聖核置換成能為我們所用的東西。」,「这是为了调整你体内的圣核能量而设计的装置。我们将用这个来把你的圣核置换成能为我们所用的东西。」,"""This is a device for manipulating the Holy Core energy within you. We will rewrite your Holy Core to serve our purposes.""",「이건 네 몸에 깃든 성핵 에너지를 조작하기 위한 장치다. 이걸로 네 성핵을 우리에게 도움이 되도록 다시 쓰는 거지」
,,,,,,,,,,
Akiho.Fallen1-16,明穂,「フシューッ！、フシューッ！！もごっ？！」,「Fsshh! Fsshh!! Mmph?!」,「呼噓—！呼噓—！！唔咕？！」,「呼嘘—！呼噓—！！唔咕？！」,「フシューッ！、フシューッ！！もごっ？！」,「呼噓—！呼噓—！！唔咕？！」,「呼噓—！呼噓—！！唔咕？！」,"""Hsssh! Hsssh!! Mmph?!""",「푸슈ー! 푸슈ー!! 으읍?!」
,,,,,,,,,,
Akiho.Fallen1-17,戦闘員,「よし、じゃあ稼働するぞ。お前が初めての実験台でどうなるか分からねえからそこは覚悟してくれ」,"「Alright, let's get it running. You're the first test subject for this machine, so I can't say what'll happen — be prepared for that.」",「好，那麼就啟動嘍。你作為第一個實驗工具，結果會是如何我們也不知道，所以做好心裡準備吧。」,「好，那么就启动喽。你作为第一个实验工具，结果会是如何我们也不知道，所以做好心里准备吧。」,「よし、じゃあ稼働するぞ。お前が初めての実験台でどうなるか分からねえからそこは覚悟してくれ」,「好，那麼就啟動囉。妳作為第一個實驗工具，結果會是如何我們也不知道，所以做好心裡準備吧。」,「好，那么就启动喽。你作为第一个实验工具，结果会是如何我们也不知道，所以做好心里准备吧。」,"""Alright, let's start it up. You're our first test subject so we don't know what'll happen. Be prepared!""","「좋아, 그럼 가동한다. 네가 첫 실험대라 어떻게 될지 모르니 그 점은 각오해둬」"
,,,,,,,,,,
Akiho.Fallen1-18,明穂,「んぐっ、んっ、んん゛っ、ゴキュッ！」,"「""Ngh... nn... nnngh... gulp」",「嗯咕嚕、嗯、嗯嗯咕嚕、咕咕！」,「嗯咕噜、嗯、嗯嗯咕噜、咕咕！」,「んぐっ、んっ、んん゛っ、ゴキュッ！」,「嗯咕嚕、嗯、嗯嗯咕嚕、咕咕！」,「嗯咕噜、嗯、嗯嗯咕噜、咕咕！」,"""Ngh, nn, nnh, gulp!""","「읍, 으읍, 으으음옷 , 꿀꺽!」"
,,,,,,,,,,
Akiho.Fallen1-19,,明穂に取り付けられたマスクから口の中にピンク色の液体が注ぎ込まれる,Pink liquid pours into the mouth from the mask attached to Akiho,從明穗戴上的面具中，粉紅色的液體被強制灌入她的口中。,从明穗戴上的面具中，粉红色的液体被强制灌入她的口中。,明穂に取り付けられたマスクから口の中にピンク色の液体が注ぎ込まれる,從明穗戴上的面具中，粉紅色的液體被強制灌入她的口中。,从明穗戴上的面具中，粉红色的液体被强制灌入她的口中。,Pink liquid was poured into Akiho's mouth through the mask.,아키호에게 부착된 마스크에서 입안으로 분홍색 액체가 흘러 들어온다
,1－3,,,,,,,,,
Akiho.Fallen1-20,明穂,「んん゛っ！？、ん゛っ♥、んぅ、ん゛っ♥♥」,「Nnngh!? Nngh♥ Nn... Nngh♥♥」,「嗯嗯呃！？嗯呃♥嗯……嗯呃♥♥」,「嗯嗯呃！？嗯呃♥嗯……嗯呃♥♥」,「んん゛っ！？、ん゛っ♥、んぅ、ん゛っ♥♥」,「嗯嗯呃！？嗯呃♥嗯……嗯呃♥♥」,「嗯嗯呃！？嗯呃♥嗯……嗯呃♥♥」,"""Nnnn?! Nnnn♥ Nnn...♥""","「으음옷 !?, 으음옷 ♥, 으읏, 으음옷 ♥♥」"
,,,,,,,,,,
Akiho.Fallen1-21,,明穂の体からピンク色の光が立ち上り、聖核戦姫に変身した姿になる,"A pink light rises from Akiho's body, forcibly transforming her into the Holy Core Battlemaiden.",從明穗的身體中冒起粉紅色的光芒，強制把她變成聖核戰姬的模樣。,从明穗的身体中冒起粉红色的光芒，强制把她变身成圣核战姬的模样。,明穂の体からピンク色の光が立ち上り、聖核戦姫に変身した姿になる,從明穗的身體中冒起粉紅色的光芒，強制把她變成聖核戰姬的模樣。,从明穗的身体中冒起粉红色的光芒，强制把她变身成圣核战姬的模样。,Pink light rose from Akiho's body as she transformed into her Holy Core Battlemaiden form.,"아키호의 몸에서 분홍색 빛이 피어오르며, 성핵전희로 변신한 모습이 된다"
,,,,,,,,,,
Akiho.Fallen1-22,戦闘員,「おお、ちゃんと効いたな。これはお前の聖核エネルギーを強制的に引き出す成分が入っているらしい。まあどんな副作用があるかは分からんがな」,"「Oh, it worked. It seems to contain an ingredient that forces out your Seikaku energy. Well, I don't know what the side effects are.」",「哦，效果還不錯呢。這裡添加了一種能強制提取你的聖核能量的成分。嘛，副作用如何就不得而知了。」,「哦，效果还不错呢。这里添加了一种能强制提取你的圣核能量的成分。嘛，副作用如何就不得而知了。」,「おお、ちゃんと効いたな。これはお前の聖核エネルギーを強制的に引き出す成分が入っているらしい。まあどんな副作用があるかは分からんがな」,「哦，效果還不錯呢。這裡添加了一種能強制提取妳的聖核能量的成分。嘛，副作用如何就不得而知了。」,「哦，效果还不错呢。这里添加了一种能强制提取你的圣核能量的成分。嘛，副作用如何就不得而知了。」,"""It's working as intended. This contains an ingredient that will forcibly bring out the Holy Core energy within you, though I have no idea what the side effects are.""","「오오, 제대로 효과가 있군. 이건 네 성핵 에너지를 강제로 끌어내는 성분이 들어있는 것 같다. 뭐 어떤 부작용이 있을지는 모르지만」"
,,,,,,,,,,
Akiho.Fallen1-23,明穂,「んっ、♥ゴプッ♥、ん゛、んんっ♥(頭がぼーっとするっ、けど、ちょっと甘くておいしい…？)」,「Nn... ♥ Gulp♥... Nngh... Nnngh♥ (My head feels fuzzy... but it's kind of sweet and tasty...?)」,「嗯、♥咕噗♥、嗯、嗯咕♥（頭有點昏昏沉沉的，但是，有點甜...而且還蠻好吃的...？）」,「嗯、♥咕噗♥、嗯、嗯咕♥（头有点昏昏沉沉的，但是，有点甜...而且还蛮好吃的...？）」,「んっ、♥ゴプッ♥、ん゛、んんっ♥(頭がぼーっとするっ、けど、ちょっと甘くておいしい…？)」,「嗯、♥咕噗♥、嗯、嗯咕♥（頭有點昏昏沉沉的，但是，有點甜...而且還蠻好吃的...？）」,「嗯、♥咕噗♥、嗯、嗯咕♥（头有点昏昏沉沉的，但是，有点甜...而且还蛮好吃的...？）」,"""Nnn... Guh♥ Nnn...♥ (I'm in a daze... But this is kind of sweet?)""","「으음, ♥꿀꺽♥, 으음옷 , 으응읏♥(머리가 멍해, 하지만, 조금 달콤하고 맛있어…?)」"
,,,,,,,,,,
Akiho.Fallen1-24,戦闘員,「じゃあいよいよ改造だな。ええとスイッチを入れて聖核エネルギー反転レーザーを照射…と。」,"「Then it's time to modify it. ""Let's turn on the switch, and the Seikaku energy reversal laser...」",「那麼，終於可以開始改造了。嗯，啟動開關，照射聖核能量反轉雷射！」,「那么，终于可以开始改造了。嗯，启动开关，照射圣核能量反转雷射！」,「じゃあいよいよ改造だな。ええとスイッチを入れて聖核エネルギー反転レーザーを照射…と。」,「那麼，終於可以開始改造了。嗯，啟動開關，照射聖核能量反轉雷射！」,「那么，终于可以开始改造了。嗯，启动开关，照射圣核能量反转雷射！」,"""Now for the real modification. Let's see, turn on the switch and fire the Holy Core energy reversal laser...""",「그럼 드디어 개조다. 음 스위치를 켜서 성핵 에너지 반전 레이저를 조사….」
,１－４,,,,,,,,,
Akiho.Fallen1-25,明穂,「もがっ？！んっ、♥んん゛っ！」,「Mmph?! Nn...♥ Nnngh!」,「估啊？！嗯、♥嗯嗯咕嚕！」,「估啊？！嗯、♥嗯嗯咕噜！」,「もがっ？！んっ、♥んん゛っ！」,「估啊？！嗯、♥嗯嗯咕嚕！」,「估啊？！嗯、♥嗯嗯咕噜！」,"""Guhnn?! Nnnn♥""","「으읍?! 으읍, ♥으으음옷 !」"
,,,,,,,,,,
Akiho.Fallen1-26,,装置が怪しい赤色にひかり、明穂の乳首にピンク色の光が照射される,The device flashes a suspicious red color and a pink light illuminates Akiho's nipples.,裝置發出可疑的紅色光芒，粉紅色的光線照射在明穗的乳頭上。,装置发出可疑的红色光芒，粉红色的光线照射在明穗的乳头上。,装置が怪しい赤色にひかり、明穂の乳首にピンク色の光が照射される,裝置發出可疑的紅色光芒，粉紅色的光線照射在明穂的乳頭上。,装置发出可疑的红色光芒，粉红色的光线照射在明穂的乳头上。,The device glowed an ominous red as a pink light was aimed at Akiho's nipple.,"장치가 수상한 붉은 빛을 내며, 아키호의 유두에 분홍색 빛이 조사된다"
,,,,,,,,,,
Akiho.Fallen1-27,戦闘員,「えー、次はレーザーを体の奥まで届かせるためにエネルギーを一転に集中させる…。これを乳首の中央部に照射すればいいんだな？」,"「'Well, next we'll concentrate the energy into a single turn to allow the laser to reach deeper into the body.... So I just need to direct this to the center of the nipple?」",「我看看，接下來為了讓雷射能夠達到身體深處，需要將能量集中…。將這個照射在乳頭的中央部...好了。」,「我看看，接下来为了让雷射能够达到身体深处，需要将能量集中…。将这个照射在乳头的中央部...好了。」,「えー、次はレーザーを体の奥まで届かせるためにエネルギーを一転に集中させる…。これを乳首の中央部に照射すればいいんだな？」,「我看看，接下來為了讓雷射能夠達到身體深處，需要將能量集中…。將這個照射在乳頭的中間...好了。」,「我看看，接下来为了让雷射能够达到身体深处，需要将能量集中…。将这个照射在乳头的中央部...好了。」,"""Uh, next we concentrate the energy to make the laser penetrate deep into the body... This should be directed at the center of the nipple, right?""","「에-, 다음은 레이저를 몸속 깊이까지 전달하기 위해 에너지를 한 점에 집중시킨다…. 이걸 유두 중앙부에 조사하면 되는 건가?」"
,,,,,,,,,,
Akiho.Fallen1-28,1－5,キュイイイイイン―――ジリジリジリッ,Fweeeeeeeeen—Zzzzt zzzzt zzzzt!,咻咻咻咻―――滋滋滋滋――,咻咻咻咻―――滋滋滋滋――,キュイイイイイン―――ジリジリジリッ,咻咻咻咻―――滋滋滋滋――,咻咻咻咻―――滋滋滋滋――,Whirrrrr... Sizzle...,큐이이이이인―――― 지리리리리릿
,,,,,,,,,,
Akiho.Fallen1-29,,収束したレーザーが乳首の中心に直撃し、帯電した針金を突っ込まれたかのようなチリチリとした刺激が走る,"The converging lasers hit the center of the nipple, causing a tingling sensation as if an electrified wire had been poked into the nipple.",聚焦的雷射直擊乳頭中心，像是被帶電的金屬線插入一般不斷傳來刺痛。,聚焦的雷射直击乳头中心，像是被带电的金属线插入一般不断传来刺痛。,収束したレーザーが乳首の中心に直撃し、帯電した針金を突っ込まれたかのようなチリチリとした刺激が走る,聚焦的雷射直擊乳頭中心，像是被帶電的金屬線插入一般不斷傳來刺痛。,聚焦的雷射直击乳头中心，像是被带电的金属线插入一般不断传来刺痛。,"The focused laser struck directly at the center of her nipple, sending tingling stimulation like electrified wire being inserted.","수속된 레이저가 유두 중심에 직격하고, 대전된 철사를 찔린 듯한 찌릿찌릿한 자극이 흐른다"
,,,,,,,,,,
Akiho.Fallen1-30,明穂,「ゴボッ！？、もがっ、ん゛っ♥♥、ん゛っ！？ゴボボッ！」,「Gblgh!? Mmph— Nngh♥♥ Nngh!? Gblblgh!」,「咕嚕！？唔噶——嗯呃♥♥嗯呃！？咕嚕咕嚕！」,「咕咚！？唔噶——嗯呃♥♥嗯呃！？咕咚咕咚！」,「ゴボッ！？、もがっ、ん゛っ♥♥、ん゛っ！？ゴボボッ！」,「咕嚕！？唔噶——嗯呃♥♥嗯呃！？咕嚕咕嚕！」,「咕咚！？唔噶——嗯呃♥♥嗯呃！？咕咚咕咚！」,"""Gah! Mnnn... Nnn♥ Guhh!""","「꿀꺽!?, 으읍, 으음옷 ♥♥, 으음옷 !? 꿀꺽꿀꺽!」"
,,,,,,,,,,
Akiho.Fallen1-31,戦闘員,「おお、ちゃんと効いてるみたいだな。」,"「Oh, it looks like it's working.」",「哦？看起來效果還不錯。」,「哦？看起来效果还不错。」,「おお、ちゃんと効いてるみたいだな。」,「哦？看起來效果還不錯。」,「哦？看起来效果还不错。」,"""Oh, it seems to be working as intended.""","「오오, 제대로 효과가 있는 것 같군.」"
,,,,,,,,,,
Akiho.Fallen1-32,明穂,「ゴボッ！♥ゴボボッ！？ん゛っ、ん゛うっ！♥(おっぱいがっ熱いっ、無理っ、止めてっ！)」,"「Gblgh!? Mmph— (My tits are so hot, please stop!)」",「咕嚕！♥咕咕咕！？嗯嗯、嗯嗯！♥（胸部好燙、我不行了、快停下！）」,「咕噜！♥咕咕咕！？嗯嗯、嗯嗯！♥（胸部好烫、我不行了、快停下！）」,「ゴボッ！♥ゴボボッ！？ん゛っ、ん゛うっ！♥(おっぱいがっ熱いっ、無理っ、止めてっ！)」,「咕嚕！♥咕咕咕！？嗯嗯、嗯嗯！♥（胸部好燙、我不行了、快停下！）」,「咕噜！♥咕咕咕！？嗯嗯、嗯嗯！♥（胸部好烫、我不行了、快停下！）」,"""Guhhhh! Guhhnn... Nnnn... Nnnn♥ (My breasts are getting hot... Please... Stop!)""","「꿀꺽!♥꿀꺽꿀꺽!? 으음옷 , 으읏!♥(가슴이 뜨거워, 무리, 멈춰!)」"
,,,,,,,,,,
Akiho.Fallen1-33,,体の奥深くまでレーザーが侵入し、明穂の聖核が歪なものに書き換えられていく,The laser penetrates deep into the body and rewrites Akiho's Seikaku into something distorted.,雷射深入體內，逐漸侵入明穗的聖核將其存在扭曲掉。,雷射深入体内，逐渐侵入明穗的圣核将其存在扭曲掉。,体の奥深くまでレーザーが侵入し、明穂の聖核が歪なものに書き換えられていく,雷射深入體內，逐漸侵入明穗的聖核想將其存在扭曲掉。,雷射深入体内，逐渐侵入明穗的圣核将其存在扭曲掉。,"The laser went deep into her body, rewriting Akiho's Holy Core into something distorted.","몸속 깊이까지 레이저가 침입하여, 아키호의 성핵이 기형적인 것으로 다시 쓰여 간다"
,,,,,,,,,,
Akiho.Fallen1-34,明穂,「ん゛ん゛っ♥、ゴボッ！、ん゛ん゛うっ！」,「Gblgh!? Mmph— Nngh! Gblblgh!」,「嗯呃♥ 咕嚕！嗯嗯唔！」,「嗯呃♥ 咕噜！嗯嗯唔！」,「ん゛ん゛っ♥、ゴボッ！、ん゛ん゛うっ！」,「嗯呃♥，咕嚕！嗯嗯唔！」,「嗯呃♥，咕噜！嗯嗯唔！」,"""Nnh♥... Agh! Nnh!""","「으음옷 으음옷 ♥, 꿀꺽!, 으음옷 으음옷 읏!」"
,,,,,,,,,,
Akiho.Fallen1-35,,刺激を逃がそうと上半身を動かすが、乳首にロックオンされたレーザーは正確に明穂の胸の中心を照射し続ける,"She tried to move her upper body to escape the stimulation, but the laser locked onto her nipple continued to precisely target the center of Akari's tits.",雖然明穗試圖擺脫刺激而不斷擺動上半身，但鎖定住乳頭的雷射精準地持續照射明穗胸部中心。,虽然明穗试图摆脱刺激而不断摆动上半身，但锁定住乳头的雷射精准地持续照射明穗胸部中心。,刺激を逃がそうと上半身を動かすが、乳首にロックオンされたレーザーは正確に明穂の胸の中心を照射し続ける,雖然明穗試圖擺脫刺激而不斷擺動上半身，但鎖定住乳頭的雷射精準地持續照射明穗胸部中心。,虽然明穂试图摆脱刺激而不断摆动上半身，但锁定住乳头的雷射精准地持续照射明穗胸部中心。,"She tried to move her upper body to escape the stimulation, but the laser locked onto her nipples continues to accurately irradiate the center of Akiho's chest.","자극을 피하려 상반신을 움직이지만, 유두에 록온된 레이저는 정확하게 아키호 가슴 중심을 계속 조사한다"
,,,,,,,,,,
Akiho.Fallen1-36,明穂,「フシュー、♥フシューッ♥、ん゛ん゛っ♥♥、ん゛うっ♥」,「Fsshh♥ Fsshhh♥ Nnngh♥♥ Nngu♥」,「呼噓♥ 呼噓♥ 嗯呃♥♥ 嗯唔♥」,「呼噓♥ 呼噓♥ 嗯呃♥♥ 嗯唔♥」,「フシュー、♥フシューッ♥、ん゛ん゛っ♥♥、ん゛うっ♥」,「呼噓♥、呼噓♥、嗯呃♥♥、嗯唔♥」,「呼嘘♥、呼嘘♥、嗯呃♥♥、嗯唔♥」,"""Hsssh♥... Hsss♥ Nnnnh♥♥ Nhu...♥""","「푸슈-, ♥푸슈-♥, 으음옷 으음옷 ♥♥, 으음옷 읏♥」"
,,,,,,,,,,
Akiho.Fallen1-37,戦闘員,「後はこれを一日10時間放射し続ける…と。じゃあ明日の朝までこのまま放置すればいいのか」,"「Now, just keep radiating this for 10 hours a day... Alright, the instruction says we need to leave it like this until tomorrow morning.」",「接下來只要持續輻射這個東西十個小時就好了...。那麼就這樣放置到明天早上吧。」,「接下来只要持续辐射这个东西十个小时就好了...。那么就这样放置到明天早上吧。」,「後はこれを一日10時間放射し続ける…と。じゃあ明日の朝までこのまま放置すればいいのか」,「接下來只要持續輻射這個東西十個小時就好了...。那麼就這樣放置到明天早上吧。」,「接下来只要持续辐射这个东西十个小时就好了...。那么就这样放置到明天早上吧。」,"""After this, we irradiate for ten hours a day continuously... So we just need to leave her like this until tomorrow morning.""",「다음은 이걸 하루 10시간 계속 조사… 라고. 그럼 내일 아침까지 이대로 방치하면 되는 건가」
,,,,,,,,,,
Akiho.Fallen1-38,明穂,「ゴボッ！？、ゴポッ、ん゛ん゛ん゛っ！♥！？ガポッ！？(無理無理無理っ！そんなにされたら死んじゃうっ！)」,"「Gblgh!? Gplgh Nnngh♥!? Gapoh!? (No, no, no! If you do that much, I'll die!)」",「咕嚕！？、咕嚕、嗯嗯嗯嗯！♥！？嘎咚！？（不行不行不行！這樣下去我會死的！）」,「咕噜！？、咕噜、嗯嗯嗯嗯！♥！？嘎咚！？（不行不行不行！这样下去我会死的！）」,「ゴボッ！？、ゴポッ、ん゛ん゛ん゛っ！♥！？ガポッ！？(無理無理無理っ！そんなにされたら死んじゃうっ！)」,「咕嚕！？咕嚕、嗯嗯嗯嗯！♥！？嘎咚！？（不行不行不行！這樣下去我會死的！）」,「咕噜！？咕噜、嗯嗯嗯嗯！♥！？嘎咚！？（不行不行不行！这样下去我会死的！）」,"""Glub!? Hnnnnh♥ Glup!? (No no no! If you do that I'll die!)""","「꿀꺽!?, 꿀꺽, 으음옷 으음옷 으음옷 !♥!? 꿀꺽!?(무리무리무리! 그렇게 당하면 죽어버려!)」"
,,,,,,,,,,
Akiho.Fallen1-39,戦闘員,「じゃあ明穂ちゃん明日の朝まで頑張ってくれ。俺は寝るから10時間後に迎えに来てやる。」,"「Alright, Akiho-chan, hang in there until tomorrow morning. I'm going to sleep, so I'll come pick you up in 10 hours.」",「那明穗你加油喔。我要去睡覺了，10小時後回來接你。」,「那明穗你加油喔。我要去睡觉了，10小时后回来接你。」,「じゃあ明穂ちゃん明日の朝まで頑張ってくれ。俺は寝るから10時間後に迎えに来てやる。」,「那明穗妳加油喔。我要去睡覺了，10小時後回來接妳。」,「那明穗你加油喔。我要去睡觉了，10小时后回来接你。」,"""Well then, hang in there until tomorrow morning. I'm going to sleep, so I'll come get you in 10 hours.""",「그럼 아키호쨩 내일 아침까지 힘내줘. 난 자러 갈 테니 10시간 후에 데리러 올게.」
,,,,,,,,,,
Akiho.Fallen1-40,明穂,「ガボッ！、ゴボッっ(まってっ！とめてっ！10時間もこんなの無理っ！)」,「Gblgh! Gblgh! (Wait! Stop! There's no way I can endure this for 10 hours!)」,「嘎嚕！、咕嚕嗯(等等！停下來！這樣持續10小時太過分了！)」,「嘎噜！、咕噜嗯(等等！停下来！这样持续10小时太过分了！)」,「ガボッ！、ゴボッっ(まってっ！とめてっ！10時間もこんなの無理っ！)」,「嘎嚕！咕嚕嗯（等等！停下來！這樣持續10小時太過分了！)」,「嘎噜！咕噜嗯(等等！停下来！这样持续10小时太过分了！)」,"""Glub! Glub! (Wait! Stop! I can't handle ten hours of this!)""","「꿀꺽!, 꿀꺽(기다려! 멈춰! 10시간이나 이런 건 무리!)」"
,,,,,,,,,,
Akiho.Fallen1-41,戦闘員,「ははっ、何言ってるかわかんねえな。大丈夫、死にやしねえさ。じゃあ明日の朝な」,"「I don't know what you're talking about. Don't worry, you're not going to die. I'll see you in the morning.」",「哈哈，你在說什麼我聽不到啦。沒事的，你不會死的。那明天早上見嘍。」,「哈哈，你在说什么我听不到啦。没事的，你不会死的。那明天早上见喽。」,「ははっ、何言ってるかわかんねえな。大丈夫、死にやしねえさ。じゃあ明日の朝な」,「哈哈，妳在說什麼我聽不到啦。沒事的，妳不會死的。那明天早上見嘍。」,「哈哈，你在说什么我听不到啦。没事的，你不会死的。那明天早上见喽。」,"""Haha, I can't understand what you're saying. Don't worry, you won't die. See you tomorrow morning.""","「하하, 무슨 말 하는지 모르겠네. 괜찮아, 죽지는 않아. 그럼 내일 아침에」"
,,,,,,,,,,
Akiho.Fallen1-42,明穂,「…！ガボッ！、ガボッ！ん゛ん゛っ！、ん゛っ！(やだやだやだっ！行かないでっ！)」,「...! Gblgh! Gblgh! Nnngh! Nngh! (No no no! Don't leave me!)」,「…！嘎嚕！、嘎嚕！嗯嗯嗯嗯！、嗯嗯！（不要不要不要！不要離開我！）」,「…！嘎噜！、嘎噜！嗯嗯嗯嗯！、嗯嗯！（不要不要不要！不要离开我！）」,「…！ガボッ！、ガボッ！ん゛ん゛っ！、ん゛っ！(やだやだやだっ！行かないでっ！)」,「…！嘎嚕！嘎嚕！嗯嗯嗯嗯！嗯嗯！（不要不要不要！不要離開我！）」,「…！嘎噜！嘎噜！嗯嗯嗯嗯！嗯嗯！（不要不要不要！不要离开我！）」,"""...! Glub! Glub! Nnh! Nh! (No no no! Don't go!)""","「…!꿀꺽!, 꿀꺽!으음옷 으음옷 !, 으음옷 !(싫어싫어싫어! 가지 마!)」"
,,,,,,,,,,
Akiho.Fallen1-43,,そして実験室の扉は閉められ、明穂は暗闇の中一人で乳首を改造され続けるのだった,"The door to the laboratory was then closed, and Akiho was left alone in the darkness to continue having her nipples remodeled.",實驗室的門被關上，留下明穗獨自一人在黑暗中持續被改造乳頭。,实验室的门被关上，留下明穗独自一人在黑暗中持续被改造乳头。,そして実験室の扉は閉められ、明穂は暗闇の中一人で乳首を改造され続けるのだった,實驗室的門被關上，留下明穗獨自一人在黑暗中持續被改造乳頭。,实验室的门被关上，留下明穗独自一人在黑暗中持续被改造乳头。,"And so the laboratory door was closed, leaving Akiho alone in the darkness to have her nipples continuously modified.","그리고 실험실 문이 닫히고, 아키호는 어둠 속에서 혼자 유두 개조를 계속 당했다"
,,,,,,,,,,
Akiho.Fallen1-44,,次の日の朝,The next morning,隔天早上,隔天早上,次の日の朝,隔天早上,隔天早上,The next morning,다음 날 아침
,1ｰ6,,,,,,,,,
Akiho.Fallen1-45,明穂,「…フシュ―――……フシュ―――」,「...fsh―――......fsh―――」,「…呼―――……呼―――」,「…呼―――……呼―――」,「…フシュ―――……フシュ―――」,「…呼―――……呼―――」,「…呼―――……呼―――」,"""...Hsssh... hsssh...""",「…푸슈―――……푸슈―――」
,,,,,,,,,,
Akiho.Fallen1-46,戦闘員,「明穂ちゃんおはよう！おお、すげえ一晩で胸がめちゃくちゃでかくなってるな！」,"「Good morning, Akiho-chan! Oh wow, your breasts have gotten insanely big overnight!」",「明穗醬，早安啊！哇，才一個晚上胸部變得好大啊！」,「明穗酱，早安啊！哇，才一个晚上胸部变得好大啊！」,「明穂ちゃんおはよう！おお、すげえ一晩で胸がめちゃくちゃでかくなってるな！」,「明穗醬，早安啊！哇，才一個晚上胸部變得好大啊！」,「明穗酱，早安啊！哇，才一个晚上胸部变得好大啊！」,"""Good morning! Whoa, your chest got MUCH bigger overnight!""","「아키호쨩 안녕! 오오, 굉장하네 하룻밤 사이에 가슴이 엄청 커졌네!」"
,,,,,,,,,,
Akiho.Fallen1-47,1－7,そう言うと研究員の男はレーザーを止め、マスクと胸の装置を取り外す,The researcher man then stops the laser and removes the mask and chest device.,男研究員停下激光，取下面罩和胸部裝置。,男研究员停下激光，取下面罩和胸部装置。,そう言うと研究員の男はレーザーを止め、マスクと胸の装置を取り外す,男研究員停下雷射，取下面罩和胸部裝置。,男研究员停下激光，取下面罩和胸部装置。,"The male researcher stopped the laser, and removed the mask and chest device.","그렇게 말하며 연구원 남자는 레이저를 멈추고, 마스크와 가슴의 장치를 제거한다"
,,,,,,,,,,
Akiho.Fallen1-48,明穂,「カポッ…………、うぁ……お、…わった…？」,"「............, ugh...... oh,...did it end...?」",「…………、唔……唔、…結束了…？」,「…………、唔……唔、…结束了…？」,「カポッ…………、うぁ……お、…わった…？」,「…………唔……唔…結束了…？」,「…………唔……唔…结束了…？」,"""Ugh... uah... i-is it... over...?""","「카폿…………, 으아…… 그, …끝났…어?」"
,,,,,,,,,,
Akiho.Fallen1-49,,そしてマスクで見えなかった下方向が目に入る,And finally Akiho get to look downward. She wasn't able see because her vision was blocked by mask.,明穗的視線開始往下看，終於看到了之前因為口罩被擋住的下方。,明穗的视线开始往下看，终于看到了之前因为口罩被挡住的下方。,そしてマスクで見えなかった下方向が目に入る,明穗的視線開始往下看，終於看到了之前因為口罩被擋住的下方。,明穗的视线开始往下看，终于看到了之前因为口罩被挡住的下方。,And then she looked down for the first time since the mask was put on her.,그리고 마스크로 보이지 않았던 아래쪽이 눈에 들어온다
,,,,,,,,,,
Akiho.Fallen1-50,1－8,「―――え…っ！なに、これっ、わたしのおっぱい…なの！？」,"「What is this? What, are these my boobs?」",「―――欸…！這、這是什麼，這個是，我的胸部嗎！？」,「―――欸…！这、这是什么，这个是，我的胸部吗！？」,「―――え…っ！なに、これっ、わたしのおっぱい…なの！？」,「―――欸…！這、這是什麼，這個是，我的胸部嗎！？」,「―――欸…！这、这是什么，这个是，我的胸部吗！？」,"""—Eh...! What, this... these are my boobs...!?""","「―――에…! 뭐야, 이거… 내 가슴…이야!?」"
,,,,,,,,,,
Akiho.Fallen1-51,戦闘員,「そうだぜ明穂ちゃん。一晩でこんなに胸が大きくなったんだ！実験は成功だな！」,"「That's right, Akiho-chan. Your breasts got this big overnight! The experiment was a success!」",「是唷，明穗。才一晚上胸部就變得這麼大了！實驗成功了！」,「是唷，明穗。才一晚上胸部就变得这么大了！实验成功了！」,「そうだぜ明穂ちゃん。一晩でこんなに胸が大きくなったんだ！実験は成功だな！」,「是唷，明穗。才一晚上胸部就變得這麼大了！實驗成功了！」,「是唷，明穗。才一晚上胸部就变得这么大了！实验成功了！」,"""That's right. Your chest became huge in just one night! The experiment was a success!""",「그렇다 아키호쨩. 하룻밤 사이에 이렇게 가슴이 커진 거야! 실험은 성공이다!」
,,,,,,,,,,
Akiho.Fallen1-52,明穂,「～～ううっ、こんなのっ、やだっ、もう聖核戦姫として戦えないっ！」,「Noo...! I can't fight as a Holy Core Battlemaiden like this!」,「～～唔唔，我不要...這樣，我無法再作為聖核戰姬戰鬥了！」,「～～唔唔，我不要...这样，我无法再作为圣核战姬战斗了！」,「～～ううっ、こんなのっ、やだっ、もう聖核戦姫として戦えないっ！」,「～～唔唔，我不要...這樣，我無法再作為聖核戰姬戰鬥了！」,「～～唔唔，我不要...这样，我无法再作为圣核战姬战斗了！」,"""Umm, this is awful! I can't fight as a Holy Core Battlemaiden anymore!""","「~~우우, 이런 거 싫어, 이제 성핵전희로서 싸울 수 없어!」"
,,,,,,,,,,
Akiho.Fallen1-53,戦闘員,「なんだ、その体でまだ自分を聖核戦姫だとでも思ってたのか？」,"「Wait what, you still think you're a Holy Core Battlemaiden with that kind of body?」",「什麼啊？身體變成這樣了自認為聖核戰姬嗎？」,「什么啊？身体变成这样了自认为圣核战姬吗？」,「なんだ、その体でまだ自分を聖核戦姫だとでも思ってたのか？」,「什麼啊？身體變成這樣了自認為聖核戰姬嗎？」,「什么啊？身体变成这样了自认为圣核战姬吗？」,"""What, you still think you're a Holy Core Battlemaiden with that body?""","「뭐야, 그 몸으로 아직 자신을 성핵전희라고 생각했던 건가?」"
,,,,,,,,,,
Akiho.Fallen1-54,明穂,「…っ、私はまだ負けてないっ！諦めなければ助けが―――」,"「...I'm not defeated yet! If I don't give up, help will―――」",「…唔，我還沒輸！只要不放棄，救援遲早會―――」,「…唔，我还没输！只要不放弃，救援迟早会―――」,「…っ、私はまだ負けてないっ！諦めなければ助けが―――」,「…唔，我還沒輸！只要不放棄，救援遲早會―――」,「…唔，我还没输！只要不放弃，救援迟早会―――」,"""...! I haven't lost yet! If I don't give up, help will...""","「…윽, 나는 아직 지지 않았어! 포기하지 않으면 도움이―――」"
,,,,,,,,,,
Akiho.Fallen1-55,戦闘員,「お前がもう聖核戦姫として終わってるという事を見せてやるよ、おらっ！」,「I'll show you that you're already finished as a Holy Core Battlemaiden. Take this!」,「那就讓你認清一下你已經無法再作為聖核戰姬存在的事實，喔啦！」,「那就让你认清一下你已经无法再作为圣核战姬存在的事实，喔啦！」,「お前がもう聖核戦姫として終わってるという事を見せてやるよ、おらっ！」,「那就讓妳認清一下已經無法再作為聖核戰姬存在的事實，喔！」,「那就让你认清一下你已经无法再作为圣核战姬存在的事实，喔啦！」,"""Let me show you that you're already finished as a Holy Core Battlemaiden, here!""","「네가 이미 성핵전희로서 끝났다는 걸 보여주지, 자!」"
,,,,,,,,,,
Akiho.Fallen1-56,1－9,研究員の男が明穂の肥大化し敏感になった胸を乱暴につかんで持ち上げる,A researcher man roughly grabs and lifts Akiho's enlarged and sensitive breasts.,研究員的男性粗暴地抓住明穗變得膨脹且敏感的胸部，將其提起。,研究员的男性粗暴地抓住明穗变得膨胀且敏感的胸部，将其提起。,研究員の男が明穂の肥大化し敏感になった胸を乱暴につかんで持ち上げる,研究員的男性粗暴地抓住明穗變得膨脹且敏感的胸部，將其提起。,研究员的男性粗暴地抓住明穗变得膨胀且敏感的胸部，将其提起。,The male researcher roughly grabbed and lifted Akiho's massive and sensitive chest.,연구원 남자가 아키호의 비대화되고 민감해진 가슴을 난폭하게 잡아서 들어 올린다
,,,,,,,,,,
Akiho.Fallen1-57,明穂,「ひあっ♥、ん゛っ～～～、やめてっ♥！触らないでっ！」,"「Oh, no, no, don't! Don't touch me!」",「啊♥、嗯～～～、不要♥！不要碰我！」,「啊♥、嗯～～～、不要♥！不要碰我！」,「ひあっ♥、ん゛っ～～～、やめてっ♥！触らないでっ！」,「啊♥、嗯～～～不要♥！不要碰我！」,「啊♥、嗯～～～不要♥！不要碰我！」,"""Hyaa! Don't♥ Don't touch them!""","「히앗♥, 으음옷 ~~~, 그만해♥! 만지지 마!」"
,,,,,,,,,,
Akiho.Fallen1-58,戦闘員,「うおっ、すげえボリュームっ！ええとどうやるんだったかな？乳首の根元をしっかり握って根元を絞る…。」,"「Wow, that's a lot of volume! Uh, how was I supposed to do that? It says squeeze the base of the nipple and squeeze the base of the nipple...」",「喔喔，好有厚重感！嗯，接下來該怎麼做來著？緊握住乳頭根部，然後擠壓根部…。」,「喔喔，好有厚重感！嗯，接下来该怎么做来著？紧握住乳头根部，然后挤压根部…。」,「うおっ、すげえボリュームっ！ええとどうやるんだったかな？乳首の根元をしっかり握って根元を絞る…。」,「喔喔，好有厚重感！嗯，接下來該怎麼做來著？緊握住乳頭根部，然後擠壓根部…。」,「喔喔，好有厚重感！嗯，接下来该怎么做来著？紧握住乳头根部，然后挤压根部…。」,"""These are huge! Uh, how was I supposed to do this? Firmly grip the base of the nipple and squeeze the base...""","「우옷, 굉장한 볼륨! 음 어떻게 하는 거였지? 유두 뿌리를 제대로 잡고 뿌리를 짜낸다….」"
,,,,,,,,,,
Akiho.Fallen1-59,,研究員の男は明穂の胸をつかみ、先端に向かって絞るように揉み続ける,The researcher man grabs Akiho's breasts and continues to squeeze them as if squeezing them toward the tip.,研究員的男性抓住明穗的胸部，持續向前端擠壓揉捏。,研究员的男性抓住明穗的胸部，持续向前端挤压揉捏。,研究員の男は明穂の胸をつかみ、先端に向かって絞るように揉み続ける,研究員的男性抓住明穗的胸部，持續向前端擠壓揉捏。,研究员的男性抓住明穗的胸部，持续向前端挤压揉捏。,"The male researcher grabbed Akiho's chest and continuee to knead it, squeezing toward the tips.","연구원 남자는 아키호의 가슴을 잡고, 끝을 향해 짜내듯 계속 주무른다"
,,,,,,,,,,
Akiho.Fallen1-60,明穂,「ひぎっ、そんなに締めないでっ♥、痛いっ！」,"「No, don't tighten it so tight, it hurts!」",「嗚咿、不要這麼捏♥，好痛！」,「呜咿、不要这么捏♥，好痛！」,「ひぎっ、そんなに締めないでっ♥、痛いっ！」,「嗚咿，不要這麼捏♥，好痛！」,「呜咿，不要这么捏♥，好痛！」,"""Hyaaa! Don't squeeze so hard♥ It hurts!""","「히긱, 그렇게 조이지 마♥, 아파!」"
,,,,,,,,,,
Akiho.Fallen1-61,戦闘員,「おお痛かったか、何せやったことが無いからな、我慢してくれ」,"「Oh, that hurt? I've never done that before, so bear with me.」",「哦，很痛嗎？畢竟我沒做過這種事情，請忍耐一下吧」,「哦，很痛吗？毕竟我没做过这种事情，请忍耐一下吧」,「おお痛かったか、何せやったことが無いからな、我慢してくれ」,「哦，很痛嗎？畢竟我沒做過這種事情，請忍耐一下吧。」,「哦，很痛吗？毕竟我没做过这种事情，请忍耐一下吧。」,"""Oh, did it hurt? I've never done this before, so bear with me.""","「오오 아팠나, 해본 적이 없어서 말이야, 참아줘」"
,,,,,,,,,,
Akiho.Fallen1-62,,そう言うと研究員の男は明穂の胸を研究するように強弱をつけたり位置を変えたりして揉み方を試行錯誤していく,"Then, the researcher man, as if studying Akiho's breasts, changes the strength and position of her breasts, and goes through a trial and error process of how to rub them.",這樣說著，研究員的男性開始像研究一樣，不斷調整力道和位置，試著摸索出揉捏的方法。,这样说著，研究员的男性开始像研究一样，不断调整力道和位置，试著摸索出揉捏的方法。,そう言うと研究員の男は明穂の胸を研究するように強弱をつけたり位置を変えたりして揉み方を試行錯誤していく,這樣說著，研究員的男性開始像研究一樣，不斷調整力道和位置，試著摸索出揉捏的方法。,这样说著，研究员的男性开始像研究一样，不断调整力道和位置，试著摸索出揉捏的方法。,"Saying this, the male researcher studied Akiho's chest, experimenting with different techniques, varying the pressure, and changing positions as he fondled her.",그렇게 말하며 연구원 남자는 아키호의 가슴을 연구하듯 강약을 조절하거나 위치를 바꾸거나 하며 주무르는 방법을 시행착오해 간다
,,,,,,,,,,
Akiho.Fallen1-63,明穂,「ひぎっ、やあぁ♥、はなしてっ♥、んぁあ♥」,"「Higii, nooo♥ let go♥ nyaaah♥」",「嗚咿、嗨♥、放開我♥、嗯啊♥」,「呜咿、嗨♥、放开我♥、嗯啊♥」,「ひぎっ、やあぁ♥、はなしてっ♥、んぁあ♥」,「嗚咿、呀♥，放開我♥，嗯啊♥」,「呜咿、呀♥，放开我♥，嗯啊♥」,"""Hiii! Yaah♥ Let go♥ Hnnnn♥""","「히긱, 야아아♥, 놔줘♥, 으앗♥」"
,,,,,,,,,,
Akiho.Fallen1-64,,知らない男に胸を揉まれているのに、明穂は胸を揉まれることに経験したことのない快感を感じて甘い声を漏らす,"A stranger is rubbing her breasts, but Akiho feels a pleasure she has never experienced before from having her breasts rubbed, and she lets out a sweet voice.",明穗被一個陌生男子揉胸，卻感受到從未體驗過的快感，發出甜美的聲音。,明穗被一个陌生男子揉胸，却感受到从未体验过的快感，发出甜美的声音。,知らない男に胸を揉まれているのに、明穂は胸を揉まれることに経験したことのない快感を感じて甘い声を漏らす,明穗被一個陌生男子揉胸，卻感受到從未體驗過的快感，發出甜美的聲音。,明穗被一个陌生男子揉胸，却感受到从未体验过的快感，发出甜美的声音。,"Even though she was being groped by a stranger, Akiho felt unprecedented pleasure from having her chest fondled and let out sweet moans.","모르는 남자에게 가슴을 주물러지고 있는데, 아키호는 가슴을 주물러지는 것에 경험해 본 적 없는 쾌감을 느껴 달콤한 목소리를 흘린다"
,,,,,,,,,,
Akiho.Fallen1-65,明穂,(こんな男に揉まれてるのにっ、おっぱい気持ち良すぎるっ♥、だめなのにぃっ♥),"(I'm being rubbed by this guy, my tits feel too good, even though I know it's wrong♥)",被這樣的男人摸著我的胸部，胸部感覺太舒服了♥，明明這樣是不行的！♥,被这样的男人摸著我的胸部，胸部感觉太舒服了♥，明明这样是不行的！♥,(こんな男に揉まれてるのにっ、おっぱい気持ち良すぎるっ♥、だめなのにぃっ♥),(被這樣的男人摸著我的胸部，胸部感覺太舒服了♥，明明這樣是不行的！♥),被这样的男人摸著我的胸部，胸部感觉太舒服了♥，明明这样是不行的！♥,"(Even though this man is groping me, my breasts feel too good♥ This is wrong♥)","(이런 남자에게 주물러지고 있는데, 가슴 너무 기분 좋아♥, 안 되는데♥)"
,,,,,,,,,,
Akiho.Fallen1-66,戦闘員,「お、こんな感じか？この胸の感じからして入ってると思うんだよな～？」,"「'Oh, like this? I think it's in there from the way these breasts feel~?」",「嗯，是這裡嗎？從這胸部的感覺來看，我想應該是在這裡才對的啊～？」,「嗯，是这里吗？从这胸部的感觉来看，我想应该是在这里才对的啊～？」,「お、こんな感じか？この胸の感じからして入ってると思うんだよな～？」,「喔，是這裡嗎？從這胸部的感覺來看，應該是放入這裡啊～？」,「喔，是这里吗？从这胸部的感觉来看，应该是放入这里啊～？」,"""Oh, like this? From the feel of these breasts, I think it's getting there?""","「오, 이런 느낌인가? 이 가슴 느낌으로 봐선 들어있다고 생각하는데 말이야~?」"
,,,,,,,,,,
Akiho.Fallen1-67,明穂,「入ってるってっ！？、ひぎゅぅ♥、何を、やあっ♥♥、言ってるの？」,「It's in there? What are you saying?」,「這裡！？唔咿♥，你在說些什麼啊♥♥？」,「在这里！？唔咿♥，你在说些什么啊♥♥？」,「入ってるってっ！？、ひぎゅぅ♥、何を、やあっ♥♥、言ってるの？」,「放入！？唔咿♥，你在說些什麼啊♥♥？」,「放入！？唔咿♥，你在说些什么啊♥♥？」,"""Getting there!? Hnngg♥ What are you... Yaa♥♥ Talking about?""","「들어있다니!?, 히규웃♥, 뭘, 야앗♥♥, 말하는 거야?」"
,,,,,,,,,,
Akiho.Fallen1-68,,明穂の疑問に答えることなく、研究員は絞るように胸を揉み続ける,"Without answering Akiho's question, the researcher continues to rub her breasts as if squeezing them.",無視明穗的問題，研究員繼續寧捏著胸部。,无视明穗的问题，研究员继续宁捏著胸部。,明穂の疑問に答えることなく、研究員は絞るように胸を揉み続ける,無視明穗的問題，研究員繼續寧捏著胸部。,无视明穗的问题，研究员继续宁捏著胸部。,"Without answering Akiho's question, the researcher continued kneading and squeezing her chest.","아키호의 의문에 답하지 않고, 연구원은 짜내듯 가슴을 계속 주무른다"
,,,,,,,,,,
Akiho.Fallen1-69,明穂,「ひあっ♥、おっぱいっ♥、何か来ちゃうっ、胸の奥から上がってくるっ♥♥、なにっ、これぇっ♥♥」,「Hyaa♥ My breast♥ Something's coming♥ It's rising up from deep inside my breast♥♥ What is this♥♥」,「嗯啊♥，胸部♥，有什麼東西要來了♥，從胸部深處♥♥，這是什麼，這個♥♥」,「嗯啊♥，胸部♥，有什么东西要来了♥，从胸部深处♥♥，这是什么，这个♥♥」,「ひあっ♥、おっぱいっ♥、何か来ちゃうっ、胸の奥から上がってくるっ♥♥、なにっ、これぇっ♥♥」,「嗯啊♥，胸部♥，有什麼東西要來了♥，從胸部深處♥♥，這是什麼，這個♥♥」,「嗯啊♥，胸部♥，有什么东西要来了♥，从胸部深处♥♥，这是什么，这个♥♥」,"""Hya♥ My boobs♥ Something's coming out... Rising up from deep in my chest♥♥ What is this♥♥""","「히앗♥, 가슴♥, 뭔가 와버려, 가슴 속에서 올라와♥♥, 뭐야, 이거엇♥♥」"
,,,,,,,,,,
Akiho.Fallen1-70,戦闘員,「お、ついに出るか？おら頑張れ、このまま絞ってやるからそのまま出せっ、！」,"「Oh, is it finally coming out? Come on, hang in there. I'll keep squeezing, so just let it out!」",「噢，終於要出來了嗎？加油啊，我會繼續用力的，就這樣給妳弄出來！」,「噢，终于要出来了吗？加油啊，我会继续用力的，就这样给你弄出来！」,「お、ついに出るか？おら頑張れ、このまま絞ってやるからそのまま出せっ、！」,「噢，終於要出來了嗎？加油啊，我會繼續用力的，就這樣給妳弄出來！」,「噢，终于要出来了吗？加油啊，我会继续用力的，就这样给妳弄出来！」,"""Oh, finally coming out? Come on, you can do it. I'll keep squeezing so just let it out!""","「오, 드디어 나오나? 자 힘내, 이대로 짜줄 테니 그대로 내뱉어,!」"
,,,,,,,,,,
Akiho.Fallen1-71,明穂1－10,「ひぁっ♥♥、んんっ♥、んぁっ♥、あああぁぁぁぁ～～～～ッッ♥♥♥♥」,「Hyaa♥♥ Nnngh♥ Nyaa♥ Aaaaahhhhh～～～～ッッ♥♥♥♥」,「嗚啊♥♥、嗯嗯♥、嗯啊♥、啊啊啊啊～～～～啊啊♥♥♥♥」,「呜啊♥♥、嗯嗯♥、嗯啊♥、啊啊啊啊～～～～啊啊♥♥♥♥」,「ひぁっ♥♥、んんっ♥、んぁっ♥、あああぁぁぁぁ～～～～ッッ♥♥♥♥」,「嗚啊♥♥、嗯嗯♥、嗯啊♥、啊啊啊啊～～～～啊啊♥♥♥♥」,「呜啊♥♥、嗯嗯♥、嗯啊♥、啊啊啊啊～～～～啊啊♥♥♥♥」,"""Hya♥♥ Nnnnh♥ Hann♥ Aaaahhhhh♥♥♥♥""","「히얏♥♥, 응응읏♥, 응앗♥, 아아아아아아아아~~~~~읏♥♥♥♥」"
,,,,,,,,,,
Akiho.Fallen1-72,,明穂の性感が絶頂に達すると同時に、明穂の両乳首から白濁色の母乳が勢いよく噴射される,"As soon as Akiho's sexual sensation reaches its climax, white-colored mother's milk spurts vigorously from both of her nipples.",感度達到巔峰的同時，明穗的雙乳頭中迸射出濁白色的母乳。,感度达到巅峰的同时，明穗的双乳头中迸射出浊白色的母乳。,明穂の性感が絶頂に達すると同時に、明穂の両乳首から白濁色の母乳が勢いよく噴射される,感度達到巔峰的同時，明穗的雙乳頭中迸射出濁白色的母乳。,感度达到巅峰的同时，明穗的双乳头中迸射出浊白色的母乳。,"As Akiho reached climax, white milk sprayed forcefully from both her nipples.","아키호의 성감이 절정에 달함과 동시에, 아키호의 양 유두에서 백탁색 모유가 세차게 분사된다"
,,,,,,,,,,
Akiho.Fallen1-73,明穂,「んお゛♥♥お゛、♥♥、おお゛っ、とまらないぃ♥♥」,"「Nngh♥♥ Ohh♥♥ Oohh, it won't stop♥♥」",「嗯哦♥♥哦、♥♥、哦哦っ、停不下來♥♥」,「嗯哦♥♥哦、♥♥、哦哦っ、停不下来♥♥」,「んお゛♥♥お゛、♥♥、おお゛っ、とまらないぃ♥♥」,「嗯哦♥♥哦♥♥、哦哦、停不下來♥♥」,「嗯哦♥♥哦♥♥、哦哦、停不下来♥♥」,"""Nnnnngoooo♥♥ Oh♥ Oooh, I can't stop♥♥""","「응옷♥♥옷, ♥♥, 오옷, 멈추지 않아♥♥」"
,,,,,,,,,,
Akiho.Fallen1-74,戦闘員,「おお～すげえ！ちゃんと出たな！おら頑張れ明穂ちゃん！全部出せ！」,"「Oh, wow! You got it right! Come on, Akiho-chan, give it all out! Give me everything!」",「哇～厲害！終於出來了！加油，明穗！全部噴出來！」,「哇～厉害！终于出来了！加油，明穗！全部喷出来！」,「おお～すげえ！ちゃんと出たな！おら頑張れ明穂ちゃん！全部出せ！」,「哇～厲害！終於出來了！加油，明穗！全部噴出來！」,「哇～厉害！终于出来了！加油，明穗！全部喷出来！」,"""Amazing! It came out properly! Come on, you can do it! Get it all out!""",「오오~ 굉장해! 제대로 나왔군! 자 힘내 아키호쨩! 전부 내뱉어!」
,,,,,,,,,,
Akiho.Fallen1-75,明穂,「んおっ♥、んっ♥、んっ♥♥、んぁあああぁぁ～～～♥♥♥♥」,「Nnoh♥ Nn♥ Nn♥♥ Nyaaaaa～～～♥♥♥♥」,「哦♥、嗯♥、嗯♥♥、啊啊啊啊～～～♥♥♥♥」,「哦♥、嗯♥、嗯♥♥、啊啊啊啊～～～♥♥♥♥」,「んおっ♥、んっ♥、んっ♥♥、んぁあああぁぁ～～～♥♥♥♥」,「哦♥、嗯♥、嗯♥♥、啊啊啊啊～～～♥♥♥♥」,「哦♥、嗯♥、嗯♥♥、啊啊啊啊～～～♥♥♥♥」,"""Nhooooo♥ Nnnnn♥ Nnnnn♥♥ NNnnnnhaaaahhh♥♥♥♥""","「응옷♥, 응읏♥, 응읏♥♥, 응아아아아아아~~~♥♥♥♥」"
,,,,,,,,,,
Akiho.Fallen1-76,1－11,そして明穂の胸から数回母乳が発射され、絞っても出なくなる,"Several bursts of milk shot out from Akari's tits, and eventually, nothing came out even when squeezed.",明穗的胸部射出好幾次母乳，直到怎麼擠壓後都出不來了。,明穗的胸部射出好几次母乳，直到怎么挤压后都出不来了。,そして明穂の胸から数回母乳が発射され、絞っても出なくなる,明穗的胸部射出好幾次母乳，擠壓到怎麼都出不來了。,明穗的胸部射出好几次母乳，直到怎么挤压后都出不来了。,And so milk shot from Akiho's chest several more times until squeezing produced no more.,"그리고 아키호의 가슴에서 몇 번 모유가 발사되고, 짜도 나오지 않게 된다"
,,,,,,,,,,
Akiho.Fallen1-77,戦闘員,「よしよし沢山出たな～、偉いぞ？研究は成功だ！」,"「Good, good, a lot came out~ You did great, huh? The experiment was a success!」",「好棒好棒，出來了很多呢～，做得很好！研究成功了！」,「好棒好棒，出来了很多呢～，做得很好！研究成功了！」,「よしよし沢山出たな～、偉いぞ？研究は成功だ！」,「好棒好棒，出來了很多呢～做得很好！研究成功了！」,「好棒好棒，出来了很多呢～做得很好！研究成功了！」,"""Good, good, that was a lot! Well done! The research is a success!""","「좋아좋아 많이 나왔네~, 장하다? 연구는 성공이다!」"
,,,,,,,,,,
Akiho.Fallen1-78,明穂,「はぁ♥、はぁ♥、ううっ♥♥……」,"「Hah ♥, hah ♥, ugh ♥ ♥ ......」",「哈啊♥、哈啊...♥、嗚♥♥……」,「哈啊♥、哈啊...♥、呜♥♥……」,「はぁ♥、はぁ♥、ううっ♥♥……」,「哈啊♥、哈啊...♥、嗚♥♥……」,「哈啊♥、哈啊...♥、呜♥♥……」,"""Haa♥ Haa♥ Ooooh♥♥...""","「하아♥, 하아♥, 우우읏♥♥……」"
,,,,,,,,,,
Akiho.Fallen1-79,,妊娠してもいないのに大量の母乳を噴いた余韻で、明穂は全身に幸福感を感じていた,"In the aftermath of spewing a large amount of mother's milk, even though she was not pregnant, Akiho felt a sense of euphoria all over her body.",儘管並未懷孕，明穗卻在大量母乳噴發的餘韻中感受到全身到幸福的感覺。,尽管并未怀孕，明穗却在大量母乳喷发的余韵中感受到全身到幸福的感觉。,妊娠してもいないのに大量の母乳を噴いた余韻で、明穂は全身に幸福感を感じていた,儘管並未懷孕，明穗卻在大量母乳噴發的餘韻中感受到全身到幸福的感覺。,尽管并未怀孕，明穗却在大量母乳喷发的余韵中感受到全身到幸福的感觉。,"In the afterglow of spraying large amounts of milk despite not being pregnant, Akiho felt euphoria throughout her entire body.","임신하지도 않았는데 대량의 모유를 뿜은 여운으로, 아키호는 온몸에 행복감을 느끼고 있었다"
,,,,,,,,,,
Akiho.Fallen1-80,戦闘員,「じゃあまた装置つけるから今度は夜だ。次は一リットル噴けるように頑張ってくれ」,"「Alright, I'll attach the device again. This time it'll be until tonight. Try your best to spray one liter next time.」",「那麼，這個再幫你裝上喔，下次的目標是射一公升出來，聽到了嗎」,「那么，这个再帮你装上喔，下次的目标是射一公升出来，听到了吗」,「じゃあまた装置つけるから今度は夜だ。次は一リットル噴けるように頑張ってくれ」,「那麼，這個再幫妳裝上喔，下次的目標是擠一公升出來，聽到了嗎」,「那么，这个再帮你装上喔，下次的目标是射一公升出来，听到了吗」,"""Alright, I'll attach the device again and we'll come back at night. Next time, try to spray a whole liter.""",「그럼 또 장치 붙일 테니 이번엔 밤이다. 다음엔 1리터 뿜을 수 있도록 힘내줘」
,,,,,,,,,,
Akiho.Fallen1-81,明穂,「ひぁっ！？、もう無理っ！おっぱいこれ以上大きくしないでっ！」,「Hee! I can't do this anymore! Don't make my tits any bigger!」,「嘿啊！？我已經不行了！不要再把我的胸部變大啦！」,「嘿啊！？我已经不行了！不要再把我的胸部变大啦！」,「ひぁっ！？、もう無理っ！おっぱいこれ以上大きくしないでっ！」,「嘿啊！？我已經不行了！不要再把我的胸部變大啦！」,「嘿啊！？我已经不行了！不要再把我的胸部变大啦！」,"""Huh!? I can't anymore! Don't make my breasts any bigger!""","「히얏!?, 이제 무리! 가슴 더 이상 크게 하지 마!」"
,,,,,,,,,,
Akiho.Fallen1-82,戦闘員,「大丈夫だ、お前ならもっと沢山ミルクを出せる。俺達のために頑張ってくれ」,"「Don't worry, you can produce a lot more milk. Just hang in there for us.」",「沒問題，你的話一定可以擠出更多奶的。為了我們加油吧！」,「没问题，你的话一定可以挤出更多奶的。为了我们加油吧！」,「大丈夫だ、お前ならもっと沢山ミルクを出せる。俺達のために頑張ってくれ」,「沒問題的，妳的話一定可以擠出更多奶的。為了我們加油吧！」,「没问题，你的话一定可以挤出更多奶的。为了我们加油吧！」,"""It's fine, you can produce much more milk. Work hard for us.""","「괜찮아, 너라면 더 많이 밀크를 낼 수 있어. 우리들을 위해 힘내줘」"
,,,,,,,,,,
Akiho.Fallen1-83,明穂,「やだやだやだっ！ん゛んっ！？ゴボッ♥、ん゛ん゛っ～～～♥♥♥！」,「No no no! Nnngh!? Gblgh♥ Nnngh～～～♥♥♥！」,「不要不要不要！嗯噗！？咕嚕♥、嗯噗嗯噗～～～♥♥♥！」,「不要不要不要！嗯噗！？咕噜♥、嗯噗嗯噗～～～♥♥♥！」,「やだやだやだっ！ん゛んっ！？ゴボッ♥、ん゛ん゛っ～～～♥♥♥！」,「不要不要不要！嗯噗！？咕嚕♥、嗯噗嗯噗～～～♥♥♥！」,「不要不要不要！嗯噗！？咕噜♥、嗯噗嗯噗～～～♥♥♥！」,"""No no no! Nnh!? Glub♥ Nnnnh♥♥♥!""","「싫어싫어싫어! 으음옷 !? 꿀꺽♥, 으음옷 으음옷 ~~~♥♥♥!」"
,,,,,,,,,,
Akiho.Fallen1-84,,そして再び装置につながれた明穂に、誰にも知られることなく終わらない乳首改造が始まるのだった,"Thus, the endless nippe modification of Akari, connected to the device once again, began without anyone ever knowing.",再次被連接到裝置上的明穗，就這樣她的乳頭改造之旅開始了。,再次被连接到装置上的明穗，就这样她的乳头改造之旅开始了。,そして再び装置につながれた明穂に、誰にも知られることなく終わらない乳首改造が始まるのだった,再次被連接到裝置上的明穗，就這樣她的乳頭改造之旅開始了。,再次被连接到装置上的明穗，就这样她的乳头改造之旅开始了。,"And so the endless nipple modification began again for Akiho, who was connected to the device, and unknown to anyone.","그리고 다시 장치에 연결된 아키호에게, 누구에게도 알려지지 않은 채 끝나지 않는 유두 개조가 시작되었다"
,,,,,,,,,,
Akiho Fallen Scene 2,,闇堕ちシーン２,闇堕ちシーン２,闇堕ちシーン２,暗堕ちシーン２,闇堕ちシーン２,闇堕ちシーン２,暗堕ちシーン２,,타락화 이벤트 2
,2ｰ1,,,,,,,,,
Akiho.Fallen2-1,,明穂に対する改造調教が始まってから3日ほど。研究室にはぴちゃぴちゃという水音と少女の嬌声が響き渡る,It has been about three days since the remodeling and training of Akiho began. The laboratory is filled with the sound of water and the girl's charming voice.,從對明穗進行改造調教開始已經過了大約3天。在研究室裡，傳來了水滴滴答的聲音和少女嬌喘的聲音。,从对明穗进行改造调教开始已经过了大约3天。在研究室里，传来了水滴滴答的声音和少女娇喘的声音。,明穂に対する改造調教が始まってから3日ほど。研究室にはぴちゃぴちゃという水音と少女の嬌声が響き渡る,從對明穗進行改造、調教開始，已經過了大約三天。研究室裡迴盪著水滴滴答聲，夾雜著少女的嬌喘。,从对明穗进行改造、调教开始，已经过了大约三天。研究室里回荡着水滴滴答声，夹杂着少女的娇喘。,About three days had passed since Akiho's modification training began. Wet splashing sounds and the girl's sweet cries echoed throughout the laboratory.,아키호에 대한 개조 조교가 시작된 지 3일 정도. 연구실에는 피챳피챳 하는 물소리와 소녀의 교성이 울려 퍼진다
,,,,,,,,,,
Akiho.Fallen2-2,明穂,「ひうっ♥、んあっ♥、やめ…てぇっ♥、お゛おっ♥、おっ♥、とまらなっ♥、いいっ♥」,「」,「嗯噫♥、啊♥、停…啊♥、喔喔♥、喔♥、停不下來♥、好棒♥」,「嗯噫♥、啊♥、停…啊♥、喔喔♥、喔♥、停不下来♥、好棒♥」,「ひうっ♥、んあっ♥、やめ…てぇっ♥、お゛おっ♥、おっ♥、とまらなっ♥、いいっ♥」,「嗯噫♥、啊啊♥、停…啊啊♥、喔喔♥、喔♥、停不下來♥、好舒服♥」,「嗯噫♥、啊啊♥、停…啊啊♥、喔喔♥、喔♥、停不下来♥、好舒服♥」,"""Huuuuu♥ Nnah♥ Sto...p♥ Ohhh♥ Oh♥ It won't stop♥ So good♥""","「히웃♥, 응앗♥, 그만…해엣♥, 오옷♥, 오옷♥, 멈추지 않아♥, 좋아앗♥」"
,,,,,,,,,,
Akiho.Fallen2-3,,ビュ――――ッ！♥、ビュ――――――ッ！♥、ビュクッ♥、ビュルルッ！♥,"Bu ――――ッ! ♥, bu――――――ッ! ♥, bukk ♥, bukk ♥, bukk ♥, bukk ♥, bukk ♥, bukk ♥! ♥, ♥, ♥, ♥, ♥, ♥, ♥, ♥!",噗――――！♥、噗――――――！♥、噗咕♥、噗嚕嚕！♥,噗――――！♥、噗――――――！♥、噗咕♥、噗噜噜！♥,ビュ――――ッ！♥、ビュ――――――ッ！♥、ビュクッ♥、ビュルルッ！♥,噗――――！♥噗――――――！♥噗咕♥、噗嚕嚕！♥,噗――――！ ♥噗――――――！ ♥噗咕♥、噗噜噜！ ♥,Spuuuurt!♥ Spuuuuuurt!♥ Splurt♥ Spurrrrt!♥,"쀼우우우웃!♥, 쀼우우우우우우웃!♥, 쀼읏♥, 쀼르르릇!♥"
,,,,,,,,,,
Akiho.Fallen2-4,明穂,「んぁあああっ♥♥、んんっ♥、やあっ♥♥、おっぱい♥、やめ、てぇっ♥」,"「Ohhhh, ohhhh, ohhhh, ohhhh, ohhhh, ohhhh, ohhhh, ohhhh, ohhhh, ohhhh, ohhhh, ohhhh, ohhhh, ohhhh, ohhhh, ohhhh, ohhhh, ohhhh.」",「嗯啊啊啊♥♥、嗯♥、呀♥♥、胸部♥、停、喔♥」,「嗯啊啊啊♥♥、嗯♥、呀♥♥、胸部♥、停、喔♥」,「んぁあああっ♥♥、んんっ♥、やあっ♥♥、おっぱい♥、やめ、てぇっ♥」,「嗯啊啊啊♥♥、嗯♥、呀啊♥♥、胸部♥、停…喔♥」,「嗯啊啊啊♥♥、嗯♥、呀啊♥♥、胸部♥、停…喔♥」,"""Nnaaaahhh♥♥ Nnh♥ Nooo♥♥ My boobs♥ Stop... it♥""","「응아아아앗♥♥, 응응읏♥, 야앗♥♥, 가슴♥, 그만, 해앳♥」"
,,,,,,,,,,
Akiho.Fallen2-5,,ぴゅるっ♥、ぴゅるる♥、ぷしゅっ♥,"Pyuurr♥, pyuurr♥, pyuurr♥, pyuurr♥.",噗嚕♥、噗嚕嚕♥、噗噓♥,噗噜♥、噗噜噜♥、噗嘘♥,ぴゅるっ♥、ぴゅるる♥、ぷしゅっ♥,噗嚕♥、噗嚕嚕♥、噗噓♥,噗噜♥、噗噜噜♥、噗嘘♥,Squirt♥ Squirrrt♥ Gush♥,"퓨릇♥, 퓨르르♥, 푸슛♥"
,,,,,,,,,,
Akiho.Fallen2-6,戦闘員,「やっと母乳が出なくなってきたか…今日の明穂ちゃんのおっぱい改造はこんなもんだな」,"「Finally, my mother's milk has stopped flowing... so that's how Akiho's boob modification is going to be today.」",「終於母乳不再流出了嗎…今天對明穗的胸部改造就到這了吧」,「终于母乳不再流出了吗…今天对明穗的胸部改造就到这了吧」,「やっと母乳が出なくなってきたか…今日の明穂ちゃんのおっぱい改造はこんなもんだな」,「終於不再出母乳了嗎……今天對明穗醬的胸部改造就先到這裡吧。」,「终于不再出母乳了吗……今天对明穗酱的胸部改造就先到这里吧。」,"""Finally running out of milk, huh... That's enough of Akiho's breast modification for today.""",「겨우 모유가 나오지 않게 되었나… 오늘의 아키호쨩의 가슴 개조는 이 정도인가」
,,,,,,,,,,
Akiho.Fallen2-7,明穂,「はあっ♥、はあっ♥、やっと…終わった…？」,"「Ahh ♥, ah ♥, finally... done...?」",「呼♥、呼♥、終於…結束了…？」,「呼♥、呼♥、终于…结束了…？」,「はあっ♥、はあっ♥、やっと…終わった…？」,「哈啊♥、哈啊♥，終於……結束了嗎……？」,「哈啊♥、哈啊♥，终于……结束了吗……？」,"""Haah♥ Haah♥ Is it... finally over...?""","「하앗♥, 하앗♥, 겨우… 끝났…어?」"
,2ｰ3,,,,,,,,,
Akiho.Fallen2-8,戦戦闘員,「ああ、じゃあまた改造始めるからな。頑張れよ？」,"「'Yeah, well, I'll start modding again. Good luck?」",「啊，那我就再開始進行改造了。加油哦？」,「啊，那我就再开始进行改造了。加油哦？」,「ああ、じゃあまた改造始めるからな。頑張れよ？」,「啊，那我就再開始進行改造囉。加油喔？」,「啊，那我就再开始进行改造啰。加油喔？」,"""Yeah, but we'll start the modifications again soon. Do your best, yeah?""","「아아, 그럼 또 개조 시작할 테니. 힘내라고?」"
,,,,,,,,,,
Akiho.Fallen2-9,明明穂,「ひぁっ♥、むぐっ♥、もう、やらぁ♥♥」,"「Oh, my God, oh, my God, oh, my God, oh, my God, oh, my God.」",「呀♥、咕♥、已經、做啦♥♥」,「呀♥、咕♥、已经、做啦♥♥」,「ひぁっ♥、むぐっ♥、もう、やらぁ♥♥」,「呀啊♥、嗯咕♥，住手♥♥」,「呀啊♥、嗯咕♥，住手♥♥」,"""ah♥ Mmgh♥ No more♥♥""","「히얏♥, 으읍♥, 이젠, 싫엇♥♥」"
,,,,,,,,,,
Akiho.Fallen2-10,,～翌日～,~ Next day,～隔日～,～隔日～,～翌日～,～隔日～,～隔日～,The next day,～다음날～
,2ｰ2,,,,,,,,,
Akiho.Fallen2-11,戦闘員,「おはよう明穂ちゃん、様子を見に来てやったぞ？」,"「Good morning Ako, I came to check on you, okay?」",「早安，明穗，我來看看你了嗎？」,「早安，明穗，我来看看你了吗？」,「おはよう明穂ちゃん、様子を見に来てやったぞ？」,「早安，明穗醬，我來看妳的狀況囉？」,「早安，明穗酱，我来看妳的状况啰？」,"""Good morning, Akiho. I came to check on you.""","「안녕 아키호쨩, 상태 보러 와줬어?」"
,,,,,,,,,,
Akiho.Fallen2-12,明穂,「…っ、はぁ♥、はぁ♥♥、むぐっ♥、もうこんな時間…、またおっぱい揉むの…？」,「I'm going to rub your tits again...?」,「…、呀♥、呀♥♥、咕♥、已經這個時間了…、又要摸胸部了…？」,「…、呀♥、呀♥♥、咕♥、已经这个时间了…、又要摸胸部了…？」,「…っ、はぁ♥、はぁ♥♥、むぐっ♥、もうこんな時間…、またおっぱい揉むの…？」,「……哈啊♥、哈啊♥♥、嗯咕♥，已經這個時間了……又要來揉胸部了嗎……？」,「……哈啊♥、哈啊♥♥、嗯咕♥，已经这个时间了……又要来揉胸部了吗……？」,"""...Haah♥ Haah♥♥ Mmgh♥ Is it time already... Are you going to squeeze my boobs again...?""","「…윽, 하아♥, 하아♥♥, 으읍♥, 벌써 이런 시간… 또 가슴 주무를 거야…?」"
,,,,,,,,,,
Akiho.Fallen2-13,戦闘員,「残念だったな、今日は乳搾りは無しだ。そのままの経過観察が見たいらしいんでな」,"「He said, ""Too bad, no milking for you today. They want to see how things are progressing.」",「可惜了，今天沒有擠奶的機會。看來是想繼續觀察現況。」,「可惜了，今天没有挤奶的机会。看来是想继续观察现况。」,「残念だったな、今日は乳搾りは無しだ。そのままの経過観察が見たいらしいんでな」,「真可惜啊，今天不擠奶喔。上頭好像想看看妳這樣放著的狀況會怎樣。」,「真可惜啊，今天不挤奶喔。上头好像想看看妳这样放着的状况会怎样。」,"""Unfortunately, no milking today. They want to observe your condition as is.""","「유감이었네, 오늘은 착유는 없어. 그대로의 경과 관찰을 보고 싶다니까」"
,,,,,,,,,,
Akiho.Fallen2-14,明穂,「……そう…。良かった…」,「...... so.... Good...」,「……是的…。太好了…」,「……是的…。太好了…」,「……そう…。良かった…」,「……是嗎……那太好了……」,「……是吗……那太好了……」,"""...I see... Thank goodness...""",「……그래…. 다행이다…」
,,,,,,,,,,
Akiho.Fallen2-15,,(っ、でも、毎日絞られてた分のおっぱいが残ってて…逆に変な感じ),(But I still have boobs left over from being squeezed every day... it's kind of weird...),(可是，每天都被擠奶，胸部還殘留著…反而感覺有點奇怪),(可是，每天都被挤奶，胸部还残留著…反而感觉有点奇怪),(っ、でも、毎日絞られてた分のおっぱいが残ってて…逆に変な感じ),（但、但是，因為每天都被擠奶，胸口還殘留著漲漲的感覺……反而有點怪怪的。）,（但、但是，因为每天都被挤奶，胸口还残留着涨涨的感觉……反而有点怪怪的。）,(But the milk that was squeezed out daily is still building up... it feels weird.),"(윽, 하지만, 매일 짜내던 분량의 젖이 남아 있어서… 오히려 이상한 느낌)"
,,,,,,,,,,
Akiho.Fallen2-16,,(自分で搾ろうにも腕は拘束されてるしっ♥！、ああもうっ♥),"(I'd squeeze it myself, but my arms are restrained! Oh, God!)",(就算想自己擠也被綁住手臂了♥！啊啊真是的♥),(就算想自己挤也被绑住手臂了♥！啊啊真是的♥),(自分で搾ろうにも腕は拘束されてるしっ♥！、ああもうっ♥),（就算想自己擠也不行，手臂被綁住了♥！啊啊真是的♥）,（就算想自己挤也不行，手臂被绑住了♥！啊啊真是的♥）,"(I can't squeeze it out myself with my arms restrained♥ Ahh, damn it♥)","(스스로 짜려 해도 팔은 구속되어 있고!, 아아 정말♥)"
,,,,,,,,,,
Akiho.Fallen2-17,,～3日後～,~3 days later,～3日後～,～3日后～,～3日後～,～3天後～,～3天后～,Three days later...,～3일 후～
,2－4,,,,,,,,,
Akiho.Fallen2-18,明穂,「ふーっ…♥、ふーっ…♥、むぐっ♥、かぽっ♥、」,"「Hoo...♥, hoo...♥, mugg...♥, kapo...」",「呼…♥、呼…♥、噗♥、咔嚓♥、」,「呼…♥、呼…♥、噗♥、咔嚓♥、」,「ふーっ…♥、ふーっ…♥、むぐっ♥、かぽっ♥、」,「呼…♥、呼…♥、嗯咕♥、嗯咕♥」,「呼…♥、呼…♥、嗯咕♥、嗯咕♥」,"""Hooo...♥ Hooo...♥ Mmgh♥ Guh♥""","「후-읏…♥, 후-읏…♥, 으읍♥, 카폿♥,」"
,,,,,,,,,,
Akiho.Fallen2-19,戦闘員,「おはよう明穂ちゃん！」,"「Good morning, Akiho-chan!」",「早安，明穗！」,「早安，明穗！」,「おはよう明穂ちゃん！」,「早安，明穗醬！」,「早安，明穗酱！」,"""Good morning, Akiho!""",「안녕 아키호쨩!」
,,,,,,,,,,
Akiho.Fallen2-20,明穂,「はあっ♥、はあっ♥、今日はっ♥♥、おっぱい搾ってくれるんですか？！」,"「'Haaah ♥, haaah ♥, today haaah ♥, are you going to squeeze my tits?」",「呼♥、呼♥、今天♥♥，要擠奶嗎？！」,「呼♥、呼♥、今天♥♥，要挤奶吗？！」,「はあっ♥、はあっ♥、今日はっ♥♥、おっぱい搾ってくれるんですか？！」,「哈啊♥、哈啊♥、今天♥♥…會幫我擠奶嗎？！」,「哈啊♥、哈啊♥、今天♥♥…会帮我挤奶吗？！」,"""Haah♥ Haah♥ Today♥♥ Are you going to milk my breasts?!""","「하앗♥, 하앗♥, 오늘은♥♥, 가슴 짜주실 건가요?!」"
,,,,,,,,,,
Akiho.Fallen2-21,戦闘員,「あー？、そんなに搾って欲しいのか？」,「Oh? You want me to squeeze you that hard?」,「啊？你這麼想要擠嗎？」,「啊？你这么想要挤吗？」,「あー？、そんなに搾って欲しいのか？」,「哦？妳這麼想被擠奶嗎？」,「哦？妳这么想被挤奶吗？」,"""Huh? You want to be milked that badly?""","「아-?, 그렇게 짜줬으면 좋겠어?」"
,,,,,,,,,,
Akiho.Fallen2-22,明穂,「……っ♥、おっぱいにっ♥、母乳がたまってっ♥♥、くるしいのっ♥！早く絞ってっ♥♥」,"「......, my breast is filled with mother's milk and it's making me sick! Squeeze me quick!」",「……♥、胸部♥、母乳積聚♥♥、好痛苦♥！快點擠出來♥♥」,「……♥、胸部♥、母乳积聚♥♥、好痛苦♥！快点挤出来♥♥」,「……っ♥、おっぱいにっ♥、母乳がたまってっ♥♥、くるしいのっ♥！早く絞ってっ♥♥」,「……嗚♥，胸部裡♥，積滿了母乳♥♥，好難受♥！快點幫我擠出來♥♥！」,「……呜♥，胸部里♥，积满了母乳♥♥，好难受♥！快点帮我挤出来♥♥！」,"""...♥ My breasts♥ are full of milk♥♥ It hurts♥ Please milk me quickly♥♥""","「……윽♥, 가슴에♥, 모유가 쌓여서♥♥, 괴로운걸♥! 빨리 짜줘♥♥」"
,,,,,,,,,,
Akiho.Fallen2-23,戦闘員,「……何か誤解してねえか？今の明穂ちゃんはあくまで捕虜で合って俺達の敵なんだよ。なんで俺達がお前の言う事聞かなきゃいけねえんだ？」,"「......, you misunderstood something. Now Akiho-chan is a prisoner of war and an enemy of ours. Why should we listen to you?」",「……有沒有誤會？現在的明穗只是俘虜，她是我們的敵人。為什麼要聽你的話？」,「……有没有误会？现在的明穗只是俘虏，她是我们的敌人。为什么要听你的话？」,「……何か誤解してねえか？今の明穂ちゃんはあくまで捕虜で合って俺達の敵なんだよ。なんで俺達がお前の言う事聞かなきゃいけねえんだ？」,「……妳是不是誤會什麼了？現在的明穗醬只是個俘虜，是我們的敵人。為什麼我們要聽妳的話？」,「……妳是不是误会什么了？现在的明穗酱只是个俘虏，是我们的敌人。为什么我们要听妳的话？」,"""...I think you're confused about something. You're our prisoner, Akiho. Our enemy. Why should we have to listen to what you want?""",「……뭔가 오해하고 있는 거 아냐? 지금 아키호쨩은 어디까지나 포로이고 우리들의 적이야. 왜 우리가 네 말을 들어야 하는 거지?」
,,,,,,,,,,
Akiho.Fallen2-24,戦闘員,「じゃあまたな。今度会うときはしばらく後だな」,"「I'll see you later. Next time I see you, it'll be a while.」",「那再見。下次見面應該是一段時間後了吧。」,「那再见。下次见面应该是一段时间后了吧。」,「じゃあまたな。今度会うときはしばらく後だな」,「那就下次見吧。下回見面，大概會是很久之後了。」,「那就下次见吧。下回见面，大概会是很久之后了。」,"""See you later. It'll be a while before we meet again.""",「그럼 또 보자. 다음에 만날 때는 한참 뒤겠네」
,,,,,,,,,,
Akiho.Fallen2-25,明穂,「そんなぁっ♥、まって♥、ちょっとでいいからっ♥、ミルク出させてっ♥！」,"「Oh, no, wait, just a little bit, let me milk you!」",「這樣啊♥，等等♥，就一點點♥，讓我擠奶♥！」,「这样啊♥，等等♥，就一点点♥，让我挤奶♥！」,「そんなぁっ♥、まって♥、ちょっとでいいからっ♥、ミルク出させてっ♥！」,「怎麼會♥，等等♥，就算只有一點點也好♥，讓我把奶水排出來♥！」,「怎么会♥，等等♥，就算只有一点点也好♥，让我把奶水排出来♥！」,"""No way♥ Wait♥ Just a little bit♥ Please milk me♥""","「그런앗♥, 기다려♥, 조금만이라도 좋으니까♥, 밀크 나오게 해줘♥!」"
,,,,,,,,,,
Akiho.Fallen2-26,,(無理無理っ！もう我慢できないっ♥♥、行かないでっ！おっぱい重いっ！),(It's impossible! I can't take it anymore! My tits are too heavy!),(不行不行！我已經無法忍受了♥♥，不要走！胸部好重啊！),(不行不行！我已经无法忍受了♥♥，不要走！胸部好重啊！),(無理無理っ！もう我慢できないっ♥♥、行かないでっ！おっぱい重いっ！),（不行不行！我真的忍受不住了♥♥，不要走！我的胸部好重好難受！）,（不行不行！我真的忍受不住了♥♥，不要走！我的胸部好重好难受！）,"(No, no! I can't take it anymore♥♥ Don't go! My breasts are so heavy!)","(무리무리! 이제 참을 수 없어♥♥, 가지 마! 가슴 무거워!)"
,,,,,,,,,,
Akiho.Fallen2-27,,～更に3日後～,~And after 3 more days,～再過3天～,～再过3天～,～更に3日後～,～又過了3天～,～又过了3天～,Three more days later...,～다시 3일 후～
,2－4,,,,,,,,,
Akiho.Fallen2-28,明穂,「……コヒュー。……コヒュー。……」,「...... cohue. ...... cohue. .......」,「……咳嗽。……咳嗽。……」,「……咳嗽。……咳嗽。……」,「……コヒュー。……コヒュー。……」,「……科呼。……科呼。……」,「……科呼。……科呼。……」,"""...Hahh... Hahh...""",「……코휴-.……코휴-.……」
,,,,,,,,,,
Akiho.Fallen2-29,,明穂は機械につながれたまま乳房の改造を一人で受け続けていた,Akiho continued to undergo breast modification alone while hooked up to a machine.,明穗一個人被困在機器中，持續接受乳房改造。,明穗一个人被困在机器中，持续接受乳房改造。,明穂は機械につながれたまま乳房の改造を一人で受け続けていた,明穗獨自一人被連接在機械上，持續接受胸部的改造。,明穗独自一人被连接在机械上，持续接受胸部的改造。,Akiho continued receiving breast modifications alone while connected to the machine.,아키호는 기계에 연결된 채 유방 개조를 혼자 계속 받고 있었다
,,,,,,,,,,
Akiho.Fallen2-30,戦闘員,「おー久しぶりだな明穂ちゃん。元気だったか？」,"「Oh long time no see, Akiho-chan. How have you been?」",「哦，好久不見了啊，明穗。你還好嗎？」,「哦，好久不见了啊，明穗。你还好吗？」,「おー久しぶりだな明穂ちゃん。元気だったか？」,「唷，好久不見了明穗醬。過得還好嗎？」,「唷，好久不见了明穗酱。过得还好吗？」,"""Long time no see, Akiho. How have you been?""",「오- 오랜만이네 아키호쨩. 잘 지냈어?」
,,,,,,,,,,
Akiho.Fallen2-31,明穂,「……？……ゴポッ……？………！？戦闘員のっ？」,"「I'm not sure what you mean when you say ""......? ...... goposh ......? .........! Combatant's?」",「……？……咕嚕……？……！？戰鬥員嗎？」,「……？……咕噜……？……！？战斗员吗？」,「……？……ゴポッ……？………！？戦闘員のっ？」,「……？……咕噗……？………！？戰鬥員？」,「……？……咕噗……？………！？战斗员？」,"""...? ...Guh...? ...?! Is that a soldier?""",「……?……고폿……?………!? 전투원의?」
,2－5,,,,,,,,,
Akiho.Fallen2-32,明穂,「……お゛っ、おっぱいっ、早くっ、絞って、くらさいっ♥、もう限界っ♥、なんでもするからぁ♥！」,"「...... Oh, boobies, squeeze me, squeeze me, squeeze me, squeeze me, squeeze me, squeeze me, squeeze me, squeeze me, squeeze me, squeeze me, squeeze me, squeeze me, squeeze me, squeeze me, squeeze me, squeeze me, squeeze me, squeeze me, squeeze me, squeeze me, squeeze me, squeeze me!」",「……哦、胸部、快點、擠壓、拜託了♥，已經極限了♥，我什麼都願意做的♥！」,「……哦、胸部、快点、挤压、拜托了♥，已经极限了♥，我什么都愿意做的♥！」,「……お゛っ、おっぱいっ、早くっ、絞って、くらさいっ♥、もう限界っ♥、なんでもするからぁ♥！」,「……嗚♥，胸部、快點、幫我擠、出來♥，我已經到極限了♥，我什麼都願意做♥！」,「……呜♥，胸部、快点、帮我挤、出来♥，我已经到极限了♥，我什么都愿意做♥！」,"""Ohh, my breasts, please, milk them quickly♥ I can't do this anymore♥ I'll do anything♥""","「……오옷, 가슴, 빨리, 짜, 주세요♥, 이제 한계♥, 뭐든지 할 테니까♥!」"
,,,,,,,,,,
Akiho.Fallen2-33,戦闘員,「おいおい無敵の聖核戦姫が俺みたいな下っ端にそんなこと言っちゃっていいのか？聖核戦姫の名が泣くぞ？」,「The invincible Princess of Seikaku Warrior can say such a thing to a lowly fellow like me? You're going to make the name of the Holy Core Battlemaiden weep?」,「嘿嘿，無敵的聖核戰姬對像我這樣的小傢伙說這種話可以嗎？聖核戰姬的名聲會哭泣的喔？」,「嘿嘿，无敌的圣核战姬对像我这样的小家伙说这种话可以吗？圣核战姬的名声会哭泣的喔？」,「おいおい無敵の聖核戦姫が俺みたいな下っ端にそんなこと言っちゃっていいのか？聖核戦姫の名が泣くぞ？」,「哎呀哎呀，無敵的聖核戰姬對我這種小嘍囉說這種話好嗎？聖核戰姬的名聲都要被妳哭壞了喔？」,「哎呀哎呀，无敌的圣核战姬对我这种小喽啰说这种话好吗？圣核战姬的名声都要被妳哭坏了喔？」,"""Hey hey, is it really okay for an invincible Holy Core Battlemaiden to say something like that to a grunt like me? The rest of the Holy Core Battlemaidens will weep.""",「어이어이 무적의 성핵전희가 나 같은 졸개에게 그런 말 해도 되는 거냐? 성핵전희 이름이 울겠어?」
,,,,,,,,,,
Akiho.Fallen2-34,明穂,「そんなのどうでもいいっ！早く搾ってっ♥！おっぱい限界なのっ！なんでもするっ♥！」,「I don't care! Squeeze me quick! I'm at my titty limit! I'll do anything!」,「這種事情無所謂啦！快點擠壓♥！胸部已經極限了！我什麼都願意做的♥！」,「这种事情无所谓啦！快点挤压♥！胸部已经极限了！我什么都愿意做的♥！」,「そんなのどうでもいいっ！早く搾ってっ♥！おっぱい限界なのっ！なんでもするっ♥！」,「那種事怎樣都無所謂♥！快點擠出來♥！胸部快受不了了♥！我什麼都會做♥！」,「那种事怎样都无所谓♥！快点挤出来♥！胸部快受不了了♥！我什么都会做♥！」,"""I don't care about any of that! Hurry up and milk me♥ My breasts are at their limit! I'll do anything♥""",「그런 거 아무래도 좋아! 빨리 짜줘♥! 가슴 한계야! 뭐든지 할게♥!」
,,,,,,,,,,
Akiho.Fallen2-35,戦闘員,「そうかそうか、そこまで言われたらしゃあねえなあ？」,"「Oh, well, if you insist, what can I do?」",「是嗎是嗎，被這麼說了就沒辦法了吧？」,「是吗是吗，被这么说了就没办法了吧？」,「そうかそうか、そこまで言われたらしゃあねえなあ？」,「是喔是喔，既然妳都這麼說了，那我就勉為其難吧？」,「是喔是喔，既然妳都这么说了，那我就勉为其难吧？」,"""I see, I see. Well, if you're really saying that, I guess I have no choice.""","「그런가 그런가, 거기까지 말한다면 어쩔 수 없지?」"
,,,,,,,,,,
Akiho.Fallen2-36,明穂,「はやくっ♥、おっぱい搾ってっ♥！」,"「Quick, squeeze my tits!」",「快點♥，擠壓胸部♥！」,「快点♥，挤压胸部♥！」,「はやくっ♥、おっぱい搾ってっ♥！」,「快點♥，幫我把奶水擠出來♥！」,「快点♥，帮我把奶水挤出来♥！」,"""Hurry♥ Milk my breasts♥""","「빨리♥, 가슴 짜줘♥!」"
,,,,,,,,,,
Akiho.Fallen2-37,戦闘員,「ただ人にお願いする時にはそれなりの誠意がねえとなぁ？おら、俺のチンポを口で射精させられたら搾ってやってもいぞ？」,"「But when you ask someone for a favor, you have to be sincere, don't you? Hey, if you can make my dick ejaculate in your mouth, I'll squeeze it for you, okay?」",「只是向人求助時，不是也需要一定的誠意嗎？喂，如果你用嘴巴讓我射精，我也會滿足你的？」,「只是向人求助时，不是也需要一定的诚意吗？喂，如果你用嘴巴让我射精，我也会满足你的？」,「ただ人にお願いする時にはそれなりの誠意がねえとなぁ？おら、俺のチンポを口で射精させられたら搾ってやってもいぞ？」,「不過，要請人幫忙總要有相對應的誠意吧？來，妳要是能用嘴巴讓我的陰莖射精，我就幫妳擠出來喔？」,「不过，要请人帮忙总要有相对应的诚意吧？来，妳要是能用嘴巴让我的阴茎射精，我就帮妳挤出来喔？」,"""But when you're asking someone for a favor, you need to show some sincerity, right? Look, if you can make me come with your mouth, I might milk you.""","「단지 사람에게 부탁할 때는 그만한 성의가 있어야지? 자, 내 자지를 입으로 사정시키면 짜주도록 하지?」"
,,,,,,,,,,
Akiho.Fallen2-38,明穂,「ひっ♥、でっかっ♥、わ、わかりました、ヌきますっ♥、フェラするからっ！♥」,「I'm going to suck your cock! I'll blow you!」,「哎♥，好大♥，我、我知道了，我會幫你擠壓♥，我會給你口交的！♥」,「哎♥，好大♥，我、我知道了，我会帮你挤压♥，我会给你口交的！♥」,「ひっ♥、でっかっ♥、わ、わかりました、ヌきますっ♥、フェラするからっ！♥」,「咦♥，好大♥，我、我知道了，我幫你♥，我幫你口交♥！」,「咦♥，好大♥，我、我知道了，我帮你♥，我帮你口交♥！」,"""Hih♥ So big♥ I-I understand, I'll get you off♥ I'll give you a blowjob♥""","「히익♥, 크다♥, 아, 알겠습니다, 할게요♥, 펠라 할 테니까!♥」"
,,,,,,,,,,
Akiho.Fallen2-39,戦闘員,「おいおい即答かよ。聖核戦姫の誇りとかねえのか？」,"「Hey, hey, hey, hey, hey, quick answer. Aren't you proud to be a Holy Core Battlemaiden?」",「喂喂，這麼快就回答了啊。沒有聖核戰姬的驕傲嗎？」,「喂喂，这么快就回答了啊。没有圣核战姬的骄傲吗？」,「おいおい即答かよ。聖核戦姫の誇りとかねえのか？」,「喂喂，妳答應得也太快了吧。聖核戰姬的尊嚴跑哪去了？」,「喂喂，妳答应得也太快了吧。圣核战姬的尊严跑哪去了？」,"""Hey hey, an instant answer? Don't you have any Holy Core Battlemaiden pride?""",「어이어이 즉답인가. 성핵전희의 긍지 같은 건 없는 거냐?」
,2－6,,,,,,,,,
Akiho.Fallen2-40,明穂,「かぷっ♥！！、ちゅぷっ♥、むふぅっ♥、ちゅぱっ♥、ちゅぱっ♥」,"「I'm going to go to the bathroom and have a bath! Chupupu♥, muhu♥, chupu♥, chupu♥」",「噗♥！！、啾♥、嗯♥、啾啾♥、啾啾♥」,「噗♥！！、啾♥、嗯♥、啾啾♥、啾啾♥」,「かぷっ♥！！、ちゅぷっ♥、むふぅっ♥、ちゅぱっ♥、ちゅぱっ♥」,「含♥！！吸♥，姆呼♥，吸吮♥，吸吮♥」,「含♥！！吸♥，姆呼♥，吸吮♥，吸吮♥」,"""Gulp♥ Slurp♥ Mmph♥ Suck♥ Suck♥""","「카풋♥!!, 츄풋♥, 므훗♥, 츄팟♥, 츄팟♥」"
,,,,,,,,,,
Akiho.Fallen2-41,明穂,「そんなのっ♥、もうないっ♥、早く出してっ♥、おっぱい搾ってもらうのっ♥！」,"「I don't want it, I don't want it, I want it out of me, I want it out of me, I want my tits squeezed!」",「這樣的事情♥，已經沒有了♥，快點射出來♥，讓我擠壓胸部♥！」,「这样的事情♥，已经没有了♥，快点射出来♥，让我挤压胸部♥！」,「そんなのっ♥、もうないっ♥、早く出してっ♥、おっぱい搾ってもらうのっ♥！」,「那種東西♥，我早就沒有了♥，快點射出來♥，我要讓你們幫我擠奶的♥！」,「那种东西♥，我早就没有了♥，快点射出来♥，我要让你们帮我挤奶的♥！」,"""I don't have any♥ of that anymore♥ Hurry up and come♥ I need my breasts milked♥""","「그런 건♥, 이제 없어♥, 빨리 싸줘♥, 가슴 짜줄 거니까♥!」"
,,,,,,,,,,
Akiho.Fallen2-42,戦闘員,「うおっ、コイツ何も言わないでも必死にしゃぶりやがってっ！」,"「Whoa, he's sucking so hard without saying a word!」",「喔，這傢伙一句話也不說，卻拼命地舔吮！」,「喔，这家伙一句话也不说，却拼命地舔吮！」,「うおっ、コイツ何も言わないでも必死にしゃぶりやがってっ！」,「喔，這傢伙什麼都沒說就拼命地吸吮啊！」,「喔，这家伙什么都没说就拼命地吸吮啊！」,"""Whoa, this girl's desperately sucking without me even saying anything!""","「우옷, 이 녀석 아무 말 안 해도 필사적으로 빨아대잖아!」"
,,,,,,,,,,
Akiho.Fallen2-43,明穂,「ちゅぱっ♥、ちゅぱっ♥、ちゅぱっ♥、んっ♥、チンポおいしいっ♥、早く出してっ♥♥、」,"「Ssshhhh, ssshhhh, ssshhhh, ssshhhh, ssshhhh, ssshhhh, ssshhhh, ssshhhh, ssshhhh, ssshhhh, ssshhhh, ssshhhh, ssshhhh, ssshhhh, ssshhhh, ssshhhh.」",「啾啾♥、啾啾♥、啾啾♥、嗯♥、陰莖好美味♥、快點射出來♥♥、」,「啾啾♥、啾啾♥、啾啾♥、嗯♥、阴茎好美味♥、快点射出来♥♥、」,「ちゅぱっ♥、ちゅぱっ♥、ちゅぱっ♥、んっ♥、チンポおいしいっ♥、早く出してっ♥♥、」,「啾♥、啾♥、啾♥、嗯♥，陰莖好美味♥，快點射出來♥♥」,「啾♥、啾♥、啾♥、嗯♥，阴茎好美味♥，快点射出来♥♥」,"""Slurp♥ Slurp♥ Slurp♥ Nnh♥ Your dick tastes so good♥ Come quickly♥♥""","「츄팟♥, 츄팟♥, 츄팟♥, 응읏♥, 자지 맛있어♥, 빨리 싸줘♥♥,」"
,2－7,,,,,,,,,
Akiho.Fallen2-44,戦闘員,「ぐっ、初めてのフェラでこんなフェラ顔しやがってっ、俺はチンポは給餌器じゃねえんだぞっ」,「I'm not a cock feeder!」,「咕、第一次口交就露出這種表情，我可不是陰莖的餵食器啊」,「咕、第一次口交就露出这种表情，我可不是阴茎的喂食器啊」,「ぐっ、初めてのフェラでこんなフェラ顔しやがってっ、俺はチンポは給餌器じゃねえんだぞっ」,「唔，第一次幫人口交就露出這種口交的表情，我的陰莖可不是妳的餵食管喔。」,「唔，第一次帮人口交就露出这种口交的表情，我的阴茎可不是妳的喂食管喔。」,"""Ugh, making that kind of face during your first blowjob! My dick isn't a feeding tube!""","「크윽, 처음 하는 펠라인데 이런 펠라 얼굴을 하고서, 내 자지는 급식기가 아니라고」"
,,,,,,,,,,
Akiho.Fallen2-45,明穂,「ちゅぱっ♥、ちゅぱっ♥、んんっ♥、家畜でいいからっ♥、せーえき出してっ♥、沢山おっぱい搾ってもらうっ♥♥！」,「I want you to squeeze my tits a lot!」,「啾啾♥、啾啾♥、嗯嗯♥、畜生就好♥、射出聖液♥、多擠壓胸部給我♥♥！」,「啾啾♥、啾啾♥、嗯嗯♥、畜生就好♥、射出圣液♥、多挤压胸部给我♥♥！」,「ちゅぱっ♥、ちゅぱっ♥、んんっ♥、家畜でいいからっ♥、せーえき出してっ♥、沢山おっぱい搾ってもらうっ♥♥！」,「啾♥、啾♥、嗯嗯♥，當家畜也沒關係♥，把精液射給我♥，我要讓你們多幫我擠一點奶♥♥！」,「啾♥、啾♥、嗯嗯♥，当家畜也没关系♥，把精液射给我♥，我要让你们多帮我挤一点奶♥♥！」,"""Slurp♥ Slurp♥ Nnh♥ I'll be livestock♥ Just give me your come♥ I need lots of milking♥♥""","「츄팟♥, 츄팟♥, 응응읏♥, 가축이라도 좋으니까♥, 정액 싸줘♥, 잔뜩 가슴 짜줄 거야♥♥!」"
,,,,,,,,,,
Akiho.Fallen2-46,,(ああっ♥、おチンポおいしすぎるっ♥、なんでこんなにおいしく感じちゃうのっ♥、絶対おかしくなってるっ♥),"(Ahhhh, your cock tastes too good, why does it taste so good, I'm definitely going crazy...)",「啊啊♥、陰莖太美味了♥、為什麼感覺這麼美味♥、一定是出問題了♥」,「啊啊♥、阴茎太美味了♥、为什么感觉这么美味♥、一定是出问题了♥」,(ああっ♥、おチンポおいしすぎるっ♥、なんでこんなにおいしく感じちゃうのっ♥、絶対おかしくなってるっ♥),（啊啊♥，陰莖太美味了♥，為什麼會覺得這麼好吃呢♥，我絕對已經變得不對勁了♥）,（啊啊♥，阴茎太美味了♥，为什么会觉得这么好吃呢♥，我绝对已经变得不对劲了♥）,(Ahhh♥ This dick tastes too good♥ Why does it feel so delicious♥ I'm definitely going crazy♥),"(아앗♥, 자지 너무 맛있어♥, 왜 이렇게 맛있게 느껴지는 거지♥, 절대 이상해졌어♥)"
,,,,,,,,,,
Akiho.Fallen2-47,戦闘員,「っ、このメス牛がっ、出してやるっ、オラッ！」,"「I'm gonna get you out of here, you bitch!」",「咕、這頭母牛，我要讓你射出來，喂！」,「咕、这头母牛，我要让你射出来，喂！」,「っ、このメス牛がっ、出してやるっ、オラッ！」,「妳這頭母牛，我就射給妳看，來啊！」,「妳这头母牛，我就射给妳看，来啊！」,"""Ngh, you cow! I'll give it to you! Take it!""","「윽, 이 암소 자식, 싸주마, 자!」"
,,,,,,,,,,
Akiho.Fallen2-48,2－8,ドプッ、ドビュルルルルルッッ,"Dop, dop, dop.",哐噹、哐噹噹噹噹！,哐当、哐当当当当！,ドプッ、ドビュルルルルルッッ,咚噗、多嗶嚕嚕嚕嚕嚕,咚噗、多哔噜噜噜噜噜,"Splurt, Spuuuuurrrt","돞, 도뷰르르르르릇"
,,,,,,,,,,
Akiho.Fallen2-49,,戦闘員の肉体改造されたチンポから常人の何倍もの量もの精液が明穂の口に流し込まれる,The combatant's physically modified cock pours many times the amount of semen into Akiho's mouth than that of a normal person.,戰鬥員經過肉體改造的陰莖，將比一般人多出數倍的精液注入明穗的口中。,战斗员经过肉体改造的阴茎，将比一般人多出数倍的精液注入明穗的口中。,戦闘員の肉体改造されたチンポから常人の何倍もの量もの精液が明穂の口に流し込まれる,從戰鬥員經過肉體改造的陰莖中，比常人多好幾倍的精液被注入了明穗的口中。,从战斗员经过肉体改造的阴茎中，比常人多好几倍的精液被注入了明穗的口中。,The soldier's modified penis poured many times a normal person's amount of semen into Akiho's mouth.,전투원의 육체 개조된 자지에서 평범한 사람의 몇 배나 되는 양의 정액이 아키호의 입에 흘러 들어온다
,,,,,,,,,,
Akiho.Fallen2-50,明穂,「んん～～～っ♥、ゴキュッ♥♥、ゴキュッ♥、ジュルルッッ♥♥、ジュパッ♥、ジュルルッ♥」,"「Nn~~~♥, gokkk♥♥, gokkk♥♥, julk♥♥, julk♥♥, julk♥♥.」",「嗯～～～♥、啾♥♥、啾♥、咕噜噜♥♥、啾啪♥、咕噜噜♥」,「嗯～～～♥、啾♥♥、啾♥、咕噜噜♥♥、啾啪♥、咕噜噜♥」,「んん～～～っ♥、ゴキュッ♥♥、ゴキュッ♥、ジュルルッッ♥♥、ジュパッ♥、ジュルルッ♥」,「嗯嗯～～～♥，咕嚕♥♥，咕嚕♥，啾嚕嚕♥♥，啾帕♥，啾嚕嚕♥」,「嗯嗯～～～♥，咕噜♥♥，咕噜♥，啾噜噜♥♥，啾帕♥，啾噜噜♥」,"""Mmm♥ Gulp♥♥ Gulp♥ Slurrp♥♥ Suck♥ Slurrp♥""","「응응~~~윽♥, 꿀꺽♥♥, 꿀꺽♥, 쥬르르릇♥♥, 쥬팟♥, 쥬르르릇♥」"
,,,,,,,,,,
Akiho.Fallen2-51,,「んんっ♥！？、ちゅぱっ♥、なにこれっ♥♥、せーえき♥、おいしすぎてぇっ♥、体があつくなるぅ♥♥」,「Mmm! What is this?」,「嗯嗯♥！？、啾啪♥、這是什麼♥♥、聖液♥、太美味了♥、身體變得熱烘烘的♥♥」,「嗯嗯♥！？、啾啪♥、这是什么♥♥、圣液♥、太美味了♥、身体变得热烘烘的♥♥」,「んんっ♥！？、ちゅぱっ♥、なにこれっ♥♥、せーえき♥、おいしすぎてぇっ♥、体があつくなるぅ♥♥」,「嗯嗯！♥！？，啾♥，這是什麼♥♥，精液♥，太美味了！♥，身體都熱起來了♥♥」,「嗯嗯！♥！？，啾♥，这是什么♥♥，精液♥，太美味了！♥，身体都热起来了♥♥」,"""Nnh?!♥ Slurp♥ What is this♥♥ The jizz♥ tastes too good♥ My body's getting hot♥♥""","「응응읏♥!?, 츄팟♥, 뭐야 이거♥♥, 정액♥, 너무 맛있어서♥, 몸이 뜨거워져♥♥」"
,,,,,,,,,,
Akiho.Fallen2-52,戦闘員,「おおっ、ふうっ、どうやら肉体改造の影響がちゃんと出てるようだな」,"「Oh, wow, looks like the body modification is taking its proper toll.」",「哦哦，呼呼，看來肉體改造的影響已經顯現出來了呢」,「哦哦，呼呼，看来肉体改造的影响已经显现出来了呢」,「おおっ、ふうっ、どうやら肉体改造の影響がちゃんと出てるようだな」,「喔喔！呼！看來肉體改造的影響確實產生作用了呢。」,「喔喔！呼！看来肉体改造的影响确实产生作用了呢。」,"""Ooh, phew, looks like the body modification is working properly.""","「오옷, 후웃, 아무래도 육체 개조의 영향이 제대로 나오고 있는 것 같군」"
,,,,,,,,,,
Akiho.Fallen2-53,明穂,「んんっ♥、ちゅぷっ♥、ゴクッ♥、ほかにもなにかっ、したのっ！？♥」,"「I'm not sure what else you did. Oh, my God!」",「嗯嗯♥、啾噗♥、咕咕♥、還有其他的、在下面！？♥」,「嗯嗯♥、啾噗♥、咕咕♥、还有其他的、在下面！？♥」,「んんっ♥、ちゅぷっ♥、ゴクッ♥、ほかにもなにかっ、したのっ！？♥」,「嗯嗯！♥，吸♥，咕嘟♥，你們還對我做了別的什麼嗎！？♥」,「嗯嗯！♥，吸♥，咕嘟♥，你们还对我做了别的什么吗！？♥」,"""Mmm♥ Slurp♥ Gulp♥ Did you do anything else?!♥""","「응응읏♥, 츄풋♥, 꿀꺽♥, 다른 것도 뭔가, 한 거야!?♥」"
,,,,,,,,,,
Akiho.Fallen2-54,戦闘員,「お前は俺達戦闘員のミルクサーバー兼性処理玩具として精液のフェロモンで発情するようになってんだよ」,"「You're supposed to be a milk server and sex toy for us combatants, rutting with the pheromones of semen.」",「你已經成為我們戰鬥員的乳牛兼性處理玩具，因精液的費洛蒙而變得發情了」,「你已经成为我们战斗员的乳牛兼性处理玩具，因精液的费洛蒙而变得发情了」,「お前は俺達戦闘員のミルクサーバー兼性処理玩具として精液のフェロモンで発情するようになってんだよ」,「妳被改造成會對精液的費洛蒙發情，成為我們戰鬥員的奶水供應器兼性處理玩物。」,「妳被改造成会对精液的费洛蒙发情，成为我们战斗员的奶水供应器兼性处理玩物。」,"""You've been modified to go into heat from semen pheromones, to serve as our milk server and sex toy for us soldiers.""",「너는 우리 전투원들의 밀크 서버 겸 성처리 장난감으로서 정액의 페로몬으로 발정하게 되어 있어」
,,,,,,,,,,
Akiho.Fallen2-55,明穂,「そんなぁッ♥♥、そんなのっ、まるで動物じゃないっ♥、そんなのってぇ♥」,"「No, no, no, no, it's not like that, it's not like that, it's not like that, it's not like that, it's not like that.」",「這樣啦♥♥、這樣的事情，完全不像動物一樣♥、這樣的事情嘛♥」,「这样啦♥♥、这样的事情，完全不像动物一样♥、这样的事情嘛♥」,「そんなぁッ♥♥、そんなのっ、まるで動物じゃないっ♥、そんなのってぇ♥」,「怎麼會♥♥，這種事！我就像動物一樣了嘛♥，怎麼可以這樣♥」,「怎么会♥♥，这种事！我就像动物一样了嘛♥，怎么可以这样♥」,"""No way♥♥ That's like I'm an animal♥ How could you♥""","「그런앗♥♥, 그런 거, 마치 동물 같잖아♥, 그런 거어♥」"
,,,,,,,,,,
Akiho.Fallen2-56,戦闘員,「ついでにお前が飲んだ精液は効率的にお前の体に吸収されて母乳に変換されるんだ。これがエコってやつだな」,"「And by the way, the semen you drink is efficiently absorbed by your body and converted into breast milk. This is what I call eco―friendly.」",「順便一提，你喝下的精液會被有效地吸收到你的身體，轉化為母乳。這就是所謂的生態效應。」,「顺便一提，你喝下的精液会被有效地吸收到你的身体，转化为母乳。这就是所谓的生态效应。」,「ついでにお前が飲んだ精液は効率的にお前の体に吸収されて母乳に変換されるんだ。これがエコってやつだな」,「順帶一提，妳喝下的精液會被妳的身體有效吸收，並轉換成母乳。這就是所謂的環保啦。」,「顺带一提，妳喝下的精液会被妳的身体有效吸收，并转换成母乳。这就是所谓的环保啦。」,"""Also, the semen you drank gets efficiently absorbed by your body and converted into breast milk. That's what we call eco-friendly.""",「덤으로 네가 마신 정액은 효율적으로 네 몸에 흡수되어 모유로 변환된다. 이게 바로 에코라는 거지」
,,,,,,,,,,
Akiho.Fallen2-57,明穂,「そんなっ♥♥、ゴクンッ♥、こんなの聖核戦姫どころか人間じゃないぃっ♥、家畜以下になってるッ♥♥」,"「I'm not just a Holy Core Battlemaiden, I'm not even a human being, I'm no more than a domestic animal.」",「這樣啦♥♥、咕咕♥、這樣的事情不僅適合聖核戰姬，甚至不像人一樣♥、已經變成比家畜還要低等了♥♥」,「这样啦♥♥、咕咕♥、这样的事情不仅适合圣核战姬，甚至不像人一样♥、已经变成比家畜还要低等了♥♥」,「そんなっ♥♥、ゴクンッ♥、こんなの聖核戦姫どころか人間じゃないぃっ♥、家畜以下になってるッ♥♥」,「怎麼這樣♥♥，咕咚！♥，我這樣別說聖核戰姬，連人都稱不上了！♥，變成比家畜還不如了♥♥」,「怎么这样♥♥，咕咚！♥，我这样别说圣核战姬，连人都称不上了！♥，变成比家畜还不如了♥♥」,"""No♥♥ Gulp♥ This isn't even human anymore, let alone a Holy Core Battlemaiden♥ I've become less than livestock♥♥""","「그런♥♥, 꿀꺽♥, 이런 거 성핵전희는커녕 인간도 아니잖아♥, 가축 이하가 되어버렷♥♥」"
,,,,,,,,,,
Akiho.Fallen2-58,明穂,「最悪なのにっ、精液飲むのやめられないいぃっ♥、完全に改造されちゃってるぅ♥♥」,"「I can't stop drinking semen even though it's the worst, I've been completely converted.」",「雖然很糟糕，但無法停止喝精液呀啊♥，完全被改造了呢♥♥」,「虽然很糟糕，但无法停止喝精液呀啊♥，完全被改造了呢♥♥」,「最悪なのにっ、精液飲むのやめられないいぃっ♥、完全に改造されちゃってるぅ♥♥」,「明明是最糟糕的事！我卻抵抗不了精液！♥，我已經被徹底改造了♥♥」,「明明是最糟糕的事！我却抵抗不了精液！♥，我已经被彻底改造了♥♥」,"""Even though it's the worst, I can't stop drinking jizz♥ I've been completely modified♥♥""","「최악인데, 정액 마시는 걸 멈출 수가 없어♥, 완전히 개조되어 버렸어♥♥」"
,,,,,,,,,,
Akiho.Fallen2-59,戦闘員,「そうだな、…じゃあいよいよ家畜以下の明穂ちゃんのおっぱいを搾ってやる。」,"「Well...then it's finally time to squeeze Akiho-chan's tits, which are less than livestock.」",「是啊，...那麼現在就要擠出比家畜還要低等的明穗醬的乳房了。」,「是啊，...那么现在就要挤出比家畜还要低等的明穗酱的乳房了。」,「そうだな、…じゃあいよいよ家畜以下の明穂ちゃんのおっぱいを搾ってやる。」,「說得也是…那麼，事不宜遲，我就來為妳這個比家畜還不如的明穗醬擠奶吧。」,「说得也是…那么，事不宜迟，我就来为妳这个比家畜还不如的明穗酱挤奶吧。」,"""That's right... Well then, it's time to milk your breasts, now that you're less than livestock.""","「그렇지, …그럼 드디어 가축 이하인 아키호쨩의 가슴을 짜주도록 하지.」"
,2－9,,,,,,,,,
Akiho.Fallen2-60,明穂,「あひっ♥、やったぁ♥、早く搾ってぇ♥」,"「Ahhhhhh, yay, squeeze me quick!」",「啊♥、做到了♥、快點擠出來♥」,「啊♥、做到了♥、快点挤出来♥」,「あひっ♥、やったぁ♥、早く搾ってぇ♥」,「啊噫♥，太好了♥，快點幫我擠啊♥」,「啊噫♥，太好了♥，快点帮我挤啊♥」,"""Ahh♥ Yes♥ Hurry up and milk me♥""","「아힛♥, 해냈다아♥, 빨리 짜줘어♥」"
,,,,,,,,,,
Akiho.Fallen2-61,,(ううっ♥、口が勝手におっぱい搾るの懇願しちゃってるっ♥、駄目なのにっ♥♥、今搾られたらもう戻れなくなっちゃう♥♥、本当に人間やめちゃうっ♥),"(Ugh, my mouth is begging me to squeeze her tits, even though I shouldn't, if you squeeze me now, I won't be able to go back, I really have to stop being human...)",「唔唔♥、嘴巴自作主張懇求擠奶♥、明知不行卻♥♥、現在被擠了就再也無法回頭了♥♥、真的要放棄做人了♥」,「唔唔♥、嘴巴自作主张恳求挤奶♥、明知不行却♥♥、现在被挤了就再也无法回头了♥♥、真的要放弃做人了♥」,(ううっ♥、口が勝手におっぱい搾るの懇願しちゃってるっ♥、駄目なのにっ♥♥、今搾られたらもう戻れなくなっちゃう♥♥、本当に人間やめちゃうっ♥),（嗚嗚♥，嘴巴竟然自己懇求著要被擠奶了！♥，明明不行啊♥♥，如果現在被擠出來，我就回不去了♥♥，我真的會拋棄做人了♥）,（呜呜♥，嘴巴竟然自己恳求着要被挤奶了！♥，明明不行啊♥♥，如果现在被挤出来，我就回不去了♥♥，我真的会抛弃做人了♥）,"(Uuu♥ I'm begging to have my breasts milked on its own♥ Even though I shouldn't♥♥ If I get milked now, there's no going back♥♥ I'll really stop being human♥)","(우웃♥, 입이 멋대로 가슴 짜달라고 애원하고 있어♥, 안 되는데♥♥, 지금 짜이면 이제 돌아갈 수 없게 돼♥♥, 정말 인간 그만두게 돼♥)"
,,,,,,,,,,
Akiho.Fallen2-62,戦闘員,「おっし、じゃあ気合い入れてやるぞ～、一週間の間に牛の乳の搾り方練習してきたからな。明穂ちゃんも喜んでくれると思うぞ」,「I've been practicing how to milk a cow for a week. I'm sure Akiho-chan will be pleased.」,「好的，那麼我來加把勁～，因為在這一週裡我一直在練習擠牛奶，明穗醬應該也會高興的。」,「好的，那么我来加把劲～，因为在这一周里我一直在练习挤牛奶，明穗酱应该也会高兴的。」,「おっし、じゃあ気合い入れてやるぞ～、一週間の間に牛の乳の搾り方練習してきたからな。明穂ちゃんも喜んでくれると思うぞ」,「好！那我就卯足全力來擠了～我花了一個禮拜練習擠牛奶的方法，明穗醬妳一定會很高興的。」,「好！那我就卯足全力来挤了～我花了一个礼拜练习挤牛奶的方法，明穗酱妳一定会很高兴的。」,"""Alright, I'm gonna put my all into this. I've been practicing cow milking techniques for a week. I think you will be pleased.""","「좋아, 그럼 기합 넣고 해보자~, 일주일 동안 소 젖 짜는 법 연습해왔으니까. 아키호쨩도 기뻐할 거라고 생각해」"
,,,,,,,,,,
Akiho.Fallen2-63,明穂,「うぁっ♥♥、うれしいですっ♥♥、おっぱい搾られるの楽しみすぎるっ♥」,"「I'm so happy, I'm looking forward to getting my tits squeezed.」",「唔啊♥♥，好開心♥♥，被擠奶實在太開心了♥」,「唔啊♥♥，好开心♥♥，被挤奶实在太开心了♥」,「うぁっ♥♥、うれしいですっ♥♥、おっぱい搾られるの楽しみすぎるっ♥」,「嗚啊♥♥，我好開心啊♥♥，我好期待被擠奶喔♥」,「呜啊♥♥，我好开心啊♥♥，我好期待被挤奶喔♥」,"""Uah♥♥ I'm so happy♥♥ I can't wait to have my breasts milked♥""","「으앗♥♥, 기뻐요♥♥, 가슴 짜이는 거 너무 기대돼♥」"
,,,,,,,,,,
Akiho.Fallen2-64,,(だめっ、本当に人生終わっちゃうっ♥♥、精液飲んでミルク出すだけの家畜になっちゃううぅう♥♥),"(No, my life is really over! I'm going to become a domestic animal that only drinks semen and produces milk...)",「不行啦，人生真的要完蛋了♥♥，變成只會喝精液再生乳汁的家畜了呢うぅう♥♥」,「不行啦，人生真的要完蛋了♥♥，变成只会喝精液再生乳汁的家畜了呢うぅう♥♥」,(だめっ、本当に人生終わっちゃうっ♥♥、精液飲んでミルク出すだけの家畜になっちゃううぅう♥♥),（不行！真的！人生要結束了！♥♥，我會變成只會喝精液產奶的家畜了嗚嗚嗚♥♥）,（不行！真的！人生要结束了！♥♥，我会变成只会喝精液产奶的家畜了呜呜呜♥♥）,"(No, my life will really be over♥♥ I'll become livestock that just drinks semen and produces milk)","(안 돼, 정말 인생 끝나버려♥♥, 정액 마시고 밀크 내는 가축이 되어버려어어어♥♥)"
,,,,,,,,,,
Akiho.Fallen2-65,戦闘員,「オラッ！、行くぞッ、母乳だせっ！」,"「Ora! Let's go, mother's milk!」",「喂！出發了，母乳出來吧！」,「喂！出发了，母乳出来吧！」,「オラッ！、行くぞッ、母乳だせっ！」,「來啊！要開始了！把母乳擠出來！」,「来啊！要开始了！​​把母乳挤出来！」,"""Here we go! Time for breast milk!""","「자!, 간다, 모유 내놔!」"
,,,,,,,,,,
Akiho.Fallen2-66,2－10,そう言うと明穂の両胸を筋肉質の大きな手が掴む,"As he said this, large, muscular hands grasped both of Akiho's breasts.",這樣說著，一雙肌肉質的大手抓住了明穗的雙胸。,这样说著，一双肌肉质的大手抓住了明穗的双胸。,そう言うと明穂の両胸を筋肉質の大きな手が掴む,說著，一雙肌肉發達的大手抓住了明穗的雙乳。,说着，一双肌肉发达的大手抓住了明穗的双乳。,His big and muscular hands grabbed both of Akiho's breasts.,그렇게 말하며 아키호의 양 가슴을 근육질의 큰 손이 잡는다
,,,,,,,,,,
Akiho.Fallen2-67,明穂,「ひぎっ♥♥、お゛お゛お゛おおおおおっ♥♥、っ♥♥、お⁉⁉、お゛？！」,"「Oh, my God, oh, my God, oh, my God, oh, my God, oh, my God, oh, my God!」",「嗚咿♥♥、喔喔喔喔喔喔♥♥、喔♥♥、喔⁉⁉、喔？」,「呜咿♥♥、喔喔喔喔喔喔♥♥、喔♥♥、喔⁉⁉、喔？」,「ひぎっ♥♥、お゛お゛お゛おおおおおっ♥♥、っ♥♥、お⁉⁉、お゛？！」,「嗚咿♥♥，嗚喔喔喔喔喔喔喔！♥♥，！♥♥，喔！？喔？！」,「呜咿♥♥，呜喔喔喔喔喔喔喔！♥♥，！♥♥，喔！？喔？！」,"""Hnnngggg♥♥ Ooooohhhhh♥♥ ♥♥ Oh?!♥ Oh?!""","「히긱♥♥, 오옷 오옷 오옷 오오오오옷♥♥, 윽♥♥, 오⁉⁉, 오옷 ?!」"
,,,,,,,,,,
Akiho.Fallen2-68,,ぷしゅっ、ビュルルルルルッ、ブシュウウウウウッッ♥♥！！！！！！！,,噗嘟、嗡嗡嗡嗡嗡♥♥！！！！！！！,噗嘟、嗡嗡嗡嗡嗡♥♥！！！！！！！,ぷしゅっ、ビュルルルルルッ、ブシュウウウウウッッ♥♥！！！！！！！,噗咻！嗶嚕嚕嚕嚕嚕！噗啾嗚嗚嗚嗚嗚♥♥！！！！！！！,噗咻！哔噜噜噜噜噜！噗啾呜呜呜呜呜♥♥！ ！ ！ ！ ！ ！ ！,"Psshh, spurrrrt, GUSHHHHH♥♥!!!!!!","푸슛, 뷰르르르르릇, 부슈우우우우웃♥♥!!!!!!!"
,,,,,,,,,,
Akiho.Fallen2-69,明穂,「おっぱいがぁ♥♥、とまらないいぃぃぃっ！♥、お゛おっ♥♥！？」,"「I can't stop! Oh, oh, oh, oh, oh, oh, oh, oh, oh, oh, oh, oh, oh, oh, oh, oh, oh, oh, oh.」",「胸部♥♥、停不下來啊啊啊！♥、喔喔♥♥！？」,「胸部♥♥、停不下来啊啊啊！♥、喔喔♥♥！？」,「おっぱいがぁ♥♥、とまらないいぃぃぃっ！♥、お゛おっ♥♥！？」,「奶水♥♥，停不下來了啦！♥，嗚喔！♥♥！？」,「奶水♥♥，停不下来了啦！♥，呜喔！♥♥！？」,"""The milk♥♥ They won't stop♥ Ohhh♥♥?!""","「가슴이이♥♥, 멈추지 않아아아앗!♥, 오옷 옷♥♥!?」"
,,,,,,,,,,
Akiho.Fallen2-70,戦闘員,「うおっ、すげえ量！オラッ、がんばれっ！もっと出せ！」,"「Wow, that's a lot of food! Come on, keep it up! Give me more!」",「喔，好多啊！喂，加油！再多出來！」,「喔，好多啊！喂，加油！再多出来！」,「うおっ、すげえ量！オラッ、がんばれっ！もっと出せ！」,「喔！量好多啊！來！加油！再多擠一點出來！」,「喔！量好多啊！来！加油！再多挤一点出来！」,"""Whoa, that's a lot! Come on, keep going! More!""","「우옷, 굉장한 양! 자, 힘내! 더 내놔!」"
,,,,,,,,,,
Akiho.Fallen2-71,,ぴしゅっ、ぴしゅっ、ブシュウウウウウッ♥♥！,"Pish, pish, busuuuuuuuuuuuuuuuuuuuuuuuuuuuuuuuuuuuuu♥♥!",噗嘟、噗嘟、噗嘟噗嘟♥♥！,噗嘟、噗嘟、噗嘟噗嘟♥♥！,ぴしゅっ、ぴしゅっ、ブシュウウウウウッ♥♥！,劈咻！劈咻！噗啾嗚嗚嗚嗚嗚♥♥！,劈咻！劈咻！噗啾呜呜呜呜呜♥♥！,"Squirt, squirt, GUSHHHHH♥♥!","피슛, 피슛, 부슈우우우우웃♥♥!"
,,,,,,,,,,
Akiho.Fallen2-72,明穂,「おおおっ♥♥、おっぱいビュービューきもちいいっ♥♥、もっと搾ってえぇ♥♥！」,「」,「喔喔♥♥、胸部噗噗的感覺好舒服♥♥、再擠出來嘛♥♥！」,「喔喔♥♥、胸部噗噗的感觉好舒服♥♥、再挤出来嘛♥♥！」,「おおおっ♥♥、おっぱいビュービューきもちいいっ♥♥、もっと搾ってえぇ♥♥！」,「喔喔喔！♥♥，奶水噴出來的感覺好舒服啊♥♥，再多擠一點啊♥♥！」,「喔喔喔！♥♥，奶水喷出来的感觉好舒服啊♥♥，再多挤一点啊♥♥！」,"""Ohhh♥♥ Feels amazing to spray milk♥♥ Milk me more♥♥!""","「오오오옷♥♥, 가슴 뷰-뷰- 기분 좋아앗♥♥, 더 짜줘어어♥♥!」"
,,,,,,,,,,
Akiho.Fallen2-73,,(おっぱい射精きもち良すぎてぇっ♥、何も考えられないっ♥♥♥♥),"(Tits ejaculation is too good ♥, I can't think about anything ♥♥♥♥)",「胸部射精的感覺太舒服了啊♥、什麼都想不到啊♥♥♥♥」,「胸部射精的感觉太舒服了啊♥、什么都想不到啊♥♥♥♥」,(おっぱい射精きもち良すぎてぇっ♥、何も考えられないっ♥♥♥♥),（胸部射出奶水太舒服了♥，什麼都思考不了了♥♥♥♥）,（胸部射出奶水太舒服了♥，什么都思考不了了♥♥♥♥）,(Breast ejaculation feels too good♥ My mind has melted♥♥♥♥),"(가슴 사정 너무 기분 좋아서♥, 아무 생각도 할 수 없어♥♥♥♥)"
,,,,,,,,,,
Akiho.Fallen2-74,戦闘員,「全くバカみてえに噴きやがって。どうだ？俺の搾りテクは？」,「You're spewing like an idiot. What do you think? How's my squeezing technique?」,「完全像個白癡一樣亂噴。怎麼樣？我的擠壓技巧如何？」,「完全像个白痴一样乱喷。怎么样？我的挤压技巧如何？」,「全くバカみてえに噴きやがって。どうだ？俺の搾りテクは？」,「真是的，像個笨蛋一樣噴出來。怎麼樣？我的擠奶技術如何？」,「真是的，像个笨蛋一样喷出来。怎么样？我的挤奶技术如何？」,"""That was insane. How's my milking technique?""",「정말 바보같이 뿜어대고. 어때? 내 짜는 기술은?」
,,,,,,,,,,
Akiho.Fallen2-75,明穂,「んあっ♥♥、気持ちいいですぅっ♥♥、もっと出しますぅっ♥♥♥」,"「Oh, that feels so good, I'll give you more.」",「嗯啊♥♥、好舒服呢♥♥、再多出來嘛♥♥♥」,「嗯啊♥♥、好舒服呢♥♥、再多出来嘛♥♥♥」,「んあっ♥♥、気持ちいいですぅっ♥♥、もっと出しますぅっ♥♥♥」,「嗯啊♥♥，好舒服啊♥♥，我會擠出更多的♥♥♥」,「嗯啊♥♥，好舒服啊♥♥，我会挤出更多的♥♥♥」,"""Nnahh♥♥ It feels so good♥♥ I'll let out more♥♥♥""","「응앗♥♥, 기분 좋아요오♥♥, 더 낼게요오♥♥♥」"
,,,,,,,,,,
Akiho.Fallen2-76,明穂,「もう聖核戦姫も何もかもどうでもいいっ♥♥、六花も助けになんて来なくていいっ♥♥、ここでせーえき飲みながらおっぱいビュービューするのっ♥♥！」,"「I don't care about the Holy Core Battlemaiden or anything else, and Rikka doesn't have to come to my rescue either, I'm going to stay here and drink sake and view her tits!」",「聖核戰姬、六花都無所謂啦♥♥，不用來幫忙六花也沒關係♥♥，就在這裡一邊喝酒一邊擠胸部♥♥！」,「圣核战姬、六花都无所谓啦♥♥，不用来帮忙六花也没关系♥♥，就在这里一边喝酒一边挤胸部♥♥！」,「もう聖核戦姫も何もかもどうでもいいっ♥♥、六花も助けになんて来なくていいっ♥♥、ここでせーえき飲みながらおっぱいビュービューするのっ♥♥！」,「聖核戰姬什麼的、一切都無所謂了♥♥，六花也不用來救我了♥♥，我要在這裡一邊喝精液一邊噴奶♥♥！」,「圣核战姬什么的、一切都无所谓了♥♥，六花也不用来救我了♥♥，我要在这里一边喝精液一边喷奶♥♥！」,"""I don't care about being a Holy Core Battlemaiden or anything anymore♥♥ Rikka doesn't need to come save me♥♥ I'll just stay here drinking semen and spraying milk from my breasts♥♥!""","「이제 성핵전희도 뭐도 아무래도 좋아♥♥, 릿카도 구하러 오지 않아도 돼♥♥, 여기서 정액 마시면서 가슴 뷰-뷰- 할 거야♥♥!」"
,,,,,,,,,,
Akiho.Fallen2-77,戦闘員,「ははっ、全く情けねえなぁ？まあ家畜には知能はいらねえからな、ちょうどいいんじゃねえか」,"「I'm not so pathetic, am I? Well, livestock don't need intelligence, so I guess it's just fine.」",「哈哈，真是一點同情心都沒有呢？嘛，畢竟家畜不需要智慧，這樣正合適吧」,「哈哈，真是一点同情心都没有呢？嘛，毕竟家畜不需要智慧，这样正合适吧」,「ははっ、全く情けねえなぁ？まあ家畜には知能はいらねえからな、ちょうどいいんじゃねえか」,「哈哈哈，真是沒用啊？不過家畜不需要智慧，這樣正好不是嗎。」,「哈哈哈，真是没用啊？不过家畜不需要智慧，这样正好不是吗。」,"""Haha, how pathetic. Well, livestock don't need intelligence, so it's perfect, isn't it?""","「하하, 정말 한심하네? 뭐 가축에게는 지능은 필요 없으니까, 딱 좋지 않나」"
,,,,,,,,,,
Akiho.Fallen2-78,明穂,「はいっ♥、私はミルク噴くだけの家畜ミルクサーバーですっ♥♥、だからもっと搾ってっ♥♥！戦闘員様っ♥♥いや、飼育員様っ♥♥！」,"「Yes ♥♥, I am a livestock milk server who only spews milk ♥♥, so squeeze me more ♥♥! I'm just a milk spewing livestock milk server, so milk me some more ♥♥♥!」",「是的♥，我只是一個噴出牛奶的家畜牛奶機器♥♥，所以請多擠一點♥♥！戰鬥員大人♥♥不，是飼育員大人♥♥！」,「是的♥，我只是一个喷出牛奶的家畜牛奶机器♥♥，所以请多挤一点♥♥！战斗员大人♥♥不，是饲育员大人♥♥！」,「はいっ♥、私はミルク噴くだけの家畜ミルクサーバーですっ♥♥、だからもっと搾ってっ♥♥！戦闘員様っ♥♥いや、飼育員様っ♥♥！」,「是的♥，我只是個只會噴奶的家畜奶水供應器♥♥，所以請再多擠一點♥♥！戰鬥員大人♥♥不，是飼養員大人♥♥！」,「是的♥，我只是个只会喷奶的家畜奶水供应器♥♥，所以请再多挤一点♥♥！战斗员大人♥♥不，是饲养员大人♥♥！」,"""Yes♥ I'm just livestock, a milk server that only sprays milk♥♥ So milk me more♥♥ Soldier♥♥ No, Keeper♥♥!""","「네♥, 저는 밀크 뿜는 가축 밀크 서버입니다♥♥, 그러니까 더 짜줘♥♥! 전투원님♥♥ 아니, 사육원님♥♥!」"
,,,,,,,,,,
Akiho.Fallen2-79,戦闘員,「ははっ、完全に堕ちたな、いいぜ最後に全部出させてやるよっ、おらっ！」,"「Haha, you've completely fallen.」",「哈哈，完全墮落了呢，好啦，最後我會全部擠出來給你看，來吧！」,「哈哈，完全堕落了呢，好啦，最后我会全部挤出来给你看，来吧！」,「ははっ、完全に堕ちたな、いいぜ最後に全部出させてやるよっ、おらっ！」,「哈哈哈，完全墮落了呢，好啊，最後我會讓妳全部擠出來的！來！」,「哈哈哈，完全堕落了呢，好啊，最后我会让妳全部挤出来的！来！」,"""Haha, you've completely fallen. Alright, I'll get them all out. Here!""","「하하, 완전히 타락했군, 좋아 마지막으로 전부 나오게 해주지, 자!」"
,,,,,,,,,,
Akiho.Fallen2-80,,ぷしゅっ、ビュルルルルルッ、ブシュウウウウウッッ♥♥！！！！！！！,,噗嘟、嗡嗡嗡嗡嗡、噗噜噜噜噜♥♥！！！！！！！,噗嘟、嗡嗡嗡嗡嗡、噗噜噜噜噜♥♥！！！！！！！,ぷしゅっ、ビュルルルルルッ、ブシュウウウウウッッ♥♥！！！！！！！,噗咻！嗶嚕嚕嚕嚕嚕！噗啾嗚嗚嗚嗚嗚♥♥！！！！！！！,噗咻！哔噜噜噜噜噜！噗啾呜呜呜呜呜♥♥！ ！ ！ ！ ！ ！ ！,"Psshh, spurrrrt, GUSHHHHH♥♥!!!!!!","푸슛, 뷰르르르르릇, 부슈우우우우웃♥♥!!!!!!!"
,,,,,,,,,,
Akiho.Fallen2-81,明穂,「ひぎぃいぃいっ♥♥、おっぱいガチガチに搾られてっ全部出ちゃうっ♥♥、おっぱいの中身からになるっ♥♥」,"「Oh my God, I'm squeezing my tits so hard, they're all going to come out, I'm going to be squeezed out of my tits.」",「嘿咿咿♥♥，胸部被緊緊擠壓，全部都要流出來啦♥♥，胸部的內容都要被擠空了♥♥」,「嘿咿咿♥♥，胸部被紧紧挤压，全部都要流出来啦♥♥，胸部的内容都要被挤空了♥♥」,「ひぎぃいぃいっ♥♥、おっぱいガチガチに搾られてっ全部出ちゃうっ♥♥、おっぱいの中身からになるっ♥♥」,「嗚咿咿咿咿♥♥，奶水被硬生生擠出來，全部都要噴光了！♥♥，胸部裡面都要空了！♥♥」,「呜咿咿咿咿♥♥，奶水被硬生生挤出来，全部都要喷光了！♥♥，胸部里面都要空了！♥♥」,"""Hiiiii♥♥ My breasts are being squeezed so hard everything's coming out♥♥ My breasts are going to be empty♥♥""","「히기이이이잇♥♥, 가슴 딱딱하게 짜여서 전부 나와버렷♥♥, 가슴 속 내용물이 비게 돼♥♥」"
,,,,,,,,,,
Akiho.Fallen2-82,,「お゛お゛お゛お゛お゛おぉ～～～っ♥♥」,「」,「喔喔喔喔喔喔喔～～～♥♥」,「喔喔喔喔喔喔喔～～～♥♥」,「お゛お゛お゛お゛お゛おぉ～～～っ♥♥」,「嗚喔喔喔喔喔喔喔～～～っ♥♥」,「呜喔喔喔喔喔喔喔～～～っ♥♥」,"""Ooooooohhh♥♥""",「오옷 오옷 오옷 오옷 오옷 오오~~~읏♥♥」
,,,,,,,,,,
Akiho.Fallen2-83,2－11,ぴゅるぅ、ぷしっ、ぴゅう,"Psssst, pssst, pssst.",噗噜、噗嘟、噗噗,噗噜、噗嘟、噗噗,ぴゅるぅ、ぷしっ、ぴゅう,嘶嚕、噗嗤、嘶,嘶噜、噗嗤、嘶,"Spurt, squirt, spray","퓨르읏, 푸싯, 퓨웃"
,,,,,,,,,,
Akiho.Fallen2-84,明穂,「はあっ♥♥、はあっ♥、はあああ～～～～っっ♥♥♥」,"「Haaah ♥♥, haaah ♥, haaah ～～～～ ♥♥♥♥」",「呼♥♥，呼♥，呼啊啊～～～～♥♥♥」,「呼♥♥，呼♥，呼啊啊～～～～♥♥♥」,「はあっ♥♥、はあっ♥、はあああ～～～～っっ♥♥♥」,「哈啊♥♥，哈啊♥，哈啊啊啊～～～～♥♥♥」,「哈啊♥♥，哈啊♥，哈啊啊啊～～～～♥♥♥」,"""Haah♥♥ Haah♥ Haaahhh♥♥♥""","「하앗♥♥, 하앗♥, 하아아아~~~~읏♥♥♥」"
,,,,,,,,,,
Akiho.Fallen2-85,戦闘員,「よし、全部出たな！じゃあこれからは俺達のミルクサーバーとしてよろしく頼むぜ」,"「Okay, it's all out! Then you'll be our milk server from now on.」",「好的，全部都出來了！那接下來就拜託你作為我們的牛奶提供者了」,「好的，全部都出来了！那接下来就拜托你作为我们的牛奶提供者了」,「よし、全部出たな！じゃあこれからは俺達のミルクサーバーとしてよろしく頼むぜ」,「好，全部擠完了！那麼從今以後，就請妳好好擔任我們的奶水供應器吧。」,「好，全部挤完了！那么从今以后，就请妳好好担任我们的奶水供应器吧。」,"""Good, it's all out! From now on, you'll be serving as our milk server.""","「좋아, 전부 나왔군! 그럼 이제부터 우리들의 밀크 서버로서 잘 부탁한다」"
,,,,,,,,,,
Akiho.Fallen2-86,明穂,「はいいっ♥、飼育員様ぁ♥、毎日たくさん精液飲んで毎日おっぱいビュービューさせていただきまぁす♥♥」,"「I'm going to drink a lot of semen every day, and I'm going to be able to view your tits every day.」",「好的♥，飼育員大人♥，每天喝很多精液，每天都要讓胸部噗噗地♥♥」,「好的♥，饲育员大人♥，每天喝很多精液，每天都要让胸部噗噗地♥♥」,「はいいっ♥、飼育員様ぁ♥、毎日たくさん精液飲んで毎日おっぱいビュービューさせていただきまぁす♥♥」,「好！♥，飼養員大人♥，我會每天喝下大量的精液，每天盡情地噴奶的♥♥」,「好！♥，饲养员大人♥，我会每天喝下大量的精液，每天尽情地喷奶的♥♥」,"""Yes♥ Master Keepers♥ I'll drink lots of semen every day and squirt milk from my breasts every day♥♥""","「네에♥, 사육원님♥, 매일 잔뜩 정액 마시고 매일 가슴 뷰-뷰- 하겠습니다♥♥」"
,,,,,,,,,,
Akiho Fallen Scene 3,,闇堕ちシーン3,闇堕ちシーン3,闇堕ちシーン3,暗堕ちシーン3,闇堕ちシーン3,闇堕ちシーン3,暗堕ちシーン3,,타락화 이벤트 3
,,,,,,,,,,
Akiho.Fallen3-1,3－1,財団地下調教施設にて,At the Foundation's underground training facility,在財團地下調教設施中,在财团地下调教设施中,財団地下調教施設にて,在財團地下調教設施中,在财团地下调教设施中,At the Foundation's underground training facility,재단 지하 조교 시설에서
,,,,,,,,,,
Akiho.Fallen3-2,戦闘員,「おはよう明穂ちゃん！おお、今日は一段と溜まってるんじゃねえか？」,"「Good morning, Akiho-chan! Oh, you're feeling a little more pent up today, aren't you?」",「早安，明穗！哦，今天看起來更加積極了吧？」,「早安，明穗！哦，今天看起来更加积极了吧？」,「おはよう明穂ちゃん！おお、今日は一段と溜まってるんじゃねえか？」,「早安啊，明穗醬！喔，妳今天似乎積得更滿了呢？」,「早安啊，明穗酱！喔，妳今天似乎积得更满了呢？」,"""Good morning, Akiho! Oh, looks like you're especially full today, aren't you?""","「안녕 아키호쨩! 오오, 오늘은 한층 더 쌓여있지 않나?」"
,,,,,,,,#VALUE!,,
Akiho.Fallen3-3,明穂,「フシューッ♥♥、フシューッ♥♥ッ、カポッ♥」,"「Fshooooo♥♥♥, fshooo♥♥♥♥, kapo♥♥.」",「噗噗♥♥、噗噗♥♥、咔噗♥」,「噗噗♥♥、噗噗♥♥、咔噗♥」,「フシューッ♥♥、フシューッ♥♥ッ、カポッ♥」,「呼噓♥♥，呼噓♥♥，喀啵♥！」,,"""Hiss♥♥ Hiss♥♥ Pop♥""","「푸슈-♥♥, 푸슈-♥♥윽, 카폿♥」"
,3－2,,,,,,,,,
Akiho.Fallen3-4,明穂,「えへへぇ♥♥、飼育員の皆さんおはようございま～す♥今日も改造おっぱい沢山ミルクできましたぁ♥♥」,"「Good morning to all the keepers, I've got lots of milk from my modified tits again today.」",「嘿嘿♥♥，飼育員的各位早安～♥今天也成功製造了很多改造乳汁♥♥」,「嘿嘿♥♥，饲育员的各位早安～♥今天也成功制造了很多改造乳汁♥♥」,「えへへぇ♥♥、飼育員の皆さんおはようございま～す♥今日も改造おっぱい沢山ミルクできましたぁ♥♥」,「欸嘿嘿♥♥，各位飼養員早安～♥！今天改造後的胸部也製造了好多奶水喔♥♥。」,「欸嘿嘿♥♥，各位饲养员早安～♥！今天改造后的胸部也制造了好多奶水喔♥♥。」,"""Ehehe♥♥ Good morning, Keepers♥ My modified breasts have made lots of milk today too♥♥""","「에헤헤♥♥, 사육원 여러분 안녕하세요~♥ 오늘도 개조 가슴 잔뜩 밀크 만들었어요♥♥」"
,,,,,,,,,,
Akiho.Fallen3-5,明穂,「ミルクでおっぱいが張っちゃって苦しいので♥♥飼育員の皆さん♥、私のおっぱい沢山絞ってください♥♥♥」,"「I'm having a hard time because my tits are so tight from all the milk, so please, keepers, squeeze my tits a lot.」",「因為乳汁讓胸部變得腫脹而感到痛苦♥♥ 飼育員的各位♥，請多擠我的胸部♥♥♥」,「因为乳汁让胸部变得肿胀而感到痛苦♥♥ 饲育员的各位♥，请多挤我的胸部♥♥♥」,「ミルクでおっぱいが張っちゃって苦しいので♥♥飼育員の皆さん♥、私のおっぱい沢山絞ってください♥♥♥」,「胸部漲奶好難受，所以♥♥飼養員們♥，請你們多幫我擠一點奶吧♥♥♥！」,「胸部涨奶好难受，所以♥♥饲养员们♥，请你们多帮我挤一点奶吧♥♥♥！」,"""My breasts are swollen with milk and it hurts♥♥ Keepers♥ please milk my breasts lots♥♥♥""","「밀크로 가슴이 부풀어서 괴로우니까♥♥ 사육원 여러분♥, 제 가슴 잔뜩 짜주세요♥♥♥」"
,,,,,,,,,,
Akiho.Fallen3-6,,明穂は媚びるような声で戦闘員たちに毎日の日課となった乳搾りを懇願する,"Akiho's flirtatious voice pleads with the combatants to milk the cows, which has become a daily routine for them.",明穗以一副討好的聲音向戰鬥員們懇求每天的擠奶成為日常。,明穗以一副讨好的声音向战斗员们恳求每天的挤奶成为日常。,明穂は媚びるような声で戦闘員たちに毎日の日課となった乳搾りを懇願する,明穗用諂媚的聲音懇求戰鬥員們進行每天例行的擠奶。,明穗用谄媚的声音恳求战斗员们进行每天例行的挤奶。,Akiho begged the soldiers in a fawning voice for her daily milking routine.,아키호는 아양 떠는 목소리로 전투원들에게 매일의 일과가 된 착유를 애원한다
,3－3,,,,,,,,,
Akiho.Fallen3-7,戦闘員,「おう、まかせとけ。オラッ！」,"「Oh, I'll take care of it. Hey, I'll take care of it.」",「喔，交給我吧。喔啦！」,「喔，交给我吧。喔啦！」,「おう、まかせとけ。オラッ！」,「喔，交給我們吧！來！」,「喔，交给我们吧！来！」,"""Sure, leave it to us. Here!""","「오우, 맡겨둬. 자!」"
,,,,,,,,,,
Akiho.Fallen3-8,明穂,「おひぃいっ♥♥、きたっ♥♥、噴くっ、ミルク噴いちゃうっ♥♥」,「I'm going to spew milk.」,「喔嗚♥♥、來了♥♥、噴射、乳汁噴出來了♥♥」,「喔呜♥♥、来了♥♥、喷射、乳汁喷出来了♥♥」,「おひぃいっ♥♥、きたっ♥♥、噴くっ、ミルク噴いちゃうっ♥♥」,「啊咿♥♥，來了！♥♥要噴了，奶水要噴出來了！♥♥」,「啊咿♥♥，来了！♥♥要喷了，奶水要喷出来了！♥♥」,"""Ohiii♥♥ It's coming♥♥ It's coming, the milk is coming out♥♥""","「오히이잇♥♥, 왔다♥♥, 뿜는다, 밀크 뿜어버렷♥♥」"
,,,,,,,,,,
Akiho.Fallen3-9,,明穂の乳から太い束になった母乳が勢いよく発射される,A thick bundle of mother's milk shoots vigorously from Akiho's tits.,明穗的乳房噴射出一股濃稠的母乳束。,明穗的乳房喷射出一股浓稠的母乳束。,明穂の乳から太い束になった母乳が勢いよく発射される,明穗的乳頭噴射出勢頭猛烈、粗束狀的母乳。,明穗的乳头喷射出势头猛烈、粗束状的母乳。,Thick streams of breast milk shot forcefully from Akiho's breasts.,아키호의 젖에서 굵은 뭉치가 된 모유가 세차게 발사된다
,,,,,,,,,,
Akiho.Fallen3-10,戦闘員,「おお、今日は一段と乳の出がいいな」,"「Oh, you're milking it even better today.」",「哦，今天乳汁的流量更好了呢」,「哦，今天乳汁的流量更好了呢」,「おお、今日は一段と乳の出がいいな」,「喔喔，今天奶水流動得特別好呢。」,「喔喔，今天奶水流动得特别好呢。」,"""Oh, your milk production is especially good today.""","「오오, 오늘은 한층 더 젖이 잘 나오네」"
,,,,,,,,,,
Akiho.Fallen3-11,明穂,「あひっ♥♥、ありがとうございますっ♥♥、頑張って沢山ミルク出しますっ♥♥」,「I'll try my best to produce lots of milk.」,「啊嗚♥♥、非常感謝♥♥、我會努力擠出更多的乳汁♥♥」,「啊呜♥♥、非常感谢♥♥、我会努力挤出更多的乳汁♥♥」,「あひっ♥♥、ありがとうございますっ♥♥、頑張って沢山ミルク出しますっ♥♥」,「啊噫♥♥，謝謝你們♥♥，我會努力擠出更多奶水的♥♥！」,「啊噫♥♥，谢谢你们♥♥，我会努力挤出更多奶水的♥♥！」,"""Ahi♥♥ Thank you♥♥ I'll work hard to produce lots of milk♥♥""","「아힛♥♥, 감사합니다♥♥, 열심히 잔뜩 밀크 낼게요♥♥」"
,,,,,,,,,,
Akiho.Fallen3-12,,そして戦闘員たちは慣れた手つきで代わる代わる明穂の乳首を搾っていく,The combatants then took turns squeezing Akiho's nipples with their accustomed hands.,然後戰鬥員們熟練地輪流擠壓明穗的乳頭。,然后战斗员们熟练地轮流挤压明穗的乳头。,そして戦闘員たちは慣れた手つきで代わる代わる明穂の乳首を搾っていく,接著，戰鬥員們熟練地輪流擠壓明穗的乳頭。,接着，战斗员们熟练地轮流挤压明穗的乳头。,The soldiers then took turns milking Akiho's nipples with practiced hands.,그리고 전투원들은 익숙한 손놀림으로 번갈아 가며 아키호의 유두를 짜간다
,,,,,,,,,,
Akiho.Fallen3-13,明穂,「お゛っ♥、おひっ♥♥、ふうっ♥♥、お゛おっ♥、お゛っ♥」,"「Oh, oh, oh, oh, oh, oh, oh, oh, oh, oh, oh, oh, oh, oh, oh, oh, oh, oh, oh, oh, oh, oh.」",「喔♥、喔嗚♥♥、呼呼♥♥、喔喔♥、喔♥」,「喔♥、喔呜♥♥、呼呼♥♥、喔喔♥、喔♥」,「お゛っ♥、おひっ♥♥、ふうっ♥♥、お゛おっ♥、お゛っ♥」,「嗚♥，啊咿♥♥，呼！♥♥，嗚喔♥，嗚♥！」,「呜♥，啊咿♥♥，呼！♥♥，呜喔♥，呜♥！」,"""Oh♥ Ohi♥♥ Fuu♥♥ Ooh♥ Oh♥""","「오옷 ♥, 오힛♥♥, 후웃♥♥, 오옷 오옷♥, 오옷 ♥」"
,,,,,,,,,,
Akiho.Fallen3-14,戦闘員,「おらどうだ？俺達も明穂ちゃんの乳搾るの上手になって来ただろ？」,"「How are you doing? We're getting good at milking Akiho, aren't we?」",「看起來如何？我們也變得更加擅長擠明穗小姐的乳汁了吧？」,「看起来如何？我们也变得更加擅长挤明穗小姐的乳汁了吧？」,「おらどうだ？俺達も明穂ちゃんの乳搾るの上手になって来ただろ？」,「怎麼樣？我們的擠奶技術也進步了對吧？」,「怎么样？我们的挤奶技术也进步了对吧？」,"""How's that? We've gotten pretty good at milking you, haven't we?""",「자 어때? 우리들도 아키호쨩 젖 짜는 거 능숙해졌지?」
,3－4,,,,,,,,,
Akiho.Fallen3-15,明穂,「はひぃっ♥♥とても上手ですっ♥、上手すぎて家畜乳首がミルク噴くの我慢できないですっ♥♥」,"「Hee hee hee hee, you're so good, I can't stand it when your nipples spew milk!」",「哈嗚♥♥擠得非常好♥，擠得太好了，家畜的乳頭都忍不住噴出奶來了♥♥」,「哈呜♥♥挤得非常好♥，挤得太好了，家畜的乳头都忍不住喷出奶来了♥♥」,「はひぃっ♥♥とても上手ですっ♥、上手すぎて家畜乳首がミルク噴くの我慢できないですっ♥♥」,「哈咿♥♥，非常厲害！♥，太厲害了，我的家畜乳頭都忍不住要噴出奶水了♥♥！」,「哈咿♥♥，非常厉害！♥，太厉害了，我的家畜乳头都忍不住要喷出奶水了♥♥！」,"""Hahii♥♥ You're very good♥ So good that my livestock nipples can't help but spray milk♥♥""","「하히잇♥♥ 매우 능숙해요♥, 너무 능숙해서 가축 유두가 밀크 뿜는 걸 참을 수 없어요♥♥」"
,,,,,,,,,,
Akiho.Fallen3-16,戦闘員,「フフッ、素直でかわいい家畜ちゃんだな、いいぜもっと沢山絞ってやるよ」,"「Huh, you're such an honest and sweet little animal.」",「呵呵，這隻乖巧可愛的家畜啊，不錯嘛，我會擠更多的奶出來給你的」,「呵呵，这只乖巧可爱的家畜啊，不错嘛，我会挤更多的奶出来给你的」,「フフッ、素直でかわいい家畜ちゃんだな、いいぜもっと沢山絞ってやるよ」,「呼呼，真是隻聽話又可愛的家畜啊，好，我再給妳多擠一點。」,「呼呼，真是只听话又可爱的家畜啊，好，我再给妳多挤一点。」,"""Heh, what an obedient and cute little animal. Good, I'll milk you even more.""","「후훗, 솔직하고 귀여운 가축쨩이네, 좋아 더 잔뜩 짜주지」"
,,,,,,,,,,
Akiho.Fallen3-17,,そして戦闘員が絞る手に力を加え乳首を揉み上げると、明穂の意思と全く無関係に乳首から母乳が噴射される,"Then, when the combatant squeezes the nipple with her squeezing hand, the mother's milk spurts out from the nipple completely irrespective of Akiho's intention.",隨著戰鬥員加大擠壓的力道並揉捏乳頭，母乳從明穗的乳頭噴射而出，與她的意志完全無關。,随著战斗员加大挤压的力道并揉捏乳头，母乳从明穗的乳头喷射而出，与她的意志完全无关。,そして戦闘員が絞る手に力を加え乳首を揉み上げると、明穂の意思と全く無関係に乳首から母乳が噴射される,當戰鬥員手上施加力量，揉搓乳頭時，母乳便完全無視明穗的個人意願，從乳頭噴射而出。,当战斗员手上施加力量，揉搓乳头时，母乳便完全无视明穗的个人意愿，从乳头喷射而出。,"When the soldier put more force into his milking hands and kneaded her nipples, breast milk spurted from her nipples completely independent of Akiho's will.","그리고 전투원이 짜는 손에 힘을 가해 유두를 주물러 올리자, 아키호의 의사와 전혀 관계없이 유두에서 모유가 분사된다"
,,,,,,,,,,
Akiho.Fallen3-18,,ブシュッ♥♥、ドプッ♥、ブシュウウウウウッ♥♥,"Bushh ♥♥♥, dope ♥♥, bushh ♥♥♥.",噗♥♥、噹♥、噗噗噗噗♥♥,噗♥♥、当♥、噗噗噗噗♥♥,ブシュッ♥♥、ドプッ♥、ブシュウウウウウッ♥♥,噗咻♥♥！咚噗♥！噗啾嗚嗚嗚嗚嗚♥♥！,噗咻♥♥！咚噗♥！噗啾呜呜呜呜呜♥♥！,Gush♥♥ Spurt♥ Gushhhhh♥♥,"부슛♥♥, 돕♥, 부슈우우우우웃♥♥"
,3－3,,,,,,,,,
Akiho.Fallen3-19,明穂,「おひぃぃぃいんっ♥♥、すごいっ♥、おっぱい♥、一滴残らず全部絞り出されちゃうっ♥♥」,"「Ohhiiiiiinnnggg, ohhiiiinnnggg, ohhiiiinnnggg, titties, every last drop is squeezed out of me.」",「喔喲♥♥、太厲害了♥、胸部♥、每一滴都被擠乾淨了♥♥」,「喔哟♥♥、太厉害了♥、胸部♥、每一滴都被挤干净了♥♥」,「おひぃぃぃいんっ♥♥、すごいっ♥、おっぱい♥、一滴残らず全部絞り出されちゃうっ♥♥」,「嗚咿咿咿咿嗯！♥♥，好厲害！♥，奶水！一滴不剩地全被榨出來了！♥♥」,「呜咿咿咿咿嗯！♥♥，好厉害！♥，奶水！一滴不剩地全被榨出来了！♥♥」,"""Ohiiiiinn♥♥ Amazing♥ My breasts♥ Every last drop is being squeezed out♥♥""","「오히이이이인♥♥, 굉장해♥, 가슴♥, 한 방울 남김없이 전부 짜내어져 버렷♥♥」"
,,,,,,,,,,
Akiho.Fallen3-20,戦闘員,「ほら明穂ちゃんがんばれっ！ミルクサーバーなんだからもっと出さないと」,"「You have to work harder, Akiho-chan! You're a milk server, so you have to serve more.」",「明穗，加油啊！作為奶牛，你要擠更多出來才行」,「明穗，加油啊！作为奶牛，你要挤更多出来才行」,「ほら明穂ちゃんがんばれっ！ミルクサーバーなんだからもっと出さないと」,「來，明穗醬加油！妳是奶水供應器，不多擠一點可不行。」,「来，明穗酱加油！妳是奶水供应器，不多挤一点可不行。」,"""Akiho, you can do it! You're our milk server! You have to produce more!""",「자 아키호쨩 힘내! 밀크 서버니까 더 내야지」
,,,,,,,,,,
Akiho.Fallen3-21,明穂,「お゛っ♥♥、お゛っ♥、乳牛おっぱいがんばりますっ♥♥、沢山出して立派なミルクサーバーになりますっ♥♥」,「I'm going to make a lot of milk and I'm going to be a great milk server.」,「喔♥♥、喔♥、奶牛的奶牛加油喔♥♥、要多出來變成優秀的奶牛奶機喔♥♥」,「喔♥♥、喔♥、奶牛的奶牛加油喔♥♥、要多出来变成优秀的奶牛奶机喔♥♥」,「お゛っ♥♥、お゛っ♥、乳牛おっぱいがんばりますっ♥♥、沢山出して立派なミルクサーバーになりますっ♥♥」,「嗚喔♥♥，嗚喔♥，乳牛胸部會努力的！♥♥，會擠出很多奶水，成為稱職的奶水供應器的！♥♥」,「呜喔♥♥，呜喔♥，乳牛胸部会努力的！♥♥，会挤出很多奶水，成为称职的奶水供应器的！♥♥」,"""Ohh♥ Ohhhh♥ I'm a hard-working dairy cow! I'm going to be a really useful milk server!""","「오옷 ♥♥, 오옷 ♥, 젖소 가슴 힘낼게요♥♥, 잔뜩 내서 훌륭한 밀크 서버가 될게요♥♥」"
,,,,,,,,,,
Akiho.Fallen3-22,,戦闘員による明穂への搾乳が10分ほど続いた後,After about 10 minutes of milking of Akiho by the combatants,戰鬥員對明穗進行的擠乳持續了大約10分鐘後。,战斗员对明穗进行的挤乳持续了大约10分钟后。,戦闘員による明穂への搾乳が10分ほど続いた後,戰鬥員對明穗的擠奶持續了約十分鐘。,战斗员对明穗的挤奶持续了约十分钟。,The soldiers milked her for about ten more minutes.,전투원에 의한 아키호 착유가 10분 정도 계속된 후
,3－2,,,,,,,,,
Akiho.Fallen3-23,戦闘員,「ふう、さすがにもう搾っても出ねえか」,"「Well, I guess you can't squeeze any more out of me.」",「呼，果然再擠也擠不出來了嗎」,「呼，果然再挤也挤不出来了吗」,「ふう、さすがにもう搾っても出ねえか」,「呼，看來再怎麼擠也沒了。」,「呼，看来再怎么挤也没了。」,"""I think that's it.""","「후우, 아무래도 이제 짜도 안 나오네」"
,,,,,,,,,,
Akiho.Fallen3-24,,「しかし本当に乳牛みたいな量だな。10リットルは出たんじゃねえか？」,「But you really do look like a dairy cow...you must have had 10 liters of milk.」,「但真的像奶牛一樣的量啊。應該擠出了10公升吧？」,「但真的像奶牛一样的量啊。应该挤出了10公升吧？」,「しかし本当に乳牛みたいな量だな。10リットルは出たんじゃねえか？」,「不過這量真的像乳牛一樣多啊。少說也擠了十公升了吧？」,「不过这量真的像乳牛一样多啊。少说也挤了十公升了吧？」,"""She really is a dairy cow. Isn't this like... ten liters?""",「하지만 정말 젖소 같은 양이네. 10리터는 나왔지 않아?」
,,,,,,,,,,
Akiho.Fallen3-25,明穂,「あひっ♥♥、お゛っ♥、ミルクびゅーびゅー、きもちよかったですうっ♥♥、」,"「Ohhhhhhh, ohhhhhhh, milk beep, milk beep, it felt so good!」",「啊♥♥、喔♥、牛奶噗噗，感覺好舒服呢♥♥」,「啊♥♥、喔♥、牛奶噗噗，感觉好舒服呢♥♥」,「あひっ♥♥、お゛っ♥、ミルクびゅーびゅー、きもちよかったですうっ♥♥、」,「啊噫♥♥，嗚！♥，奶水噴出來，感覺好舒服喔♥♥。」,「啊噫♥♥，呜！♥，奶水喷出来，感觉好舒服喔♥♥。」,"""Ahiii♥ Oohhh♥ The milk came gushing out... That felt so good♥""","「아힛♥♥, 오옷 ♥, 밀크 뷰-뷰-, 기분 좋았어요오♥♥,」"
,,,,,,,,,,
Akiho.Fallen3-26,明穂,「じゃあわたしのミルク全部出ちゃったのでぇ♥♥、皆さんのおちんぽミルクで水分補給させてくださ～い♥♥」,"「I've got all my milk out, so let me rehydrate myself with your cock milk.」",「那麼我的奶全都擠出來了喔♥♥，請用大家的陽具奶來補充水分吧～♥♥」,「那么我的奶全都挤出来了喔♥♥，请用大家的阳具奶来补充水分吧～♥♥」,「じゃあわたしのミルク全部出ちゃったのでぇ♥♥、皆さんのおちんぽミルクで水分補給させてくださ～い♥♥」,「既然我的奶水都擠光了♥♥，請各位用你們的陰莖奶水幫我補充水分吧～♥♥」,「既然我的奶水都挤光了♥♥，请各位用你们的阴茎奶水帮我补充水分吧～♥♥」,"""Now that I've emptied my milk, I'll need milk from your dicks to hydrate myself♥♥""","「그럼 제 밀크 전부 나와버렸으니까아♥♥, 여러분의 자지 밀크로 수분 보충시켜주세요~♥♥」"
,,,,,,,,,,
Akiho.Fallen3-27,戦闘員,「あ～？やれやれ、ったくしょうがねえなあ」,"「Oh? Oh, my God, what a pain in the ass.」",「啊～？唉，真是無奈啊」,「啊～？唉，真是无奈啊」,「あ～？やれやれ、ったくしょうがねえなあ」,「啊～？真是的，拿妳沒辦法啊。」說著，戰鬥員們熟練地從制服裡掏出陰莖。,「啊～？真是的，拿妳没办法啊。」说着，战斗员们熟练地从制服里掏出阴茎。,"""Huh? Oh, you...""","「아~? 이런이런, 정말 어쩔 수 없네」"
,,,,,,,,,,
Akiho.Fallen3-28,,そう言うと戦闘員の男たちは慣れた手つきでスーツからチンポを取り出す,"With that said, the combatant men remove their cocks from their suits with a practiced hand.",這樣說著，戰鬥員們熟練地從西裝中取出陽具。,这样说著，战斗员们熟练地从西装中取出阳具。,そう言うと戦闘員の男たちは慣れた手つきでスーツからチンポを取り出す,說著，戰鬥員們熟練地從制服裡掏出陰莖。,说着，战斗员们熟练地从制服里掏出阴茎。,"With that, the male soldiers skillfully pulled their cocks out from their suits with practiced movements.",그렇게 말하며 전투원 남자들은 익숙한 손놀림으로 슈트에서 자지를 꺼낸다
,,,,,,,,,,
Akiho.Fallen3-29,明穂,「えへっ♥♥、えへっ♥♥、おチンポいっぱいっ♥♥」,"「Heh, heh, heh, heh, heh, heh, heh, heh, heh, heh, heh, heh, heh, heh, heh, heh, heh, heh.」",「嘿嘿♥♥、嘿嘿♥♥、陽具好多♥♥」,「嘿嘿♥♥、嘿嘿♥♥、阳具好多♥♥」,「えへっ♥♥、えへっ♥♥、おチンポいっぱいっ♥♥」,「欸嘿♥，欸嘿♥♥，好多陰莖啊♥♥！」,「欸嘿♥，欸嘿♥♥，好多阴茎啊♥♥！」,"""Ehehe♥♥ Ehehe♥♥ So many cocks♥♥""","「에헷♥♥, 에헷♥♥, 자지 잔뜩♥♥」"
,3－5,,,,,,,,,
Akiho.Fallen3-30,戦闘員,「オラ、とっととしゃぶれっ」,"「Ola, get your ass in gear and suck it.」",「我說，快點舔吧」,「我说，快点舔吧」,「オラ、とっととしゃぶれっ」,「來，給我吸。」,「来，给我吸。」,"""Come on, hurry up and suck!""","「자, 빨리 빨아」"
,,,,,,,,,,
Akiho.Fallen3-31,明穂,「はむっ♥♥、ジュルッ♥♥、ちゅぷっ♥、ちゅぷっ♥、じゅるるっ♥♥♥」,"「Hm ♥♥♥, julp ♥♥, chup, chup, chup, julp ♥♥♥♥♥」",「嘿♥♥、咕嚕♥♥、啾♥、啾♥、咕嚕嚕♥♥♥」,「嘿♥♥、咕噜♥♥、啾♥、啾♥、咕噜噜♥♥♥」,「はむっ♥♥、ジュルッ♥♥、ちゅぷっ♥、ちゅぷっ♥、じゅるるっ♥♥♥」,「哈姆♥♥，啾嚕♥♥，啾噗♥，啾噗♥，啾嚕嚕♥♥♥！」,「哈姆♥♥，啾噜♥♥，啾噗♥，啾噗♥，啾噜噜♥♥♥！」,"""Ham♥♥ Slurp♥♥ Suck♥ Suck♥ Slurrrrp♥♥♥""","「하뭇♥♥, 쥬릇♥♥, 츄풋♥, 츄풋♥, 쥬르르릇♥♥♥」"
,,,,,,,,,,
Akiho.Fallen3-32,,明穂はチューブから食べ物をねだる動物のように戦闘員たちのちんぽをしゃぶる,Akiho sucks the cocks of her combatants like an animal begging for food from a tube.,明穗像一隻乞求食物的動物般，舔著戰鬥員們的陽具。,明穗像一只乞求食物的动物般，舔著战斗员们的阳具。,明穂はチューブから食べ物をねだる動物のように戦闘員たちのちんぽをしゃぶる,明穗像向餵食管討食的動物一樣，吸吮著戰鬥員們的陰莖。,明穗像向喂食管讨食的动物一样，吸吮着战斗员们的阴茎。,Akiho sucked the soldiers' cocks like an animal begging for food from a tube.,아키호는 튜브에서 음식을 조르는 동물처럼 전투원들의 자지를 빤다
,,,,,,,,,,
Akiho.Fallen3-33,戦闘員,「ははっ、毎日のエサやりもだいぶ慣れてきたな」,"「Haha, I'm getting used to feeding them every day.」",「哈哈，每天的餵食也漸漸熟悉了呢」,「哈哈，每天的喂食也渐渐熟悉了呢」,「ははっ、毎日のエサやりもだいぶ慣れてきたな」,「哈哈哈，每天餵食的工作也越來越熟練了呢。」,「哈哈哈，每天喂食的工作也越来越熟练了呢。」,"""Haha, daily feeding time has gotten pretty routine, hasn't it?""","「하하, 매일의 먹이 주기도 꽤 익숙해졌네」"
,,,,,,,,,,
Akiho.Fallen3-34,,「俺達がコイツの乳を搾るのが上手くなったみたいに、コイツもフェラが上達したってわけだな」,"「Just as we've gotten better at milking him, he's gotten better at sucking our cock.」",「我們擅長擠她的乳房，她也似乎在口交上有所進步呢」,「我们擅长挤她的乳房，她也似乎在口交上有所进步呢」,「俺達がコイツの乳を搾るのが上手くなったみたいに、コイツもフェラが上達したってわけだな」,「就像我們擠她的奶越來越熟練一樣，她口交的技術也進步了啊。」,「就像我们挤她的奶越来越熟练一样，她口交的技术也进步了啊。」,"""Just like we got better at milking her tits, she's also gotten better at giving blowjobs.""","「우리가 이 녀석 젖 짜는 데 능숙해진 것처럼, 이 녀석도 펠라가 능숙해졌다는 거지」"
,,,,,,,,,,
Akiho.Fallen3-35,明穂,「じゅぷっ♥、はいっ♥、おチンポミルクおいしすぎてっ！♥、ぐぷっ♥、おちんちんしゃぶるの上手くなっちゃいました♥♥」,「I'm so delicious cock milk! I'm getting so good at sucking cock!」,「啾♥、好了♥、陽具牛奶太好吃了！♥、咕♥、舔陽具的技巧變得更好了♥♥」,「啾♥、好了♥、阳具牛奶太好吃了！♥、咕♥、舔阳具的技巧变得更好了♥♥」,「じゅぷっ♥、はいっ♥、おチンポミルクおいしすぎてっ！♥、ぐぷっ♥、おちんちんしゃぶるの上手くなっちゃいました♥♥」,「啾噗♥，是的！♥，陰莖奶太美味了！♥，咕噗♥，我吸吮陰莖的技術就變好了♥♥！」,「啾噗♥，是的！♥，阴茎奶太美味了！♥，咕噗♥，我吸吮阴茎的技术就变好了♥♥！」,"""Slurp♥ Yes♥ Cock milk is so delicious!♥ Gulp♥ I've gotten so good at sucking dick♥♥""","「쥬풋♥, 네♥, 자지 밀크 너무 맛있어서!♥, 그풋♥, 자지 빠는 거 능숙해져 버렸어요♥♥」"
,,,,,,,,,,
Akiho.Fallen3-36,,「ははっ、ちょっと前までコイツが俺達を散々ボコボコにしやがった聖核戦姫だとはとても思えねえな！」,「I can't believe this is the Holy Core Battlemaiden who beat us to a pulp just a few minutes ago!」,「哈哈，這傢伙不久前還把我們聖核戰姬揍得落花流水，現在想都難以想像！」,「哈哈，这家伙不久前还把我们圣核战姬揍得落花流水，现在想都难以想像！」,「ははっ、ちょっと前までコイツが俺達を散々ボコボコにしやがった聖核戦姫だとはとても思えねえな！」,「哈哈哈，很難相信這傢伙不久前還是把我們揍得遍體鱗傷的聖核戰姬啊！」,「哈哈哈，很难相信这家伙不久前还是把我们揍得遍体鳞伤的圣核战姬啊！」,"""Haha, it's hard to believe this was the Holy Core Battlemaiden who used to beat the crap out of us not too long ago!""","「하하, 조금 전까지 이 녀석이 우리를 실컷 두들겨 팼던 성핵전희라고는 도저히 생각할 수 없네!」"
,,,,,,,,,,
Akiho.Fallen3-37,明穂,「ちゅぷっ♥、れろっ♥、じゅるるっ♥んん～～～っ♥」,「Ssssssssssssssssssssssssssssssssssssssssssssssssssssssssssssssssssssssssssssssssssssssssssssssssssssssssssssssssssssssssssss.」,「啾♥、舔♥、吸啜啜♥嗯～～～♥」,「啾♥、舔♥、吸啜啜♥嗯～～～♥」,「ちゅぷっ♥、れろっ♥、じゅるるっ♥んん～～～っ♥」,「啾噗♥，咧囉♥，啾嚕嚕♥嗯嗯～～～♥！」,「啾噗♥，咧啰♥，啾噜噜♥嗯嗯～～～♥！」,"""Suck♥ Lick♥ Slurrrrp♥ Mmmm♥""","「츄풋♥, 레롯♥, 쥬르르릇♥응응~~~읏♥」"
,,,,,,,,,,
Akiho.Fallen3-38,,「ちゅぱっ♥、はいっ♥、聖核戦姫なんてやってた私がバカでしたぁ♥♥、六花が助けに来てももうどうでもいいっ♥」,"「I was so stupid to be the Holy Core Battlemaiden, I don't care if Rikka comes to save me or not.」",「啾啪♥、好了♥、原來我曾經扮演聖核戰姬真是太蠢了♥♥、就算六花來幫忙也已經無所謂了♥」,「啾啪♥、好了♥、原来我曾经扮演圣核战姬真是太蠢了♥♥、就算六花来帮忙也已经无所谓了♥」,「ちゅぱっ♥、はいっ♥、聖核戦姫なんてやってた私がバカでしたぁ♥♥、六花が助けに来てももうどうでもいいっ♥」,「啾帕♥，是的！♥，做聖核戰姬的我真是個笨蛋♥♥，六花來救我也無所謂了♥。」,「啾帕♥，是的！♥，做圣核战姬的我真是个笨蛋♥♥，六花来救我也无所谓了♥。」,"""Slurp♥ Yes♥ I was so stupid, being a Holy Core Battlemaiden♥♥ I don't care even if Rikka comes to rescue me♥""","「츄팟♥, 네♥, 성핵전희 따위 하던 제가 바보였어요♥♥, 릿카가 구하러 와도 이제 아무래도 좋아♥」"
,,,,,,,,,,
Akiho.Fallen3-39,,「おっぱい搾ってもらえてっ♥♥、じゅぷっ♥、おちんぽしゃぶり放題な今がっ♥、じゅぷっ♥、一番しあわせですっ♥♥」,「I'm getting my tits squeezed and I'm getting all the dick sucking I can do right now.」,「能擠奶給我真是太幸福了♥♥、啾♥、現在可以盡情吸吮陽具♥、啾♥、這是最幸福的時刻了♥♥」,「能挤奶给我真是太幸福了♥♥、啾♥、现在可以尽情吸吮阳具♥、啾♥、这是最幸福的时刻了♥♥」,「おっぱい搾ってもらえてっ♥♥、じゅぷっ♥、おちんぽしゃぶり放題な今がっ♥、じゅぷっ♥、一番しあわせですっ♥♥」,「能夠被擠奶♥♥，啾噗♥，陰莖可以隨便吸的現在♥，啾噗♥，是最幸福的♥♥！」,「能够被挤奶♥♥，啾噗♥，阴茎可以随便吸的现在♥，啾噗♥，是最幸福的♥♥！」,"""Getting my tits milked♥♥ Slurp♥ and being able to suck cock as much as I want♥ Slurp♥ makes me the happiest♥♥""","「가슴 짜이고♥♥, 쥬풋♥, 자지 빨기 무제한인 지금이♥, 쥬풋♥, 가장 행복해요♥♥」"
,,,,,,,,,,
Akiho.Fallen3-40,戦闘員,「ははっ、それは良かったな。バカみたいなフェラ顔して必死にチンポしゃぶってると説得力がちがうぜ！」,"「'Haha, that's good to hear. You're a lot more convincing when you're desperately sucking cock with that stupid blowjob face!」",「哈哈，那真是太好了。傻傻的表情拼命地舔陽具，說服力完全不同啊！」,「哈哈，那真是太好了。傻傻的表情拼命地舔阳具，说服力完全不同啊！」,「ははっ、それは良かったな。バカみたいなフェラ顔して必死にチンポしゃぶってると説得力がちがうぜ！」,「哈哈哈，那就好。妳一臉笨蛋樣拼命吸陰莖時，話語的說服力可不一樣呢！」,「哈哈哈，那就好。妳一脸笨蛋样拼命吸阴茎时，话语的说服力可不一样呢！」,"""Haha, that's great to hear. When you make that stupid blowjob face and desperately suck cock, it's really convincing!""","「하하, 그거 잘됐네. 바보 같은 펠라 얼굴 하고 필사적으로 자지 빠는 걸 보면 설득력이 다르지!」"
,,,,,,,,,,
Akiho.Fallen3-41,明穂,「じゅぷっ♥、えへぇ♥、私の家畜フェラで気持ちよくなってくれてうれしいですっ♥♥」,「I'm so glad that you feel so good with my livestock sucking.」,「啾♥、嘿嘿♥、你能因為我的家畜般的口交感到愉快，我很高興♥♥」,「啾♥、嘿嘿♥、你能因为我的家畜般的口交感到愉快，我很高兴♥♥」,「じゅぷっ♥、えへぇ♥、私の家畜フェラで気持ちよくなってくれてうれしいですっ♥♥」,「啾噗♥，欸嘿♥，看到我的家畜口交能讓你們感到舒服，我很高興♥♥！」,「啾噗♥，欸嘿♥，看到我的家畜口交能让你们感到舒服，我很高兴♥♥！」,"""Slurp♥ Ehehe♥ I'm so happy my animal-style blowjobs make you feel good♥♥""","「쥬풋♥, 에헤♥, 제 가축 펠라로 기분 좋아해 주셔서 기뻐요♥♥」"
,,,,,,,,,,
Akiho.Fallen3-42,戦闘員,「おらっ、そろそろ出してやるからもっと激しくしゃぶれっ！」,"「'Ora, I'm about to let you out, so suck me harder!」",「喂，我快要讓你射出來了，再用力地吸吧！」,「喂，我快要让你射出来了，再用力地吸吧！」,「おらっ、そろそろ出してやるからもっと激しくしゃぶれっ！」,「來！差不多要射了，吸得再猛烈一點！」,「来！差不多要射了，吸得再猛烈一点！」,"""Come on! I'm about to cum, so suck harder!""","「자!, 슬슬 싸줄 테니 더 격렬하게 빨아!」"
,,,,,,,,,,
Akiho.Fallen3-43,,そう言われると明穂はさらに激しく舌を動かしながら戦闘員たちのちんぽに激しく奉仕する,"When she is told this, Akiho serves the combatants' cocks hard, moving her tongue even harder.",被這麼說，明穗更加努力地舔動舌頭，為戰鬥員們的陽具奉獻奉仕。,被这么说，明穗更加努力地舔动舌头，为战斗员们的阳具奉献奉仕。,そう言われると明穂はさらに激しく舌を動かしながら戦闘員たちのちんぽに激しく奉仕する,一聽這話，明穗舌頭動得更厲害，更加熱切地侍奉著戰鬥員們的陰莖。,一听这话，明穗舌头动得更厉害，更加热切地侍奉着战斗员们的阴茎。,"As soon as the soldier said that, Akiho moved her tongue even more intensely while servicing the soldiers' cocks with fierce devotion.",그렇게 말하자 아키호는 더욱 격렬하게 혀를 움직이며 전투원들의 자지에 격렬하게 봉사한다
,,,,,,,,,,
Akiho.Fallen3-44,明穂,「じゅぷっ♥、じゅぷっ♥じゅぷっ♥、じゅるるっ♥、ずぞぞっ♥」,"「Juppu♥, juppu♥, juppu♥, juppu♥, juppu♥, zuzu♥.」",「啾♥、啾♥啾♥、啾啾啾♥、啾啾啾♥」,「啾♥、啾♥啾♥、啾啾啾♥、啾啾啾♥」,「じゅぷっ♥、じゅぷっ♥じゅぷっ♥、じゅるるっ♥、ずぞぞっ♥」,「啾噗♥，啾噗♥，啾噗♥，啾嚕嚕♥，滋唆唆♥！」,「啾噗♥，啾噗♥，啾噗♥，啾噜噜♥，滋唆唆♥！」,"""Slurp♥ Slurp♥ Slurp♥ Slurrr♥ Slurrrp♥""","「쥬풋♥, 쥬풋♥쥬풋♥, 쥬르르릇♥, 즈조좃♥」"
,,,,,,,,,,
Akiho.Fallen3-45,,「じゅっぷっ♥、じゅっぷっ♥、じゅるるるるっるるるっ♥、じゅるるっ♥、じゅぞぞぞっ♥」,「」,「啾啾♥、啾啾♥、啾啾啾啾啾啾啾啾♥、啾啾啾♥、啾啾啾啾♥」,「啾啾♥、啾啾♥、啾啾啾啾啾啾啾啾♥、啾啾啾♥、啾啾啾啾♥」,「じゅっぷっ♥、じゅっぷっ♥、じゅるるるるっるるるっ♥、じゅるるっ♥、じゅぞぞぞっ♥」,「啾噗噗♥，啾噗噗♥，啾嚕嚕嚕嚕嚕♥，啾嚕嚕♥，滋唆唆唆♥！」,「啾噗噗♥，啾噗噗♥，啾噜噜噜噜噜♥，啾噜噜♥，滋唆唆唆♥！」,"""Slurrp♥ Slurrp♥ Slurrrrrr♥ Slurrrp♥ Slurrrp♥""","「쥬풋♥, 쥬풋♥, 쥬르르르릇르르르릇♥, 쥬르르릇♥, 쥬조조좃♥」"
,,,,,,,,,,
Akiho.Fallen3-46,戦闘員,「おっ、お、出すぞっ、明穂ちゃん全部飲めっ！」,"「Oh, oh, I'm going to let it out, Akiho-chan, drink it all!」",「喔，喔，要射了，明穗全都喝下去！」,「喔，喔，要射了，明穗全都喝下去！」,「おっ、お、出すぞっ、明穂ちゃん全部飲めっ！」,「喔、喔，我要射了！明穗醬給我全部喝下去！」,「喔、喔，我要射了！明穗酱给我全部喝下去！」,"""Oh, oohhhh, I'm coming! Akiho, drink it all!""","「오옷, 오, 싼다!, 아키호쨩 전부 마셔!」"
,,,,,,,,,,
Akiho.Fallen3-47,戦闘員,「ちっ、じゃあ俺は顔にかけてやる！」,"「'Tsk, then I'll just splash it in your face!」",「呸，那我就射在你臉上！」,「呸，那我就射在你脸上！」,「ちっ、じゃあ俺は顔にかけてやる！」,「嘖，那我射在臉上好了！」,「啧，那我射在脸上好了！」,"""Tch, then I'll spray it on her face!""","「칫, 그럼 난 얼굴에 뿌려주마!」"
,,,,,,,,,,
Akiho.Fallen3-48,明穂,「じゅるるっ♥、はへてっ♥、顔でも胸でも全部っ♥、皆さんのおチンポミルク私にくらさいっ♥♥」,"「I want your cock milk, please!」",「啾啾啾♥、哈耶♥、不管是臉還是胸部都給我滿滿的♥、大家的陽具牛奶都交給我吧♥♥」,「啾啾啾♥、哈耶♥、不管是脸还是胸部都给我满满的♥、大家的阳具牛奶都交给我吧♥♥」,「じゅるるっ♥、はへてっ♥、顔でも胸でも全部っ♥、皆さんのおチンポミルク私にくらさいっ♥♥」,「啾嚕嚕♥，好興奮♥，不管是臉上還是胸部上，把你們所有的陰莖奶都給我吧♥♥！」,「啾噜噜♥，好兴奋♥，不管是脸上还是胸部上，把你们所有的阴茎奶都给我吧♥♥！」,"""Slurrr♥ Yesh♥ On my face, my chest, everywhere♥ Please give me all of everyone's cock milk♥♥""","「쥬르르릇♥, 하헤텟♥, 얼굴이든 가슴이든 전부♥, 여러분의 자지 밀크 저에게 주세요♥♥」"
,,,,,,,,,,
Akiho.Fallen3-49,3－6,どぶっ、どびゅるるるるうっっ！,"Dobut, doobut, doobut, doobut, doobut, doobut!",「咚咚、咻咻咻咻咻！」,「咚咚、咻咻咻咻咻！」,どぶっ、どびゅるるるるうっっ！,咚噗！多嗶嚕嚕嚕嚕嗚！,咚噗！多哔噜噜噜噜呜！,Splurt! Spluuuuurt!!,"돕, 도뷰르르르르웃!"
,,,,,,,,,,
Akiho.Fallen3-50,,何人もの戦闘員たちから同時に明穂は全身に大量の白濁液を掛けられると同時に明穂も乳首から母乳を噴き出した,"At the same time, Akiho's mother's milk spurted out from her nipples.",眾多戰鬥員同時將大量白濁液潑灑在明穗全身，同時，明穗的乳頭也噴出母乳。,众多战斗员同时将大量白浊液泼洒在明穗全身，同时，明穗的乳头也喷出母乳。,何人もの戦闘員たちから同時に明穂は全身に大量の白濁液を掛けられると同時に明穂も乳首から母乳を噴き出した,明穗被好幾名戰鬥員同時射出的大量白濁液噴滿全身，同時她的乳頭也噴出了母乳。,明穗被好几名战斗员同时射出的大量白浊液喷满全身，同时她的乳头也喷出了母乳。,Multiple soldiers covered Akiho's entire body with massive amounts of white fluid in unison while she squirted breast milk from her nipples.,여러 명의 전투원들로부터 동시에 아키호는 온몸에 대량의 백탁액을 뒤집어쓰는 동시에 아키호도 유두에서 모유를 뿜어냈다
,,,,,,,,,,
Akiho.Fallen3-51,明穂,「ごぶぶっ♥、ひぁっ♥♥、ちゅぶううううっ♥♥、ん゛んっ♥、ずるるッ♥♥、じゅるっ♥♥♥」,「」,「咚咚♥、啊♥♥、啾啾啾啾♥♥、嗯♥、滑滑♥♥、啾啾♥♥♥」,「咚咚♥、啊♥♥、啾啾啾啾♥♥、嗯♥、滑滑♥♥、啾啾♥♥♥」,「ごぶぶっ♥、ひぁっ♥♥、ちゅぶううううっ♥♥、ん゛んっ♥、ずるるッ♥♥、じゅるっ♥♥♥」,「咕噗噗♥，哈呀♥♥，啾噗嗚嗚嗚嗚♥♥，嗯嗯！♥，滋嚕嚕♥，啾嚕♥♥♥！」,「咕噗噗♥，哈呀♥♥，啾噗呜呜呜呜♥♥，嗯嗯！♥，滋噜噜♥，啾噜♥♥♥！」,"""Gubbb♥ Hyaa♥♥ Glubbbbb♥♥ Ngh♥ Slurrr♥♥ Slurp♥♥♥""","「곱붑♥, 히얏♥♥, 츄부우우우웃♥♥, 으음옷 ♥, 즈르릇♥♥, 쥬릇♥♥♥」"
,,,,,,,,,,
Akiho.Fallen3-52,戦闘員,「ははっ、なんだよまだミルク出るじゃねえか」,"「Haha, what the hell, I'm still getting milk!」",「哈哈，怎麼了，還在流奶呢。」,「哈哈，怎么了，还在流奶呢。」,「ははっ、なんだよまだミルク出るじゃねえか」,「哈哈哈，怎麼了，不是還有奶水嗎？」,「哈哈哈，怎么了，不是还有奶水吗？」,"""What do you know? She's still producing milk!""","「하하, 뭐야 아직 밀크 나오잖아」"
,,,,,,,,,,
Akiho.Fallen3-53,,「ごきゅっ♥、ごきゅっっ♥、ごきゅっ♥♥……ぷはぁっ♥♥ごめんなさいっ、射精に釣られてでちゃいましたっ♥」,"「I'm sorry, I was caught in the ejaculation.」",「咕咕♥、咕咕咕♥、咕咕♥♥……噗哈啊♥♥對不起，被射精誘惑弄壞了♥」,「咕咕♥、咕咕咕♥、咕咕♥♥……噗哈啊♥♥对不起，被射精诱惑弄坏了♥」,「ごきゅっ♥、ごきゅっっ♥、ごきゅっ♥♥……ぷはぁっ♥♥ごめんなさいっ、射精に釣られてでちゃいましたっ♥」,「咕嚕♥，咕嚕♥，咕嚕♥♥...噗哈♥♥！對不起！被射精引誘出來了！♥」,「咕噜♥，咕噜♥，咕噜♥♥...噗哈♥♥！对不起！被射精引诱出来了！♥」,"""Gulp♥ Gulp♥ Gulp♥♥...Puhaaa♥♥ Sorry! Your ejaculation made me squirt out milk too♥""","「고큣♥, 고큣♥♥, 고큣♥♥……푸핫♥♥ 미안해요, 사정에 낚여서 나와버렸어요♥」"
,,,,,,,,,,
Akiho.Fallen3-54,戦闘員,「ふう～出た出た。明穂ちゃんいい飲みっぷりだったな！」,"「I'm so glad I did it. Akio, you drank a lot!」",「呼～出來了出來了。明穗，你喝得真不錯啊！」,「呼～出来了出来了。明穗，你喝得真不错啊！」,「ふう～出た出た。明穂ちゃんいい飲みっぷりだったな！」,「呼～射出來了射出來了。明穗醬喝得真好！」,「呼～射出来了射出来了。明穗酱喝得真好！」,"""Phew... That was quite a load. Akiho really drank it all up nicely!""",「후우~ 쌌다 쌌어. 아키호쨩 좋은 마시기 실력이었어!」
,3－7,,,,,,,,,
Akiho.Fallen3-55,明穂,「けぷっ♥♥、戦闘員の皆さんの大量ザーメンごちそうさまでしたぁ♥♥」,"「Kepu ♥♥♥, thank you for the large amount of cum you combatants have served us!」",「咯噗♥♥、戰鬥員的各位，大量精液真是美味呢♥♥」,「咯噗♥♥、战斗员的各位，大量精液真是美味呢♥♥」,「けぷっ♥♥、戦闘員の皆さんの大量ザーメンごちそうさまでしたぁ♥♥」,「嗝♥♥，感謝各位戰鬥員大量的精液大餐♥♥！」,「嗝♥♥，感谢各位战斗员大量的精液大餐♥♥！」,"""Burp♥♥ Thank you for the plentiful jizz feast♥♥""","「케풋♥♥, 전투원 여러분의 대량 정액 잘 먹었습니다아♥♥」"
,,,,,,,,,,
Akiho.Fallen3-56,戦闘員,「ふう。まったくザーメンやれば勝手にミルクに変換してくれるんだから、まったく便利な生体ミルクサーバーだな」,「I'm a very convenient bio―milk server. It's a very convenient bio―milk server because it converts milk into bio―milk on its own if you cum.」,「呼。完全是方便的生物奶機，只要射精就會自動轉換成奶，真是太方便了」,「呼。完全是方便的生物奶机，只要射精就会自动转换成奶，真是太方便了」,「ふう。まったくザーメンやれば勝手にミルクに変換してくれるんだから、まったく便利な生体ミルクサーバーだな」,「呼。真是的，只要給她精液，她就能自動轉換成奶水，真是個方便的活體奶水供應器啊。」,「呼。真是的，只要给她精液，她就能自动转换成奶水，真是个方便的活体奶水供应器啊。」,"""Wow. She automatically converts our semen into milk, what a convenient biological milk server.""","「후우. 정말 정액 주면 멋대로 밀크로 변환해주니, 정말 편리한 생체 밀크 서버네」"
,,,,,,,,,,
Akiho.Fallen3-57,明穂,「……ふうっ♥、……皆さんのザーメン飲んだらまたおっぱい溜まってきちゃいましたぁ♥♥」,"「......Fuuu♥, ......I drank everyone's cum and my tits are piling up again ♥♥♥.」",「……呼♥、……喝了大家的精液，胸部又開始積滿了♥♥」,「……呼♥、……喝了大家的精液，胸部又开始积满了♥♥」,「……ふうっ♥、……皆さんのザーメン飲んだらまたおっぱい溜まってきちゃいましたぁ♥♥」,「……呼♥，……喝了你們的精液，胸部又開始脹奶了♥♥！」,「……呼♥，……喝了你们的精液，胸部又开始胀奶了♥♥！」,"""Phew...♥ My body is producing milk again after I drank your jizz♥""","「……후웃♥, ……여러분의 정액 마셨더니 또 가슴이 차올랐어요♥♥」"
,,,,,,,,,,
Akiho.Fallen3-58,明穂,「飼育員の皆さんっ♥、もう一回だけっ♥♥、明穂の乳首一回絞ってくださいっ♥」,"「Please, keepers, squeeze Akiho's nipples just one more time!」",「飼育員的各位♥，再來一次♥♥，請再擠一次明穗的乳頭♥」,「饲育员的各位♥，再来一次♥♥，请再挤一次明穗的乳头♥」,「飼育員の皆さんっ♥、もう一回だけっ♥♥、明穂の乳首一回絞ってくださいっ♥」,「飼養員們♥，再幫我擠一次吧♥♥！再擠一次明穗的乳頭吧♥！」,「饲养员们♥，再帮我挤一次吧♥♥！再挤一次明穗的乳头吧♥！」,"""Keeprs...♥ Just one more time, please. Just milk my nipples one more time♥""","「사육원 여러분♥, 한 번만 더♥♥, 아키호의 유두 한 번 짜주세요♥」"
,,,,,,,,,,
Akiho.Fallen3-59,戦闘員,「……まったく、しょうがねえなぁ。設備の手入れするのも俺達の仕事だからな、今度は全部出し切ってやるよ」,"「I'm going to go to ...... and take care of the equipment. It's our job to take care of the equipment, and this time we're going to get it all out.」",「……真是的，沒辦法呢。設備的維護也是我們的工作，這次我們會全部搞定的」,「……真是的，没办法呢。设备的维护也是我们的工作，这次我们会全部搞定的」,「……まったく、しょうがねえなぁ。設備の手入れするのも俺達の仕事だからな、今度は全部出し切ってやるよ」,「……真是的，拿妳沒辦法啊。維護設備也是我們的工作，這次就給妳全部擠光吧。」,「……真是的，拿妳没办法啊。维护设备也是我们的工作，这次就给妳全部挤光吧。」,"""...Ah, I guess it can't be helped! I mean, we do have to take care of our equipment, right? I'm not leaving a single drop behind this time!""","「……정말, 어쩔 수 없네. 설비 손질하는 것도 우리 일이니까, 이번엔 전부 짜내주지」"
,,,,,,,,,,
Akiho.Fallen3-60,明穂,「やったっ♥♥、ありがとうございますっ♥♥、ミルクサーバーとして沢山ミルク出しますっ♥！」,「I'll be your milk server and serve you lots of milk!」,「太好了♥♥，非常感謝♥♥，身為奶機，會盡情提供大量奶液♥！」,「太好了♥♥，非常感谢♥♥，身为奶机，会尽情提供大量奶液♥！」,「やったっ♥♥、ありがとうございますっ♥♥、ミルクサーバーとして沢山ミルク出しますっ♥！」,「太棒了♥♥，謝謝你們♥♥，作為奶水供應器，我會擠出更多奶水的！♥」,「太棒了♥♥，谢谢你们♥♥，作为奶水供应器，我会挤出更多奶水的！♥」,"""Woohoo!♥ Thank you♥♥ I'm a really useful milk server♥""","「해냈다♥♥, 감사합니다♥♥, 밀크 서버로서 잔뜩 밀크 낼게요♥!」"
,,,,,,,,,,
Akiho.Fallen3-61,,―――その日明穂はその後何回も戦闘員たちに乳首を絞られ、財団の生体ミルクサーバーとして数十リットルもの母乳を出すのであった,―――Akiho was nippled by the combatants many times after that day and produced dozens of liters of breast milk as a biological milk server for the foundation!,那一天，明穗被戰鬥員們擠了很多次乳頭，作為財團的生物奶機，她產出了數十公升的母乳。,那一天，明穗被战斗员们挤了很多次乳头，作为财团的生物奶机，她产出了数十公升的母乳。,―――その日明穂はその後何回も戦闘員たちに乳首を絞られ、財団の生体ミルクサーバーとして数十リットルもの母乳を出すのであった,——那一天，明穗之後又被戰鬥員們擠了好幾次乳頭，作為財團的活體奶水供應器，產出了數十公升的母乳。,——那一天，明穗之后又被战斗员们挤了好几次乳头，作为财团的活体奶水供应器，产出了数十公升的母乳。,"On that day, the soldiers milked Akiho several times more, and she produced several dozen liters of milk as the Foundation's biological milk server.","―――그날 아키호는 그 후 몇 번이나 전투원들에게 유두를 짜이며, 재단의 생체 밀크 서버로서 수십 리터의 모유를 냈다"
,,,,,,,,,,
,,,,,,,,,,
,,,,,,,,,,
,,,,,,,,,,
,,,,,,,,,,
,,,,,,,,,,
,,,,,,,,,,
,,,,,,,,,,
Akiho Debauchery Scene1,注釈,淫乱化シーン,淫乱化シーン,淫乱化シーン,淫乱化シーン,淫乱化シーン,淫乱化シーン,淫乱化シーン,,음란화 이벤트
,,,,,,,,,,
Akiho.Debauchery1-1,高層ビル(夜),明穂が敗北してからしばらくした夜、明穂はとあるビルに連れ出されていた,"A night some time after Akiho's defeat, she was taken out to a building",明穗敗北後的某個晚上，被帶到某棟大樓。,明穗败北后的某个晚上，被带到某栋大楼。,明穂が敗北してからしばらくした夜、明穂はとあるビルに連れ出されていた,明穗戰敗後過了不久的一個夜晚，她被帶到了一棟大樓裡。,明穗战败后过了不久的一个夜晚，她被带到了一栋大楼里。,"Long after Akiho was defeated, she was taken to a building one night.","아키호가 패배한 후 얼마 지나지 않은 밤, 아키호는 어느 빌딩으로 끌려가 있었다"
,,,,,,,,,,
Akiho.Debauchery1-2,明穂,「きゃっ、なっ、なにっ！？やめて！」,「What? Stop it!」,「呀，什麼！？停下！」,「呀，什么！？停下！」,「きゃっ、なっ、なにっ！？やめて！」,「呀！那、那是什麼！？住手！」,「呀！那、那是什么！？住手！」,"""Huh? What is it? Stop it!""","「꺄악, 뭣, 뭐야!? 그만해!」"
,,,,,,,,,,
Akiho.Debauchery1-3,戦闘員,「おら、しっかり歩け。取引先が待ってんだよ」,"「Come on, walk steady. Your clients are waiting for you.」",「喂，走路穩一點。交易對象在等著呢。」,「喂，走路稳一点。交易对象在等著呢。」,「おら、しっかり歩け。取引先が待ってんだよ」,「喂，給我好好走路。客戶在等著呢。」,「喂，给我好好走路。客户在等着呢。」,"""Keep walking. Someone is here to take you.""","「자, 똑바로 걸어. 거래처가 기다리고 있잖아」"
,,,,,,,,#VALUE!,,
Akiho.Debauchery1-4,明穂,「と、取引先？、一体何するの？！」,「And your business partners? What the hell are you doing?」,「交易對象？究竟要做什麼！？」,「交易对象？究竟要做什么！？」,「と、取引先？、一体何するの？！」,「客、客戶？到底要做什麼？」,,"""What do you mean, someone? What is this?""","「거, 거래처?, 대체 뭘 하는 거야?!」"
,,,,,,,,,,
Akiho.Debauchery1-5,戦闘員,「あー、まあ失礼が無いように教えてやるか」,"「'Ah, well, let me tell you something so you won't be rude.」",「啊，好吧，我來教你，免得失禮。」,「啊，好吧，我来教你，免得失礼。」,「あー、まあ失礼が無いように教えてやるか」,「啊，好吧，為了避免失禮，我就告訴妳吧。」,「啊，好吧，为了避免失礼，我就告诉妳吧。」,"""I guess I'll tell you so you don't make a fool of yourself.""","「아-, 뭐 실례가 되지 않도록 알려주지」"
,,,,,,,,,,
Akiho.Debauchery1-6,戦闘員,「これからスポンサーのお偉いさんと会食するんだが…そいつの息子がとんでもない奴でな」,「I'm about to have dinner with a bigwig from one of our sponsors who has a son who's a hell of a guy.」,「接下來要和贊助商的大人物共進晚餐…那傢伙的兒子可是個不得了的傢伙呢」,「接下来要和赞助商的大人物共进晚餐…那家伙的儿子可是个不得了的家伙呢」,「これからスポンサーのお偉いさんと会食するんだが…そいつの息子がとんでもない奴でな」,「我們接下來要跟贊助商的大人物吃飯，但他的兒子是個難纏的傢伙。」,「我们接下来要跟赞助商的大人物吃饭，但他的儿子是个难缠的家伙。」,"""You'll be having a meal with a big sponsor of ours... His son is really something.""",「이제부터 스폰서인 높으신 분과 식사를 할 건데… 그놈 아들이 엄청난 놈이라서 말이야」
,,,,,,,,,,
Akiho.Debauchery1-7,戦闘員,「余りにも性欲が強くて夜の街で遊び歩くもんだから困ってるそうだ」,「He's in trouble because he's got a very strong libido and goes out at night.」,「因為性慾過於強烈，在夜晚的街頭遊蕩，似乎讓她困擾不已。」,「因为性欲过于强烈，在夜晚的街头游荡，似乎让她困扰不已。」,「余りにも性欲が強くて夜の街で遊び歩くもんだから困ってるそうだ」,「聽說他性慾太強，到處在夜店鬼混，讓人很頭疼。」,「听说他性欲太强，到处在夜店鬼混，让人很头疼。」,"""He's so horny that even the nightlife can't satisfy him.""",「너무 성욕이 강해서 밤거리를 쏘다니는 바람에 곤란하다고 하더군」
,,,,,,,,,,
Akiho.Debauchery1-8,戦闘員,「それでいくらか体の丈夫な聖核戦姫のお前をプレゼントしてやるという話になった」,"「So I'm giving you, the somewhat more robust Princess of the Seikaku, as a gift.」",「所以，就決定送給身體強壯的聖核戰姬你作為禮物了。」,「所以，就决定送给身体强壮的圣核战姬你作为礼物了。」,「それでいくらか体の丈夫な聖核戦姫のお前をプレゼントしてやるという話になった」,「所以才有了把身體結實的身爲聖核戰姬的妳作為禮物送給他的提議。」,「所以才有了把身体结实的身为圣核战姬的妳作为礼物送给他的提议。」,"""Since you're a Holy Core Battlemaiden and you can take a beating, we told them that they can have you.""",「그래서 어느 정도 몸이 튼튼한 성핵전희인 너를 선물해주기로 이야기가 됐어」
,,,,,,,,,,
Akiho.Debauchery1-9,戦闘員,「…まあ、要はお前がバカ息子の相手をしてやれってことだ」,"「...well, the point is, you're the one who has to deal with my stupid son.」",「…嘛，總之就是讓你去當那個笨蛋兒子的伴侶啦。」,「…嘛，总之就是让你去当那个笨蛋儿子的伴侣啦。」,「…まあ、要はお前がバカ息子の相手をしてやれってことだ」,「……簡單來說，就是讓妳去應付那個笨蛋兒子。」,「……简单来说，就是让妳去应付那个笨蛋儿子。」,"""Basically, you'll let his fool of a son fuck you.""","「…뭐, 요컨대 네가 바보 아들 상대해주라는 거지」"
,,,,,,,,,,
Akiho.Debauchery1-10,暗転,話をしているうちにホテルの最上階の一室に辿り着くと、筋骨隆々とした金髪の男が近寄ってくる,"As we talk, we reach a room on the top floor of the hotel, and a muscular blond man approaches us",在交談中，他們來到飯店頂層的一間房間，一位筋骨隆隆、金髮的男子走了過來。,在交谈中，他们来到饭店顶层的一间房间，一位筋骨隆隆、金发的男子走了过来。,話をしているうちにホテルの最上階の一室に辿り着くと、筋骨隆々とした金髪の男が近寄ってくる,說話間，他們來到了一間飯店頂樓的套房，一個肌肉結實的金髮男人走了過來。,说话间，他们来到了一间饭店顶楼的套房，一个肌肉结实的金发男人走了过来。,"They arrived at a room on the top floor of the hotel while talking, and a muscular blond man approached them.","이야기를 하는 동안 호텔 최상층의 한 방에 도착하자, 근골륭륭한 금발 남자가 다가온다"
,,,,,,,,,,
Akiho.Debauchery1-11,男(立ち絵はいらない),「あ～？君が明穂ちゃん？」,「Oh? Are you Akiho-chan?」,「啊～？你就是明穗嗎？」,「啊～？你就是明穗吗？」,「あ～？君が明穂ちゃん？」,「啊～？妳就是明穗醬？」,「啊～？妳就是明穗酱？」,"""Ah, you must be Akiho.""",「아~? 네가 아키호쨩?」
,,,,,,,,,,
Akiho.Debauchery1-12,明穂,「なっ、なんですか？、なれなれしく触らないでください！」,「What? Don't touch me so nicely!」,「什、什麼事？請不要太過親昵地碰我！」,「什、什么事？请不要太过亲昵地碰我！」,「なっ、なんですか？、なれなれしく触らないでください！」,「什、什麼事？請不要隨便碰我！」,「什、什么事？请不要随便碰我！」,"""What is it? Please don't touch me like we're best friends!""","「뭣, 뭡니까?, 스스럼없이 만지지 마세요!」"
,,,,,,,,,,
Akiho.Debauchery1-13,戦闘員,「あー、まあいい、後は適当に頑張ってくれ」,"「'Ah, well, good luck with the rest as you see fit.」",「啊～，嘛算了，其他就隨便努力一下吧。」,「啊～，嘛算了，其他就随便努力一下吧。」,「あー、まあいい、後は適当に頑張ってくれ」,「啊，算了，接下來妳自己看著辦吧。」,「啊，算了，接下来妳自己看着办吧。」,"""Ah well, just do what you came for, okay?""","「아-, 뭐 됐어, 나머지는 적당히 힘내줘」"
,,,,,,,,,,
Akiho.Debauchery1-14,男,「へ～、結構可愛い顔してんじゃん、じゃあ服ぬごっか」,"「Heh~, you look pretty cute, let's get you dressed.」",「哦～，臉蛋挺可愛的嘛，那就換衣服吧。」,「哦～，脸蛋挺可爱的嘛，那就换衣服吧。」,「へ～、結構可愛い顔してんじゃん、じゃあ服ぬごっか」,「嘿～長得還挺可愛的嘛，脫吧。」,「嘿～长得还挺可爱的嘛，脱吧。」,"""You have a pretty cute face. Why don't you take off your clothes now?""","「헤~, 꽤 귀여운 얼굴이네, 그럼 옷 벗을까」"
,暗転,,,,,,,,,
Akiho.Debauchery1-15,Akiho debauchery1-1,明穂は服を脱がされ、無理やりベッドに放り出される,Akiho is undressed and forcibly thrown on the bed.,明穗被脫去衣服，強行丟到床上。,明穗被脱去衣服，强行丢到床上。,明穂は服を脱がされ、無理やりベッドに放り出される,明穗的衣服被脫光，然後被粗暴地扔到床上。,明穗的衣服被脱光，然后被粗暴地扔到床上。,Akiho was stripped and tossed onto the bed.,"아키호는 옷을 벗겨지고, 억지로 침대에 던져진다"
,,,,,,,,,,
Akiho.Debauchery1-16,明穂,「ひゃぅ！？、や、やめてくださいっ！」,"「Hyah! Oh, no, please don't!」",「咿呀！？請、請停下！」,「咿呀！？请、请停下！」,「ひゃぅ！？、や、やめてくださいっ！」,「呀嗚！？不、請住手！」,「呀呜！？不、请住手！」,"""Huh? Please stop!""","「히야웃!?, 여, 그만두세요!」"
,,,,,,,,,,
Akiho.Debauchery1-17,,聖核戦姫に変身する力を封じられている明穂は、今や普通の少女で、目の前の巨漢に抵抗する力は無かった,"Akiho, whose power to transform into the Holy Core Battlemaiden was blocked, was now an ordinary girl, and had no power to resist the giant man in front of her.",被封印無法變身為聖核戰姬的明穗，如今只是個普通少女，面對眼前的巨漢毫無抵抗之力。,被封印无法变身为圣核战姬的明穗，如今只是个普通少女，面对眼前的巨汉毫无抵抗之力。,聖核戦姫に変身する力を封じられている明穂は、今や普通の少女で、目の前の巨漢に抵抗する力は無かった,明穗變身聖核戰姬的力量被封印，現在只是一個普通少女，沒有力量抵抗眼前的壯漢。,明穗变身圣核战姬的力量被封印，现在只是一个普通少女，没有力量抵抗眼前的壮汉。,"With her power to transform into a Holy Core Battlemaiden no longer available, she was just an ordinary girl that couldn't refuse the big man in front of her.","성핵전희로 변신하는 힘을 봉인당한 아키호는, 이제 평범한 소녀로, 눈앞의 거한에게 저항할 힘은 없었다"
,,,,,,,,,,
Akiho.Debauchery1-18,男,「え？明穂ちゃん俺とハメるために来たんでしょ？何嫌がってんの？」,"「What? You came here to fuck me, didn't you, Akiho-chan? What's wrong with you?」",「嗯？明穗小姐是來跟我上床的吧？為什麼那麼抗拒？」,「嗯？明穗小姐是来跟我上床的吧？为什么那么抗拒？」,「え？明穂ちゃん俺とハメるために来たんでしょ？何嫌がってんの？」,「咦？明穗醬妳是來跟我上床的吧？在抗拒什麼？」,「咦？明穗酱妳是来跟我上床的吧？在抗拒什么？」,"""You're here to have sex with me, right? Why do you look so disgusted?""",「에? 아키호쨩 나랑 하려고 온 거 아니었어? 왜 싫어하는 거야?」
,,,,,,,,,,
Akiho.Debauchery1-19,明穂,「え？、な、そんなつもりじゃっ！」,「What? I didn't mean it!」,「嗯？不、我沒有那個打算！」,「嗯？不、我没有那个打算！」,「え？、な、そんなつもりじゃっ！」,「咦？不、我不是這個意思！」,「咦？不、我不是这个意思！」,"""That's not...""","「에?, 나, 그런 생각으로 온 거 아니야!」"
,Akiho debauchery1-2,,,,,,,,,
Akiho.Debauchery1-20,男,「あー、そういうの良いから、とりあえずぶち込むから準備しろ」,"「Oh, that's okay, I'll just put it in.」",「啊，這種話就算了，總之我會猛力攻擊，做好準備吧」,「啊，这种话就算了，总之我会猛力攻击，做好准备吧」,「あー、そういうの良いから、とりあえずぶち込むから準備しろ」,「啊～那種話不用說了，總之我要塞進去了，妳準備好。」,「啊～那种话不用说了，总之我要塞进去了，妳准备好。」,"""Whatever, I'm just going to put it in, so get ready.""","「아-, 그런 거 됐으니까, 일단 박을 테니 준비해」"
,,,,,,,,,,
Akiho.Debauchery1-21,,そして男は明穂の前に屹立したペニスを差し出す,The man then presents his towering penis in front of Akiho,然後男人將陽具豎立在明穗面前。,然后男人将阳具竖立在明穗面前。,そして男は明穂の前に屹立したペニスを差し出す,接著，男人將他高高勃起的陰莖展示在明穗面前。,接着，男人将他高高勃起的阴茎展示在明穗面前。,The man stood in front of Akiho and pulled out his penis.,그리고 남자는 아키호 앞에 발기한 페니스를 내민다
,,,,,,,,,,
Akiho.Debauchery1-22,明穂,「ひっ！？、な、なにっ！？」,「What? What?」,「咿！？這、這是什麼！？」,「咿！？这、这是什么！？」,「ひっ！？、な、なにっ！？」,「嘶！這、這是！？」,「嘶！这、这是！？」,"""Huh? What...""","「히익!?, 뭐, 뭐야!?」"
,,,,,,,,,,
Akiho.Debauchery1-23,男,「すげーでしょ俺のチンポ、女はこれブチ込むとヒーヒー言うんだよね」,"「Isn't it amazing, my dick, how the women hee―hee―hee when I put it in?」",「厲害吧，我的雞巴，女人被這個插進去時都會嗚嗚叫的」,「厉害吧，我的鸡巴，女人被这个插进去时都会呜呜叫的」,「すげーでしょ俺のチンポ、女はこれブチ込むとヒーヒー言うんだよね」,「很厲害吧，我的陰莖，女人被這個塞進去都會尖叫的。」,「很厉害吧，我的阴茎，女人被这个塞进去都会尖叫的。」,"""It's amazing, isn't it? Women couldn't say a word after I stuck this inside them.""","「굉장하지 내 자지, 여자는 이거 박으면 히익히익거린다니까」"
,,,,,,,,,,
Akiho.Debauchery1-24,明穂,「な、何言ってるんですかっ！？やめてっ、そんなの見せないで―――――！」,"「What are you talking about? Stop, don't show me that ―――――!」",「什、什麼在說啊！？停下來，不要，不要讓我看到那個——！」,「什、什么在说啊！？停下来，不要，不要让我看到那个——！」,「な、何言ってるんですかっ！？やめてっ、そんなの見せないで―――――！」,「你、你在說什麼！？住手，不要給我看那種東西—————！」,「你、你在说什么！？住手，不要给我看那种东西—————！」,"""What are you talking about? I don't want to see it...""","「뭐, 무슨 말 하는 거예요!? 그만해요, 그런 거 보이지 마세요―――――!」"
,,,,,,,,,,
Akiho.Debauchery1-25,男,「ごちゃごちゃうるせえな、オラよっと」,"「Shut the fuck up, you little fucker.」",「雜亂吵鬧的，我來了」,「杂乱吵闹的，我来了」,「ごちゃごちゃうるせえな、オラよっと」,「囉嗦死了，來啦！」,「啰嗦死了，来啦！」,"""Shut up!""","「시끄럽네, 자」"
,,,,,,,,,,
Akiho.Debauchery1-26,Akiho debauchery1-3,ズッブウウウウッッッ！,Zubuuuuuuhhhh!,轟隆隆隆！,轰隆隆隆！,ズッブウウウウッッッ！,滋噗嗚嗚嗚嗚！！！,滋噗呜呜呜呜！ ！ ！,Spppppp!,즈읏부우우우우우우우웃!!!
,,,,,,,,,,
Akiho.Debauchery1-27,明穂,「ひっぎゅうううっっ！？」,「Hi―yoooooooooooo!」,「咿咕噁噁！」,「咿咕恶恶！」,「ひっぎゅうううっっ！？」,「嗚給嗚嗚嗚！」,「呜给呜呜呜！」,"""Ughhhh?!""",「히익규우우우웃!?」
,,,,,,,,,,
Akiho.Debauchery1-28,,明穂の膣内に男の巨根が容赦なく挿入される,A man's big dick is inserted into Akiho's vagina without mercy.,男人的巨根毫不留情地插入明穗的陰道,男人的巨根毫不留情地插入明穗的阴道,明穂の膣内に男の巨根が容赦なく挿入される,男人的巨根毫不留情地插入了明穗的陰道內。,男人的巨根毫不留情地插入了明穗的阴道内。,The man inserted himself violently into Akiho's vagina.,아키호의 질 내에 남자의 거근이 가차 없이 삽입된다
,,,,,,,,,,
Akiho.Debauchery1-29,男,「お、なかなか良い締まり！明穂ちゃんなんかスポーツとかやってんの？」,"「Oh, it's pretty tight! Are you doing any sports, Akiho-chan?」",「哦，收緊得相當好！明穗小姐你有參加運動之類的活動嗎？」,「哦，收紧得相当好！明穗小姐你有参加运动之类的活动吗？」,「お、なかなか良い締まり！明穂ちゃんなんかスポーツとかやってんの？」,「喔，夾得還挺緊！明穗醬妳有在做什麼運動嗎？」,「喔，夹得还挺紧！明穗酱妳有在做什么运动吗？」,"""Wow, you're tight! Do you exercise or something?""","「오, 제법 좋은 조임이네! 아키호쨩 뭔가 스포츠 같은 거 해?」"
,,,,,,,,,,
Akiho.Debauchery1-30,明穂,「んあっ♥、痛いっ♥、やめてっ！」,"「Oh, God, that hurts!」",「嗯啊♥，好痛♥，停下來！」,「嗯啊♥，好痛♥，停下来！」,「んあっ♥、痛いっ♥、やめてっ！」,「嗯啊♥，好痛！♥，住手！」,「嗯啊♥，好痛！♥，住手！」,"""Uhnnn.. It hurts♥... Please stop!""","「응앗♥, 아파♥, 그만해♥!」"
,,,,,,,,,,
Akiho.Debauchery1-31,男,「そういや親父がなんか言ってたな…せいかく…なんだっけ？」,「」,「對了，爸爸好像說過什麼…聖核…是什麼來著？」,「对了，爸爸好像说过什么…圣核…是什么来著？」,「そういや親父がなんか言ってたな…せいかく…なんだっけ？」,「說起來，老頭子好像說過什麼……聖核……是什麼來著？」,「说起来，老头子好像说过什么……圣核……是什么来着？」,"""Oh, I think my dad said something. Holy... Core... What was it again?""",「그러고 보니 아버지가 뭔가 말했지… 성핵… 뭐였더라?」
,Akiho debauchery1-4,,,,,,,,,
Akiho.Debauchery1-32,明穂,「っ、私は聖核戦姫っ！この街の平和を守っててっ―――――」,「I am the Holy Core Battlemaiden! Keep the peace in this city. ―――――」,「咕、我是聖核戰姬！我會守護這個城市的和平——」,「咕、我是圣核战姬！我会守护这个城市的和平——」,「っ、私は聖核戦姫っ！この街の平和を守っててっ―――――」,「！我是聖核戰姬！是守護這座城市和平的—————」,「！我是圣核战姬！是守护这座城市和平的—————」,"""I'm a Holy Core Battlemaiden! We protect this city...""","「윽, 나는 성핵전희! 이 거리의 평화를 지키고 있―――――」"
,,,,,,,,,,
Akiho.Debauchery1-33,男,「まあいいや、オラッ！もっとマンコ絞めろやっ！」,"「'Well, okay, orah! Squeeze my cunt some more!」",「算了吧，喂！再緊緊一點啊！」,「算了吧，喂！再紧紧一点啊！」,「まあいいや、オラッ！もっとマンコ絞めろやっ！」,「算了，來！陰道再夾緊一點啊！」,「算了，来！阴道再夹紧一点啊！」,"""Whatever! Squeeze your pussy now!""","「뭐 됐어, 자! 더 보지 조여봐!」"
,Akiho debauchery1-3,,,,,,,,,
Akiho.Debauchery1-34,明穂,「ひうっ♥！？、お゛っ♥、お゛おっ♥！」,"「Hiuuh! Oh, oh, oh, oh, oh!」",「嗚♥！？、哦♥、哦哦♥！」,「呜♥！？、哦♥、哦哦♥！」,「ひうっ♥！？、お゛っ♥、お゛おっ♥！」,「嗚呼♥！？，嗚♥，嗚喔！♥」,「呜呼♥！？，呜♥，呜喔！♥」,"""Uhhhhnnnn! Ohhh♥ Ohhhhhhh♥""","「히웃♥!?, 오옷♥, 오오옷♥!」"
,,,,,,,,,,
Akiho.Debauchery1-35,,パンッ！パンッ！パンッ！パンッ！,Pang! Pang! Pang! Pang!,敲擊！敲擊！敲擊！敲擊！,敲击！敲击！敲击！敲击！,パンッ！パンッ！パンッ！パンッ！,啪！啪！啪！啪！,啪！啪！啪！啪！,Slap... Slap... Slap...,팡! 팡! 팡! 팡!
,,,,,,,,,,
Akiho.Debauchery1-36,明穂,「お゛っお゛おっ♥、お゛っ♥、お゛っ♥、お゛っ♥」,"「Oh, oh, oh, oh, oh, oh, oh, oh, oh, oh, oh, oh, oh, oh.」",「哦哦♥、哦♥、哦♥、哦♥」,「哦哦♥、哦♥、哦♥、哦♥」,「お゛っお゛おっ♥、お゛っ♥、お゛っ♥、お゛っ♥」,「嗚喔喔♥，嗚♥，嗚♥，嗚♥！」,「呜喔喔♥，呜♥，呜♥，呜♥！」,"""Oh, oh, oh... Ohhh♥ Ohhhh♥ Ohhhh♥""","「오옷오오옷♥, 오옷♥, 오옷♥, 오옷♥」"
,,,,,,,,,,
Akiho.Debauchery1-37,男,「どう明穂ちゃん？俺のチンポでけーから奥まで届くでしょ？」,"「How do you like it, Akiho-chan? My cock is so big, you can reach deep inside, can't you?」",「明穗，怎麼樣？我的雞巴很大，應該能到底吧？」,「明穗，怎么样？我的鸡巴很大，应该能到底吧？」,「どう明穂ちゃん？俺のチンポでけーから奥まで届くでしょ？」,「怎麼樣明穗醬？我的陰莖很大，應該能頂到最深處吧？」,「怎么样明穗酱？我的阴茎很大，应该能顶到最深处吧？」,"""How is it? It's huge and goes all the way in, huh?""",「어때 아키호쨩? 내 자지 크니까 안까지 닿지?」
,,,,,,,,,,
Akiho.Debauchery1-38,明穂,「お゛お゛っ♥！？、や、やらっ♥、痛いっ♥、ぬいてえっ♥！」,"「OHHHHH! Oh, no, no, no, no, no, no, no, no, no, no, no, no, no, no, no, no, no, no, no, no, no, no, no, no!」",「哦哦♥！？、啊、啊啦♥、痛♥、拔出來♥！」,「哦哦♥！？、啊、啊啦♥、痛♥、拔出来♥！」,「お゛お゛っ♥！？、や、やらっ♥、痛いっ♥、ぬいてえっ♥！」,「嗚喔喔！♥！？不、不要！♥，好痛！♥，拔出去！♥」,「呜喔喔！♥！？不、不要！♥，好痛！♥，拔出去！♥」,"""Ohhhh♥ It...♥ It hurts...♥ Pull out now!""","「오오옷♥!?, 야, 야랏♥, 아파♥, 빼줘엇♥!」"
,,,,,,,,,,
Akiho.Debauchery1-39,明穂,「んあっ♥、ん゛っ♥はあっ♥、ん゛っ♥」,"「Oh, God, oh, God, oh, God, oh, God, oh, God, oh, God.」",「嗯啊♥、嗯哦♥哈啊♥、嗯哦♥」,「嗯啊♥、嗯哦♥哈啊♥、嗯哦♥」,「んあっ♥、ん゛っ♥はあっ♥、ん゛っ♥」,「嗯啊♥，嗯！♥哈啊♥，嗯！♥」,「嗯啊♥，嗯！♥哈啊♥，嗯！♥」,"""Nnnnnaaa... Nnnn... Haaa..♥""","「응앗♥, 으음옷 ♥하앗♥, 으음옷 ♥」"
,,,,,,,,,,
Akiho.Debauchery1-40,男,「…は？、お前何言ってんの？」,「...what? What are you talking about?」,「…嗯？你在說什麼？」,「…嗯？你在说什么？」,「…は？、お前何言ってんの？」,「……咦？妳在說什麼？」,「……咦？妳在说什么？」,"""What are you talking about?""","「…하?, 너 무슨 말 하는 거야?」"
,Akiho debauchery1-4,,,,,,,,,
Akiho.Debauchery1-41,明穂,「はあっ♥、はあっ♥、…私にはやらなきゃいけないことがあるのっ！だからお願い、今日は許して！」,"「I have things I have to do, so please forgive me today! So please, forgive me today!」",「哈啊♥、哈啊♥、…我有一件必須要做的事情！所以拜託，今天就原諒我吧！」,「哈啊♥、哈啊♥、…我有一件必须要做的事情！所以拜托，今天就原谅我吧！」,「はあっ♥、はあっ♥、…私にはやらなきゃいけないことがあるのっ！だからお願い、今日は許して！」,「哈啊♥、哈啊♥……我有非做不可的事！所以拜託了，今天放過我吧！」,「哈啊♥、哈啊♥……我有非做不可的事！所以拜托了，今天放过我吧！」,"""Haaa♥ Haaaa♥ There's something I have to do, so please, not today!""","「하앗♥, 하앗♥, …나에게는 해야 할 일이 있어! 그러니까 부탁이야, 오늘은 용서해줘!」"
,,,,,,,,,,
Akiho.Debauchery1-42,男,「あぁ？お前俺とセックスする以上にやらなきゃいけないことがあるだぁ？」,「What? You have more to do than have sex with me?」,「嗯？你比和我發生性關係更重要的事情要做嗎？」,「嗯？你比和我发生性关系更重要的事情要做吗？」,「あぁ？お前俺とセックスする以上にやらなきゃいけないことがあるだぁ？」,「啊？妳有比跟我做愛更非做不可的事？」,「啊？妳有比跟我做爱更非做不可的事？」,"""What's more important than having sex with me?""",「아앙? 네가 나랑 섹스하는 것보다 더 해야 할 일이 있다고?」
,,,,,,,,,,
Akiho.Debauchery1-43,明穂,「ひっ！？、ご、ごめんなさ―――――ひぎゅっ」,"「I'm sorry. Oh, I'm sorry, I'm sorry. ――――― hihi!」",「咿！？對、對不起―――――咿」,「咿！？对、对不起―――――咿」,「ひっ！？、ご、ごめんなさ―――――ひぎゅっ」,「嘶！對、對不起—————噫啾！」,「嘶！对、对不起—————噫啾！」,"""Huh? Sorry... Ughhhhhh!""","「히익!?, 죄, 죄송합니―――――히귯」"
,Akiho debauchery1-5,,,,,,,,,
Akiho.Debauchery1-44,,男は明穂の首に手を伸ばし、締め上げる,The man reaches for Akiho's neck and tightens it.,男子伸出手掐住明穗的脖子。,男子伸出手掐住明穗的脖子。,男は明穂の首に手を伸ばし、締め上げる,男人伸出手掐住了明穗的脖子，用力收緊。,男人伸出手掐住了明穗的脖子，用力收紧。,The man put a hand around Akiho's neck and squeezed.,"남자는 아키호의 목에 손을 뻗어, 조른다"
,,,,,,,,,,
Akiho.Debauchery1-45,明穂,「かはっ！？、ゲッ、ゲホッ！？」,"「Kahaha! Gee, gee whiz!」",「咳！？咳嗽！」,「咳！？咳嗽！」,「かはっ！？、ゲッ、ゲホッ！？」,「咳！呃、咳咳！」,「咳！呃、咳咳！」,"""Huh? Aghhh...""","「카핫!?, 겟, 게홋!?」"
,,,,,,,,,,
Akiho.Debauchery1-46,男,「まだ立場が分かってねえようだなぁ？お前は俺にハメられるためにここに来たんだろうがッ！」,"「You still don't understand your position, do you? You came here to be set up by me!」",「你還不明白自己的立場嗎？你是來這裡被我玩弄的吧！」,「你还不明白自己的立场吗？你是来这里被我玩弄的吧！」,「まだ立場が分かってねえようだなぁ？お前は俺にハメられるためにここに来たんだろうがッ！」,「妳好像還沒搞清楚自己的立場啊？妳是為了被我上才來到這裡的吧！」,「妳好像还没搞清楚自己的立场啊？妳是为了被我上才来到这里的吧！」,"""You don't seem to understand the situation. You are here to let me fuck you.""",「아직 상황 파악 못 한 것 같군? 너는 나에게 박히려고 여기 온 거잖아!」
,,,,,,,,,,
Akiho.Debauchery1-47,明穂,「ゴホッ、ごめ…な゛ざい…っ♥！」,"「Gosh, I'm so sorry...!」",「咳、對不...起...♥！」,「咳、对不...起...♥！」,「ゴホッ、ごめ…な゛ざい…っ♥！」,「咳，對不起……！♥」,「咳，对不起……！♥」,"""Ugh... Sorry...""","「콜록, 죄송…합니닷…♥!」"
,,,,,,,,,,
Akiho.Debauchery1-48,男,「わかったんならセックスに集中しろっ！」,"「If you get it, just focus on the sex!」",「如果明白了就專心在性愛上！」,「如果明白了就专心在性爱上！」,「わかったんならセックスに集中しろっ！」,「既然明白了，就給我專心做愛！」,「既然明白了，就给我专心做爱！」,"""Now focus on the sex!""",「알았으면 섹스에 집중해!」
,,,,,,,,,,
Akiho.Debauchery1-49,明穂,「はひ゛っ♥、するっ…じます…っ♥！」,「I'll... do... this... thing...!」,「咳、做...著...♥！」,「咳、做...著...♥！」,「はひ゛っ♥、するっ…じます…っ♥！」,「哈咿♥，我會做……的！♥」,「哈咿♥，我会做……的！♥」,"""Haa... Yes...""","「네엣♥, 죄송합니닷… 즈릇♥, 할게욧…♥!」"
,,,,,,,,,,
Akiho.Debauchery1-50,,そして男は明穂の首を絞めたまま腰を振り始める,And the man begins to swing his hips with Akiho's neck in a chokehold.,然後男人一邊繼續勒住明穗的脖子，一邊開始擺動腰部。,然后男人一边继续勒住明穗的脖子，一边开始摆动腰部。,そして男は明穂の首を絞めたまま腰を振り始める,接著，男人維持著掐住明穗脖子的姿勢，開始搖晃腰部。,接着，男人维持着掐住明穗脖子的姿势，开始摇晃腰部。,The man started moving his hips with his hand still on Akiho's neck.,그리고 남자는 아키호의 목을 조른 채 허리를 흔들기 시작한다
,,,,,,,,,,
Akiho.Debauchery1-51,,パンッ！パンッ！パンッ！パンッ！,Pang! Pang! Pang! Pang!,砰！砰！砰！砰！,砰！砰！砰！砰！,パンッ！パンッ！パンッ！パンッ！,啪！啪！啪！啪！,啪！啪！啪！啪！,Slap... Slap... Slap...,팡! 팡! 팡! 팡!
,,,,,,,,,,
Akiho.Debauchery1-52,明穂,「カヒュッ♥、お゛っ♥、ゴホッ♥、お゛っ♥」,「Cahhhh... ohh... ohh... ohh... ohh... ohh...」,「卡呼♥、喔♥、咳♥、喔♥」,「卡呼♥、喔♥、咳♥、喔♥」,「カヒュッ♥、お゛っ♥、ゴホッ♥、お゛っ♥」,「咳呼♥，嗚♥，咳咳♥，嗚♥！」,「咳呼♥，呜♥，咳咳♥，呜♥！」,"""Ahhhkk... Ohh.. Guhhh♥ Ohhhh♥""","「케흇♥, 오옷♥, 콜록♥, 오옷♥」"
,,,,,,,,,,
Akiho.Debauchery1-53,男,「明穂ちゃん首絞められるとめっちゃマンコキツくなるじゃん」,「Akiho-chan gets really pussy tight when she's choked.」,「明穗被勒住脖子時，穴會變得很緊嘛。」,「明穗被勒住脖子时，穴会变得很紧嘛。」,「明穂ちゃん首絞められるとめっちゃマンコキツくなるじゃん」,「明穗醬被掐脖子時，陰道變得超緊啊！」,「明穗酱被掐脖子时，阴道变得超紧啊！」,"""Your pussy is tighter with my hand on your neck.""",「아키호쨩 목 졸리면 보지가 엄청 조여지네」
,,,,,,,,,,
Akiho.Debauchery1-54,明穂,「ゴヒュッ♥、お゛っ♥、お゛っ♥、ありが…ど」,"「Gosh, ooh, ooh, ooh, thanks...」",「呵呵♥、喔♥、喔♥、謝謝...」,「呵呵♥、喔♥、喔♥、谢谢...」,「ゴヒュッ♥、お゛っ♥、お゛っ♥、ありが…ど」,「咕呼♥，嗚♥，嗚♥，謝謝……」,「咕呼♥，呜♥，呜♥，谢谢……」,"""Guhhh... Th... Thanks♥""","「고흇♥, 오옷♥, 오옷♥, 고마…워」"
,,,,,,,,,,
Akiho.Debauchery1-55,男,「しかも首絞めでめっちゃ濡らしてんじゃん…やっぱ明穂ちゃんめっちゃマゾだわ」,「And she got so wet by choking him... Akiho-chan is a real masochist.」,「而且還被勒住脖子濕成這樣...明穗真的是個超級M啊」,「而且还被勒住脖子湿成这样...明穗真的是个超级M啊」,「しかも首絞めでめっちゃ濡らしてんじゃん…やっぱ明穂ちゃんめっちゃマゾだわ」,「而且被掐脖子還流這麼多水……看來明穗醬真是個受虐狂啊。」,「而且被掐脖子还流这么多水……看来明穗酱真是个受虐狂啊。」,"""And you're getting so wet! Such a masochist.""",「게다가 목 졸림으로 엄청 젖었잖아… 역시 아키호쨩 엄청 마조야」
,,,,,,,,,,
Akiho.Debauchery1-56,明穂,「カヒュッ、ゴホッ、い゛、いづ…までっ♥」,"「Cahhhh, gosh, I'm...done....」",「卡呼、咳、喔、這...直到♥」,「卡呼、咳、喔、这...直到♥」,「カヒュッ、ゴホッ、い゛、いづ…までっ♥」,「咳呼、咳咳，到、到什麼時候！♥」,「咳呼、咳咳，到、到什么时候！♥」,"""Ghhhh... How...♥""","「카흇, 콜록, 이, 언제…까지♥」"
,,,,,,,,,,
Akiho.Debauchery1-57,男,「うるせえなぁ、速く終わらせたかったらマンコに集中しろッ！」,「Shut up and concentrate on your pussy if you want this to go faster!」,「嘰哩咕嚕，想快點結束就專心在穴上吧！」,「叽哩咕噜，想快点结束就专心在穴上吧！」,「うるせえなぁ、速く終わらせたかったらマンコに集中しろッ！」,「囉嗦！想快點結束就給我專心在陰道上！」,「啰嗦！想快点结束就给我专心在阴道上！」,"""Shut up! If you want me to finish quickly, focus on your pussy!""","「시끄럽네, 빨리 끝내고 싶으면 보지에 집중해!」"
,,,,,,,,,,
Akiho.Debauchery1-58,明穂,「はい゛っ、ごめんなざいっ♥…ずるっ♥、じますっ♥」,"「I'm sorry, I'm sorry, I'm sorry, I'm sorry, I'm sorry.」",「對不起♥、抱歉♥...耍詐♥、我來了♥」,「对不起♥、抱歉♥...耍诈♥、我来了♥」,「はい゛っ、ごめんなざいっ♥…ずるっ♥、じますっ♥」,「哈咿！對不起！♥……我會做的！♥」,「哈咿！对不起！♥……我会做的！♥」,"""S-Sorry... I'll... do that...""","「네엣, 죄송합니닷… 즈릇♥, 할게요오♥」"
,,,,,,,,,,
Akiho.Debauchery1-59,,そして男は腰を振る速度を速めていく,And the man increases the speed of his hips.,然後男人加快了他擺動腰部的速度。,然后男人加快了他摆动腰部的速度。,そして男は腰を振る速度を速めていく,接著，男人加快了擺腰的速度。,接着，男人加快了摆腰的速度。,The man sped up.,그리고 남자는 허리를 흔드는 속도를 높여간다
,,,,,,,,,,
Akiho.Debauchery1-60,,パンッ！パンッ！パンッ！パンッ！,Pang! Pang! Pang! Pang!,砰！砰！砰！砰！,砰！砰！砰！砰！,パンッ！パンッ！パンッ！パンッ！,啪！啪！啪！啪！,啪！啪！啪！啪！,Slap... Slap... Slap...,팡! 팡! 팡! 팡!
,,,,,,,,,,
Akiho.Debauchery1-61,明穂,「ケヒュッ♥、お゛っ♥、お゛っ♥、ほお゛っ♥！？」,"「Kehüh, ooh, ooh, ooh, ooh, ooh, ooh, ooh!」",「卡呼♥、喔♥、喔♥、嗚呼♥！？」,「卡呼♥、喔♥、喔♥、呜呼♥！？」,「ケヒュッ♥、お゛っ♥、お゛っ♥、ほお゛っ♥！？」,「咳呼♥，嗚♥，嗚♥，哈嗚！♥」,「咳呼♥，呜♥，呜♥，哈呜！♥」,"""Cough... Ohhh♥ Ohhh♥ Ohhh?!♥""","「케흇♥, 오옷♥, 오옷♥, 호오옷♥!?」"
,,,,,,,,,,
Akiho.Debauchery1-62,男,「っ、オラッ、ザーメン出してやるからマンコ集中しろっ！」,"「I'm going to cum, so concentrate on your pussy!」",「喔、我來了、我要射精了，所以專心在穴上吧！」,「喔、我来了、我要射精了，所以专心在穴上吧！」,「っ、オラッ、ザーメン出してやるからマンコ集中しろっ！」,「！來！我要射精液了，妳陰道給我集中精神！」,「！来！我要射精液了，妳阴道给我集中精神！」,"""Hey, I'm coming soon! Focus on your pussy!""","「윽, 자! 정액 싸줄 테니 보지 집중해!」"
,,,,,,,,,,
Akiho.Debauchery1-63,,そして男は喉を握る手に更にギュッと力をこめる,And the man tightens his grip on his throat even more.,然後男人更用力地握緊了他的喉嚨。,然后男人更用力地握紧了他的喉咙。,そして男は喉を握る手に更にギュッと力をこめる,接著，男人掐住她喉嚨的手又加重了力道。,接着，男人掐住她喉咙的手又加重了力道。,The man squeezed her throat harder.,그리고 남자는 목을 조르는 손에 더욱 힘을 준다
,,,,,,,,,,
Akiho.Debauchery1-64,明穂,「ケヒュッ♥、カヒュッ♥、オ゛♥、オ゛！♥」,"「Kehüt ♥, kahüt ♥, o ♥, o ♥, o ♥! ♥♥」",「卡呼♥、卡呼♥、喔♥、喔！♥」,「卡呼♥、卡呼♥、喔♥、喔！♥」,「ケヒュッ♥、カヒュッ♥、オ゛♥、オ゛！♥」,「咳呼♥，咳呼♥，嗚♥，嗚！♥」,「咳呼♥，咳呼♥，呜♥，呜！♥」,"""Guh♥ Gahhh♥ Ohh♥ Ohhhhhhh♥""","「케흇♥, 카흇♥, 오옷 ♥, 오옷 !♥」"
,Akiho debauchery1-6,,,,,,,,,
Akiho.Debauchery1-65,,ドプッ、ドビュルルルッ！,"Dop, dob, dob!",咚噗、咚噗噗噗！,咚噗、咚噗噗噗！,ドプッ、ドビュルルルッ！,咚噗！多嗶嚕嚕嚕嚕！,咚噗！多哔噜噜噜噜！,"Spurt, Spurrrrrrt","돕, 도뷰르르르릇!"
,,,,,,,,,,
Akiho.Debauchery1-66,明穂,「ケホッ♥！？、オ゛ッ♥、オ゛お゛ッ～～～♥♥！」,「Keh―hoo! ♥♥♥♥♥♥♥♥♥♥♥♥♥♥♥♥♥♥♥♥♥♥♥♥♥♥♥♥♥♥♥♥♥♥♥♥♥♥♥♥♥♥」,「卡呼♥！？、喔♥、喔喔喔～～～♥♥！」,「卡呼♥！？、喔♥、喔喔喔～～～♥♥！」,「ケホッ♥！？、オ゛ッ♥、オ゛お゛ッ～～～♥♥！」,「咳呼♥！嗚♥，嗚喔喔喔～～～♥♥！」,「咳呼♥！呜♥，呜喔喔喔～～～♥♥！」,"""Huh? Ohhhhh♥""","「케홋♥!?, 오옷 옷♥, 오옷 오옷 옷～～～♥♥!」"
,Akiho debauchery1-7,,,,,,,,,
Akiho.Debauchery1-67,,大量の精液を明穂の膣内に放った後、男はようやく明穂の首から手を放す,"After releasing a large amount of semen into Akiho's vagina, the man finally releases his hand from Akiho's neck",男人在將大量精液射進明穗的陰道後，終於從她的脖子上放開手。,男人在将大量精液射进明穗的阴道后，终于从她的脖子上放开手。,大量の精液を明穂の膣内に放った後、男はようやく明穂の首から手を放す,將大量的精液釋放在明穗的陰道內後，男人終於放開了明穗的脖子。,将大量的精液释放在明穗的阴道内后，男人终于放开了明穗的脖子。,The man finally loosened his hand around her neck after shooting a huge load into Akiho's vagina.,"대량의 정액을 아키호의 질 내에 싼 후, 남자는 드디어 아키호의 목에서 손을 뗀다"
,,,,,,,,,,
Akiho.Debauchery1-68,明穂,「ゲホッ！、ゲホッ！、ハアッ、ハアッ…！」,"「Gee whiz! Geehaw! Haaagh, haaagh...!」",「卡呼！、卡呼！、哈啊、哈啊…！」,「卡呼！、卡呼！、哈啊、哈啊…！」,「ゲホッ！、ゲホッ！、ハアッ、ハアッ…！」,「咳！咳！哈啊、哈啊……！」,「咳！咳！哈啊、哈啊……！」,"""Ugh... Ugh... Haaa... Puff...""","「게홋!, 게홋!, 하앗, 하앗…!」"
,,,,,,,,,,
Akiho.Debauchery1-69,男,「いやー明穂ちゃんマジでマンコ良かったわ」,"「No, Akiho-chan really had a nice pussy.」",「嘿～明穗真的好棒啊」,「嘿～明穗真的好棒啊」,「いやー明穂ちゃんマジでマンコ良かったわ」,「哎呀～明穗醬的陰道真是太棒了。」,「哎呀～明穗酱的阴道真是太棒了。」,"""Wow, you sure have a nice pussy.""",「이야~ 아키호쨩 진짜 보지 좋았어」
,,,,,,,,,,
Akiho.Debauchery1-70,明穂,「ひぐっ♥、あ゛ありがどうございますっ…」,「Thank you very much...」,「咯咕♥、啊♥謝謝您…」,「咯咕♥、啊♥谢谢您…」,「ひぐっ♥、あ゛ありがどうございますっ…」,「嗚！♥，謝、謝謝你……」,「呜！♥，谢、谢谢你……」,"""Uhhhnnn, th-thank you.""","「히끅♥, 아옷  감사합니다앗…」"
,,,,,,,,,,
Akiho.Debauchery1-71,男,「いつもは一回で捨てるんだけど…明穂ちゃん気に入ったわ、俺の女にしてやるよ」,"「I usually throw them away after one but I like you, Akiho, I'll make you my woman.」",「通常我一次就會丟掉的...但是...明穗真的讓我喜歡了，我會讓她成為我的女人的」,「通常我一次就会丢掉的...但是...明穗真的让我喜欢了，我会让她成为我的女人的」,「いつもは一回で捨てるんだけど…明穂ちゃん気に入ったわ、俺の女にしてやるよ」,「我平常都只做一次就丟掉……但明穗醬我喜歡，把妳變成我的女人吧。」,「我平常都只做一次就丢掉……但明穗酱我喜欢，把妳变成我的女人吧。」,"""I usually only fuck a woman once, but I like you. You're my woman now.""","「평소에는 한 번 하고 버리는데… 아키호쨩 마음에 들었어, 내 여자로 삼아주지」"
,,,,,,,,,,
Akiho.Debauchery1-72,明穂,「…えっ！？、な、なんでっ！」,"「What? Hey, why!」",「…嗯！？為、為什麼！」,「…嗯！？为、为什么！」,「…えっ！？、な、なんでっ！」,「……咦！?為、為什麼！」,「……咦！?为、为什么！」,"""H-huh? What? Why?""","「…엣!?, 나, 왜!」"
,,,,,,,,,,
Akiho.Debauchery1-73,男,「俺達めっちゃセックスの相性良いし…明穂ちゃんももっとシたいでしょ？」,"「We have great sex together... and you want more, don't you, Akiho?」",「我們的性相當合拍...明穗也想更多吧？」,「我们的性相当合拍...明穗也想更多吧？」,「俺達めっちゃセックスの相性良いし…明穂ちゃんももっとシたいでしょ？」,「我們做愛超合拍的啊……明穗醬妳也想要更多吧？」,「我们做爱超合拍的啊……明穗酱妳也想要更多吧？」,"""We have great sex chemistry, don't we? You want to fuck some more, right?""",「우리 엄청 섹스 궁합 좋고… 아키호쨩도 더 하고 싶지?」
,,,,,,,,,,
Akiho.Debauchery1-74,明穂,「や…やだっ！、帰してっ！お願いっ！」,「No...no! Let me go home! Please!」,「不...不要！放開我！拜託！」,「不...不要！放开我！拜托！」,「や…やだっ！、帰してっ！お願いっ！」,「不……不要！放我回去！拜託！」,「不……不要！放我回去！拜托！」,"""N-No! Let me go! Please!""","「야… 싫엇!, 돌려보내줘! 부탁이야!」"
,,,,,,,,,,
Akiho.Debauchery1-75,男,「まあいいじゃん、オラ、二回戦やるぞッ！」,"「Well, that's okay, Ora, let's play a second round!」",「算了啦，我們，來第二回合吧！」,「算了啦，我们，来第二回合吧！」,「まあいいじゃん、オラ、二回戦やるぞッ！」,「算了沒關係，來，我們來第二回合！」,「算了没关系，来，我们来第二回合！」,"""No way. Time for a second round!""","「뭐 어때, 자, 2차전 하자!」"
,,,,,,,,,,
Akiho.Debauchery1-76,明穂,「やっ♥、あっ♥、あああああっ♥♥」,"「Oh, my God, oh, my God, oh, my God, oh, my God.」",「啊♥、啊♥、啊啊啊啊♥♥」,「啊♥、啊♥、啊啊啊啊♥♥」,「やっ♥、あっ♥、あああああっ♥♥」,「呀♥，啊♥，啊啊啊啊啊♥♥！」,「呀♥，啊♥，啊啊啊啊啊♥♥！」,"""Ahhhnnn♥ Ahhhh♥ Ahhhhhhh♥""","「얏♥, 앗♥, 아아아아앗♥♥」"
,,,,,,,,,,
Akiho.Debauchery1-77,,そして、この日から明穂の男との堕落した生活が始まるのだった,"And from this day on, Akiho's depraved life with a man began!",從這一天開始，明穗與男人墮落的生活就此展開。,从这一天开始，明穗与男人堕落的生活就此展开。,そして、この日から明穂の男との堕落した生活が始まるのだった,於是，從這一天起，明穗與這個男人墮落的生活開始了。,于是，从这一天起，明穗与这个男人堕落的生活开始了。,"From that day on, Akiho started living a decadent life with the man.",그리고 이날부터 아키호와 남자의 타락한 생활이 시작되었다
,,,,,,,,,,
Akiho Debauchery Scene2,注釈,淫乱化シーン,淫乱化シーン,淫乱化シーン,淫乱化シーン,淫乱化シーン,淫乱化シーン,淫乱化シーン,,음란화 이벤트
,暗転,,,,,,,,,
Akiho.Debauchery2-1,,とある都市のホテルの一室、タバコとアルコールの臭いが充満する部屋の中、一組の男女が交わっている,"In a hotel room in a city, a man and a woman are having sex in a room filled with the smell of cigarettes and alcohol.",某個城市的飯店房間裡，煙草和酒精的氣味彌漫在房間內，一對男女正在交歡。,某个城市的饭店房间里，烟草和酒精的气味弥漫在房间内，一对男女正在交欢。,とある都市のホテルの一室、タバコとアルコールの臭いが充満する部屋の中、一組の男女が交わっている,某都市飯店的一間房間裡，空氣中瀰漫著菸味和酒味，一對男女正在交合。,某都市饭店的一间房间里，空气中弥漫着烟味和酒味，一对男女正在交合。,"In a hotel room filled with the smell of alcohol and smoke, a man and a woman were having sex.","어느 도시 호텔의 한 방, 담배와 알코올 냄새가 가득한 방 안, 한 쌍의 남녀가 교합하고 있다"
,Akiho debauchery2ｰ1,,,,,,,,,
Akiho.Debauchery2-2,,パチュッ、パチュッ、パチュッ、パチュッ,"Patchy, patchy, patchy, patchy.",啪啾、啪啾、啪啾、啪啾,啪啾、啪啾、啪啾、啪啾,パチュッ、パチュッ、パチュッ、パチュッ,啪滋！啪滋！啪滋！啪滋！,啪滋！啪滋！啪滋！啪滋！,"Squelch, squelch, squelch...","파츗, 파츗, 파츗, 파츗"
,,,,,,,,,,
Akiho.Debauchery2-3,明穂,「お゛っ♥、お゛っ♥、お゛っ♥、お゛っ♥」,"「Oooh, oooh, oooh, oooh, oooh, oooh, oooh, oooh.」",「啊♥、啊♥、啊♥、啊♥」,「啊♥、啊♥、啊♥、啊♥」,「お゛っ♥、お゛っ♥、お゛っ♥、お゛っ♥」,「嗚！♥，嗚！♥，嗚！♥，嗚！♥」,「呜！♥，呜！♥，呜！♥，呜！♥」,"""Oh, oh, oh... Ohhh♥ Ohhhh♥ Ohhhh♥""","「오옷♥, 오옷♥, 오옷♥, 오옷♥」"
,,,,,,,,,,
Akiho.Debauchery2-4,男,「フ―――――ッ……」,「――――― ......」,「啊―――――……」,「啊―――――……」,「フ―――――ッ……」,「呼——————」,「呼——————」,"""Fuuuuuuuuuuu""",「후―――――……」
,Akiho debauchery2-2,,,,,,,,,
Akiho.Debauchery2-5,明穂,「えへへぇっ♥、おチンポ気持ちいっ♥、もっと突いてっ♥！」,"「Heh heh heh heh, your dick feels so good, poke me some more!」",「嘿嘿♥，好舒服♥，再用力一點♥！」,「嘿嘿♥，好舒服♥，再用力一点♥！」,「えへへぇっ♥、おチンポ気持ちいっ♥、もっと突いてっ♥！」,「欸嘿嘿♥，陰莖好舒服♥，再多插一點♥！」,「欸嘿嘿♥，阴茎好舒服♥，再多插一点♥！」,"""Hehehe♥ Your cock feels so good... Fuck me harder♥!""","「에헤헤헷♥, 자지 기분 좋아♥, 더 찔러줘♥!」"
,,,,,,,,,,
Akiho.Debauchery2-6,男,「……明穂さあ…お前なんかもうマンコ緩いんだよね」,「...... Akiho come on... you're kinda loose pussy already.'」,「……明穗啊…你這傢伙的穴已經很鬆了吧」,「……明穗啊…你这家伙的穴已经很松了吧」,「……明穂さあ…お前なんかもうマンコ緩いんだよね」,「……明穗啊……妳的陰道好像變鬆了耶。」,「……明穗啊……妳的阴道好像变松了耶。」,"""Akiho, your pussy is becoming loose.""",「……아키호 말이야… 너 이제 보지 헐렁해」
,,,,,,,,,,
Akiho.Debauchery2-7,男,「マンコ使えなかったらお前には何の価値も無い事分かってる？」,"「Do you realize that if you can't use pussy, you're worth nothing?」",「如果不能使用技能，你知道自己一無是處嗎？」,「如果不能使用技能，你知道自己一无是处吗？」,「マンコ使えなかったらお前には何の価値も無い事分かってる？」,「妳知道陰道如果不好用，妳就一點價值都沒有了嗎？」,「妳知道阴道如果不好用，妳就一点价值都没有了吗？」,"""Do you know that you're nothing if your pussy isn't good?""",「보지 못 쓰게 되면 너한테 아무 가치 없는 거 알고 있어?」
,,,,,,,,,,
Akiho.Debauchery2-8,明穂,「あへっ♥、ごめんなさいっ♥、マンコ絞めますからっ♥、捨てないでっ♥！」,"「I'm sorry, I'll squeeze your pussy, don't throw it away!」",「啊嘿♥、對不起♥、我會繼續努力的♥，請不要放棄我♥！」,「啊嘿♥、对不起♥、我会继续努力的♥，请不要放弃我♥！」,「あへっ♥、ごめんなさいっ♥、マンコ絞めますからっ♥、捨てないでっ♥！」,「啊嘿♥，對不起♥，我會夾緊陰道的♥，不要拋棄我♥！」,「啊嘿♥，对不起♥，我会夹紧阴道的♥，不要抛弃我♥！」,"""Ahh♥ Sorry♥ I'll squeeze harder, please don't leave me!♥""","「아헷♥, 미안해요♥, 보지 조일 테니까♥, 버리지 마세요♥!」"
,,,,,,,,,,
Akiho.Debauchery2-9,,そして明穂は縋るように必死に膣に力を入れ、腰を振る,And Akiho clutched desperately at her vagina and shook her hips,然後，明穗拼命地像依賴一樣，使勁地收緊陰道，擺動腰部。,然后，明穗拼命地像依赖一样，使劲地收紧阴道，摆动腰部。,そして明穂は縋るように必死に膣に力を入れ、腰を振る,接著明穗懇求似地拼命收緊陰道的肌肉，並擺動腰部。,接着明穗恳求似地拼命收紧阴道的肌肉，并摆动腰部。,Akiho squeezed the hardest she could as she moved her hips.,"그리고 아키호는 매달리듯 필사적으로 질에 힘을 주고, 허리를 흔든다"
,,,,,,,,,,
Akiho.Debauchery2-10,,パチュッ、パチュッ、パチュッ、パチュッ,"Patchy, patchy, patchy, patchy.",啪嚓、啪嚓、啪嚓、啪嚓,啪嚓、啪嚓、啪嚓、啪嚓,パチュッ、パチュッ、パチュッ、パチュッ,啪滋！啪滋！啪滋！啪滋！,啪滋！啪滋！啪滋！啪滋！,"Squelch, squelch, squelch...","파츗, 파츗, 파츗, 파츗"
,,,,,,,,,,
Akiho.Debauchery2-11,明穂,「んっ♥、はあっ♥、はあっ♥、はあっ♥」,「♥♥♥♥♥♥♥♥♥♥♥♥♥♥♥♥♥♥」,「嗯♥、哈♥、哈♥、哈♥」,「嗯♥、哈♥、哈♥、哈♥」,「んっ♥、はあっ♥、はあっ♥、はあっ♥」,「嗯♥，哈啊♥，哈啊♥，哈啊♥」,「嗯♥，哈啊♥，哈啊♥，哈啊♥」,"""Nnnnn♥ Haaa♥ Haaa♥ Haaaa♥""","「응읏♥, 하앗♥, 하앗♥, 하앗♥」"
,,,,,,,,,,
Akiho.Debauchery2-12,男,「フ―――――ッ……もういい、ちょっと首かせ」,「Enough ―――――... ......... let's just hang it up a minute.」,「呼———啊……夠了，給我解開一下項圈」,「呼———啊……够了，给我解开一下项圈」,「フ―――――ッ……もういい、ちょっと首かせ」,「呼——————夠了，把脖子伸過來一下。」,「呼——————够了，把脖子伸过来一下。」,"""Fuuuuu, that's enough. Let me see your neck.""","「후―――――…… 이제 됐어, 잠깐 목 내놔」"
,Akiho debauchery2-3,,,,,,,,,
Akiho.Debauchery2-13,明穂,「ひぎゅっ♥、ゲプッ♥」,"「Huggy ♥, gebbly ♥.」",「嘿咕♥、咕嘰♥」,「嘿咕♥、咕叽♥」,「ひぎゅっ♥、ゲプッ♥」,「噫啾♥，嗝噗♥」,「噫啾♥，嗝噗♥」,"""Aghghhh... Guhhh...""","「히귯♥, 겟풋♥」"
,,,,,,,,,,
Akiho.Debauchery2-14,,男は明穂の首に手を伸ばし、力を入れて締め上げる,The man reaches for Akiho's neck and tightens it with force,男子伸出手臂，用力勒緊明穗的脖子。,男子伸出手臂，用力勒紧明穗的脖子。,男は明穂の首に手を伸ばし、力を入れて締め上げる,男人伸手掐住明穗的脖子，用力收緊。,男人伸手掐住明穗的脖子，用力收紧。,The man put a hand around Akiho's neck and squeezed hard.,"남자는 아키호의 목에 손을 뻗어, 힘주어 조른다"
,,,,,,,,,,
Akiho.Debauchery2-15,男,「明穂さぁ？首絞めてやんなきゃマンコも絞められねえの？」,"「Akiho? If I don't choke you, you can't choke my pussy?」",「明穗啊？不給你勒脖子，你的小鳥也給我勒不住嗎？」,「明穗啊？不给你勒脖子，你的小鸟也给我勒不住吗？」,「明穂さぁ？首絞めてやんなきゃマンコも絞められねえの？」,「明穗啊？不掐妳脖子，妳就夾不緊陰道是嗎？」,「明穗啊？不掐妳脖子，妳就夹不紧阴道是吗？」,"""Akiho... Do I have to choke you to make you squeeze your pussy harder?""",「아키호 말이야? 목 조르지 않으면 보지도 못 조이는 거야?」
,,,,,,,,,,
Akiho.Debauchery2-16,明穂,「ゲプッ♥、ゲホッ♥、ご、ごめんらはいっ♥♥」,"「Gobble, gobble, gobble, gobble, gobble, gobble, gobble, gobble, gobble, gobble, gobble, gobble, gobble.」",「咕嘰♥、咳嗽♥、對、對不起♥♥」,「咕叽♥、咳嗽♥、对、对不起♥♥」,「ゲプッ♥、ゲホッ♥、ご、ごめんらはいっ♥♥」,「嗝噗♥，咳咳♥，對、對不起♥♥」,「嗝噗♥，咳咳♥，对、对不起♥♥」,"""Aghh.. S-Sorry♥♥""","「겟풋♥, 게홋♥, 죄, 죄송합니닷♥♥」"
,,,,,,,,,,
Akiho.Debauchery2-17,男,「……あー?、それとも首絞めてほしくてワザと力抜いてたのか？このクソビッチが」,"「I'm not sure if it's ""......"" or ""......"". Or did you want me to choke you out so you could relax? You bitch.」",「……啊？還是你想要被勒脖子，所以故意放鬆力氣？這個可惡的婊子」,「……啊？还是你想要被勒脖子，所以故意放松力气？这个可恶的婊子」,「……あー?、それとも首絞めてほしくてワザと力抜いてたのか？このクソビッチが」,「……啊？還是說妳故意放鬆，就是想要我掐妳脖子？妳這臭婊子。」,「……啊？还是說妳故意放松，就是想要我掐妳脖子？妳这臭婊子。」,"""Huh? Or did you want me to choke you so you didn't squeeze that hard? You bitch.""","「……아-?,  아니면 목 졸리고 싶어서 일부러 힘 뺀 건가? 이 망할 년이」"
,,,,,,,,,,
Akiho.Debauchery2-18,明穂,「ゴホッ♥、ゲホッ♥、ち、ちがいまひゅっ♥」,"「Gohoho, goho, goho, goho, goho, goho, goho, goho, goho, goho, goho, goho, goho.」",「咳嗽♥、咳嗽♥、錯、錯了嘿♥」,「咳嗽♥、咳嗽♥、错、错了嘿♥」,「ゴホッ♥、ゲホッ♥、ち、ちがいまひゅっ♥」,「咳咳♥，咳咳♥，不、不是的♥！」,「咳咳♥，咳咳♥，不、不是的♥！」,"""Guhhh... N-No...♥""","「콜록♥, 게홋♥, 다, 다릅니닷♥」"
,,,,,,,,,,
Akiho.Debauchery2-19,男,「まったくどうしようもねえマゾ女だな、そんなに窒息したきゃさせてやるよ」,"「You are such a helpless masochistic bitch, if I wanted to suffocate you so badly, I would.」",「真是個一點辦法都沒有的Masochist女啊，如果你這麼想窒息的話，我就讓你嘗試吧」,「真是个一点办法都没有的Masochist女啊，如果你这么想窒息的话，我就让你尝试吧」,「まったくどうしようもねえマゾ女だな、そんなに窒息したきゃさせてやるよ」,「真是個沒救的受虐狂女人，妳這麼想窒息，我就成全妳。」,「真是个没救的受虐狂女人，妳这么想窒息，我就成全妳。」,"""You're such a masochist. I'm going to choke you until you pass out.""","「정말 어쩔 수 없는 마조년이네, 그렇게 질식하고 싶으면 시켜주지」"
,,,,,,,,,,
Akiho.Debauchery2-20,,そして男はさらに強く明穂の首を握りしめる,Then the man grips Akiho's neck even tighter.,然後男人更猛烈地緊握著明穗的脖子。,然后男人更猛烈地紧握著明穗的脖子。,そして男はさらに強く明穂の首を握りしめる,接著男人更加用力地握緊明穗的脖子。,接着男人更加用力地握紧明穗的脖子。,The man gripped Akiho's throat harder.,그리고 남자는 더욱 강하게 아키호의 목을 조른다
,,,,,,,,,,
Akiho.Debauchery2-21,明穂,「ゲヒュッ♥、オ゛、゛オッ♥♥！」,"「Oh, my God, oh, my God, oh, my God, oh, my God!」",「噁♥、噢、噁♥♥！」,「恶♥、噢、恶♥♥！」,「ゲヒュッ♥、オ゛、゛オッ♥♥！」,「咳呼♥，嗚、嗚喔！♥♥」,「咳呼♥，呜、呜喔！♥♥」,"""Guhhhhh♥ Ohhhhh♥ Ohhhhhhhhh♥""","「게흇♥, 오옷 , 옷 오옷♥♥!」"
,,,,,,,,,,
Akiho.Debauchery2-22,男,「オラッ、死ねッ！、窒息アクメでマンコ絞めろッ！」,"「I want you to die! Choke on it, choke on it, choke on it, choke on it!」",「喔啦，去死吧！用窒息高潮來勒緊你的穴！」,「喔啦，去死吧！用窒息高潮来勒紧你的穴！」,「オラッ、死ねッ！、窒息アクメでマンコ絞めろッ！」,「來！去死吧！用窒息高潮把陰道夾緊！」,「来！去死吧！用窒息高潮把阴道夹紧！」,"""Die! Squeeze your pussy harder while you choke!""","「자! 죽어라!, 질식 절정으로 보지 조여!」"
,,,,,,,,,,
Akiho.Debauchery2-23,明穂,「カヒュッ♥、カヒュッ♥、オ゛オッ♥♥」,"「Cuckoo♥, cuckoo♥, ooh―ooh―ooh―ooh―ooh.」",「咳嗽♥、咳嗽♥、噢噢♥♥」,「咳嗽♥、咳嗽♥、噢噢♥♥」,「カヒュッ♥、カヒュッ♥、オ゛オッ♥♥」,「咳呼♥，咳呼♥，嗚喔喔♥♥」,「咳呼♥，咳呼♥，呜喔喔♥♥」,"""Guhhhhh... Guhhh♥ Ohhhhh♥""","「카흇♥, 카흇♥, 오옷 오옷♥♥」"
,,,,,,,,,,
Akiho.Debauchery2-24,,明穂は酸欠状態になりながらも朦朧とした意識で必死にチンポに媚びる,Akiho is desperately flirting with the cock in a dazed state of consciousness while in a state of acidity.,明穗雖然陷入缺氧狀態，但仍在朦朧意識中拼命討好那根雞雞。,明穗虽然陷入缺氧状态，但仍在朦胧意识中拼命讨好那根鸡鸡。,明穂は酸欠状態になりながらも朦朧とした意識で必死にチンポに媚びる,明穗在缺氧狀態下，意識朦朧地拼命對陰莖獻媚。,明穗在缺氧状态下，意识朦胧地拼命对阴茎献媚。,"Akiho was about to pass out from the lack of oxygen, but she did her best to please his cock.",아키호는 산소 부족 상태가 되면서도 몽롱한 의식으로 필사적으로 자지에 아양 떤다
,,,,,,,,,,
Akiho.Debauchery2-25,明穂,「カヒュッ♥、じめまぅっ♥、チンポっ♥、オ゛オッ♥♥」,「Cock... cock... ohh... ohh... ohh... ohh...」,「咳嗽♥、緊縮♥、雞雞♥、噢噢♥♥」,「咳嗽♥、紧缩♥、鸡鸡♥、噢噢♥♥」,「カヒュッ♥、じめまぅっ♥、チンポっ♥、オ゛オッ♥♥」,「咳呼♥，我會夾緊的♥，陰莖♥，嗚喔喔♥♥！」,「咳呼♥，我会夹紧的♥，阴茎♥，呜喔喔♥♥！」,"""Guhhhh... I....♥ Your cock...♥♥""","「카흇♥, 조일게욧♥, 자지♥, 오옷 오옷♥♥」"
,,,,,,,,,,
Akiho.Debauchery2-26,,パンッ！、パンッ！、パンッ！、パンッ！,"Pang! Pan, pan! Pan, pan! Pan, pan!",「砰！、砰！、砰！、砰！」,「砰！、砰！、砰！、砰！」,パンッ！、パンッ！、パンッ！、パンッ！,啪！啪！啪！啪！,啪！啪！啪！啪！,Slap... Slap... Slap...,"팡!, 팡!, 팡!, 팡!"
,,,,,,,,,,
Akiho.Debauchery2-27,男,「フウ――――、オラッ、出すぞっ！」,"「Fuu――――, orah, let's get it out!」",「呼——，喔啦，射出來了！」,「呼——，喔啦，射出来了！」,「フウ――――、オラッ、出すぞっ！」,「呼——————來，我要射了！」,「呼——————来，我要射了！」,"""Haaaaaaa... I'm coming!""","「후우――――, 자! 싼다!」"
,Akiho debauchery2-4,,,,,,,,,
Akiho.Debauchery2-28,,ドクッ、ドビュルルルッ！,"Doc, dobululululu!",咚咚、咚咚咙咙！,咚咚、咚咚咙咙！,ドクッ、ドビュルルルッ！,咚！多嗶嚕嚕嚕！,咚！多哔噜噜噜！,"Spurt, Spurrrrrrt","도큣, 도뷰르르르릇!"
,,,,,,,,,,
Akiho.Debauchery2-29,明穂,「ゲヒッ♥、オ゛ッ♥、オ゛ッ♥、オ゛オッ♥！」,「Ghee hee hee hee hee hee hee hee hee!」,「咯咯♥、噢♥、噢♥、噢噢♥！」,「咯咯♥、噢♥、噢♥、噢噢♥！」,「ゲヒッ♥、オ゛ッ♥、オ゛ッ♥、オ゛オッ♥！」,「咳吸♥，嗚！♥，嗚！♥，嗚喔！♥！」,「咳吸♥，呜！♥，呜！♥，呜喔！♥！」,"""Ghhhiii♥ Oh♥♥ Ohhhhh♥ Ohhhhhhhhh!""","「게힛♥, 오옷 옷♥, 오옷 옷♥, 오옷 오옷♥!」"
,,,,,,,,,,
Akiho.Debauchery2-30,男,「オラッ！、ちゃんと最期までマンコ絞めろっ！」,「I want you to squeeze her pussy until the end! Squeeze her pussy till the end!」,「喔啦！、要好好緊緊地擠到最後一刻！」,「喔啦！、要好好紧紧地挤到最后一刻！」,「オラッ！、ちゃんと最期までマンコ絞めろっ！」,「來！好好地把陰道夾緊到最後！」,「来！好好地把阴道夹紧到最后！」,"""Keep squeezing until the very end!""","「자!, 제대로 마지막까지 보지 조여!」"
,,,,,,,,,,
Akiho.Debauchery2-31,明穂,「ガヒッ♥、へあっ♥、オ゛オ゛ッ♥」,"「Gahhhh, heh, ohh, ohh.」",「咕♥、喔♥、噢噢♥」,「咕♥、喔♥、噢噢♥」,「ガヒッ♥、へあっ♥、オ゛オ゛ッ♥」,「咳吸♥，哈啊♥，嗚喔喔♥」,「咳吸♥，哈啊♥，呜喔喔♥」,"""Guhhhh... Haaa♥ Ohhhh♥ Ohhhhhh♥""","「가힛♥, 헤앗♥, 오옷 오옷 옷♥」"
,,,,,,,,,,
Akiho.Debauchery2-32,,ドクッ、ドクッ…,"Doc, doc...",咚咚、咚咚…,咚咚、咚咚…,ドクッ、ドクッ…,咚！咚！……,咚！咚！ ……,"Throb, throb...","도큣, 도큣…"
,,,,,,,,,,
Akiho.Debauchery2-33,男,「ふう……全く手間かけさせやがって」,「You're making me go through all that trouble at .......」,「呼……真是讓我費盡心思」,「呼……真是让我费尽心思」,「ふう……全く手間かけさせやがって」,「呼……真是個麻煩的傢伙。」,「呼……真是个麻烦的家伙。」,"""That was a lot of work.""",「후우…… 정말 귀찮게 하네」
,Akiho debauchery2-5,,,,,,,,,
Akiho.Debauchery2-34,,そして男は再びタバコに火をつけ、明穂の首を握っていた手を放す,The man then lights up a cigarette again and releases his hand that was holding Akiho's neck,然後男人再次點燃香煙，放開了握住明穗脖子的手。,然后男人再次点燃香烟，放开了握住明穗脖子的手。,そして男は再びタバコに火をつけ、明穂の首を握っていた手を放す,接著男人再次點燃一根菸，放開了掐著明穗脖子的手。,接着男人再次点燃一根烟，放开了掐着明穗脖子的手。,The man lit a cigarette and let go of Akiho's neck.,"그리고 남자는 다시 담배에 불을 붙이고, 아키호의 목을 잡고 있던 손을 놓는다"
,,,,,,,,,,
Akiho.Debauchery2-35,明穂,「カヘッ♥、カヘッ♥、ゲホッ♥！……はあっ♥、はあっ♥」,"「Kaheh ♥, kaheh ♥, geh ♥! ...... is ah ♥, ah ♥.」",「咳♥、咳♥、咳嗽♥！……呼♥、呼♥」,「咳♥、咳♥、咳嗽♥！……呼♥、呼♥」,「カヘッ♥、カヘッ♥、ゲホッ♥！……はあっ♥、はあっ♥」,「咳哈♥，咳哈♥，咳咳♥！……哈啊♥，哈啊♥」,,"""Aggggghhh... Aghhhkkk... Haaaa♥ Haaaa♥""","「카헷♥, 카헷♥, 게홋♥!…… 하앗♥, 하앗♥」"
,Akiho debauchery2-6,,,,,,,#VALUE!,,
Akiho.Debauchery2-36,明穂,「ゴホッ、ゲホッ♥、チンポッ♥、もう一回くらさいっ♥、今度はもっと頑張るからっ♥」,"「Gosh, gee whiz, cock, give me one more time, I'll try harder this time.」",「咳嗽♥、咳嗽♥、噴嚏♥、再來一次打我吧♥、這次我會更努力的♥」,「咳嗽♥、咳嗽♥、喷嚏♥、再来一次打我吧♥、这次我会更努力的♥」,「ゴホッ、ゲホッ♥、チンポッ♥、もう一回くらさいっ♥、今度はもっと頑張るからっ♥」,「咳咳、咳咳♥，陰莖♥，再給我一次♥，這次我會更努力的♥！」,,"""Aghhh♥ Your cock...♥ One more time, please... ♥ I'll do my best♥""","「콜록, 게홋♥, 자지♥, 한 번 더 주세요♥, 이번엔 더 열심히 할 테니까♥」"
,,,,,,,,,,
Akiho.Debauchery2-37,明穂,「チンポハメられてる時が一番幸せっ♥、大好きっ♥、愛してるっ♥」,"「I'm the happiest when I'm getting fucked by a cock, I love you, I love you, I love you.」",「被插入時是最幸福的時刻♥，好喜歡♥，愛你♥」,「被插入时是最幸福的时刻♥，好喜欢♥，爱你♥」,「チンポハメられてる時が一番幸せっ♥、大好きっ♥、愛してるっ♥」,「被陰莖插的時候最幸福♥，最喜歡了♥，我愛你♥！」,「被阴茎插的时候最幸福♥，最喜欢了♥，我爱你♥！」,"""I feel the happiest when you're fucking me.♥ I love you♥""","「자지에 박힐 때가 제일 행복해♥, 너무 좋아♥, 사랑해♥」"
,,,,,,,,,,
Akiho.Debauchery2-38,男,「……………明穂さあ、お前もういいわ」,"「...............Akiho, come on, you're done.」",「……………明穗，你可以了」,「……………明穗，你可以了」,「……………明穂さあ、お前もういいわ」,「……………明穗啊，妳可以了。」,「……………明穗啊，妳可以了。」,"""...I think I'm done.""","「……………아키호 말이야, 너 이제 됐어」"
,Akiho debauchery2-7,,,,,,,,,
Akiho.Debauchery2-39,明穂,「……………え？」,「............... what?」,「……………嗯？」,「……………嗯？」,「……………え？」,「……………咦？」,「……………咦？」,"""...Huh?""",「……………에?」
,,,,,,,,,,
Akiho.Debauchery2-40,男,「なんか飽きたっていうかさー、めんどいんだわ」,"「I'm kind of tired of it. I mean, it's a pain in the ass.」",「有點膩了，或者說，有點煩人啦」,「有点腻了，或者说，有点烦人啦」,「なんか飽きたっていうかさー、めんどいんだわ」,「怎麼說呢，就是有點膩了，很麻煩。」,「怎么说呢，就是有点腻了，很麻烦。」,"""I've had enough, and you're starting to bug me.""","「뭐랄까 질렸다고 할까, 귀찮아」"
,,,,,,,,,,
Akiho.Debauchery2-41,男,「俺の時間も薬も酒もただじゃないわけ。なのに自分が気持ち良くなる事しか考えねえで…」,"「My time, my medicine, and my booze don't come for free. But all you think about is making yourself feel good...」",「我的時間、藥物和酒都不是無關緊要的。可你卻只想著自己感到愉快…」,「我的时间、药物和酒都不是无关紧要的。可你却只想著自己感到愉快…」,「俺の時間も薬も酒もただじゃないわけ。なのに自分が気持ち良くなる事しか考えねえで…」,「我的時間、藥物和酒都不是白來的。但妳卻只考慮自己爽……」,「我的时间、药物和酒都不是白来的。但妳却只考虑自己爽……」,"""My time, my drugs, and my booze are not free. But you only think about yourself...""",「내 시간도 약도 술도 공짜가 아니잖아. 그런데 자기가 기분 좋아지는 것만 생각하고…」
,,,,,,,,,,
Akiho.Debauchery2-42,男,「つーわけでもういいよ、バイバイ」,"「So I'm done, bye―bye.」",「這樣就好了，再見」,「这样就好了，再见」,「つーわけでもういいよ、バイバイ」,「所以呢，妳可以走了，拜拜。」,「所以呢，妳可以走了，拜拜。」,"""So I've had enough. Bye!""","「그런 이유로 이제 됐어, 바이바이」"
,,,,,,,,,,
Akiho.Debauchery2-43,明穂,「そんなっ！、やだっ！、このチンポハメてもらえないとアタシっ！」,"「No way! No! If you don't let me get fucked by this dick, I'm going to die!」",「這樣！不要！如果不讓我插進去，我就！」,「这样！不要！如果不让我插进去，我就！」,「そんなっ！、やだっ！、このチンポハメてもらえないとアタシっ！」,「怎麼會！不要！如果沒有這個陰莖插我，我會！」,「怎么会！不要！如果没有这个阴茎插我，我会！」,"""Wait, no! I can't live without your cock!""","「그런!, 싫어!, 이 자지 박히지 않으면 나!」"
,,,,,,,,,,
Akiho.Debauchery2-44,男,「………あー、じゃあさ、今度会う時金持ってこい」,"「......... ah, well, next time you see me, bring me some money.」",「………啊，那麼，下次見面時帶點錢來」,「………啊，那么，下次见面时带点钱来」,「………あー、じゃあさ、今度会う時金持ってこい」,「………啊，這樣吧，下次見面時帶錢來。」,「………啊，这样吧，下次见面时带钱来。」,"""...Then bring me money when you want to see me next time.""","「………아-, 그럼 말이야, 다음에 만날 때 돈 가져와」"
,,,,,,,,,,
Akiho.Debauchery2-45,明穂,「か、金…？ど、どうやって」,「Or money...? How?」,「錢...？怎、怎麼樣」,「钱...？怎、怎么样」,「か、金…？ど、どうやって」,「錢……？怎、怎麼辦？」,「钱……？怎、怎么办？」,"""M-Money? How...""","「도, 돈…? 어, 어떻게」"
,,,,,,,,,,
Akiho.Debauchery2-46,男,「その辺で適当な男ひっかけりゃいいだろ。それかAV紹介してやろうか？」,「Why don't you just hook up with some random guy around the corner? Or I could introduce you to porn.」,「在那附近找個隨便的男人就行了吧。或者要我介紹AV給你嗎？」,「在那附近找个随便的男人就行了吧。或者要我介绍AV给你吗？」,「その辺で適当な男ひっかけりゃいいだろ。それかAV紹介してやろうか？」,「隨便在外面找個男人勾搭一下不就行了。還是說我幫妳介紹去拍成人片？」,「随便在外面找个男人勾搭一下不就行了。还是说我帮妳介绍去拍成人片？」,"""Just find a man and offer sex for money. Or you can go into porno.""",「그 근처에서 적당한 남자 꼬시면 되잖아. 아니면 AV 소개해줄까?」
,,,,,,,,,,
Akiho.Debauchery2-47,明穂,「そ、そんなぁ、で、でもっ」,"「Oh, no, no, no, no, but...」",「這、這樣啊，可、可是」,「这、这样啊，可、可是」,「そ、そんなぁ、で、でもっ」,「怎、怎麼會，可、可是！」,「怎、怎么会，可、可是！」,"""But... But...""","「그, 그런, 그, 그래도」"
,,,,,,,,,,
Akiho.Debauchery2-48,男,「あ？ハメてほしくねーの？、それじゃこれで最後だな」,"「What? You don't want me to fuck you? Well, I guess this is the last time.」",「嗯？不想被插嗎？那這次就是最後了」,「嗯？不想被插吗？那这次就是最后了」,「あ？ハメてほしくねーの？、それじゃこれで最後だな」,「啊？妳不想被插了嗎？那這就是最後一次了。」,「啊？妳不想被插了吗？那这就是最后一次了。」,"""You don't want to fuck? Then this is it.""","「아? 박히기 싫은 거야?, 그럼 이걸로 마지막이다」"
,,,,,,,,,,
Akiho.Debauchery2-49,明穂,「わかったっ！、やるっ！やるからっ！お願いっ！捨てないでっ！」,「I know! I'll do it! I'll do it! Please don't throw it away! Don't throw it away!」,「我知道了！我會做的！我會的，拜託了！不要丟棄我！」,「我知道了！我会做的！我会的，拜托了！不要丢弃我！」,「わかったっ！、やるっ！やるからっ！お願いっ！捨てないでっ！」,「我知道了！我會做的！我會做的！拜託！不要拋棄我！」,「我知道了！我会做的！我会做的！拜托！不要抛弃我！」,"""All right, I'll do it! I'll do it! Don't leave me!""","「알았어!, 할게! 할 테니까! 부탁이야! 버리지 마!」"
,,,,,,,,,,
Akiho.Debauchery2-50,男,「…まあそこまで言うならしゃーねえなぁ？ご褒美で最後に一発ハメてやるよッ！」,"「I'll give you one last blowjob as a reward. As a reward, I'll fuck you one last time!」",「…嘛，如果你這麼說的話，也沒辦法了吧？作為獎勵，最後插一槍給你看！」,「…嘛，如果你这么说的话，也没办法了吧？作为奖励，最后插一枪给你看！」,「…まあそこまで言うならしゃーねえなぁ？ご褒美で最後に一発ハメてやるよッ！」,「……既然妳都這麼說了，我也沒辦法了？就當作獎勵，再給妳插最後一次！來！」,「……既然妳都这么说了，我也没办法了？就当作奖励，再给妳插最后一次！来！」,"""If you insist... I guess we can do it again!""",「…뭐 거기까지 말한다면 어쩔 수 없지? 포상으로 마지막 한 발 박아주지!」
,Akiho debauchery2-5,,,,,,,,,
Akiho.Debauchery2-51,明穂,「あっ♥、チンポ来たっ♥、ありがとうございますっ♥」,"「Oh, my dick's here, thank you very much.」",「啊♥，陽具來了♥，謝謝您♥」,「啊♥，阳具来了♥，谢谢您♥」,「あっ♥、チンポ来たっ♥、ありがとうございますっ♥」,「啊♥，陰莖來了♥，謝謝你♥！」,「啊♥，阴茎来了♥，谢谢你♥！」,"""Yes, your cock!♥ Thank you♥""","「앗♥, 자지 왔다♥, 감사합니다♥」"
,,,,,,,,,,
Akiho.Debauchery2-52,明穂,「これから出来るだけたくさんお金渡すからっ♥、沢山ハメてくださいっ♥！」,"「I'll give you as much money as I can from now on, please fuck me a lot!」",「從現在開始我會盡可能多地給你錢♥，請多插我♥！」,「从现在开始我会尽可能多地给你钱♥，请多插我♥！」,「これから出来るだけたくさんお金渡すからっ♥、沢山ハメてくださいっ♥！」,「我之後會盡可能多給錢的♥，請多插我幾次♥！」,「我之后会尽可能多给钱的♥，请多插我几次♥！」,"""I'm going to give you lots of money♥ Please fuck me more♥""","「이제부터 가능한 한 많은 돈 드릴 테니까♥, 잔뜩 박아주세요♥!」"
,,,,,,,,,,
Akiho.Debauchery2-53,男,(チッ、めんどくせえなぁ…しばらく貢がせたら後はAV辺りにうっぱらうか…),"(Damn, what a pain in the ass...I'll just let him pay me for a while and then I'll just dump him in the porn area...)",「切，好煩人啊…讓她貢獻一陣子，之後就去AV之類的地方玩吧…」,「切，好烦人啊…让她贡献一阵子，之后就去AV之类的地方玩吧…」,(チッ、めんどくせえなぁ…しばらく貢がせたら後はAV辺りにうっぱらうか…),（嘖，真是個麻煩的傢伙……讓她貢獻一陣子後，再把她賣給成人片公司算了……）,（啧，真是个麻烦的家伙……让她贡献一阵子后，再把她卖给成人片公司算了……）,"(Ugh, so clingy... I guess I'll let her bring me money for a while, then let her go into porn...)","(칫, 귀찮네… 잠시 뜯어먹다가 나중엔 AV 쪽에 팔아버릴까…)"
,,,,,,,,,,
Akiho.Debauchery2-54,明穂,「私っ♥、聖核戦姫だったけどっ♥、もう戻れないっ♥、今が幸せだからっ♥！」,"「I was the Holy Core Battlemaiden, but I can't go back now, I'm so happy now!」",「我♥，雖然是聖核戰姬♥，但已經無法回頭了♥，現在很幸福♥！」,「我♥，虽然是圣核战姬♥，但已经无法回头了♥，现在很幸福♥！」,「私っ♥、聖核戦姫だったけどっ♥、もう戻れないっ♥、今が幸せだからっ♥！」,「我♥，雖然曾是聖核戰姬♥，但我已經回不去了♥，現在這樣我很幸福♥！」,「我♥，虽然曾是圣核战姬♥，但我已经回不去了♥，现在这样我很幸福♥！」,"""I was a Holy Core Battlemaiden, but I can't go back anymore♥ I'm so happy now♥""","「나♥, 성핵전희였지만♥, 이제 돌아갈 수 없어♥, 지금이 행복하니까♥!」"
,,,,,,,,,,
,,,,,,,,,,
,,,,,,,,,,
,,,,,,,,,,
,,,,,,,,,,
,,,,,,,,,,
,,,,,,,,,,
,,,,,,,,,,
Akiho Core Scene１,注釈,聖核シーン１,聖核シーン１,聖核シーン１,圣核シーン１,聖核シーン１,聖核シーン１,圣核シーン１,,성핵 이벤트 1
,,,,,,,,,,
Akiho.Core1-1,暗転,明穂が捕獲されてからしばらくして―――――,A short time after Akiho's capture: ―――――,明穗被捕獲後不久———,明穗被捕获后不久———,明穂が捕獲されてからしばらくして―――――,明穗被捕獲後過了一段時間——————,明穗被捕获后过了一段时间——————,Long after Akiho was defeated...,아키호가 포획된 후 얼마 지나지 않아―――――
,Akiho core 1ｰ1,,,,,,,,,
Akiho.Core1-2,,明穂は円筒状の透明な容器に閉じ込められていた,Akiho was trapped in a cylindrical transparent container.,明穗被困在一個圓筒狀的透明容器裡。,明穗被困在一个圆筒状的透明容器里。,明穂は円筒状の透明な容器に閉じ込められていた,明穗被關在一個圓筒狀的透明容器裡。,明穗被关在一个圆筒状的透明容器里。,She was placed in a clear cylinder.,아키호는 원통형 투명 용기에 갇혀 있었다
,,,,,,,,,,
Akiho.Core1-3,明穂,「ねえっ、何ここっ！出してっ！」,「What is this place? Let me out!」,「嘿，這是哪裡！放我出去！」,「嘿，这是哪里！放我出去！」,「ねえっ、何ここっ！出してっ！」,「喂！這是哪裡！放我出去！」,「喂！这是哪里！放我出去！」,"""What's this? Where am I? Let me out!""","「이봐요, 여기 어디예요! 내보내줘요!」"
,,,,,,,,,,
Akiho.Core1-4,,明穂は内側から容器を叩くが、まったく壊れる気配はない,"Akiho hits the container from the inside, but it shows no sign of breaking at all.",明穗從內部敲打容器，但完全沒有破裂的跡象。,明穗从内部敲打容器，但完全没有破裂的迹象。,明穂は内側から容器を叩くが、まったく壊れる気配はない,明穗從內部敲打容器，但它紋絲不動。,明穗从内部敲打容器，但它纹丝不动。,"She banged on the walls from the inside, but the vessel didn't look like it could be broken.","아키호는 안쪽에서 용기를 두드리지만, 전혀 깨질 기미가 없다"
,,,,,,,,,,
Akiho.Core1-5,明穂,「っ！、聖核戦姫に変身してるのにッ、なんて硬さなのっ…？」,"「I'm transformed into the Holy Core Battlemaiden, but how hard is she? She's transformed into a Holy Core Battlemaiden, but how hard is she...?」",「嗯！明明已經變身成聖核戰姬了，為什麼這麼硬硬的…？」,「嗯！明明已经变身成圣核战姬了，为什么这么硬硬的…？」,「っ！、聖核戦姫に変身してるのにッ、なんて硬さなのっ…？」,「！明明已經變身成聖核戰姬了，這硬度是怎麼回事……？」,「！明明已经变身成圣核战姬了，这硬度是怎么回事……？」,"""I'm transformed and I can't break this? How hard is it?""","「윽!, 성핵전희로 변신했는데, 어쩜 이렇게 단단한 거야…?」"
,,,,,,,,,,
Akiho.Core1-6,,その部屋に設置されたスピーカーから男の声が流れる,A man's voice plays from the speakers installed in that room.,從房間裡設置的揚聲器中傳出男性的聲音。,从房间里设置的扬声器中传出男性的声音。,その部屋に設置されたスピーカーから男の声が流れる,房間裡的揚聲器傳出一個男人的聲音,房间里的扬声器传出一个男人的声音,A man's voice came out from the speakers.,그 방에 설치된 스피커에서 남자의 목소리가 흘러나온다
,,,,,,,,,,
Akiho.Core1-7,研究員,「特製の超強化ガラスだからな、壊そうとしても無駄だ」,"「It's specially made, super―toughened glass, so there's no point in trying to break it.」",「這是特製的超強化玻璃，就算想破壞也是徒勞的。」,「这是特制的超强化玻璃，就算想破坏也是徒劳的。」,「特製の超強化ガラスだからな、壊そうとしても無駄だ」,「這是特製的超強化玻璃，想打破是徒勞無功的。」,「这是特制的超强化玻璃，想打破是徒劳无功的。」,"""It's a special glass, there's no point trying to break it.""","「특제 초강화 유리니까, 부수려고 해도 소용없다」"
,,,,,,,,,,
Akiho.Core1-8,明穂,「っ、だ、誰っ…？なんでこんなことをするのっ！？」,「Who are you? Why are you doing this to me?」,「嗯、誰、為什麼要做這種事情！」,「嗯、谁、为什么要做这种事情！」,「っ、だ、誰っ…？なんでこんなことをするのっ！？」,「！你、你是誰……？為什麼要做這種事！」,「！你、你是谁……？为什么要做这种事！」,"""Who are you? Why are you doing this?""","「윽, 다, 누구…? 왜 이런 짓을 하는 거야!?」"
,,,,,,,,,,
Akiho.Core1-9,研究員,「お前にはこれからちょっとした実験台になってもらう」,「You're going to be a bit of an experiment from now on.」,「你現在將成為一個小小的實驗對象。」,「你现在将成为一个小小的实验对象。」,「お前にはこれからちょっとした実験台になってもらう」,「從現在起，妳要當實驗品。」,「从现在起，妳要当实验品。」,"""You're going to be our test subject for a bit.""",「너에게는 이제부터 약간의 실험대가 되어줘야겠다」
,,,,,,,,,,
Akiho.Core1-10,明穂,「っ…！実験台っ！？、やだっ！、出してっ！」,「I'm going to be a Experimental subjects! No! Let me out!」,「嗯…！實驗對象！？不要！放開我！」,「嗯…！实验对象！？不要！放开我！」,「っ…！実験台っ！？、やだっ！、出してっ！」,「！……實驗品！？不要！放我出去！」,「！……实验品！？不要！放我出去！」,"""Test subject? No! Let me out!""","「윽…! 실험대!?, 싫어!, 내보내줘!」"
,,,,,,,,,,
Akiho.Core1-11,研究員,「まあ諦めろ、じゃあ始めるぞ」,"「Well, give it up. Let's get on with it.」",「嘛，放棄吧，那麼就開始吧。」,「嘛，放弃吧，那么就开始吧。」,「まあ諦めろ、じゃあ始めるぞ」,「妳認命吧，那麼，要開始了。」,「妳认命吧，那么，要开始了。」,"""Give it up. We're getting started.""","「뭐 포기해라, 그럼 시작한다」"
,,,,,,,,,,
Akiho.Core1-12,明穂,「ちょっと待ってっ！何するのっ！、もう少し心の準備を…！」,「Wait a minute! What are you doing? I'm just a little more prepared...!」,「等一下！你在做什麼！稍微給我一點心理準備…！」,「等一下！你在做什么！稍微给我一点心理准备…！」,「ちょっと待ってっ！何するのっ！、もう少し心の準備を…！」,「等一下！你要做什麼！讓我再做一點心理準備！」,「等一下！你要做什么！让我再做一点心理准备！」,"""Wait! What are you doing? Let me...""","「잠깐 기다려! 뭐하는 거야!, 좀 더 마음의 준비를…!」"
,,,,,,,,,,
Akiho.Core1-13,,研究員の男がそう言うと、容器の下からガコンッ！と何かが開く音が聞こえる,"As the researcher man says this, I hear a clunk from under the container! from under the container.",當研究員男子說完這句話時，從容器底下咚咚一聲，傳來了開啟的聲音。,当研究员男子说完这句话时，从容器底下咚咚一声，传来了开启的声音。,研究員の男がそう言うと、容器の下からガコンッ！と何かが開く音が聞こえる,研究員的男人說完，容器下方傳來「咯咚！」一聲，像是什麼東西開啟了。,研究员的男人说完，容器下方传来「咯咚！」一声，像是什么东西开启了。,Something below the vessel opened and made a sound.,"연구원 남자가 그렇게 말하자, 용기 아래에서 덜컹! 하고 무언가가 열리는 소리가 들린다"
,,,,,,,,,,
Akiho.Core1-14,明穂,「っ、な、なにっ！？」,「What?」,「嗯、什、什麼！？」,「嗯、什、什么！？」,「っ、な、なにっ！？」,「！那、那是什麼！」,「！那、那是什么！」,"""W-What?""","「윽, 무, 뭐야!?」"
,Akiho core 1-2,,,,,,,#VALUE!,,
Akiho.Core1-15,,グポッ、グジュルルルッ、ズルズルッ！,,咕噗、咕噗噜噜噜、滋滋滋！,咕噗、咕噗噜噜噜、滋滋滋！,グポッ、グジュルルルッ、ズルズルッ！,咕噗！咕啾嚕嚕嚕！滋嚕滋嚕！,,Kwa... Pssss... Zrrrr...,"쿠폿, 쿠쥬르르르릇, 즈르즈릇!"
,,,,,,,,,,
Akiho.Core1-16,,容器下部の配管からピンクのゲル状の液体が容器内に流れ込む,Pink gelatinous liquid flows into the container from the piping at the bottom of the container,粉紅色凝膠狀液體從容器底部的管道流入容器內。,粉红色凝胶状液体从容器底部的管道流入容器内。,容器下部の配管からピンクのゲル状の液体が容器内に流れ込む,容器下方的管線中，粉紅色的凝膠狀液體流入容器內。,容器下方的管线中，粉红色的凝胶状液体流入容器内。,A pink gel flowed into the vessel from a pipe below it.,용기 하부 배관에서 분홍색 겔 상태의 액체가 용기 내로 흘러 들어온다
,,,,,,,,,,
Akiho.Core1-17,明穂,「ひあっ♥、な、なにこれっ！」,"「Hi, what's this?」",「嗚啊♥、這、這是什麼！」,「呜啊♥、这、这是什么！」,「ひあっ♥、な、なにこれっ！」,「呀！♥，這、這是什麼！」,「呀！♥，这、这是什么！」,"""Huh? What's this?""","「히앗♥, 무, 뭐야 이거!」"
,,,,,,,,,,
Akiho.Core1-18,,「生暖かくて…ドロドロしてっ……気持ち悪いっ！」,「It's warm and... sludgy and ...... disgusting!」,「溫熱且…黏糊糊的…好噁心！」,「温热且…黏糊糊的…好恶心！」,「生暖かくて…ドロドロしてっ……気持ち悪いっ！」,「溫溫熱熱的……黏糊糊的……好噁心！」,「温温热热的……黏糊糊的……好恶心！」,"""Warm... Sticky... Gross!""",「따뜻하고… 끈적거리고…… 기분 나빠!」
,,,,,,,,,,
Akiho.Core1-19,,「それに…っ！…これ…ただの液体じゃない…私の体に向かってきてるっ…！？」,「And...! This... this... this isn't just liquid... it's coming towards my body...!」,「而且…！…這…不僅僅是液體…它正在朝著我的身體靠近…！？」,「而且…！…这…不仅仅是液体…它正在朝著我的身体靠近…！？」,「それに…っ！…これ…ただの液体じゃない…私の体に向かってきてるっ…！？」,「而且……！……這不只是液體……它正朝著我的身體過來！」,「而且……！……这不只是液体……它正朝着我的身体过来！」,"""And... It's not just a liquid... It's coming right at me...""",「게다가…윽!…이거… 그냥 액체가 아니야… 내 몸 쪽으로 오고 있어…!?」
,,,,,,,,,,
Akiho.Core1-20,,ズルルッ、ドロッ！,"Zulu, dorotsu!",滋滋滋、嘟嘟！,滋滋滋、嘟嘟！,ズルルッ、ドロッ！,滋嚕嚕！咕咚！,滋噜噜！咕咚！,Zrrr... Splat!,"즈르릇, 드롯!"
,Akiho core 1-3,,,,,,,,,
Akiho.Core1-21,,「ひあっ♥、や、やめてっ♥！」,"「Oh, no, don't!」",「嗚啊♥、停、停下♥！」,「呜啊♥、停、停下♥！」,「ひあっ♥、や、やめてっ♥！」,「呀！♥，不、住手！♥」,「呀！♥，不、住手！♥」,"""Aghhh! Stop!""","「히앗♥, 여, 그만해♥!」"
,,,,,,,,,,
Akiho.Core1-22,,スライムは意思があるかのように重力に逆らい、明穂の体に纏わりつく,The slime defies gravity and clings to Akiho's body as if it has a will.,史萊姆仿佛有意識般地抗拒重力，纏繞在明穗的身體上。,史莱姆仿佛有意识般地抗拒重力，缠绕在明穗的身体上。,スライムは意思があるかのように重力に逆らい、明穂の体に纏わりつく,史萊姆彷彿有意識一般，違背重力，纏繞上明穗的身體。,史莱姆仿佛有意识一般，违背重力，缠绕上明穗的身体。,"The slime defied gravity as if it was sentient, and wrapped itself around Akiho.","슬라임은 의지가 있는 것처럼 중력을 거슬러, 아키호의 몸에 휘감긴다"
,,,,,,,,,,
Akiho.Core1-23,,「んっ♥…やめっ…気持ち悪いっ…！」,「I don't feel good...!」,「嗯♥…停…好噁心…！」,「嗯♥…停…好恶心…！」,「んっ♥…やめっ…気持ち悪いっ…！」,「嗯！♥……住手！……好噁心……！」,「嗯！♥……住手！……好恶心……！」,"""Nnnnn♥ Stop! This is disgusting!""",「응읏♥… 그만… 기분 나빠…!」
,,,,,,,,,,
Akiho.Core1-24,,ドロッ、グチュッ、ズルルッ！,"Slurp, gut, slurp, slurp!",滋滋、噗噗、滋滋！,滋滋、噗噗、滋滋！,ドロッ、グチュッ、ズルルッ！,咕咚！咕啾！滋嚕嚕！,咕咚！咕啾！滋噜噜！,"Splat, slurp, Zrrr...","드롯, 구츗, 즈르릇!"
,Akiho core 1-4,,,,,,,,,
Akiho.Core1-25,,「ひあっ♥、んっ♥、んああっ♥！？」,"「Hi ah ♥, mmmm ♥, mmm ah ♥!」",「嗚啊♥、嗯♥、嗯啊啊♥！？」,「呜啊♥、嗯♥、嗯啊啊♥！？」,「ひあっ♥、んっ♥、んああっ♥！？」,「呀！♥，嗯！♥，嗯啊！♥！？」,「呀！♥，嗯！♥，嗯啊！♥！？」,"""Huh♥ Nnnn♥ Ahhhhh?!""","「히앗♥, 응읏♥, 응아앗♥!?」"
,,,,,,,,,,
Akiho.Core1-26,,スライムがスーツの隙間に潜り込み、明穂の敏感な部分にも侵入する,Slime slithers into the crevices of the suit and into Akiho's sensitive areas.,史萊姆滑入裝甲的縫隙，侵入明穗敏感的部位。,史莱姆滑入装甲的缝隙，侵入明穗敏感的部位。,スライムがスーツの隙間に潜り込み、明穂の敏感な部分にも侵入する,史萊姆從戰鬥服的縫隙中潛入，也侵入了明穗的敏感部位。,史莱姆从战斗服的缝隙中潜入，也侵入了明穗的敏感部位。,The slime slipped through the gaps in her suit and started touching her private places.,"슬라임이 슈트 틈새로 기어들어가, 아키호의 민감한 부분에도 침입한다"
,,,,,,,,,,
Akiho.Core1-27,,「っ、待ってっ♥！そこはっ♥！」,"「Wait, wait, wait! Wait, wait, wait!」",「等等♥！那裡♥！」,「等等♥！那里♥！」,「っ、待ってっ♥！そこはっ♥！」,「！住手！♥，那裡！♥！」,「！住手！♥，那里！♥！」,"""Wait, that's...♥""","「윽, 기다려♥! 거기는♥!」"
,,,,,,,,,,
Akiho.Core1-28,,「んあっ♥、お尻の穴とっ…そこはっ♥、だめっ…っ♥」,"「Oh, no, no, no, no, no, no, no, no, no, no, no, no, no, no, no, no, no, no, no, no, no, no, no, no, no, no, no, no, no, no...」",「嗯啊♥、屁股的洞…那裡♥、不行…啊♥」,「嗯啊♥、屁股的洞…那里♥、不行…啊♥」,「んあっ♥、お尻の穴とっ…そこはっ♥、だめっ…っ♥」,「嗯啊！♥，屁眼和……那裡！♥，不行……！♥」,「嗯啊！♥，屁眼和……那里！♥，不行……！♥」,"""Ahhhhh, that's my butt♥ And no♥ Not there♥""","「응앗♥, 엉덩이 구멍이랑… 거기는♥, 안돼…윽♥」"
,Akiho core 1-3,,,,,,,,,
Akiho.Core1-29,,(なんで…っ！、入ろうとしてくるの…っ♥！？),(Why...! Why are you trying to get in...?),(為什麼…！要進來了嗎…♥！？),(为什么…！要进来了吗…♥！？),(なんで…っ！、入ろうとしてくるの…っ♥！？),（為什麼……！它想進來……！♥！）,（为什么……！它想进来……！♥！）,(Why... Why is it trying to go inside♥),"(왜…윽!, 들어오려고 하는 거야…윽♥!?)"
,,,,,,,,,,
Akiho.Core1-30,,(やっぱりっ…！、このスライムっ…意思を持って動いてる…っ！？),(I knew it...! This slime... it's moving with a will...!),(果然…！這個史萊姆…有意識地移動著…！？),(果然…！这个史莱姆…有意识地移动著…！？),(やっぱりっ…！、このスライムっ…意思を持って動いてる…っ！？),（果然！……這史萊姆！有意識地在動！？）,（果然！……这史莱姆！有意识地在动！？）,(This slime... It has a mind of its own?!),"(역시…!, 이 슬라임… 의지를 가지고 움직이고 있어…!?)"
,,,,,,,,,,
Akiho.Core1-31,,「んあっ♥、待ってっ！お尻の穴にっ！もう入ってこないでっ！」,"「Oh, wait! In the butt hole! Don't come in there again!」",「嗯啊♥、等等！不要再進來屁股的洞裡啦！」,「嗯啊♥、等等！不要再进来屁股的洞里啦！」,「んあっ♥、待ってっ！お尻の穴にっ！もう入ってこないでっ！」,「嗯啊！♥，住手！不要再鑽進我的屁眼了！」,「嗯啊！♥，住手！不要再钻进我的屁眼了！」,"""Haaaannnnn♥ Wait, that's my butt! Don't go in there!""","「응앗♥, 기다려! 엉덩이 구멍에! 이제 들어오지 마!」"
,Akiho core 1-5,,,,,,,,,
Akiho.Core1-32,,そうこうしているうちに、明穂の胸の高さまでスライムの水面が上昇してくる,"In the meantime, the surface of the slime rises to the level of Akiho's chest.",在這個過程中，史萊姆的水面漸漸上升到明穗的胸部高度。,在这个过程中，史莱姆的水面渐渐上升到明穗的胸部高度。,そうこうしているうちに、明穂の胸の高さまでスライムの水面が上昇してくる,就在這時，史萊姆的水位已經上升到明穗的胸部高度。,就在这时，史莱姆的水位已经上升到明穗的胸部高度。,"While she was struggling, the slime had reached her chest.","그러는 동안, 아키호의 가슴 높이까지 슬라임 수면이 상승해 온다"
,,,,,,,,,,
Akiho.Core1-33,,「っ、やばっ…♥！、このままじゃっ♥スライムに溺れて死んじゃうっ！」,"「Oh, no...! If I don't do this, I'll drown in slime and die!」",「啊、糟糕了…♥！這樣下去♥會被史萊姆淹死的！」,「啊、糟糕了…♥！这样下去♥会被史莱姆淹死的！」,「っ、やばっ…♥！、このままじゃっ♥スライムに溺れて死んじゃうっ！」,「！糟了……♥！這樣下去♥，我會被史萊姆淹死！」,「！糟了……♥！这样下去♥，我会被史莱姆淹死！」,"""This is bad... I'm going to drown in the slime!""","「윽, 위험해…♥!, 이대로는♥ 슬라임에 빠져 죽어버려!」"
,,,,,,,,,,
Akiho.Core1-34,,「はあっ、何とかしないとっ！…でもっ♥！ん゛っ♥」,"「I've got to do something! ...but...but...but...but..! ""Aaah!」",「呼…必須想辦法才行！…但是♥！嗯嗯♥」,「呼…必须想办法才行！…但是♥！嗯嗯♥」,「はあっ、何とかしないとっ！…でもっ♥！ん゛っ♥」,「哈啊，必須想點辦法！……可是！♥，嗯！♥」,「哈啊，必须想点办法！……可是！♥，嗯！♥」,"""Haaaa... I need to do something about this... But♥ Nnnnn♥""","「하앗, 어떻게든 해야 해!… 하지만♥! 응옷 윽♥」"
,,,,,,,,,,
Akiho.Core1-35,,「体中スライムにもみくちゃにされてっ…それにお尻の中までっ♥！」,「Slime is all over my body...and inside my ass!」,「全身都被史萊姆揉成一團了…連屁股裡也♥！」,「全身都被史莱姆揉成一团了…连屁股里也♥！」,「体中スライムにもみくちゃにされてっ…それにお尻の中までっ♥！」,「全身都被史萊姆揉來揉去……而且連屁眼裡面都是！♥」,「全身都被史莱姆揉来揉去……而且连屁眼里面都是！♥」,"""The slime is... filling me up... And in my butt...♥""",「온몸이 슬라임에 휘저어져서… 게다가 엉덩이 안까지♥!」
,Akiho core 1-6,,,,,,,,,
Akiho.Core1-36,,その瞬間、スライムの一部が盛り上がり、触手のようになって明穂の口に侵入する,"At that moment, a piece of slime rises up and becomes a tentacle, invading Akiho's mouth.",就在那一瞬間，史萊姆的一部分凸起，變成觸手狀侵入明穗的口中。,就在那一瞬间，史莱姆的一部分凸起，变成触手状侵入明穗的口中。,その瞬間、スライムの一部が盛り上がり、触手のようになって明穂の口に侵入する,就在那一瞬間，部分史萊姆隆起，像觸手一樣侵入了明穗的口中。,就在那一瞬间，部分史莱姆隆起，像触手一样侵入了明穗的口中。,"Suddenly, a portion of the slime got excited and entered Akiho's mouth like a tentacle.","그 순간, 슬라임 일부가 부풀어 올라, 촉수처럼 되어 아키호의 입으로 침입한다"
,,,,,,,,,,
Akiho.Core1-37,,「ガポッ！？、ゴポポッッ♥！」,「Gopopo! Gopopopo♥!」,「咕嚕！？ 咕咕嚕嚕♥！」,「咕噜！？ 咕咕噜噜♥！」,「ガポッ！？、ゴポポッッ♥！」,「喀噗！？咕噗噗♥♥！」,「喀噗！？咕噗噗♥♥！」,"""Aghghhhh! Gfaaaaaa!""","「가폿!?, 고포폿♥!」"
,,,,,,,,,,
Akiho.Core1-38,,(んあっ♥！、このスライムっ♥、私の口の中にっ♥),"(Oh, my God! This slime is in my mouth!)",(嗯啊♥！這史萊姆♥，進入了我的口中♥),(嗯啊♥！这史莱姆♥，进入了我的口中♥),(んあっ♥！、このスライムっ♥、私の口の中にっ♥),（嗯啊！♥，這史萊姆♥，進到我嘴裡了♥！）,（嗯啊！♥，这史莱姆♥，进到我嘴里了♥！）,(Hnnnnn♥ The slime♥ It's in my mouth♥),"(응앗♥!, 이 슬라임♥, 내 입안에♥)"
,,,,,,,,,,
Akiho.Core1-39,,ギュルルルッ、ギュルルルルッ！,,咕嚕嚕嚕！，咕嚕嚕嚕嚕！,咕噜噜噜！，咕噜噜噜噜！,ギュルルルッ、ギュルルルルッ！,咕嚕嚕嚕！咕嚕嚕嚕嚕嚕！,咕噜噜噜！咕噜噜噜噜噜！,"Grrrrr, grrrrr","규르르르릇, 규르르르르릇!"
,,,,,,,,,,
Akiho.Core1-40,,明穂の口の中に入ったスライムは勢いを止めることなく明穂の体の奥へ向かって侵入する,The slime that enters Akiho's mouth invades toward the back of her body without stopping its momentum.,史萊姆進入了明穗口中，毫不停歇地向著明穗身體深處滲透。,史莱姆进入了明穗口中，毫不停歇地向著明穗身体深处渗透。,明穂の口の中に入ったスライムは勢いを止めることなく明穂の体の奥へ向かって侵入する,進入明穗口中的史萊姆勢頭不減，朝著明穗的身體深處侵入。,进入明穗口中的史莱姆势头不减，朝着明穗的身体深处侵入。,The slime inside Akiho's mouth did not hesitate and went further into her body.,아키호의 입안에 들어간 슬라임은 기세를 멈추지 않고 아키호 몸속 깊숙이 침입한다
,,,,,,,,,,
Akiho.Core1-41,,「ゴペッ♥、ゴポッ！ゴポッ！」,"「Gopek ♥, gopopo! Gobopo!」",「咕嚕♥、咕咕！咕咕！」,「咕噜♥、咕咕！咕咕！」,「ゴペッ♥、ゴポッ！ゴポッ！」,「咕呸♥，咕噗！咕噗！」,「咕呸♥，咕噗！咕噗！」,"""Ugh! Gaaa... Guhhh...""","「고펫♥, 고폿! 고폿!」"
,Akiho core1-7,,,,,,,,,
Akiho.Core1-42,,(だめっ♥、こんなのっ♥、とまらないっっ♥！),"(No, I can't do this, I can't stop, I can't stop!)",(不行♥，這樣的♥，停不下來♥！),(不行♥，这样的♥，停不下来♥！),(だめっ♥、こんなのっ♥、とまらないっっ♥！),（不行！♥，這樣♥，停不下來！）,（不行！♥，这样♥，停不下来！）,(No♥ I...♥ It won't stop♥),"(안돼♥, 이런 건♥, 멈추지 않아♥♥!)"
,,,,,,,,,,
Akiho.Core1-43,,(お尻からも入ってるのにッ♥、口からもそんなに入ったらっ♥),"(I'm getting it in my ass, and if I get that much in my mouth, I'm going to be in trouble.)",(從屁股進入了♥，再從口中進入這麼多♥),(从屁股进入了♥，再从口中进入这么多♥),(お尻からも入ってるのにッ♥、口からもそんなに入ったらっ♥),（屁眼裡已經進去了，嘴巴裡再進這麼多的話♥！）,（屁眼里已经进去了，嘴巴里再进这么多的话♥！）,(It's in my butt and in my mouth...♥),"(엉덩이에서도 들어오는데♥, 입에서도 그렇게 들어오면♥)"
,,,,,,,,,,
Akiho.Core1-44,,(お腹がっ♥、壊れ―――――),"(Hungry ♥, broken ―――――)",(肚子♥，壞掉了―――――),(肚子♥，坏掉了―――――),(お腹がっ♥、壊れ―――――),（肚子會♥，壞掉—————）,（肚子会♥，坏掉—————）,(My stomach is going to explode...),"(배가♥, 부서져―――――)"
,,,,,,,,,,
Akiho.Core1-45,,ギュルルルルッ、グルルルッ！,,咕嚕嚕嚕嚕嚕！咕嚕嚕嚕！,咕噜噜噜噜噜！咕噜噜噜！,ギュルルルルッ、グルルルッ！,咕嚕嚕嚕嚕！咕嚕嚕嚕！,咕噜噜噜噜！咕噜噜噜！,Grrrrrr... Grrrrrr!,"규르르르르릇, 그르르릇!"
,,,,,,,,,,
Akiho.Core1-46,,「ん゛んんっ～～～～～っっ♥♥♥！？！！？」,「♥♥♥♥♥♥?!!!!」,「嗯咕嚕～～～～～嚕嚕♥♥♥！？！！？」,「嗯咕噜～～～～～噜噜♥♥♥！？！！？」,「ん゛んんっ～～～～～っっ♥♥♥！？！！？」,「嗯嗯嗯～～～～～♥♥♥！？！！？」,「嗯嗯嗯～～～～～♥♥♥！？！！？」,"""Hnnnnngggg♥♥♥?!""",「으음옷 으음옷 ~~~읏♥♥♥!?!!?」
,,,,,,,,,,
Akiho.Core1-47,,明穂の腸内で上下の穴から侵入したスライムが合体する,Slime entering through the upper and lower holes in Akiho's intestines merges with each other.,在明穗的腸道內，從上下的洞穴侵入的史萊姆合體了。,在明穗的肠道内，从上下的洞穴侵入的史莱姆合体了。,明穂の腸内で上下の穴から侵入したスライムが合体する,從上下兩個開口侵入的史萊姆在明穗的腸道內合體。,从上下两个开口侵入的史莱姆在明穗的肠道内合体。,The slimes from above and below combined in her intestines.,아키호의 장내에서 위아래 구멍으로 침입한 슬라임이 합체한다
,,,,,,,,,,
Akiho.Core1-48,,「ゲボッ♥、ゴボッ♥、ゴポッ！」,"「Gobble, gobble, gobble!」",「嘔嚕♥、咕嚕♥、咕噗！」,「呕噜♥、咕噜♥、咕噗！」,「ゲボッ♥、ゴボッ♥、ゴポッ！」,「嗝嘔♥，咕啵♥，咕噗！」,「嗝呕♥，咕啵♥，咕噗！」,"""Ugh! Gaaa... Guhhh...""","「게봇♥, 고봇♥, 고폿!」"
,,,,,,,,,,
Akiho.Core1-49,,(体の中っ♥、全部スライムで満たされてるっ♥),"(Inside my body, it's all filled with slime!)",(身體裡♥，全部都被史萊姆填滿了♥),(身体里♥，全部都被史莱姆填满了♥),(体の中っ♥、全部スライムで満たされてるっ♥),（身體裡面♥，全被史萊姆填滿了♥！）,（身体里面♥，全被史莱姆填满了♥！）,(My body... is filled with slime♥),"(몸속♥, 전부 슬라임으로 채워져 있어♥)"
,,,,,,,,,,
Akiho.Core1-50,,(体の中でグネグネ動いてっ♥、お゛っ♥、お゛おっ♥！？),"(It's squirming around in my body ♥, ooh, ooh, ooh, ooh!)",(身體裡扭來扭去地動著♥、喔♥、喔喔♥！？),(身体里扭来扭去地动著♥、喔♥、喔喔♥！？),(体の中でグネグネ動いてっ♥、お゛っ♥、お゛おっ♥！？),（它在身體裡扭來扭去♥，嗚！♥，嗚喔！♥！？）,（它在身体里扭来扭去♥，呜！♥，呜喔！♥！？）,(They're twisting and turning within me... Ohhh♥ Ohhhhhh♥),"(몸속에서 꿈틀꿈틀 움직여서♥, 오옷♥, 오오옷♥!?)"
,Akiho core1-8,,,,,,,,,
Akiho.Core1-51,,そして、いつの間にか容器の中はスライムでいっぱいになり、明穂は完全に飲み込まれる,"And before you know it, the container is full of slime and Akiho is completely engulfed!",然後，不知不覺容器裡充滿了史萊姆，明穗完全被吞噬。,然后，不知不觉容器里充满了史莱姆，明穗完全被吞噬。,そして、いつの間にか容器の中はスライムでいっぱいになり、明穂は完全に飲み込まれる,很快，容器內已經被史萊姆填滿，明穗被完全淹沒。,很快，容器内已经被史莱姆填满，明穗被完全淹没。,"At some point, the slime filled the container and Akiho was fully devoured by it.","그리고, 어느새 용기 안은 슬라임으로 가득 차, 아키호는 완전히 삼켜진다"
,,,,,,,,,,
Akiho.Core1-52,,「カポッ♥………ッ♥」,「Kapok ♥.........♥」,「卡波♥………」,「卡波♥………」,「カポッ♥………ッ♥」,「喀噗♥………！♥」,「喀噗♥………！♥」,"""Ughh...♥""",「카폿♥………윽♥」
,,,,,,,,,,
Akiho.Core1-53,,(だめっ………♥、酸欠で…意識がっ………♥！),"(No! .........♥, I'm out of acid...I'm unconscious .........♥!)",(不行………♥、缺氧了…意識………♥！),(不行………♥、缺氧了…意识………♥！),(だめっ………♥、酸欠で…意識がっ………♥！),（不行………♥，缺氧了……意識也………♥！）,（不行………♥，缺氧了……意识也………♥！）,(No... Oxygen... My mind...♥),"(안돼………♥, 산소 부족으로… 의식이………♥!)"
,Akiho core1-9,,,,,,,,,
Akiho.Core1-54,,「ッ♥……………ッ♥……………」,「♥............... ♥...............」,「喔♥……………喔♥……………」,「喔♥……………喔♥……………」,「ッ♥……………ッ♥……………」,「！♥……………！♥……………」,「！♥……………！♥……………」,"""...♥ ...♥""",「윽♥……………윽♥……………」
,,,,,,,,,,
Akiho.Core1-55,,ゴプッ…ゴポッ…,Gobble... gobble...,卡波…卡波…,卡波…卡波…,ゴプッ…ゴポッ…,咕噗……咕噗……,咕噗……咕噗……,"Gupp, gaaaahhh...",곱… 곱…
,,,,,,,,,,
Akiho.Core1-56,,(あっ…♥…………助け…………),(Oh...♥............ help ............),(啊…♥…………救命…………),(啊…♥…………救命…………),(あっ…♥…………助け…………),（啊……♥…………救命…………）,（啊……♥…………救命…………）,(Ah♥ Help me....♥),(앗…♥………… 도와줘…………)
,,,,,,,,,,
Akiho.Core1-57,,「………………♥」,「..................♥」,「………………♥」,「………………♥」,「………………♥」,「………………♥」,「………………♥」,"""...""",「………………♥」
,,,,,,,,,,
Akiho.Core1-58,,明穂の体から力が抜け、意識はスライムに溶けていくのだった,"Akiho's strength drained from her body, and her consciousness dissolved into slime.",明穗的身體失去力量，意識漸漸溶解成黏液。,明穗的身体失去力量，意识渐渐溶解成黏液。,明穂の体から力が抜け、意識はスライムに溶けていくのだった,明穗的身體失去了力氣，意識逐漸溶解在史萊姆之中。,明穗的身体失去了力气，意识逐渐溶解在史莱姆之中。,Akiho lost all her strength and her mind disintegrated into the slime.,"아키호의 몸에서 힘이 빠지고, 의식은 슬라임 속으로 녹아들었다"
,,,,,,,,,,
,,,,,,,,,,
Akiho Core Scene２,注釈,聖核シーン２,聖核シーン２,聖核シーン２,圣核シーン２,聖核シーン２,聖核シーン２,圣核シーン２,,성핵 이벤트 2
,,,,,,,,,,
Akiho.Core2-1,,明穂がスライムに飲み込まれてからしばらくして――――,Some time after Akiho was swallowed by the slime: ――――,自明穗被黏液吞噬後不久———,自明穗被黏液吞噬后不久———,明穂がスライムに飲み込まれてからしばらくして――――,明穗被史萊姆吞噬後過了一段時間——————,明穗被史莱姆吞噬后过了一段时间——————,A while after she was devoured by the slime...,아키호가 슬라임에게 삼켜진 후 얼마 지나지 않아――――
,暗転,,,,,,,,,
Akiho.Core2-2,Akiho core2ｰ1,ゴポッ………ゴポッ………,Gopot ......... Gopot .........,哥波………哥波………,哥波………哥波………,ゴポッ………ゴポッ………,咕噗……咕噗……,咕噗……咕噗……,Aghhh... Ahhhhggg...,고폿……… 고폿………
,,,,,,,,,,
Akiho.Core2-3,,円柱状の容器はピンク色の液体で満たされ、明穂の姿は既におぼろげな人間の形が見えるだけになっていた,"The cylindrical container was filled with a pink liquid, and Akiho's figure was already only a dim human form visible",圓柱狀的容器充滿了粉紅色液體，明穗的身影已經模糊地只能看到人類的輪廓。,圆柱状的容器充满了粉红色液体，明穗的身影已经模糊地只能看到人类的轮廓。,円柱状の容器はピンク色の液体で満たされ、明穂の姿は既におぼろげな人間の形が見えるだけになっていた,圓柱形的容器裡充滿了粉紅色的液體，明穗的身影已經模糊不清，只隱約能看到人類的輪廓。,圆柱形的容器里充满了粉红色的液体，明穗的身影已经模糊不清，只隐约能看到人类的轮廓。,"The cylinder was filled with a pink fluid, and Akiho was just a blurry figure that faintly resembled a human.","원통형 용기는 분홍색 액체로 가득 차, 아키호의 모습은 이미 희미한 인간 형체만 보일 뿐이었다"
,,,,,,,,,,
Akiho.Core2-4,明穂,(……………っ),(...............),(……………唔),(……………唔),(……………っ),（……………！）,（……………！）,(...),(……………윽)
,,,,,,,,,,
Akiho.Core2-5,,(……わたし…まだ生きてる………？),(...... I...still alive .........?),(……我…還活著………？),(……我…还活著………？),(……わたし…まだ生きてる………？),（……我……還活著嗎……？）,（……我……还活着吗……？）,(...I'm... still alive?),(……나… 아직 살아있어………?)
,,,,,,,,,,
Akiho.Core2-6,,(……でも……もう体の感覚が無い……………どうなってるの………？),(...... but ...... I can't feel my body anymore ............... What's going on .........?),(……但是……身體已經失去感覺了……………發生了什麼事………？),(……但是……身体已经失去感觉了……………发生了什么事………？),(……でも……もう体の感覚が無い……………どうなってるの………？),（……但是……身體已經沒有任何感覺了…………怎麼回事……？）,（……但是……身体已经没有任何感觉了…………怎么回事……？）,(But... I can't feel my body... What's happening...),(……하지만…… 이제 몸의 감각이 없어…………… 어떻게 된 거지………?)
,,,,,,,,,,
Akiho.Core2-7,,(っ……誰か……助けてっ………！),(...... someone ...... help me .........!),(唔……誰……幫幫我……！),(唔……谁……帮帮我……！),(っ……誰か……助けてっ………！),（！……誰來……救救我！……）,（！……谁来……救救我！……）,(Someone... help!),(윽…… 누구……… 도와줘………!)
,Akiho core2-2,,,,,,,,,
Akiho.Core2-8,,その時、突然スライムの一部が明るく発光し始める,"At that moment, suddenly part of the slime begins to glow brightly.",就在那時，突然有一部份的史萊姆開始發出明亮的光芒。,就在那时，突然有一部份的史莱姆开始发出明亮的光芒。,その時、突然スライムの一部が明るく発光し始める,就在這時，史萊姆的一部分突然開始發出亮光。,就在这时，史莱姆的一部分突然开始发出亮光。,"Suddenly, a part of the slime glowed.","그때, 갑자기 슬라임 일부가 밝게 발광하기 시작한다"
,,,,,,,,,,
Akiho.Core2-9,,ギュルルルルッ、グルルルッ,,咕嚕嚕嚕嚕，咕嚕嚕。,咕噜噜噜噜，咕噜噜。,ギュルルルルッ、グルルルッ,咕嚕嚕嚕嚕！咕嚕嚕嚕！,咕噜噜噜噜！咕噜噜噜！,Grrrrr... Grrrr...,"규르르르르릇, 그르르릇"
,,,,,,,,,,
Akiho.Core2-10,,(な、何っ……！？、スライムがっ…動いてるっ……！？),(What the ......? The slime is moving!),(什、什麼……！？史萊姆在移動……！？),(什、什么……！？史莱姆在移动……！？),(な、何っ……！？、スライムがっ…動いてるっ……！？),（什、什麼！……史萊姆在……動了！……？）,（什、什么！……史莱姆在……动了！……？）,(What? The slime... is moving?),"(뭐, 뭐야……!?, 슬라임이… 움직이고 있어……!?)"
,Akiho core2ｰ3,,,,,,,,,
Akiho.Core2-11,,スライムが容器内で動き出し、かろうじて人間の姿を保っていた部分も崩れてしまう,"The slime begins to move inside the container, and parts of it that barely retained their human form crumble.",史萊姆在容器內開始移動，勉強保持著人類的形態的部分也開始崩解。,史莱姆在容器内开始移动，勉强保持著人类的形态的部分也开始崩解。,スライムが容器内で動き出し、かろうじて人間の姿を保っていた部分も崩れてしまう,史萊姆在容器內開始流動，勉強維持的人形輪廓也隨之崩塌。,史莱姆在容器内开始流动，勉强维持的人形轮廓也随之崩塌。,"The slime started moving within the container, knocking loose the last part that resembled a human.","슬라임이 용기 내에서 움직이기 시작하며, 간신히 인간 형태를 유지하던 부분도 무너져 버린다"
,,,,,,,,,,
Akiho.Core2-12,,(んあっ♥、えっ♥！？………私っ…どうなってっ……！？),"(Nnnnghhhh, ehhh! ......... I...what's going on ......!)",(嗯啊♥、欸♥！？……我……怎麼了……！？),(嗯啊♥、欸♥！？……我……怎么了……！？),(んあっ♥、えっ♥！？………私っ…どうなってっ……！？),（嗯啊♥，咦♥！？……我……變成什麼了！……？）,（嗯啊♥，咦♥！？……我……变成什么了！……？）,"(Huh? Um, what's going to happen to me?)","(응앗♥, 엣♥!?……… 나… 어떻게 된 거야……!?)"
,,,,,,,,,,
Akiho.Core2-13,,(わたしの体がっ…なくなって行ってる…！？),(My body...is disappearing...!),(我的身體…正在消失…！？),(我的身体…正在消失…！？),(わたしの体がっ…なくなって行ってる…！？),（我的身體……正在消失！……？）,（我的身体……正在消失！……？）,(My body... is gone!),(내 몸이… 없어져 가고 있어…!?)
,,,,,,,,,,
Akiho.Core2-14,,(んっ♥、体…がっ！？、引き伸ばされて…っ！),"(♥♥, my body...! It's stretched out...!)",(嗯♥、身體…！？、被拉長了…！),(嗯♥、身体…！？、被拉长了…！),(んっ♥、体…がっ！？、引き伸ばされて…っ！),（嗯！♥，身體……被！？拉長了……！）,（嗯！♥，身体……被！？拉长了……！）,(And it's... being stretched...),"(응읏♥, 몸…이!?, 잡아당겨져서…윽!)"
,,,,,,,,,,
Akiho.Core2-15,,(丸められて…っ！？),(Rounded...!),被捲成球狀了…！？,被卷成球状了…！？,(丸められて…っ！？),（被揉成一團了！……？）,（被揉成一团了！……？）,(Being rolled into a ball...),(둥글게 말려서…!?)
,,,,,,,,,,
Akiho.Core2-16,,ギュルルルッ！、ゴボボッ！,Gulp! Gobobobo!,咕嚕嚕嚕！咕噗噗！,咕噜噜噜！咕噗噗！,ギュルルルッ！、ゴボボッ！,咕嚕嚕嚕！咕啵啵！,咕噜噜噜！咕啵啵！,Grrrrrr! Guhhhh!,"규르르르릇!, 고보봇!"
,Akiho core2-4,,,,,,,,,
Akiho.Core2-17,,スライムが流動し、人の形にまとまり始める,Slime begins to fluidize and coalesce into a human form.,史萊姆開始流動，開始凝聚成人的形狀。,史莱姆开始流动，开始凝聚成人的形状。,スライムが流動し、人の形にまとまり始める,史萊姆開始聚集成一個人的形狀。,史莱姆开始聚集成一个人的形状。,The slime flowed and eventually formed the shape of a human.,"슬라임이 유동하며, 사람의 형태로 뭉치기 시작한다"
,,,,,,,,,,
Akiho.Core2-18,スライム,「オ……オオッ……………！」,「O......Oh...............!」,「喔……喔喔……………！」,「喔……喔喔……………！」,「オ……オオッ……………！」,「喔……喔喔……………！」,「喔……喔喔……………！」,"""Ohhhh!""",「오…… 오오옷……………!」
,,,,,,,,,,
Akiho.Core2-19,明穂,(っ～～～！？),(What~!?!!),(～～～！？),(～～～！？),(っ～～～！？),（！～～～！？）,（！～～～！？）,(...?),(윽~~~!?)
,Akiho core2-6,,,,,,,,,
Akiho.Core2-20,,そしてスライムは明穂のような形へと姿を変え、そのお腹部分には小さな明穂の形をしたモノが作られる,"The slime is then transformed into a meibo―like shape, and a small meibo―shaped object is formed on its belly.",然後史萊姆變成了像明穗一樣的形狀，並在其腹部製作了小小明穗形狀的東西。,然后史莱姆变成了像明穗一样的形状，并在其腹部制作了小小明穗形状的东西。,そしてスライムは明穂のような形へと姿を変え、そのお腹部分には小さな明穂の形をしたモノが作られる,接著，史萊姆變成了明穗的樣子，在它腹部的位置，形成了一個小小明穗形狀的物體。,接着，史莱姆变成了明穗的样子，在它腹部的位置，形成了一个小小明穗形状的物体。,"The slime transformed into Akiho, and on its stomach was something small that resembled Akiho.","그리고 슬라임은 아키호 같은 형태로 모습을 바꾸고, 그 배 부분에는 작은 아키호 형태의 물건이 만들어진다"
,,,,,,,,,,
Akiho.Core2-21,スライム,「オオ………―――――」,「Oo.........―――――」,「喔………―――――」,「喔………―――――」,「オオ………―――――」,「喔喔………―――――」,「喔喔………―――――」,"""Ohhhh...""",「오오………―――――」
,,,,,,,,,,
Akiho.Core2-22,,タプンッ…タプンッ,Tapun... tapun... tapun.,噹……噹,当……当,タプンッ…タプンッ,啪咚……啪咚。,啪咚……啪咚。,"Stomp, stomp",타푼… 타푼
,,,,,,,,,,
Akiho.Core2-23,,「……フフツ………デキ……タッ！」,「......futu.........deki......tat!」,「……呼呼……成功……了！」,「……呼呼……成功……了！」,「……フフツ………デキ……タッ！」,「……呼呼嗤………完……成了！」,「……呼呼嗤………完……成了！」,"""Hehehe... It's... done!""",「……후훗………됐…다!」
,,,,,,,,,,
Akiho.Core2-24,明穂,(～っ！？、な、何っ！、そこに誰かいるのっ！？),(~! What? There's someone in there!),(～！？、那、什麼！、那邊有人在嗎！？),(～！？、那、什么！、那边有人在吗！？),(～っ！？、な、何っ！、そこに誰かいるのっ！？),（！～～～！？什、什麼！那裡有誰在嗎！）,（！～～～！？什、什么！那里有谁在吗！）,(...?! Who goes there?),"(~윽!?, 뭐, 뭐야!, 거기에 누구 있는 거야!?)"
,,,,,,,,,,
Akiho.Core2-25,スライム,「フフツ…アキホ………ゴチソウサマ……♥」,「Fuhts...akiho.........Gotchisousama......♥」,「呼呼…明穗……謝謝你……♥」,「呼呼…明穗……谢谢你……♥」,「フフツ…アキホ………ゴチソウサマ……♥」,「呼呼嗤……明穗………多謝款待……♥」,「呼呼嗤……明穗………多谢款待……♥」,"""Hehehe... Akiho... Thank you for the food.""",「후훗… 아키호……… 잘 먹었어……♥」
,,,,,,,,,,
Akiho.Core2-26,,「カラダ………オイシカッタ………♥」,「Karada......... oisikatta.........♥」,「身體………好吃的………♥」,「身体………好吃的………♥」,「カラダ………オイシカッタ………♥」,「你的身體………很美味………♥」,「你的身体………很美味………♥」,"""The body... was great.""",「몸……… 맛있었어………♥」
,,,,,,,,,,
Akiho.Core2-27,明穂,(～～～っ！？、え、何っ、どういう事っ！？),"(~~~! What, what, what's going on?)",(～！？、嗯、什麼、怎麼回事！？),(～！？、嗯、什么、怎么回事！？),(～～～っ！？、え、何っ、どういう事っ！？),（！～～～！？咦，什麼，這是怎麼回事！）,（！～～～！？咦，什么，这是怎么回事！）,(...? What's going on?),"(~~~윽!?, 에, 뭐야, 무슨 소리야!?)"
,,,,,,,,,,
Akiho.Core2-28,スライム,「フフツ………ジャアネ……アキホチャン………」,「ffutu......... jaane...... akihochan.........」,「呼呼……再見……明穗小姐……」,「呼呼……再见……明穗小姐……」,「フフツ………ジャアネ……アキホチャン………」,「呼呼嗤………再見了喔……明穗醬………」,「呼呼嗤………再见了喔……明穗酱………」,"""Heh, see you... Akiho...""",「후훗……… 그럼 안녕…… 아키호쨩………」
,Akiho core　2-4,,,,,,,,,
Akiho.Core2-29,,そう言うとスライムは再び体を変形させ始める,Then the slime begins to transform its body again.,這樣說著，史萊姆再次開始改變身體形狀。,这样说著，史莱姆再次开始改变身体形状。,そう言うとスライムは再び体を変形させ始める,說完，史萊姆又開始改變自己的形狀。,说完，史莱姆又开始改变自己的形状。,The slime started transforming again.,그렇게 말하며 슬라임은 다시 몸을 변형시키기 시작한다
,,,,,,,,,,
Akiho.Core2-30,,グリュッ、グリュリュ！,Grrrrrrrrrrrrrrrrrrrrrrrrrrrrrrr!,咕嚕、咕嚕！,咕噜、咕噜！,グリュッ、グリュリュ！,咕嚕！咕嚕嚕！,咕噜！咕噜噜！,"Click, clickty click!","그릇, 그릇릇!"
,,,,,,,,,,
Akiho.Core2-31,スライム,「オオッ！………ッ！」,「Oooh! .........!」,「哦！………！」,「哦！………！」,「オオッ！………ッ！」,「喔喔！………！」,「喔喔！………！」,"""Ohhhhhh!""",「오옷!………윽!」
,Akiho core 2-7,,,,,,,,,
Akiho.Core2-32,スライム,「ンンッ…………………んっ♥」,「Nnnngggghhhh...」,「嗯嗯…………………♥」,「嗯嗯…………………♥」,「ンンッ…………………んっ♥」,「嗯嗯！…………………嗯！♥」,「嗯嗯！…………………嗯！♥」,"""Nnnnnn""",「응응읏………………… 응읏♥」
,,,,,,,,,,
Akiho.Core2-33,,スライムは変形を繰り返し、やがて聖核戦姫の明穂の姿になる,"The slime repeatedly transforms and eventually takes the form of Akiho, the Holy Core Battlemaiden.",史萊姆不斷變形，最終化身為聖核戰姬明穗的模樣。,史莱姆不断变形，最终化身为圣核战姬明穗的模样。,スライムは変形を繰り返し、やがて聖核戦姫の明穂の姿になる,史萊姆不斷變形，最終變成了聖核戰姬——明穗的樣子。,史莱姆不断变形，最终变成了圣核战姬——明穗的样子。,"The slime transformed over and over, until it transformed into Akiho, a Holy Core Battlemaiden.","슬라임은 변형을 반복하며, 마침내 성핵전희 아키호의 모습이 된다"
,,,,,,,,,,
Akiho.Core2-34,スライム,「ふふっ……最後に………♥」,「Phew ...... and finally ......... ♥」,「呵呵……最後一次……♥」,「呵呵……最后一次……♥」,「ふふっ……最後に………♥」,「呼呼……最後………♥」,「呼呼……最后………♥」,"""Heh, and finally...""",「후훗…… 마지막으로………♥」
,,,,,,,,,,
Akiho.Core2-35,,グチュッ！、ズボッ！,Gut! Zubotsu!,噗嗤！、啪！,噗嗤！、啪！,グチュッ！、ズボッ！,咕啾！滋啵！,咕啾！滋啵！,"Squelch, pop!","구츗!, 즈봇!"
,,,,,,,,,,
Akiho.Core2-36,明穂,(ひぐっ♥、んあああっ♥！),"(Higg ♥, nn ah ah ♥!)",(噫咕♥、嗯啊啊♥！),(噫咕♥、嗯啊啊♥！),(ひぐっ♥、んあああっ♥！),（嗚給♥，嗯啊啊！）,（呜给♥，嗯啊啊！）,(Hnnn♥ Ahhhhh♥),"(히끅♥, 응아아앗♥!)"
,Akiho core 2-8,,,,,,,,,
Akiho.Core2-37,,スライムは腹に手を入れ、固形化したピンク色の物質を引きずり出す,The slime reaches into its belly and drags out the solidified pink substance,史萊姆將手伸進腹部，拉出固化成粉紅色物質。,史莱姆将手伸进腹部，拉出固化成粉红色物质。,スライムは腹に手を入れ、固形化したピンク色の物質を引きずり出す,史萊姆將手伸進自己的腹部，將那個固體化的粉紅色物體拖了出來。,史莱姆将手伸进自己的腹部，将那个固体化的粉红色物体拖了出来。,The slime reached into her abdomen and pulled out a pink substance that has solidified.,"슬라임은 배에 손을 넣어, 고형화된 분홍색 물질을 끌어낸다"
,,,,,,,,,,
Akiho.Core2-38,スライム,「はあっ♥、はあっ♥、はあっ♥、」,「Ha―ha―ha―ha―ha―ha―ha.」,「呼呼♥、呼呼♥、呼呼♥、」,「呼呼♥、呼呼♥、呼呼♥、」,「はあっ♥、はあっ♥、はあっ♥、」,「哈啊♥，哈啊♥，哈啊♥」,「哈啊♥，哈啊♥，哈啊♥」,"""Haaa♥ Haaa♥ Haaaaa♥""","「하앗♥, 하앗♥, 하앗♥,」"
,,,,,,,,,,
Akiho.Core2-39,スライム,「ふふっ……肉体も記憶も完全にコピーしたよ♥聖核戦姫にも変身できるし…これで完全に私が笹谷明穂だねっ♥」,「Hmmm...I completely copied my ...... body and memories...I can also transform into the Holy Core Battlemaiden...now I am completely Sasaya Akiho...right?」,「呵呵……肉體和記憶都完全複製了♥可以變身成聖核戰姬了…現在我完全就是笹谷明穗了呢♥」,「呵呵……肉体和记忆都完全复制了♥可以变身成圣核战姬了…现在我完全就是笹谷明穗了呢♥」,「ふふっ……肉体も記憶も完全にコピーしたよ♥聖核戦姫にも変身できるし…これで完全に私が笹谷明穂だねっ♥」,「呼呼……身體和記憶都完全複製了喔♥，也能變身聖核戰姬……這樣我就徹底是笹谷明穗了呢♥。」,「呼呼……身体和记忆都完全复制了喔♥，也能变身圣核战姬……这样我就彻底是笹谷明穗了呢♥。」,"""I've copied her body and her memory♥ I can even transform into a Holy Core Battlemaiden... I'm totally Akiho Sasaya!""",「후훗…… 육체도 기억도 완전히 복사했어♥ 성핵전희로도 변신할 수 있고… 이걸로 완전히 내가 사사야 아키호네♥」
,,,,,,,,,,
Akiho.Core2-40,明穂,(～～～～～ッ！？、何っ、なんで私が目の前にっ！？),"(～～～～～! What, what, why am I right in front of you!)",(～～～～～！？、什麼、為什麼我在這裡！？),(～～～～～！？、什么、为什么我在这里！？),(～～～～～ッ！？、何っ、なんで私が目の前にっ！？),（！～～～～～！？什麼，為什麼我會出現在眼前！？）,（！～～～～～！？什么，为什么我会出现在眼前！？）,(...Huh? Why am I seeing myself?!),"(~~~~~윽!?, 뭐, 왜 내가 눈앞에!?)"
,,,,,,,,,,
Akiho.Core2-41,,明穂は目の前に巨大な自分に持たれている今の状況を理解できない,Akiho can't understand the situation now that he is being held by his huge self in front of him.,明穗無法理解眼前被巨大的自己所抱住的現況。,明穗无法理解眼前被巨大的自己所抱住的现况。,明穂は目の前に巨大な自分に持たれている今の状況を理解できない,明穗無法理解自己被眼前巨大的自己拿在手上的現狀。,明穗无法理解自己被眼前巨大的自己拿在手上的现状。,Akiho could not comprehend why there was a larger version of herself standing in front of her.,아키호는 눈앞의 거대한 자신에게 들려있는 지금 상황을 이해할 수 없다
,,,,,,,,,,
Akiho.Core2-42,スライム,「ふふっ…明穂ちゃんこんなになっちゃって可愛いね♥」,"「Akiho-chan, you're so cute now that you've become like this.」",「呵呵…明穗醬變成這樣真可愛呢♥」,「呵呵…明穗酱变成这样真可爱呢♥」,「ふふっ…明穂ちゃんこんなになっちゃって可愛いね♥」,「呼呼……明穗醬變成這個樣子也好可愛喔♥。」,「呼呼……明穗酱变成这个样子也好可爱喔♥。」,"""Heh, Akiho looks cuter like this.""",「후훗… 아키호쨩 이렇게 돼서 귀엽네♥」
,,,,,,,,,,
Akiho.Core2-43,,「あ……でも明穂はもう私だし…“コレ”を明穂っていうのは変だよね…」,"「Oh, ...... but Akiho is already me... and it's weird to call this Akiho...」",「啊……但是明穗已經是我了…用明穗來稱呼這個就有點奇怪了吧…」,「啊……但是明穗已经是我了…用明穗来称呼这个就有点奇怪了吧…」,「あ……でも明穂はもう私だし…『コレ』を明穂っていうのは変だよね…」,「啊……不過明穗已經是我了，叫『這個』明穗好像怪怪的……」,"「啊……不过明穗已经是我了，叫""这个""明穗好像怪怪的……」","""Wait, I'm Akiho, calling this Akiho is kind of strange...""",「아…… 하지만 아키호는 이제 나고… “이것”을 아키호라고 부르는 건 이상하네…」
,,,,,,,,,,
Akiho.Core2-44,明穂,(ち、違うっ！明穂は私っ！),"(No, no! Akiho is me!)",(不、不對！明穗是我的！),(不、不对！明穗是我的！),(ち、違うっ！明穂は私っ！),（不、不對！明穗是我！）,（不、不对！明穗是我！）,"(No, I'm Akiho!)","(다, 달라! 아키호는 나야!)"
,,,,,,,,,,
Akiho.Core2-45,スライム,「まあオナホでいっか…じゃあねオナホちゃん♥！体ありがとっ♥！」,"「Well, I'll just use a masturbator...Bye, masturbator ♥! Thanks for the body!」",「嘛，用模擬器也可以啦…那再見了，模擬器醬♥！辛苦你了♥！」,「嘛，用模拟器也可以啦…那再见了，模拟器酱♥！辛苦你了♥！」,「まあオナホでいっか…じゃあねオナホちゃん♥！体ありがとっ♥！」,「算了，叫飛機杯好了……那再見了，飛機杯醬♥！謝謝妳的身體♥！」,「算了，叫飞机杯好了……那再见了，飞机杯酱♥！谢谢妳的身体♥！」,"""Well, I guess I can call her a pocket pussy. Thanks for the body!""",「뭐 오나홀이면 됐나… 그럼 안녕 오나홀쨩♥! 몸 고마워♥!」
,,,,,,,,,,
Akiho.Core2-46,スライム,「そういうわけで…これからは私が笹谷明穂だから！オナホちゃんはオナホの仕事頑張ってね♥」,"「I'm Sasaya Akiho from now on! Good luck with your masturbation work, Onaho―chan ♥」",「這樣一來…從現在起我就是笹谷明穗了！模擬器醬要加油做好模擬器的工作喔♥」,「这样一来…从现在起我就是笹谷明穗了！模拟器酱要加油做好模拟器的工作喔♥」,「そういうわけで…これからは私が笹谷明穂だから！オナホちゃんはオナホの仕事頑張ってね♥」,「所以呢……從今以後我就是笹谷明穗了！飛機杯醬要好好努力做好飛機杯的工作喔♥。」,「所以呢……从今以后我就是笹谷明穗了！飞机杯酱要好好努力做好飞机杯的工作喔♥。」,"""Anyway... I'm Akiho Sasaya now! And you're pocket pussy! Do your job, okay?""",「그런 이유로… 이제부터는 내가 사사야 아키호니까! 오나홀쨩은 오나홀 일 열심히 해줘♥」
,,,,,,,,,,
Akiho.Core2-47,明穂,(っ、やだっ！返してっ！私の体っ！元に戻してよっ！),"(Oh, no! Give it back! My body! Give it back!)",(不、不要！還給我！我的身體！讓我恢復原狀！),(不、不要！还给我！我的身体！让我恢复原状！),(っ、やだっ！返してっ！私の体っ！元に戻してよっ！),（！不要！還給我！我的身體！變回原來的樣子啊！）,（！不要！还给我！我的身体！变回原来的样子啊！）,(No! Give me back my body!),"(윽, 싫어! 돌려줘! 내 몸! 원래대로 돌려놔!)"
,,,,,,,,,,
Akiho.Core2-48,スライム,「ふふっ、プルプルしちゃってかわいい～～♥」,"「Heh, he pulled so cute~~♥」",「呵呵，發抖得好可愛～～♥」,「呵呵，发抖得好可爱～～♥」,「ふふっ、プルプルしちゃってかわいい～～♥」,「呼呼，抖來抖去的好可愛～～♥」,「呼呼，抖来抖去的好可爱～～♥」,"""It's so cute when you shake.""","「후훗, 푸들푸들해서 귀여워~~♥」"
,,,,,,,,,,
Akiho.Core2-49,,「大丈夫！オナホちゃんなら立派なオナホになれるよっ！」,「Don't worry! You can be a great masturbator!」,「沒問題！模擬器醬的話一定能成為優秀的模擬器的！」,「没问题！模拟器酱的话一定能成为优秀的模拟器的！」,「大丈夫！オナホちゃんなら立派なオナホになれるよっ！」,「沒關係的！飛機杯醬一定能成為一個稱職的飛機杯喔！」,「没关系的！飞机杯酱一定能成为一个称职的飞机杯喔！」,"""Don't worry, you'll become an amazing pocket pussy!""",「괜찮아! 오나홀쨩이라면 훌륭한 오나홀이 될 수 있어!」
,,,,,,,,,,
Akiho.Core2-50,明穂,「待ってっ！そんなのっ、いやああああっっっ！！」,"「Wait! No, no, no, no, no, no, no!」",「等等！這樣的事情、不要啊啊啊啊啊！！」,「等等！这样的事情、不要啊啊啊啊啊！！」,「待ってっ！そんなのっ、いやああああっっっ！！」,「等等！那種事、不要啊啊啊啊啊！！」,「等等！那种事、不要啊啊啊啊啊！！」,"""Wait! No!""","「기다려! 그런 거, 싫어어어어어엇!!」"
,,,,,,,,,,
Akiho.Core2-51,,その後、スライムは明穂の姿をした怪人として活躍し、明穂はオナホとして戦闘員達に使用される日々が続くのだった,"After that, the slime was active as a monster in the form of Akiho, and Akiho was used by the combatants as a masturbation device.",其後，史萊姆化身為明穗的奇人，展開活躍，而明穗則持續被用作戰鬥人員的模擬器。,其后，史莱姆化身为明穗的奇人，展开活跃，而明穗则持续被用作战斗人员的模拟器。,その後、スライムは明穂の姿をした怪人として活躍し、明穂はオナホとして戦闘員達に使用される日々が続くのだった,之後，史萊姆以明穗的形象作為怪人活躍著，而明穗則作為飛機杯，持續著被戰鬥員們使用的日子。,之后，史莱姆以明穗的形象作为怪人活跃着，而明穗则作为飞机杯，持续着被战斗员们使用的日子。,"The slime went on to act as a fiend in the shape of Akiho, while the real Akiho was used as a pocket pussy by all the soldiers.","그 후 슬라임은 아키호의 모습을 한 괴인으로 활약하고, 아키호는 오나홀로서 전투원들에게 사용되는 나날을 보내게 되었다"