Key,Comment,Japanese,Japanese_Steam,Traditional Chinese_Steam,English,Traditional Chinese,Simplified Chinese,English_Steam,Korean_Steam,Simplified Chinese_Steam
Daiya Fallen Scene,注釈,闇堕ちシーン,闇堕ちシーン,闇堕ちシーン,闇堕ちシーン,墮入黑暗場景,,,타락 이벤트,暗堕ちシーン
,Daiya story 1-1 ,,,,,,,,,
Daiya.Fallen1-1,,財団地下施設,財団地下施設,財團地下設施,,福倫財團地下設施,,Foundation Underground Facility,재단 지하 시설,财团地下设施
,,,,,,,,,,
Daiya.Fallen1-2,,那由多とエレナに敗北したダイヤは四肢を転送され、機械に接続されていた。,那由多とエレナに敗北したダイヤは四肢を転送され、機械に接続されていた。,敗給了那由多與艾蓮娜的黛雅，四肢被傳送並連接在機械上。,,那由多和艾蓮娜戰敗後，黛雅的四肢被轉移，連接到機械上。,,"Defeated by Nayuta and Erena, Daiya was picked up by her limbs, transferred away, and connected to machinery.","나유타와 엘레나에게 패배한 다이아는 사지를 전송당하고, 기계에 연결되어 있었다.",败给了那由多与艾莲娜的黛雅，四肢被传送并连接在机械上。
,,,,,,,,,,
Daiya.Fallen1-3,,バチバチバチッ！！,バチバチバチッ！！,啪嘰啪嘰啪嘰！！,,「啪啪啪啪！！」,,Zap zap zap!!,바치바치바칫!!,啪叽啪叽啪叽！！
,,　,,,,,,,,
Daiya.Fallen1-4,ダイヤ,「ぐうっ…ッ！はあっ…はあっ…ぐうっ…！？」,「ぐうっ…ッ！はあっ…はあっ…ぐうっ…！？」,「嗚…！哈…哈…嗚…！？」,,「咕嚕…！呼…呼…咕嚕…！？」,,"""Guuh...! Haah... haah... guuh...?!""",「크윽…윽! 하앗… 하앗… 크윽…!?」,「呜…！哈…哈…呜…！？」
,,,,,,,,,,
Daiya.Fallen1-5,,ダイヤは頭に電流を流され、全身に注射や光線を放たれながら改造される。,ダイヤは頭に電流を流され、全身に注射や光線を放たれながら改造される。,黛雅的頭部被施以電流，全身被注射藥物和照射光線進行改造。,,黛雅頭部傳送電流，全身遭注射和光線轟擊，進行改造。,,Electricity coursed through Daiya's head while her entire body was modified with injections and rays.,"다이아는 머리에 전류가 흐르고, 온몸에 주사나 광선을 맞으며 개조된다.",黛雅的头部被施以电流，全身被注射药物和照射光线进行改造。
,,,,,,,,,,
Daiya.Fallen1-6,ダイヤ,(っ…頭に電流が…ッ…思考がまとまらないッ……！！),(っ…頭に電流が…ッ…思考がまとまらないッ……！！),（唔…頭上有電流…思緒無法集中……！！）,,「咕嚕…頭部傳送電流…呼…思緒無法集中…！！」,,(Ngh... electricity in my head... I can't gather my thoughts...!!),(윽… 머리에 전류가…윽… 사고가 정리되지 않아!!),（唔…头上有电流…思绪无法集中……！！）
,,,,,,,,,,
Daiya.Fallen1-7,,(それに……下腹部が……焼けるようだっ……！),(それに……下腹部が……焼けるようだっ……！),（而且……下腹部……像在燃燒一樣……！）,,(而且……下腹部好像……在燃燒……！),,(And... my lower abdomen... feels like it's burning...!),(게다가…… 하복부가…… 타는 것 같아……!),（而且……下腹部……像在燃烧一样……！）
,,,,,,,,,,
Daiya.Fallen1-8,,(手足も…全く感覚が無い……動かせない……っ…),(手足も…全く感覚が無い……動かせない……っ…),（手腳也…完全沒有感覺……無法動彈……）,,(手腳也…完全沒有感覺……動彈不得……嗚…),,(My limbs too... no sensation at all... can't move them... ngh...),(손발도… 전혀 감각이 없어…… 움직일 수 없어……윽…),（手脚也…完全没有感觉……无法动弹……）
,,,,,,,,,,
Daiya.Fallen1-9,,(それでもっ、私は…彼女がやり遂げるまで…屈するわけにはいかないっ……この程度の責め苦など…私は耐えきって見せるッ！),(それでもっ、私は…彼女がやり遂げるまで…屈するわけにはいかないっ……この程度の責め苦など…私は耐えきって見せるッ！),（儘管如此，我…在她完成任務之前…我絕對不能屈服……這種程度的折磨…我一定要忍耐到底！）,,(即使如此，我…不能屈服，直到她完成為止……這種程度的折磨…我會堅持到底的！),,"(Even so, I... until she accomplishes her goal... I cannot submit... This level of torment... I'll endure it all!)","(그래도, 나는… 그녀가 해낼 때까지… 굴복할 수는 없어…… 이 정도 고문 따위… 나는 견뎌내 보이겠다!)",（尽管如此，我…在她完成任务之前…我绝对不能屈服……这种程度的折磨…我一定要忍耐到底！）
,,,,,,,,,,
Daiya.Fallen1-10,那由多,「ふふっ、素敵な恰好ですねダイヤさん。指一本動かせない気分はどうですか？」,「ふふっ、素敵な恰好ですねダイヤさん。指一本動かせない気分はどうですか？」,「呵呵，這身打扮真不錯呢，黛雅小姐。連一根手指都動不了的感覺如何？」,,「呼呼，黛雅小姐，這身打扮真是迷人。無法動彈的感覺如何？」,,"""Fufu, what a lovely appearance, Daiya. How does it feel being unable to move even a single finger?""","「후훗, 멋진 모습이군요 다이아 씨. 손가락 하나 움직일 수 없는 기분은 어떻습니까?」",「呵呵，这身打扮真不错呢，黛雅小姐。连一根手指都动不了的感觉如何？」
,,,,,,,,,,
Daiya.Fallen1-11,ダイヤ,「はあっ、はあっ、悪に下った財団の犬が…私に話しかけるなっ…ッ！」,「はあっ、はあっ、悪に下った財団の犬が…私に話しかけるなっ…ッ！」,「哈、哈啊，投靠了邪惡的財團走狗…不准跟我說話…！」,,「呼呼，呼呼，墮落為邪惡的財團犬…不要對我說話…！」,,"""Haah, haah, you Foundation dog... don't speak to me...!""","「하앗, 하앗, 악에 떨어진 재단의 개가… 나에게 말 걸지 마…윽!」",「哈、哈啊，投靠了邪恶的财团走狗…不准跟我说话…！」
,,,,,,,,,,
Daiya.Fallen1-12,,「私はっ…四肢を奪われようとッ…貴様のような卑劣な輩には屈しない！」,「私はっ…四肢を奪われようとッ…貴様のような卑劣な輩には屈しない！」,「我…就算四肢被奪走…也不會向妳這種卑劣之徒屈服！」,,「我…即使失去四肢…也不會向像你這樣卑劣的傢伙屈服！」,,"""Even if... my limbs are taken... I won't submit to a despicable person like you!""",「나는… 사지를 빼앗기더라도… 네놈 같은 비열한 녀석에게는 굴복하지 않아!」,「我…就算四肢被夺走…也不会向你这种卑劣之徒屈服！」
,,,,,,,,,,
Daiya.Fallen1-13,那由多,「ふふふっ、この状況で強がれるのは流石ダイヤさんですねぇ？並の聖核戦姫なら泣き喚く所ですよ？」,「ふふふっ、この状況で強がれるのは流石ダイヤさんですねぇ？並の聖核戦姫なら泣き喚く所ですよ？」,「呵呵呵，都這種情況了還能逞強，真不愧是黛雅小姐呢？要是普通的聖核戰姫早就哭天喊地了喔？」,,「呼呼呼，即使在這種情況下也能逞強，不愧是黛雅小姐呢？一般的聖核戰姬可是會哭喊的吧？」,,"""Fufufu, being able to act tough in this situation is just like you, Daiya. An ordinary Holy Core Battlemaiden would be crying and screaming by now.""","「후후훗, 이 상황에서 강한 척할 수 있는 것은 역시 다이아 씨군요? 보통 성핵전희라면 울부짖을 겁니다?」",「呵呵呵，都这种情况了还能逞强，真不愧是黛雅小姐呢？要是普通的圣核战姫早就哭天喊地了喔？」
,,,,,,,,,,
Daiya.Fallen1-14,,「まあ、残念ながら貴女がこの状況を打開できる術は万に一つも無いのですが…」,「まあ、残念ながら貴女がこの状況を打開できる術は万に一つも無いのですが…」,「不過，可惜的是，妳能打破這個狀況的機率連萬分之一都沒有…」,,「哎呀，很遺憾，貴女在這種情況下沒有一絲希望可以突破…」,,"""Well, unfortunately there's not even a one-in-a-million chance that you can escape this situation...""","「뭐, 유감스럽게도 당신이 이 상황을 타개할 방법은 만에 하나도 없습니다만…」",「不过，可惜的是，你能打破这个状况的机率连万分之一都没有…」
,,,,,,,,,,
Daiya.Fallen1-15,ダイヤ,「例え私が今、何もできなくとも、それが諦める理由にはならないっ…私が貴様のように悪に堕ちることは無いっ…！」,「例え私が今、何もできなくとも、それが諦める理由にはならないっ…私が貴様のように悪に堕ちることは無いっ…！」,「就算我現在什麼都做不了，也不構成我放棄的理由…我才不會像妳一樣墮入邪惡…！」,,「即使我現在無法做任何事情，這並不是放棄的理由…我不會像你一樣墮落為邪惡的存在！」,,"""Even if I can't do anything now, that's not a reason to give up... I will never fall to evil like you...!""","「설령 내가 지금, 아무것도 할 수 없더라도, 그것이 포기할 이유는 되지 않아… 내가 네놈처럼 악에 떨어질 일은 없어…!」",「就算我现在什么都做不了，也不构成我放弃的理由…我才不会像你一样堕入邪恶…！」
,,,,,,,,,,
Daiya.Fallen1-16,,「いくら体と頭をもてあそばれようと…私は最後まで聖核戦姫だ…っ！」,「いくら体と頭をもてあそばれようと…私は最後まで聖核戦姫だ…っ！」,「無論身體和腦袋被怎麼玩弄…我到最後都是聖核戰姫…！」,,「無論身體和頭腦如何被玩弄…我都會堅持到底，作為聖核戰姬…！」,,"""No matter how much my body and mind are toyed with... I am a Holy Core Battlemaiden to the end...!""",「아무리 몸과 머리를 가지고 놀아도… 나는 마지막까지 성핵전희다…윽!」,「无论身体和脑袋被怎么玩弄…我到最后都是圣核战姫…！」
,,,,,,,,,,
Daiya.Fallen1-17,那由多,「その高潔な精神…素晴らしいです…！しかし貴女はちょっと勘違いしていますね。」,「その高潔な精神…素晴らしいです…！しかし貴女はちょっと勘違いしていますね。」,「那高潔的精神…真是太棒了…！不過妳有點誤會了呢。」,,「那份高尚的精神…太棒了…！但是您有些誤會了。」,,"""That noble spirit... wonderful...! However, you're misunderstanding something.""",「그 고결한 정신… 훌륭합니다…! 하지만 당신은 조금 착각하고 있군요.」,「那高洁的精神…真是太棒了…！不过你有点误会了呢。」
,,,,,,,,,,
Daiya.Fallen1-18,,「今更あなた程度の聖核戦姫を戦力にしたところで意味が無いですから。あなたはいわば…プレゼントですね。」,「今更あなた程度の聖核戦姫を戦力にしたところで意味が無いですから。あなたはいわば…プレゼントですね。」,「事到如今，把妳這種程度的聖核戰姫當作戰力也沒什麼意義。妳可以說…是個禮物呢。」,,「就算現在才把像您這樣程度的聖核戰姬納入戰力也毫無意義。您可以說是…一份禮物吧。」,,"""Creating a Holy Core Battlemaiden of your level into a fighting force now would be meaningless. You are, so to speak... a gift.""",「이제 와서 당신 정도의 성핵전희를 전력으로 삼아봤자 의미가 없으니까요. 당신은 말하자면… 선물입니다.」,「事到如今，把你这种程度的圣核战姫当作战力也没什么意义。你可以说…是个礼物呢。」
,,,,,,,,,,
Daiya.Fallen1-19,ダイヤ,「ぐっ…ぷ、プレゼントッ…？」,「ぐっ…ぷ、プレゼントッ…？」,「嗚…禮、禮物…？」,,「咕…禮、禮物嗎…？」,,"""Guh... G-gift...?!""","「크윽… 프, 프레젠트…?」",「呜…礼、礼物…？」
,,,,,,,,,,
Daiya.Fallen1-20,那由多,「貴女は私のご主人様への愛玩ペットとしてプレゼントになるんですよ…♥そうすれば私もご主人様に褒めてもらえます…♥」,「貴女は私のご主人様への愛玩ペットとしてプレゼントになるんですよ…♥そうすれば私もご主人様に褒めてもらえます…♥」,「妳將要作為獻給我的主人的愛玩寵物，當作禮物喔…♥這樣一來我也能被主人誇獎了…♥」,,「你將成為我主人的愛玩寵物作為禮物呈現給他…♥這樣我也會得到主人的讚美…♥」,,"""You'll become a pet gift for my Master...♥ That way I'll be praised by Master too...♥""",「당신은 나의 주인님께 애완 펫으로서 선물이 되는 거예요…♥ 그러면 나도 주인님께 칭찬받을 수 있습니다…♥」,「你将要作为献给我的主人的爱玩宠物，当作礼物喔…♥这样一来我也能被主人夸奖了…♥」
,,,,,,,,,,
Daiya.Fallen1-21,ダイヤ,「なっ…き、貴様何を言っている…！？」,「なっ…き、貴様何を言っている…！？」,「什…妳、妳在說什麼…！？」,,「咕…你、你在說什麼…！？」,,"""Wha... w-what are you saying...?!""","「뭣… 네, 네놈 무슨 말을 하는 거냐…!?」",「什…你、你在说什么…！？」
,,,,,,,,,,
Daiya.Fallen1-22,那由多,「ですから…貴女は高潔な精神のまま体をご主人様専用のオナホに改造されるんです♥」,「ですから…貴女は高潔な精神のまま体をご主人様専用のオナホに改造されるんです♥」,「所以說…妳將在保有高潔精神的狀態下，身體被改造成主人專用的自慰套♥」,,「所以…您將以高尚的精神被改造成專屬於主人的自慰器♥」,,"""Therefore... you'll be modified into Master's exclusive sex toy while keeping your noble spirit♥""",「그러니까… 당신은 고결한 정신인 채로 몸을 주인님 전용 오나홀로 개조당하는 겁니다♥」,「所以说…你将在保有高洁精神的状态下，身体被改造成主人专用的自慰套♥」
,,,,,,,,,,
Daiya.Fallen1-23,,「普通の聖核戦姫ではオナホになる前に壊れてしまうので…現状私しかあの方の相手が出来ないのです。」,「普通の聖核戦姫ではオナホになる前に壊れてしまうので…現状私しかあの方の相手が出来ないのです。」,「由於普通的聖核戰姫在成為自慰套前就會壞掉了…所以現在只有我能勝任那個大人的對手。」,,「一般的聖核戰姬在成為自慰器之前就會損壞…目前只有我才能成為那位的伴侶。」,,"""Ordinary Holy Core Battlemaidens would break before becoming sex toys... Currently only I can handle that person.""",「평범한 성핵전희로는 오나홀이 되기 전에 망가져버리므로… 현재 저밖에 그분의 상대를 할 수 없습니다.」,「由于普通的圣核战姫在成为自慰套前就会坏掉了…所以现在只有我能胜任那个大人的对手。」
,,,,,,,,,,
Daiya.Fallen1-24,,「でもそれではご主人様が可哀そうですから…無駄に硬いあなたならご主人様のおちんぽにも耐えられるかもしれません。」,「でもそれではご主人様が可哀そうですから…無駄に硬いあなたならご主人様のおちんぽにも耐えられるかもしれません。」,「可是那樣主人太可憐了…像妳這樣異常堅固的個體，或許有機會能承受主人的雞巴喔。」,,「但是這樣對主人可能會很可憐…如果是你這麼堅硬的話，或許可以承受主人的陽具。」,,"""But that would be pitiful for Master... Your uselessly tough body might be able to endure Master's cock.""",「하지만 그러면 주인님이 불쌍하니까… 쓸데없이 단단한 당신이라면 주인님의 자지에도 견딜 수 있을지도 모릅니다.」,「可是那样主人太可怜了…像你这样异常坚固的个体，或许有机会能承受主人的鸡巴喔。」
,,,,,,,,,,
Daiya.Fallen1-25,ダイヤ,「ふざっ…けるなぁ！！怪人なんぞの慰み者になってたまるかっ！！？」,「ふざっ…けるなぁ！！怪人なんぞの慰み者になってたまるかっ！！？」,「開…什麼玩笑！！我怎能淪為區區怪人的玩物！！？」,,「咕…這樣的事情！！成為怪人之類的安慰對象絕對不行！！？」,,"""N-nonsense!! As if I'd become entertainment for some fiend!!""",「웃기지… 마라!! 괴인 따위의 노리개가 될까 보냐!!?」,「开…什么玩笑！！我怎能沦为区区怪人的玩物！！？」
,,,,,,,,,,
Daiya.Fallen1-26,那由多,「ご主人様に向かって“怪人なんぞ”…とは。改造中でなければ首を撥ねる所でしたよ？」,「ご主人様に向かって『怪人なんぞ』…とは。改造中でなければ首を撥ねる所でしたよ？」,「竟敢對主人說出「區區怪人」…要不是妳正在改造中，我早就砍了妳的頭了喔？」,,「對主人說出『怪人之類的』…如果不是在改造中，早就被斬首了吧？」,,"""Calling Master 'some fiend'... If you weren't being modified, I would have taken your head.""",「주인님을 향해 “괴인 따위”…라니. 개조 중이 아니었다면 목을 베었을 겁니다?」,「竟敢对主人说出「区区怪人」…要不是你正在改造中，我早就砍了你的头了喔？」
,Daiya story DLC 1-3,,,,,,,,,
Daiya.Fallen1-27,ダイヤ,「…ッ！そうなるくらいなら舌を噛み切って――――ングッ？！」,「…ッ！そうなるくらいなら舌を噛み切って――――ングッ？！」,「…！與其那樣，我還不如咬舌自盡――――唔唔？！」,,「…！要是這樣的話，寧願咬斷舌頭——啊？！」,,"""...! If that's the case, I'll bite my tongue and... Nguh?!""",「…윽! 그렇게 될 바에는 혀를 깨물고―――― 읍?! 」,「…！与其那样，我还不如咬舌自尽――――唔唔？！」
,,,,,,,,,,
Daiya.Fallen1-28,,口にチューブが突っ込まれ、ダイヤはついに喋る自由すら失ってしまう。,口にチューブが突っ込まれ、ダイヤはついに喋る自由すら失ってしまう。,嘴巴被塞進了管子，黛雅終究連說話的自由都失去了。,,嘴裡被塞入管子，黛雅最終連說話的自由都失去了。,,"A tube was shoved into her mouth, and Daiya finally lost even the freedom to speak.","입에 튜브가 쑤셔 박히고, 다이아는 마침내 말할 자유조차 잃어버린다.",嘴巴被塞进了管子，黛雅终究连说话的自由都失去了。
,,,,,,,,,,
Daiya.Fallen1-29,那由多,「死んでもらっては困りますので……改造を進めていきましょうか。」,「死んでもらっては困りますので……改造を進めていきましょうか。」,「妳死了我會很困擾的……那麼就繼續改造吧。」,,「死掉的話會很困擾……那就繼續進行改造吧。」,,"""It would be troublesome if you died... Let's proceed with the modifications.""",「죽으면 곤란하므로…… 개조를 진행하도록 하죠.」,「你死了我会很困扰的……那么就继续改造吧。」
,,,,,,,,,,
Daiya.Fallen1-30,,「次は体内洗浄ですね…汚いままご主人様にお出しするわけにはいかないので」,「次は体内洗浄ですね…汚いままご主人様にお出しするわけにはいかないので」,「接下來是體內洗淨呢…總不能髒兮兮地把妳獻給主人。」,,「接下來是體內清潔…身體骯髒的話不能呈現給主人看。」,,"""Next is internal cleansing... We can't present you to Master while you're dirty.""",「다음은 체내 세정입니다… 더러운 채로 주인님께 내놓을 수는 없으니까요」,「接下来是体内洗净呢…总不能脏兮兮地把你献给主人。」
,,,,,,,,,,
Daiya.Fallen1-31,ダイヤ,「むぐっ！？んんっ？？？」,「むぐっ！？んんっ？？？」,「唔咕！？嗯嗯？？？」,,「咕咕！？嗯嗯？？？」,,"""Mugu?! Nnn?!?!""",「읍!? 응응???」,「唔咕！？嗯嗯？？？」
,,,,,,,,,,
Daiya.Fallen1-32,,ダイヤは口から無理やり液体を流し込まれ、消化器官が満たされていく.,ダイヤは口から無理やり液体を流し込まれ、消化器官が満たされていく.,黛雅被迫從嘴裡灌入液體，消化器官逐漸被填滿。,,黛雅被強迫灌入液體，消化器官逐漸充滿。,,"Liquid was forcibly poured into Daiya's mouth, filling her digestive system.","다이아는 입으로 억지로 액체를 흘려 넣어져, 소화기관이 채워져 간다.",黛雅被迫从嘴里灌入液体，消化器官逐渐被填满。
,,,,,,,,,,
Daiya.Fallen1-33,那由多,「流石のあなたでも体内は鍛えられないですからね……おっともうお尻から出てきました！」,「流石のあなたでも体内は鍛えられないですからね……おっともうお尻から出てきました！」,「就算是妳，也沒辦法鍛鍊體內呢…哎呀，已經從屁股流出來了！」,,「就算是您也無法鍛煉體內部位呢……哎呀，已經從屁股裡出來了！」,,"""Even you can't train your insides... Oh, it's already coming out from your ass!""",「역시 당신이라도 체내는 단련할 수 없으니까요…… 어이쿠 벌써 엉덩이에서 나왔습니다!」,「就算是你，也没办法锻炼体内呢…哎呀，已经从屁股流出来了！」
,,,,,,,,,,
Daiya.Fallen1-34,ダイヤ,「むぐっ！？ん゛ん゛～～～～♥！？！？」,「むぐっ！？ん゛ん゛～～～～♥！？！？」,「唔咕！？嗯嗯～～～～♥！？！？」,,「咕咕！？嗯嗯～～～～♥！？」,,"""Mugu?! Nnnn...♥?!?!""",「읍!? 응옷 응옷 ~~~~♥!?!?」,「唔咕！？嗯嗯～～～～♥！？！？」
,,,,,,,,,,
Daiya.Fallen1-35,,(な、なんだっ……この甘い液体はっ…無理やり喉の奥に入っていく……っ！？),(な、なんだっ……この甘い液体はっ…無理やり喉の奥に入っていく……っ！？),（這、這是什麼……好甜的液體…被迫灌進喉嚨深處……！？）,,「這、這是什麼……這甜蜜的液體……被強迫灌入喉嚨深處……！？」,,(W-what is... this sweet liquid... forcing its way down my throat...?!),"(뭐, 뭐야…… 이 달콤한 액체는… 억지로 목구멍 안으로 들어가고 있어……윽!?)",（这、这是什么……好甜的液体…被迫灌进喉咙深处……！？）
,,,,,,,,,,
Daiya.Fallen1-36,,(ん゛ん～～～～～！？腸を通って……腹の中に……無理やりっ……！？),(ん゛ん～～～～～！？腸を通って……腹の中に……無理やりっ……！？),（嗯嗯～～～～～！？通過腸道……進到肚子裡……強行地……！？）,,(嗯嗯～～～～～！？經過腸道……進入腹部……被強迫……！？),,(Nnnn?! Through my intestines... into my stomach... forcibly...?!),(응옷 응~~~~~!? 장을 통과해서…… 배 안에…… 억지로……!?),（嗯嗯～～～～～！？通过肠道……进到肚子里……强行地……！？）
,,,,,,,,,,
Daiya.Fallen1-37,那由多,「ふふふっ、媚薬入りの体内改造薬ですよ。貴女を体の中から淫乱に作り変えちゃうらしいですね？」,「ふふふっ、媚薬入りの体内改造薬ですよ。貴女を体の中から淫乱に作り変えちゃうらしいですね？」,「呵呵呵，這是加了媚藥的體內改造藥喔。聽說能把妳從身體內部改造成淫亂的體質呢？」,,「呵呵呵，這是含有媚藥的體內改造藥。看來會把您從內部變得淫蕩呢？」,,"""Fufufu, it's an internal modification drug laced with aphrodisiacs. It seems it will remake you into a slut from the inside.""","「후후훗, 미약이 든 체내 개조약이에요. 당신을 몸속에서부터 음란하게 바꿔버린다고 하네요?」",「呵呵呵，这是加了媚药的体内改造药喔。听说能把你从身体内部改造成淫乱的体质呢？」
,,,,,,,,,,
Daiya.Fallen1-38,ダイヤ,「む゛ふッッ！？ん゛ん゛んんッッ～～～～ッ♥」,「む゛ふッッ！？ん゛ん゛んんッッ～～～～ッ♥」,「唔噗！？嗯嗯嗯嗯～～～～♥」,,「咕噗噗！？嗯嗯嗯嗯噗～～～～♥」,,"""Mufuh?! Nnnnnnn♥""",「읍옷 후읍!? 응옷 응옷 응응윽~~~~윽♥」,「唔噗！？嗯嗯嗯嗯～～～～♥」
,,,,,,,,,,
Daiya.Fallen1-39,,(喉がッ、お腹がッ…焼けるッ……！！お尻の穴もッ……くそおおっ！！),(喉がッ、お腹がッ…焼けるッ……！！お尻の穴もッ……くそおおっ！！),（喉嚨、肚子…都在燃燒……！！屁股的洞也是……可惡！！）,,(喉嚨、肚子……灼熱……！！屁股的洞也……該死！！),,"(My throat, my stomach... burning...!! My asshole too... damn it!!)","(목구멍이, 배가… 타들어가……!! 엉덩이 구멍도…… 젠장!!)",（喉咙、肚子…都在燃烧……！！屁股的洞也是……可恶！！）
,,,,,,,,,,
Daiya.Fallen1-40,那由多,「あらあら…辛いですね…？でも頑張ってくださいね。ご主人様のオナホになるために必要なことですから♥」,「あらあら…辛いですね…？でも頑張ってくださいね。ご主人様のオナホになるために必要なことですから♥」,「哎呀哎呀…很難受對吧…？不過請加油喔。因為這是為了成為主人的自慰套所必需的♥」,,「哎呀哎呀…有點辛苦呢…？但請加油哦。這是成為主人的性玩具所必需的事情呢♥」,,"""Oh my... it's painful, isn't it...?! But please endure it. It's necessary for you to become Master's sex toy♥""",「어머어머… 괴롭군요…? 하지만 힘내세요. 주인님의 오나홀이 되기 위해 필요한 일이니까요♥」,「哎呀哎呀…很难受对吧…？不过请加油喔。因为这是为了成为主人的自慰套所必需的♥」
,,,,,,,,,,
Daiya.Fallen1-41,,「ああ、そうでした……並行しておまんこもしっかりオナホ穴に改造しないといけませんね。」,「ああ、そうでした……並行しておまんこもしっかりオナホ穴に改造しないといけませんね。」,「啊啊，對了……必須同時把小穴也改造成合格的自慰套穴才行呢。」,,「啊，是的……同時也必須好好改造陰道成為性玩具的洞穴呢。」,,"""Ah, that's right... We also need to properly modify your pussy into a hole for the toy at the same time.""","「아아, 그랬었죠…… 병행해서 보지도 제대로 오나홀 구멍으로 개조해야겠군요.」",「啊啊，对了……必须同时把小穴也改造成合格的自慰套穴才行呢。」
,,,,,,,,,,
Daiya.Fallen1-42,,そして那由多はダイヤの下腹部を覆っている機械の出力を上げる。,そして那由多はダイヤの下腹部を覆っている機械の出力を上げる。,接著那由多將覆蓋在黛雅下腹部的機械出力調高。,,然後那由多提高了覆蓋著黛雅下腹部的機械的輸出。,,And Nayuta increased the output of the machine covering Daiya's lower abdomen.,그리고 나유타는 다이아의 하복부를 덮고 있는 기계의 출력을 올린다.,接着那由多将覆盖在黛雅下腹部的机械出力调高。
,,,,,,,,,,
Daiya.Fallen1-43,,キュイイイイイイイイインンッッッ！！！,キュイイイイイイイイインンッッッ！！！,咻咿咿咿咿咿咿咿咿嗯！！！,,咕噗噗噗噗噗噗噗噗噗！！！,,Whirrrrr!,큐이이이이이이이인!!!,咻咿咿咿咿咿咿咿咿嗯！！！
,,,,,,,,,,
Daiya.Fallen1-44,ダイヤ,「む゛ふ゛ッ！？！？ん゛ん゛ん゛ん゛ん゛ん゛！！」,「む゛ふ゛ッ！？！？ん゛ん゛ん゛ん゛ん゛ん゛！！」,「唔噗！？！？嗯嗯嗯嗯嗯嗯嗯嗯！！」,,「咕噗噗噗！？！？嗯噁噁噁噁噁噁！！」,,"""Mufuh?!?! Nnnnnnnn!!""",「읍옷 후옷 읍!?!? 응옷 응옷 응옷 응옷 응옷 응옷 !!」,「唔噗！？！？嗯嗯嗯嗯嗯嗯嗯嗯！！」
,,,,,,,,,,
Daiya.Fallen1-45,,ダイヤの下腹部から子宮にかけて焼けるような快楽が走り、ダイヤは声にならない叫び声をあげる。,ダイヤの下腹部から子宮にかけて焼けるような快楽が走り、ダイヤは声にならない叫び声をあげる。,一股灼燒般的快感從黛雅的下腹部竄向子宮，讓黛雅發出不成聲的尖叫。,,黛雅的下腹部到子宮間湧現灼熱般的快感，她無法發出聲音的尖叫聲。,,"Burning pleasure ran from Daiya's lower abdomen to her womb, and she let out a soundless scream.","다이아의 하복부에서 자궁에 걸쳐 타는 듯한 쾌락이 달려, 다이아는 목소리 없는 비명을 지른다.",一股灼烧般的快感从黛雅的下腹部窜向子宫，让黛雅发出不成声的尖叫。
,,,,,,,,,,
Daiya.Fallen1-46,,(！！！な…んだっ……これはあっ♥……股が……熱いっ……やめろっ……♥！？),(！！！な…んだっ……これはあっ♥……股が……熱いっ……やめろっ……♥！？),（！！！這…是什麼……啊♥……跨下……好燙……住手……♥！？）,,(！！！這……這是什麼……這裡……熱燙燙的……停……♥！？),,(!!! W-what is... this ah♥... my crotch... is hot... stop it...♥?!),(!!! 뭐… 뭐야…… 이건앗♥…… 사타구니가…… 뜨거워… 그만둬……♥!?),（！！！这…是什么……啊♥……跨下……好烫……住手……♥！？）
,,,,,,,,,,
Daiya.Fallen1-47,那由多,「これは特製のおまんこ改造装置です。いくら貴女でもご主人様のおチンポをそのまま入れたらすぐにガバガバになってしまいそうですから。」,「これは特製のおまんこ改造装置です。いくら貴女でもご主人様のおチンポをそのまま入れたらすぐにガバガバになってしまいそうですから。」,「這是特製的小穴改造裝置。就算以妳的能耐，要是直接承受主人的雞巴，恐怕很快就會鬆掉吧。」,,這是特製的陰道改造裝置。就算是您也不能直接將主人的陰莖放進去，否則很快就會變得鬆垮。,,"""This is a special pussy modification device. Even you would become loose immediately if Master's cock entered you as you are.""",「이것은 특제 보지 개조 장치입니다. 아무리 당신이라도 주인님의 자지를 그대로 넣으면 금방 헐렁해질 것 같으니까요.」,「这是特制的小穴改造装置。就算以你的能耐，要是直接承受主人的鸡巴，恐怕很快就会松掉吧。」
,,,,,,,,,,
Daiya.Fallen1-48,,「でも…この装置なら処女のままおまんこを鍛えられるんです！せっかくのプレゼントを機械で傷物にするわけにはいきませんからね。」,「でも…この装置なら処女のままおまんこを鍛えられるんです！せっかくのプレゼントを機械で傷物にするわけにはいきませんからね。」,「不過…用這個裝置的話，就能在處女的狀態下鍛鍊小穴！難得的禮物可不能被機械弄傷了呢。」,,「但是…透過這個裝置，可以在保持處女的情況下鍛鍊陰道！不能讓這份珍貴的禮物被機器損壞。」,,"""But... with this device, we can train your pussy while keeping you a virgin! We can't damage such a precious gift with machinery.""",「하지만… 이 장치라면 처녀인 채로 보지를 단련할 수 있습니다! 모처럼의 선물을 기계로 망가뜨릴 수는 없으니까요.」,「不过…用这个装置的话，就能在处女的状态下锻炼小穴！难得的礼物可不能被机械弄伤了呢。」
,,,,,,,,,,
Daiya.Fallen1-49,ダイヤ,「ん゛ん゛ん゛ん゛ん゛ん゛ッッッ！！！！」,「ん゛ん゛ん゛ん゛ん゛ん゛ッッッ！！！！」,「嗯嗯嗯嗯嗯嗯嗯嗯！！！！」,,「嗯噁噁噁噁噁噁噁！！！！」,,"""Nnnnnnnn!!!!""",「응옷 응옷 응옷 응옷 응옷 응옷 윽!!! 」,「嗯嗯嗯嗯嗯嗯嗯嗯！！！！」
,,,,,,,,,,
Daiya.Fallen1-50,,(ん゛あっ♥……おまんこがっ！……熱いッ…ううっ♥！！),(ん゛あっ♥……おまんこがっ！……熱いッ…ううっ♥！！),（嗯啊♥……小穴！……好燙…嗚嗚♥！！）,,(嗯噁♥……陰道！……熱燙燙的…嗚嗚♥！！),,(Nnah♥... my pussy! ...It's hot... uuh♥!!),(응옷 앗♥…… 보지가!…… 뜨거워… 으윽♥!!),（嗯啊♥……小穴！……好烫…呜呜♥！！）
,,,,,,,,,,
Daiya.Fallen1-51,,(くそおおおっ！ん゛ああっ♥…こんなことがっ！！！んあっ♥！？),(くそおおおっ！ん゛ああっ♥…こんなことがっ！！！んあっ♥！？),（可惡！嗯啊啊♥…怎麼會這樣！！！嗯啊♥！？）,,該死啊啊啊！嗯噁啊♥…竟然發生這樣的事情！！！嗯啊♥！？,,(Damn it!! Nnaah♥... something like this!!! Nah♥?!),(젠장! 응옷 아앗♥… 이런 일이!!! 응앗♥!?),（可恶！嗯啊啊♥…怎么会这样！！！嗯啊♥！？）
,,,,,,,,,,
Daiya.Fallen1-52,那由多,「あ、一応ですが、やめて欲しくても改造が終わるまでそのままですよ。まあまさかダイヤさんが敵に許しを請いませんよね？」,「あ、一応ですが、やめて欲しくても改造が終わるまでそのままですよ。まあまさかダイヤさんが敵に許しを請いませんよね？」,「啊，我先說一聲，就算妳想停，在改造結束前也都會是這樣喔。不過，黛雅小姐總不可能向敵人求饒吧？」,,「啊，雖然我希望你停止，但在改造完成之前，只能繼續進行。嘛，不會期待黛雅向敵人求饒吧？」,,"""Oh, just so you know, even if you want it to stop, it will continue until the modification is complete. But surely you wouldn't beg for mercy from an enemy, right?""","「아, 일단 말해두지만, 그만두고 싶어도 개조가 끝날 때까지 그대로예요. 뭐 설마 다이아 씨가 적에게 용서를 구하지는 않겠죠?」",「啊，我先说一声，就算你想停，在改造结束前也都会是这样喔。不过，黛雅小姐总不可能向敌人求饶吧？」
,,,,,,,,,,
Daiya.Fallen1-53,ダイヤ,「ん゛ん゛ん゛っ！！！ああいあえあっ！！」,「ん゛ん゛ん゛っ！！！ああいあえあっ！！」,「嗯嗯嗯！！！啊啊咿啊呃！！」,,嗯噁噁噁！啊啊伊阿惠啊！！,,"""Nnnnn!!! Aaiaeah!!""",「응옷 응옷 응옷 윽!!! 아아으아아앗!!」,「嗯嗯嗯！！！啊啊咿啊呃！！」
,,,,,,,,,,
Daiya.Fallen1-54,那由多,「ふふっ…では私はこれで失礼します。いいオナホになれるように頑張りましょうね♥」,「ふふっ…では私はこれで失礼します。いいオナホになれるように頑張りましょうね♥」,「呵呵…那麼我就先告辭了。請努力成為一個好用的自慰套喔♥」,,「呼呼...那我就先告辭了。為了成為一個好用的自慰器，一起加油吧♥」,,"""Fufu... Well then, I'll take my leave. Do your best to become a good toy♥""",「후훗… 그럼 저는 이걸로 실례하겠습니다. 좋은 오나홀이 될 수 있도록 힘내도록 해요♥」,「呵呵…那么我就先告辞了。请努力成为一个好用的自慰套喔♥」
,,,,,,,,,,
Daiya.Fallen1-55,ダイヤ,「ん゛ん゛ん゛ん゛ん゛ん゛っ♥♥！！！」,「ん゛ん゛ん゛ん゛ん゛ん゛っ♥♥！！！」,「嗯嗯嗯嗯嗯嗯嗯♥♥！！！」,,嗯噁噁噁噁噁噁♥♥！！！,,"""Nnnnnnnn♥♥!!!""",「응옷 응옷 응옷 응옷 응옷 응옷 윽♥♥!!!」,「嗯嗯嗯嗯嗯嗯嗯♥♥！！！」
,,,,,,,,,,
Daiya.Fallen1-56,,(はあっ♥、はあっ♥、わたし…はっ…負けんっ……！こんな……ふざけた機械などに…っ♥！),(はあっ♥、はあっ♥、わたし…はっ…負けんっ……！こんな……ふざけた機械などに…っ♥！),（哈啊♥、哈啊♥、我…絕不…認輸……！才不會輸給這種……可笑的機械…♥！）,,嗚啊♥、嗚啊♥、我...哈...不會輸的......！這種......愚蠢的機械...♥！,,(Haah♥ haah♥ I... won't... lose...! To such... ridiculous machinery...♥!),"(하앗♥, 하앗♥, 나…는… 지지 않아……! 이런…… 우스꽝스러운 기계 따위에…윽♥!)",（哈啊♥、哈啊♥、我…绝不…认输……！才不会输给这种……可笑的机械…♥！）
,,,,,,,,,,
Daiya.Fallen1-57,,そしてダイヤは全く抵抗できないまま、その体は順調に改造されていくのだった。,そしてダイヤは全く抵抗できないまま、その体は順調に改造されていくのだった。,接著，黛雅在完全無法抵抗的狀態下，身體順利地持續被改造著。,,然後，黛雅完全無法抵抗，她的身體順利地被改造。,,"And so, completely unable to resist, Daiya's body was steadily modified.","그리고 다이아는 전혀 저항하지 못한 채, 몸이 순조롭게 개조되어 갔다.",接着，黛雅在完全无法抵抗的状态下，身体顺利地持续被改造着。
,,,,,,,,,,
,,,,,,,,,,
,,,,,,,,,,
,,,,,,,,,,
,,,,,,,,,,
,,,,,,,,,,
,,,,,,,,,,
,,,,,,,,,,
,,,,,,,,,,
,,,,,,,,,,
Daiya Fallen Scene　２,注釈,闇堕ちシーン,闇堕ちシーン,,闇堕ちシーン,墮入黑暗場景,,,타락 이벤트,
,,,,,,,,,,
Daiya.Fallen2-1,Daiya story DLC 1-3,――――ダイヤへの調教が始まってから数日,――――ダイヤへの調教が始まってから数日,――――黛雅的調教開始後幾天,,――――自從對黛雅進行調教開始的幾天。,,Several days after Daiya's training began,――――다이아에 대한 조교가 시작된 지 며칠,――――黛雅的调教开始后几天
,,,,,,,,,,
Daiya.Fallen2-2,ダイヤ,「ん゛お゛っ…♥お゛おおっ……♥♥……ゲえッ…♥」,「ん゛お゛っ…♥お゛おおっ……♥♥……ゲえッ…♥」,「喔…♥喔喔喔……♥♥……呃…♥」,,嗯噁噁噁♥噁噁♥……噁呃…♥,,"""Nnoghh...♥ oghhohh...♥♥... geeh...♥""",「응옷 오옷 옷…♥ 오옷 오오옷……♥♥…… 게엣…♥」,「喔…♥喔喔喔……♥♥……呃…♥」
,,,,,,,,,,
Daiya.Fallen2-3,那由多,「お久しぶりですダイヤさん、気分はどうですか？」,「お久しぶりですダイヤさん、気分はどうですか？」,「好久不見了黛雅小姐，妳感覺如何？」,,"""好久不見，黛雅小姐，感覺如何？""",,"""It's been a while, Daiya. How are you feeling?""","「오랜만입니다 다이아 씨, 기분은 어떻습니까?」",「好久不见了黛雅小姐，你感觉如何？」
,,,,,,,,,,
Daiya.Fallen2-4,,「ふむ…改造進行度99％、ご主人さまのペニスを受け入れても大丈夫なおまんこになりましたね。」,「ふむ…改造進行度99％、ご主人さまのペニスを受け入れても大丈夫なおまんこになりましたね。」,「嗯…改造進度99％，已經成為可以接受主人雞巴的小穴了呢。」,,"""嗯...改造進行度99％，已經變成可以接受主人的陰莖的陰道了呢。""",,"""Hmm... modification progress 99%. Your pussy has become suitable to receive Master's penis.""","「흠… 개조 진행도 99％, 주인님의 페니스를 받아들여도 괜찮은 보지가 되었군요.」",「嗯…改造进度99％，已经成为可以接受主人鸡巴的小穴了呢。」
,Daiya story DLC 1-１,,,,,,,,,
,,,,,,,,,,
Daiya.Fallen2-5,ダイヤ,「カポッ……♥、んあっ！？♥……はあっ♥！……はあっ♥！」,「カポッ……♥、んあっ！？♥……はあっ♥！……はあっ♥！」,「喀啵……♥、嗯啊！？♥……哈啊♥！……哈啊♥！」,,"""咔噗……♥，嗯啊！？♥……哈啊♥！……哈啊♥！""",,"""Pop...♥ nah?!♥... haah♥! ...haah♥!""","「카폿……♥, 응앗!?♥…… 하앗♥!…… 하앗♥!」",「喀啵……♥、嗯啊！？♥……哈啊♥！……哈啊♥！」
,,,,,,,,,,
Daiya.Fallen2-6,,「ん゛あ゛っ♥わ、私はっ…負けて…ないっ♥…！ん゛っ♥」,「ん゛あ゛っ♥わ、私はっ…負けて…ないっ♥…！ん゛っ♥」,「嗯啊♥我、我…還沒…輸♥…！嗯♥」,,"""嗯噁啊♥哇，我不會輸的♥！嗯噁♥""",,"""Nnah♥ I-I haven't... lost♥...! Nnh♥""","「응옷 아옷 앗♥ 나, 나는… 지지… 않았어♥…! 응옷 윽♥」",「嗯啊♥我、我…还没…输♥…！嗯♥」
,,,,,,,,,,
Daiya.Fallen2-7,,「いくら貴様らに……体を改造されようとも…っ♥！私は…聖核戦姫…だっ♥！」,「いくら貴様らに……体を改造されようとも…っ♥！私は…聖核戦姫…だっ♥！」,「無論妳們……怎麼改造我的身體…！我…是聖核戰姫…♥！」,,"""無論你們如何改造我的身體…♥！我是…聖核戰姬…♥！""",,"""No matter how much you... modify my body...♥! I am... a Holy Core Battlemaiden...♥!""",「아무리 네놈들에게…… 몸을 개조당하더라도…윽♥! 나는… 성핵전희…다♥!」,「无论你们……怎么改造我的身体…！我…是圣核战姫…♥！」
,,,,,,,,,,
Daiya.Fallen2-8,,ダイヤは全身を強烈な性感に犯されながらも強靭な精神力で意識を保ち続けていた。,ダイヤは全身を強烈な性感に犯されながらも強靭な精神力で意識を保ち続けていた。,黛雅即使全身被強烈的性感侵犯，也依然靠著強韌的精神力保持著意識。,,黛雅雖然全身被強烈的性感侵蝕，但她堅強的精神力讓她保持著意識。,,"Despite her entire body being violated by intense sexual sensations, Daiya maintained her consciousness through sheer mental fortitude.",다이아는 온몸을 강렬한 성감에 범해지면서도 강인한 정신력으로 의식을 계속 유지하고 있었다.,黛雅即使全身被强烈的性感侵犯，也依然靠着强韧的精神力保持着意识。
,,,,,,,,,,
Daiya.Fallen2-9,那由多,「あはははっ♥、その精神…素晴らしいですっ！完全に想定していた通りの仕上がりですっ！」,「あはははっ♥、その精神…素晴らしいですっ！完全に想定していた通りの仕上がりですっ！」,「啊哈哈哈♥，這個精神…太棒了！完全是跟我預想中一樣的成品！」,,"""啊哈哈哈♥，你的精神…太棒了！完全符合我的預期！""",,"""Ahahaha♥ that spirit... wonderful! You've turned out exactly as planned!""","「아하하핫♥, 그 정신… 훌륭합니다! 완전히 예상했던 대로의 마무리입니다!」",「啊哈哈哈♥，这个精神…太棒了！完全是跟我预想中一样的成品！」
,,,,,,,,,,
Daiya.Fallen2-10,,「ご主人様も喜んでくれるでしょう…さあ、そろそろお披露目の時間です…！」,「ご主人様も喜んでくれるでしょう…さあ、そろそろお披露目の時間です…！」,「主人想必也會很高興…來吧，差不多到了揭曉的時間了…！」,,「主人應該也會很高興的…來吧，差不多該是展示的時間了…！」,,"""Master will surely be pleased... Now, it's time for your unveiling...!""","「주인님도 기뻐해주시겠죠… 자, 슬슬 공개할 시간입니다…!」",「主人想必也会很高兴…来吧，差不多到了揭晓的时间了…！」
,,,,,,,,,,
,暗転,,,,,,,,,
,,,,,,,,,,
Daiya.Fallen2-11,Daiya darkness 1-1,ダイヤは手足に持ち手を付けられ、巨大な怪人によって持ち上げられていた。,ダイヤは手足に持ち手を付けられ、巨大な怪人によって持ち上げられていた。,黛雅的手腳被裝上了握柄，被一個巨大的怪人舉了起來。,,黛雅被裝上手腳的把手，被一個巨大的怪人舉起來。,,Daiya had handles attached to where her limb were and was lifted up by a giant fiend.,"다이아는 손발에 손잡이가 달리고, 거대한 괴인에 의해 들어 올려져 있었다.",黛雅的手脚被装上了握柄，被一个巨大的怪人举了起来。
,,,,,,,,,,
Daiya.Fallen2-12,ダイヤ,「ひあっ……は、離せっ！！」,「ひあっ……は、離せっ！！」,「呀……放、放開我！！」,,「嗚……請、放開！！」,,"""Hiah... l-let go!!""","「히앗…… 하, 놓아라!!」",「呀……放、放开我！！」
,,,,,,,,,,
Daiya.Fallen2-13,那由多,「どうですかご主人様？これが私が丹精込めて作った聖核戦姫オナホです♥」,「どうですかご主人様？これが私が丹精込めて作った聖核戦姫オナホです♥」,「您覺得怎麼樣呢主人？這就是我精心製作的聖核戰姫自慰套♥」,,「主人，您覺得如何？這是我精心製作的聖核戰姬仿真器♥」,,"""How is it, Master?! This is the Holy Core Battlemaiden sex toy I carefully crafted♥""",「어떻습니까 주인님? 이것이 제가 정성껏 만든 성핵전희 오나홀입니다♥」,「您觉得怎么样呢主人？这就是我精心制作的圣核战姫自慰套♥」
,,,,,,,,,,
Daiya.Fallen2-14,,「強めの聖核戦姫で作ったのでぇ……ご主人様にも満足していただけるかと…♥」,「強めの聖核戦姫で作ったのでぇ……ご主人様にも満足していただけるかと…♥」,「因為是用比較強的聖核戰姫做的……我想應該能讓主人您滿意…♥」,,「我用強力的聖核戰姬製作的……主人應該也會滿意的吧…♥」,,"""I made it from a powerful Holy Core Battlemaiden... so I believe that you will be satisfied...♥""",「강한 성핵전희로 만들었으니…… 주인님께도 만족하실 수 있을 거라고…♥」,「因为是用比较强的圣核战姫做的……我想应该能让主人您满意…♥」
,,,,,,,,,,
Daiya.Fallen2-15,怪人,「ふむ…この筋肉の付き具合…確かに並の聖核戦姫ではないようだな。」,「ふむ…この筋肉の付き具合…確かに並の聖核戦姫ではないようだな。」,「嗯…這身肌肉的線條…看來確實不是普通的聖核戰姫啊。」,,「嗯…這肌肉的質感…確實不像普通的聖核戰姬。」,,"""Hmm... this muscle definition... certainly not an ordinary Holy Core Battlemaiden.""",「흠… 이 근육 붙은 모습… 확실히 보통 성핵전희는 아닌 것 같군.」,「嗯…这身肌肉的线条…看来确实不是普通的圣核战姫啊。」
,Daiya  darkness 1-2,,,,,,,,,
Daiya.Fallen2-16,ダイヤ,「ひっ…き、貴様っ……！」,「ひっ…き、貴様っ……！」,「噫…你、你這傢伙……！」,,「嗚…你、你這傢伙……！」,,"""Hih... y-you bastard...!""","「히익… 네, 네놈……!」",「噫…你、你这家伙……！」
,,,,,,,,,,
Daiya.Fallen2-17,,ダイヤは目の前にある怪人の巨大なペニスを見て生物的な恐怖を感じる,ダイヤは目の前にある怪人の巨大なペニスを見て生物的な恐怖を感じる,黛雅看著眼前怪人巨大的雞巴，感受到了生物本能的恐懼。,,黛雅看著眼前的怪人巨大的生殖器，感到生物恐懼。,,Daiya felt a primal fear looking at the fiend's enormous penis before her.,다이아는 눈앞에 있는 괴인의 거대한 페니스를 보고 생물적인 공포를 느낀다,黛雅看着眼前怪人巨大的鸡巴，感受到了生物本能的恐惧。
,,,,,,,,,,
Daiya.Fallen2-18,,(こ…この怪人…、なんてオーラなんだ…！？),(こ…この怪人…、なんてオーラなんだ…！？),（這…這個怪人…這是何等的氣場…！？）,,(這…這個怪人…，發出的是什麼樣的氣場…！？),,(T-this fiend... what an aura...?!),"(이… 이 괴인…, 이 무슨 오라냐…!?)",（这…这个怪人…这是何等的气场…！？）
,,,,,,,,,,
Daiya.Fallen2-19,,(私が討伐してきた怪人なんて比べ物にならないっ…財団はいつからこんな強力な怪人を……！？),(私が討伐してきた怪人なんて比べ物にならないっ…財団はいつからこんな強力な怪人を……！？),（跟我討伐過的那些怪人根本不能比…財團什麼時候有了這麼強大的怪人……！？）,,(我討伐過的怪人根本不值一提…財團從什麼時候開始擁有這麼強大的怪人……！？),,(The fiends I've defeated can't even compare... Since when has the Foundation had such a powerful fiend...?!),(내가 토벌해 온 괴인 따위 비교도 안 돼… 재단은 언제부터 이런 강력한 괴인을……!?),（跟我讨伐过的那些怪人根本不能比…财团什么时候有了这么强大的怪人……！？）
,,,,,,,,,,
Daiya.Fallen2-20,,(怪人となった清藤エレナより……いや、下手をすれば那由多よりも強い……！？),(怪人となった清藤エレナより……いや、下手をすれば那由多よりも強い……！？),（比起變成怪人的清藤艾蓮娜……不，搞不好比那由多還強……！？）,,(從變成怪人的艾蓮娜口中……不，甚至比那由多還要強……！？),,"(Stronger than Erena Seidō, who became a fiend... no, possibly even stronger than Nayuta...?!)","(괴인이 된 세이토 엘레나보다…… 아니, 어쩌면 나유타보다 강해……!?)",（比起变成怪人的清藤艾莲娜……不，搞不好比那由多还强……！？）
,,,,,,,,,,
Daiya.Fallen2-21,怪人,「グフフッ、どうした？急に静かになりおって…もう心が折れたのか？」,「グフフッ、どうした？急に静かになりおって…もう心が折れたのか？」,「咕呼呼，怎麼了？突然安靜下來了…難道這就屈服了嗎？」,,「咕呼呼，怎麼了？突然安靜下來了…難道是心已經折斷了嗎？」,,"""Gufufu, what's wrong?! You're suddenly so quiet... has your spirit already broken?!""","「크흐흣, 왜 그러나? 갑자기 조용해져서… 벌써 마음이 꺾였나?」",「咕呼呼，怎么了？突然安静下来了…难道这就屈服了吗？」
,,,,,,,,,,
Daiya.Fallen2-22,ダイヤ,「っ……！そんなわけっ……私はっ……最強の聖核戦姫なんだっ！」,「っ……！そんなわけっ……私はっ……最強の聖核戦姫なんだっ！」,「…！怎麼可能……我…我可是最強的聖核戰姫！」,,「……！這怎麼可能……我……我可是最強的聖核戰姬！」,,"""...! No way... I am... the strongest Holy Core Battlemaiden!""",「윽……! 그럴 리가…… 나는…… 최강의 성핵전희다!」,「…！怎么可能……我…我可是最强的圣核战姫！」
,,,,,,,,,,
Daiya.Fallen2-23,,(はあっ、はあっ、……しかし……これが怪人の…ぺ、ペニス…！？),(はあっ、はあっ、……しかし……これが怪人の…ぺ、ペニス…！？),（哈啊、哈啊、……可是……這就是怪人的…雞、雞巴…！？）,,(哈啊、哈啊、……但是……這就是怪人的…陰、陽具…！？),,"(Haah, haah... but... this is a fiend's... p-penis...?!)","(하앗, 하앗, ……하지만…… 이것이 괴인의… 페, 페니스…!?)",（哈啊、哈啊、……可是……这就是怪人的…鸡、鸡巴…！？）
,,,,,,,,,,
Daiya.Fallen2-24,,(冗談じゃないっ…！こんな大きいの入るわけが…っ！！),(冗談じゃないっ…！こんな大きいの入るわけが…っ！！),（開什麼玩笑…！這麼大的東西不可能進得去啊…！！）,,(開玩笑的嗎…！這麼大的東西怎麼可能…！！),,(This has to be a joke...! Something this big couldn't possibly fit...!!),(농담 아니야…! 이런 큰 게 들어갈 리가…!!),（开什么玩笑…！这么大的东西不可能进得去啊…！！）
,Daiya darkness 1-3,,,,,,,,,
Daiya.Fallen2-25,ダイヤ,「っ、怪人！汚いぞっ！せめて手足が付いている状態ならっ…！」,「っ、怪人！汚いぞっ！せめて手足が付いている状態ならっ…！」,「…！怪人！你這骯髒的傢伙！至少在我手腳都還在的狀態下…！」,,「怪人！好骯脏！至少如果有手腳的話……！」,,"""Y-you fiend! This is dirty! At least if I had my limbs...!""","「윽, 괴인! 더럽다! 적어도 손발이 붙어 있는 상태라면!」",「…！怪人！你这肮脏的家伙！至少在我手脚都还在的状态下…！」
,,,,,,,,,,
Daiya.Fallen2-26,,「せ、正々堂々と戦えっ！そうすれば貴様など…ッ！」,「せ、正々堂々と戦えっ！そうすれば貴様など…ッ！」,「給我正、正大光明地戰鬥啊！那樣的話你這種傢伙…！」,,「正、正大光明地戰鬥！這樣的話你這傢伙…！」,,"""F-fight me fair and square! Then you'd be nothing...!""","「정, 정정당당하게 싸워라! 그러면 네놈 따위…!」",「给我正、正大光明地战斗啊！那样的话你这种家伙…！」
,,,,,,,,,,
Daiya.Fallen2-27,那由多,「おやおや？オナホが何か言ってますね？」,「おやおや？オナホが何か言ってますね？」,「哎呀哎呀？自慰套好像在說什麼呢？」,,「喔喔？仿真陽具在說什麼呢？」,,"""Oh my?! The toy is saying something?!""",「어머어머? 오나홀이 뭔가 말하고 있네요?」,「哎呀哎呀？自慰套好像在说什么呢？」
,,,,,,,,,,
Daiya.Fallen2-28,ダイヤ,「はあっ…はあっ…、ど、どんなに体を改造されても…私は戦士だっ！」,「はあっ…はあっ…、ど、どんなに体を改造されても…私は戦士だっ！」,「哈啊…哈啊…無、無論身體被怎麼改造…我也是個戰士！」,,「哈啊…哈啊…，無論身體被改造成什麼樣子…我都是戰士！」,,"""Haah... haah... n-no matter how much my body is modified... I'm a warrior!""","「하앗… 하앗…, 어, 어떤 식으로 몸을 개조당해도… 나는 전사다!」",「哈啊…哈啊…，无、无论身体被怎么改造…我也是个战士！」
,,,,,,,,,,
Daiya.Fallen2-29,,「こんな怪人のちんぽに屈することなど…ッ！！」,「こんな怪人のちんぽに屈することなど…ッ！！」,「我才不會屈服於這種怪人的雞巴…！！」,,「屈服於這樣的怪人陽具之下…！！」,,"""I would never submit to a fiend's cock...!!""",「이런 괴인의 자지에 굴복할 리 없어…!!」,「我才不会屈服于这种怪人的鸡巴…！！」
,,,,,,,,,,
Daiya.Fallen2-30,那由多,「おやおや？しかしあなたのおまんこは戦士では無いようですが？」,「おやおや？しかしあなたのおまんこは戦士では無いようですが？」,「哎呀哎呀？可是妳的小穴看起來不像是個戰士喔？」,,「喔喔？不過你的陰道似乎並非戰士呢？」,,"""Oh my?! But your pussy doesn't seem to be that of a warrior?!""",「어머어머? 하지만 당신의 보지는 전사가 아닌 것 같은데요?」,「哎呀哎呀？可是你的小穴看起来不像是个战士喔？」
,,,,,,,,,,
Daiya.Fallen2-31,ダイヤ,「……な…っ！？」,「……な…っ！？」,「……什…！？」,,「……嗯…！」,,"""...Wha...?!""",「……뭐…윽!?」,「……什…！？」
,,,,,,,,,,
Daiya.Fallen2-32,,ダイヤの秘所からは既に愛液がだらだらと流れ、怪人のチンポを濡らしている,ダイヤの秘所からは既に愛液がだらだらと流れ、怪人のチンポを濡らしている,黛雅的祕處已經流出了大量的愛液，沾濕了怪人的雞巴。,,「黛雅的秘處已經滴滴答答地流著愛液，濕潤了怪人的陽具。」,,"Love juices were already flowing from Daiya's private parts, making the monster's cock wet.","다이아의 은밀한 곳에서는 이미 애액이 줄줄 흘러, 괴인의 자지를 적시고 있다",黛雅的秘处已经流出了大量的爱液，沾湿了怪人的鸡巴。
,,,,,,,,,,
Daiya.Fallen2-33,那由多,「ふふっ、始まる前からこれとは…優秀なオナホちゃんですね♥」,「ふふっ、始まる前からこれとは…優秀なオナホちゃんですね♥」,「呵呵，還沒開始就這樣…真是優秀的自慰套呢♥」,,「呼呼，連比賽開始前就已經如此了…真是位優秀的自慰玩具♥」,,"""Fufu, like this before we've even started... what an excellent toy♥""","「후훗, 시작하기 전부터 이렇다니… 우수한 오나홀쨩이네요♥」",「呵呵，还没开始就这样…真是优秀的自慰套呢♥」
,,,,,,,,,,
Daiya.Fallen2-34,ダイヤ,「はっ…ち、違う、これはっ…！」,「はっ…ち、違う、これはっ…！」,「哈…才、才不是，這是…！」,,「咳…不、這個、這是…！」,,"""Hah... n-no, this is...!""","「핫… 다, 달라, 이것은…!」",「哈…才、才不是，这是…！」
,,,,,,,,,,
Daiya.Fallen2-35,怪人,「はははっ、面白いことを言うメスだ、まだ戦う意志があるとはな！」,「はははっ、面白いことを言うメスだ、まだ戦う意志があるとはな！」,「哈哈哈，真是有趣的女人，竟然還有戰鬥的意志啊！」,,「哈哈哈，說出有趣的話來的雌性，還有戰鬥的意志呢！」,,"""Hahaha, you're a funny girl that still have the will to fight!""","「하하핫, 재미있는 말을 하는 암컷이다, 아직 싸울 의지가 있다니!」",「哈哈哈，真是有趣的女人，竟然还有战斗的意志啊！」
,,,,,,,,,,
Daiya.Fallen2-36,,そして怪人はチンポでダイヤの谷間をベチベチと叩く.,そして怪人はチンポでダイヤの谷間をベチベチと叩く.,接著怪人用雞巴啪啪地拍打著黛雅的乳溝。,,然後怪人用陽具在黛雅的乳溝上啪啪啪地敲打。,,And the fiend slapped Daiya's cleavage with his cock.,그리고 괴인은 자지로 다이아의 가슴 골짜기를 찰싹찰싹 때린다.,接着怪人用鸡巴啪啪地拍打着黛雅的乳沟。
,Daiya darkness 1-2,,,,,,,,,
Daiya.Fallen2-37,ダイヤ,「やあっ♥！？…ひいっ！？」,「やあっ♥！？…ひいっ！？」,「呀啊♥！？…噫！？」,,「嗨♥！？…咿呀！？」,,"""Yaah♥?! ...Hii?!""",「야앗♥!?… 히잇!?」,「呀啊♥！？…噫！？」
,,,,,,,,,,
Daiya.Fallen2-38,怪人,「いいだろう…貴様がイカずに先に私を射精させられれば、手足を返し聖核戦姫として戦ってやる。」,「いいだろう…貴様がイカずに先に私を射精させられれば、手足を返し聖核戦姫として戦ってやる。」,「好吧…如果妳能在不高潮的情況下先讓我射精，我就把手腳還給妳，作為聖核戰姫跟妳戰鬥。」,,「好吧…如果你能在我之前射精，我就會還你手腳，以聖核戰姬的身份和你戰鬥。」,,"""Very well... if you can make me ejaculate first without climaxing, I'll return your limbs and fight you as a Holy Core Battlemaiden.""","「좋다… 네놈이 가지 않고 먼저 나를 사정시키면, 손발을 돌려주고 성핵전희로서 싸우게 해주마.」",「好吧…如果你能在不高潮的情况下先让我射精，我就把手脚还给你，作为圣核战姫跟你战斗。」
,,,,,,,,,,
Daiya.Fallen2-39,,「しかし負けた暁には…私の好きにさせてもらおうか。」,「しかし負けた暁には…私の好きにさせてもらおうか。」,「不過妳要是輸了的話…屆時就任我處置了。」,,「但是如果你輸了…就讓我隨心所欲地做吧。」,,"""But if you lose... I'll do as I please with you.""",「하지만 패배하게 된다면… 내 마음대로 하도록 하지.」,「不过你要是输了的话…届时就任我处置了。」
,,,,,,,,,,
Daiya.Fallen2-40,ダイヤ,(ぐうっ……コイツの慰み者になるのはっ……避けられないかっ………！),(ぐうっ……コイツの慰み者になるのはっ……避けられないかっ………！),（嗚……看來是…無法避免…要成為這傢伙的玩物了嗎……！）,,(咕嚕……成為這傢伙的安慰者……難以避免嗎……！),,(Guuh... becoming this thing's toy... Is it unavoidable...?!),(크윽…… 이 녀석의 노리개가 되는 것은…… 피할 수 없나………!),（呜……看来是…无法避免…要成为这家伙的玩物了吗……！）
,,,,,,,,,,
Daiya.Fallen2-41,,(それならっ……覚悟を決めるしかないっ……私は……勝たなければいけないのだからっ…！),(それならっ……覚悟を決めるしかないっ……私は……勝たなければいけないのだからっ…！),（既然如此……只能下定決心了……我……必須要贏…！）,,那麼……我只能做好準備……我……必須贏！,,(Then... I have no choice but to steel my resolve... I... must win...!),(그렇다면…… 각오를 다질 수밖에 없어…… 나는…… 이겨야 하니까…!),（既然如此……只能下定决心了……我……必须要赢…！）
,,,,,,,,,,
Daiya.Fallen2-42,ダイヤ,「はっ♥、はっ♥、ぐっ…そんなの……望むところ…だっ！」,「はっ♥、はっ♥、ぐっ…そんなの……望むところ…だっ！」,「哈♥、哈♥，嗚…那種事……正合我意…！」,,「咿♥，咿♥，咕……這樣的……正合我意……！」,,"""Hah♥ hah♥ guh... that's... exactly what I want...!""","「핫♥, 핫♥, 크윽… 그런 건…… 바라는 바…다!」",「哈♥、哈♥、呜…那种事……正合我意…！」
,,,,,,,,,,
Daiya.Fallen2-43,,「私はっ…最強の聖核戦姫だっ！こんな……チンポなんかに…負けないっ！」,「私はっ…最強の聖核戦姫だっ！こんな……チンポなんかに…負けないっ！」,「我…是最強的聖核戰姫！才不會…輸給這種…雞巴！」,,「我……是最強的聖核戰姬！這種……雞巴什麼的……我不會輸的！」,,"""I am... the strongest Holy Core Battlemaiden! I won't lose... to something like this!""",「나는… 최강의 성핵전희다! 이런…… 자지 따위에… 지지 않아!」,「我…是最强的圣核战姫！才不会…输给这种…鸡巴！」
,,,,,,,,,,
Daiya.Fallen2-44,,ダイヤは震えを噛み殺しながら虚勢を張り怪人に宣言する。,ダイヤは震えを噛み殺しながら虚勢を張り怪人に宣言する。,黛雅強忍著顫抖，虛張聲勢地對怪人宣言。,,黛雅咬緊牙關，壓抑著顫抖，向怪人宣告。,,Daiya declared to the fiend with false bravado while suppressing her trembling.,다이아는 떨림을 억누르며 허세를 부려 괴인에게 선언한다.,黛雅强忍着颤抖，虚张声势地对怪人宣言。
,,,,,,,,,,
Daiya.Fallen2-45,,(そうだっ、何を弱気になっている…いくら強い怪人だろうと…私は戦うだけだっ！),(そうだっ、何を弱気になっている…いくら強い怪人だろうと…私は戦うだけだっ！),（沒錯，我幹嘛這麼軟弱…無論是多強的怪人…我只要戰鬥就好了！）,,(沒錯，為什麼要變得膽怯呢…無論對方是多麼強大的怪人…我只知道戰鬥！),,"(That's right, why am I being weak... no matter how strong the fiend... I just have to fight!)","(그래, 뭘 약한 소리를 하고 있는 거야… 아무리 강한 괴인이라도… 나는 싸울 뿐이다!)",（没错，我干嘛这么软弱…无论是多强的怪人…我只要战斗就好了！）
,,,,,,,,,,
Daiya.Fallen2-46,ダイヤ,「こんなチンポに…チンポなんかに――――」,「こんなチンポに…チンポなんかに――――」,「對這種雞巴…對雞巴這種東西――――」,,「這種雞巴什麼的…雞巴什麼的――――」,,"""To something like this... to something like...""",「이런 자지에… 자지 따위에――――」,「对这种鸡巴…对鸡巴这种东西――――」
,,,,,,,,,,
Daiya.Fallen2-47,Daiya darkness 1-4,ズボッッ、ドチュンッッ！！,ズボッッ、ドチュンッッ！！,噗滋、咚啾！！,,啪嗒、扑通！！,,Thrust! Slam!,즈봇!! 도츗!!,噗滋、咚啾！！
,,,,,,,,,,
Daiya.Fallen2-48,ダイヤ,「ひっぎゅうううううっっ！！？！？！」,「ひっぎゅうううううっっ！！？！？！」,「呀嗚嗚嗚嗚嗚！！？！？！」,,「嘿咕咕咕咕咕！！？！？！」,,"""Higyuuuuuuuuu!!?!?!""",「히익규우우우우웃!!?!?!」,「呀呜呜呜呜呜！！？！？！」
,,,,,,,,,,
Daiya.Fallen2-49,,怪人がダイヤを下ろし、怪人チンポがダイヤへ挿入される,怪人がダイヤを下ろし、怪人チンポがダイヤへ挿入される,怪人將黛雅放下，怪人的雞巴插入了黛雅體內,,怪人將黛雅推倒，怪人的雞巴插進了黛雅身體。,,The fiend lowered Daiya onto its cock.,"괴인이 다이아를 내리고, 괴인 자지가 다이아에게 삽입된다",怪人将黛雅放下，怪人的鸡巴插入了黛雅体内
,,,,,,,,,,
Daiya.Fallen2-50,,「お゛っお゛お゛お゛お゛お゛お゛っっっ！？」,「お゛っお゛お゛お゛お゛お゛お゛っっっ！？」,「喔喔喔喔喔喔喔喔！？」,,「噢咕咕咕咕咕咕咕咕！！？」,,"""Oghoghoghoghoghoghoghhhh?!""",「오옷 옷오옷 오옷 오옷 오옷 오옷 오옷 옷!!!?」,「喔喔喔喔喔喔喔喔！？」
,,,,,,,,,,
Daiya.Fallen2-51,,プシッ♥、プシュウウウウウッッ♥,プシッ♥、プシュウウウウウッッ♥,噗滋♥、噗咻嗚嗚嗚嗚♥,,啪嗒♥、噗嘟嘟嘟嘟嘟♥,,Squirt♥ Gushhhhhhh♥,"푸싯♥, 푸슈우우우우웃♥",噗滋♥、噗咻呜呜呜呜♥
,,,,,,,,,,
Daiya.Fallen2-52,,「お゛おっ、ひっ♥、お゛っ♥、お゛っ！？」,「お゛おっ、ひっ♥、お゛っ♥、お゛っ！？」,「喔喔、呀♥、喔♥、喔！？」,,「噢咕、嘿♥、噢♥、噢！？」,,"""Oghoh, hih♥ ogh♥ ogh?!""","「오옷 오옷, 히익♥, 오옷 옷♥, 오옷 옷!?」",「喔喔、呀♥、喔♥、喔！？」
,,,,,,,,,,
Daiya.Fallen2-53,那由多,「おやおや…ダイヤちゃんおちんぽ一撃即イキで潮吹いちゃってますね？残念ながら早速ダイヤちゃんの負けです。」,「おやおや…ダイヤちゃんおちんぽ一撃即イキで潮吹いちゃってますね？残念ながら早速ダイヤちゃんの負けです。」,「哎呀哎呀…黛雅小姐被雞巴一插就立刻高潮噴潮了呢？真可惜，看來是黛雅小姐輸了。」,,「哦呀哦呀…黛雅小姐一擊就高潮噴潮了嗎？很遺憾，黛雅小姐立刻就輸了。」,,"""Oh my... You climaxed and squirted from just one thrust?! Unfortunately, you lost.""",「어머어머… 다이아쨩 자지 한 방에 즉시 가서 분수 싸버렸네요? 유감스럽게도 바로 다이아쨩의 패배입니다.」,「哎呀哎呀…黛雅小姐被鸡巴一插就立刻高潮喷潮了呢？真可惜，看来是黛雅小姐输了。」
,Daiya darkness 1-6,,,,,,,,,
Daiya.Fallen2-54,ダイヤ,「お゛お゛っ、ま、まけてにゃいっ♥！」,「お゛お゛っ、ま、まけてにゃいっ♥！」,「喔喔、才、才沒輸♥！」,,「噢咕咕、不、不要輸給你喵♥！」,,"""Oghogh, I-I haven't losht♥!""","「오옷 오옷 옷, 자, 지지 않았어♥!」",「喔喔、才、才没输♥！」
,,,,,,,,,,
Daiya.Fallen2-55,,「わたしはっ、このていどでっ♥、まけないいいぃッ！！」,「わたしはっ、このていどでっ♥、まけないいいぃッ！！」,「我、才不會…因為這種程度♥、就輸掉！！」,,「我就是這樣的♥，絕對不會輸的！！」,,"""I won't... loshe to thish♥ It's not over!""","「나는, 이 정도로♥, 지지 않아아아아잇!!」",「我、才不会…因为这种程度♥、就输掉！！」
,,,,,,,,,,
Daiya.Fallen2-56,那由多,「まあ……おちんぽに串刺しで無様に潮を吹きながらよくそんなことが言えますね。」,「まあ……おちんぽに串刺しで無様に潮を吹きながらよくそんなことが言えますね。」,「真是…被雞巴插著、狼狽地噴著潮水，妳還真敢說呢。」,,「哎呀……被串刺後還潮水四濺，還能說出這種話來，真是厲害呢。」,,"""Well... you can say that while being skewered and squirting so shamefully.""",「뭐…… 자지에 꼬챙이 꽂혀 꼴사납게 분수 싸면서 잘도 그런 말을 할 수 있네요.」,「真是…被鸡巴插着、狼狈地喷着潮，你还真敢说呢。」
,,,,,,,,,,
Daiya.Fallen2-57,,「だそうですので…ご主人様、もっとそのおちんぽ様で分からせてあげてください♥」,「だそうですので…ご主人様、もっとそのおちんぽ様で分からせてあげてください♥」,「既然她都這麼說了…主人，請用您的雞巴大人讓她更明白事理吧♥」,,「據說是這樣的…主人，請用您的那位令人明白的物件讓我知道吧♥」,,"""That being the case... Master, please make her understand the situation with your cock""","「라고 합니다… 주인님, 더욱 그 자지님으로 깨닫게 해주세요♥」",「既然她都这么说了…主人，请用您的鸡巴大人让她更明白事理吧♥」
,,,,,,,,,,
Daiya.Fallen2-58,怪人,「ああ、もちろんだ。」,「ああ、もちろんだ。」,「啊啊，當然。」,,「啊，當然。」,,"""Ah, of course.""","「아아, 물론이다.」",「啊啊，当然。」
,,,,,,,,,,
Daiya.Fallen2-59,ダイヤ,「はあっはあっ、ひいっ…ま、まって――――」,「はあっはあっ、ひいっ…ま、まって――――」,「哈啊哈啊、噫…等、等一下――――」,,「呼呼，喘息…等、等一下——」,,"""Haah, haah, hii... w-wait...""","「하앗하앗, 히잇… 자, 잠깐――――」",「哈啊哈啊、噫…等、等一下――――」
,,,,,,,,,,
Daiya.Fallen2-60,Daiya darkness 1-5,ズチュッ！！ズチュッ！！ズチュッ！！,ズチュッ！！ズチュッ！！ズチュッ！！,噗啾！！噗啾！！噗啾！！,,噗噗！！噗噗！！噗噗！！,,Squelch! Squelch! Squelch!,즈츗!! 즈츗!! 즈츗!!,咚啾！！咚啾！！咚啾！！
,,,,,,,,,,
Daiya.Fallen2-61,ダイヤ,「ほお゛っ！？お゛おっ♥、ほお゛ほっ！？！！」,「ほお゛っ！？お゛おっ♥、ほお゛ほっ！？！！」,「吼喔！？喔喔♥、吼喔喔！？！！」,,「嗚哦！？哦♥，嗚哦！？！！」,,"""Hoghh?! Oghoh♥ hoghhoh?!!!""","「호오옷 옷!? 오옷 오옷♥, 호오옷 홋!?!!」",「吼喔！？喔喔♥、吼喔喔！？！！」
,,,,,,,,,,
Daiya.Fallen2-62,,膣内を怪人の巨大で熱した鉄のようなペニスが上下し、一突きごとにダイヤの意識を削っていく,膣内を怪人の巨大で熱した鉄のようなペニスが上下し、一突きごとにダイヤの意識を削っていく,怪人巨大而灼熱如鐵的雞巴在陰道內上下抽送，每一次的衝撞都在削弱黛雅的意識。,,怪人的巨大、熱如鐵的陽具在膣內上下移動，每一次刺入都削弱著黛雅的意識。,,"The fiend's enormous, hot iron-like cock moved up and down inside her, chipping away at Daiya's consciousness with each thrust.","질 내를 괴인의 거대하고 뜨거운 철 같은 페니스가 상하로 움직이며, 한 번 찌를 때마다 다이아의 의식을 깎아간다",怪人巨大而灼热如铁的鸡巴在阴道内上下抽送，每一次的冲撞都在削弱黛雅的意识。
,,,,,,,,,,
Daiya.Fallen2-63,,「お゛おっ♥、ま、っ♥、まってえっ♥、そんなっ♥…いぎゅうっ♥！？」,「お゛おっ♥、ま、っ♥、まってえっ♥、そんなっ♥…いぎゅうっ♥！？」,「喔喔♥、等、♥、等一下♥、那樣♥…呀嗚♥！？」,,「哦♥，等♥，等一下♥，這樣♥…唔♥！？」,,"""Oghoh♥ w-♥ waaait♥ not like♥... igyuuh♥?!""","「오옷 오옷♥, 자, 윽♥, 잠깐만요♥, 그런♥… 이규웃♥!?」",「喔喔♥、等、♥、等一下♥、那样♥…呀呜♥！？」
,,,,,,,,,,
Daiya.Fallen2-64,那由多,「あははっ、ダイヤちゃんのかっこよかった腹筋…おちんぽの形に浮き出ちゃってますね！」,「あははっ、ダイヤちゃんのかっこよかった腹筋…おちんぽの形に浮き出ちゃってますね！」,「啊哈哈，黛雅小姐引以為傲的腹肌…都浮現出雞巴的形狀了呢！」,,「啊哈哈，黛雅的帥氣腹肌…竟然浮現出陽具的形狀呢！」,,"""Ahaha, your amazing abs... are bulging in the shape of his cock!""","「아하핫, 다이아쨩의 멋있었던 복근… 자지 모양으로 부풀어 올랐네요!」",「啊哈哈，黛雅小姐引以为傲的腹肌…都浮现出鸡巴的形状了呢！」
,,,,,,,,,,
Daiya.Fallen2-65,,「イキ潮も止まりませんね。一体さっきから何回絶頂しているのでしょうか？」,「イキ潮も止まりませんね。一体さっきから何回絶頂しているのでしょうか？」,「高潮的噴潮也停不下來呢。從剛才到現在，妳到底絕頂幾次了啊？」,,「高潮也沒有停止呢。從剛才到底已經達到多少次絕頂了呢？」,,"""Your squirting won't stop either. I wonder how many times you've climaxed already?!""",「가는 조수도 멈추지 않네요. 대체 아까부터 몇 번이나 절정하고 있는 걸까요?」,「高潮的喷潮也停不下来呢。从刚才到现在，你到底绝顶几次了啊？」
,Daiya darkness 1-7,,,,,,,,,
Daiya.Fallen2-66,ダイヤ,「ひぎゅうっ！！ま、まけてないぃ♥！！こんなチンポなんかにっ♥、けどっ、や、やめろぉ♥♥！！」,「ひぎゅうっ！！ま、まけてないぃ♥！！こんなチンポなんかにっ♥、けどっ、や、やめろぉ♥♥！！」,「呀嗚！！才、才沒輸♥！！才不會輸給這種雞巴♥、但是、住、住手啊♥♥！！」,,「嗚唔！！我、我還沒輸♥！！對這樣的陽具♥，但是、停、停下來♥♥！！」,,"""Higyuu!! I-I haven't lost♥!! To something like this♥ but, s-stop it♥♥!!""","「히규웃!! 자, 지지 않았어♥!! 이런 자지 따위에♥, 하지만, 그, 그만둬어♥♥!!」",「呀呜！！才、才没输♥！！才不会输给这种鸡巴♥、但是、住、住手啊♥♥！！」
,,,,,,,,,,
Daiya.Fallen2-67,,ジュポンッ！ドチュッ！ドチュッ！！,ジュポンッ！ドチュッ！ドチュッ！！,啾啵！咚啾！咚啾！！,,噗唰！噗噗！噗噗！！,,Plunge! Slam! Slam!,쥬퐁! 도츗! 도츗!!,啾啵！咚啾！咚啾！！
,,,,,,,,,,
Daiya.Fallen2-68,那由多,「無駄ですよ？あなたの体はもうオナホなんですから。じきにおちんぽの事しか考えられなくなりますので。」,「無駄ですよ？あなたの体はもうオナホなんですから。じきにおちんぽの事しか考えられなくなりますので。」,「沒用的喔？妳的身體已經是自慰套了。很快妳就會滿腦子只剩下雞巴了。」,,「白費力氣的喔？因為你的身體已經成為了自慰器。很快就只會想著陽具了。」,,"""It's useless. Your body is already a toy. Soon you won't be able to think of anything but his cock.""",「소용없어요? 당신 몸은 이미 오나홀이니까요. 곧 자지 생각밖에 할 수 없게 될 겁니다.」,「没用的喔？你的身体已经是自慰套了。很快你就会满脑子只剩下鸡巴了。」
,,,,,,,,,,
Daiya.Fallen2-69,ダイヤ,「ちっ、ちがうううっ♥♥！わたしはっ…！聖核戦姫っ♥！こんなチンポのオナホなんかにっ♥ならないっ♥！」,「ちっ、ちがうううっ♥♥！わたしはっ…！聖核戦姫っ♥！こんなチンポのオナホなんかにっ♥ならないっ♥！」,「才、才不是♥♥！我是…！聖核戰姫♥！才不會♥變成這種雞巴的自慰套♥！」,,「呸、不、不對♥♥！我是…！聖核戰姬♥！絕不會成為這樣陽具的自慰器♥！」,,"""N-noooo♥♥! I am...! A Holy Core Battlemaiden♥! I won't become a sex toy for this thing♥!""","「아, 아니야아아앗♥♥! 나는…! 성핵전희♥! 이런 자지의 오나홀 따위에♥ 되지 않아♥!」",「才、才不是♥♥！我是…！圣核战姫♥！才不会♥变成这种鸡巴的自慰套♥！」
,,,,,,,,,,
Daiya.Fallen2-70,,「さ、ご主人様、頭の悪いダイヤちゃんがちゃんと自分をオナホだと認めるまで躾けちゃってください！」,「さ、ご主人様、頭の悪いダイヤちゃんがちゃんと自分をオナホだと認めるまで躾けちゃってください！」,「來吧主人，在腦袋不清楚的黛雅小姐能確實承認自己是自慰套之前，好好地調教她吧！」,,「主人，請好好調教那個愚蠢的黛雅小姐，直到她承認自己就是個自慰器為止！」,,"""Now, Master, please discipline the foolish Daiya until she knows her place!""","「자, 주인님, 머리 나쁜 다이아쨩이 제대로 자신을 오나홀이라고 인정할 때까지 벌을 주세요!」",「来吧主人，在脑袋不清楚的黛雅小姐能确实承认自己是自慰套之前，好好地调教她吧！」
,,,,,,,,,,
Daiya.Fallen2-71,怪人,「うむ。」,「うむ。」,「嗯。」,,「嗯。」,,"""Hmm.""",「음.」,「嗯。」
,,,,,,,,,,
Daiya.Fallen2-72,ダイヤ,「や、ひあっ、や、やめろぉ！！」,「や、ひあっ、や、やめろぉ！！」,「呀、呀啊、住、住手啊！！」,,「呀、嗚啊、呀、停下啊！！」,,"""N-no, hiah, s-stop it!!""","「야, 히앗, 야, 그만둬!!」",「呀、呀啊、住、住手啊！！」
,,,,,,,,,,
Daiya.Fallen2-73,Daiya darkness 1-5,ドチュンッッ、ズボッッ！！ズボッ！！,ドチュンッッ、ズボッッ！！ズボッ！！,咚啾、噗滋！！噗滋！！,,「咚噹──，嗡──！！嗡──！！」,,Slam! Thrust! Thrust!,도츗!! 즈봇!! 즈봇!!,咚啾、噗滋！！噗滋！！
,,,,,,,,,,
Daiya.Fallen2-74,,「ほお゛っ！？お゛おっ♥、ほお゛ほっ～～～～♥♥！？！！」,「ほお゛っ！？お゛おっ♥、ほお゛ほっ～～～～♥♥！？！！」,「吼喔！？喔喔♥、吼喔喔～～～～♥♥！？！！」,,「嗯咦！？哦哦♥，嗯咦～～～～♥♥！？！！」,,"""Hoghh?! Oghoh♥ hoghhoh♥♥?!!!""","「호오옷 옷!? 오옷 오옷♥, 호오옷 홋~~~~♥♥!?!!」",「吼喔！？喔喔♥、吼喔喔～～～～♥♥！？！！」
,,,,,,,,,,
Daiya.Fallen2-75,,「う゛うああっ！！、わたしはっ、まけないいっ♥！！」,「う゛うああっ！！、わたしはっ、まけないいっ♥！！」,「嗚哇啊啊！！我、才不會輸！！」,,「嗚咦啊啊！！我，不會輸的♥！！」,,"""Uuaaah!! I won't... lose♥!!""","「으옷 으아앗!!, 나는, 지지 않아♥!!」",「呜哇啊啊！！我、才不会输！！」
,,,,,,,,,,
Daiya.Fallen2-76,,「こんな怪人のおちんぽなんかにっ！わたしはっ♥、くっしないっ～～♥！！！」,「こんな怪人のおちんぽなんかにっ！わたしはっ♥、くっしないっ～～♥！！！」,「才不會輸給這種怪人的雞巴！我才♥、不會屈服～～♥！！！」,,「這種怪人的傢伙！我才不會♥，輸給你呢～～♥！！！」,,"""To this fiend's cock! I won't♥ submit♥!!!""","「이런 괴인의 자지 따위에! 나는♥, 굴하지 않아~~♥!!!」",「才不会输给这种怪人的鸡巴！我才♥、不会屈服～～♥！！！」
,,,,,,,,,,
Daiya.Fallen2-77,那由多,「いいえ、残念ですが聖核戦姫としてのあなたはここで終わりです。」,「いいえ、残念ですが聖核戦姫としてのあなたはここで終わりです。」,「不，很可惜，身為聖核戰姫的妳到此為止了。」,,「不好意思，作為聖核戰姬的你在這裡將結束了。」,,"""No, unfortunately your time as a Holy Core Battlemaiden ends here.""","「아니요, 유감스럽지만 성핵전희로서의 당신은 여기서 끝입니다.」",「不，很可惜，身为圣核战姫的你到此为止了。」
,,,,,,,,,,
Daiya.Fallen2-78,,ズチュッ！！ズチュッ！！ズチュッ！！ドチュッ！,ズチュッ！！ズチュッ！！ズチュッ！！ドチュッ！,咚啾！！咚啾！！咚啾！！咚啾！,,「嗡──！！嗡──！！嗡──！！咚噹！」,,Squelch! Squelch! Squelch! Slam!,즈츗!! 즈츗!! 즈츗!! 도츗!,咚啾！！咚啾！！咚啾！！咚啾！
,,,,,,,,,,
Daiya.Fallen2-79,ダイヤ,「くそおっ！！、そんなわけがっ！！、私は怪人のオナホなんかにはっ！！なりたくないっ♥♥！！」,「くそおっ！！、そんなわけがっ！！、私は怪人のオナホなんかにはっ！！なりたくないっ♥♥！！」,「可惡！！才不是那樣！！我才不要變成怪人的自慰套！！不想啊♥♥！！」,,「可惡！！這怎麼可能！！我才不想成為怪人的玩具♥♥！！」,,"""Damn it!! That can't be!! I don't want to become a fiend's sex toy♥♥!!""","「젠장!!, 그럴 리가!!, 나는 괴인의 오나홀 따위는!! 되고 싶지 않아♥♥!!」",「可恶！！才不是那样！！我才不要变成怪人的自慰套！！不想啊♥♥！！」
,,,,,,,,,,
Daiya.Fallen2-80,那由多,「いいえ、貴女の負けですよ？今あなたが生かされてるのもご主人様のおちんぽに奉仕するため…それ以外の価値はありません。」,「いいえ、貴女の負けですよ？今あなたが生かされてるのもご主人様のおちんぽに奉仕するため…それ以外の価値はありません。」,「不，就是妳輸了喔？妳現在還能活著，也是為了服侍主人的雞巴…除此之外妳沒有任何價值。」,,「不，妳輸了哦？現在妳還活著，只是為了服侍主人的傢伙…除此之外沒有其他價值。」,,"""No, you've lost. The only reason you're kept alive is to service Master's cock... you have no other value.""","「아니요, 당신의 패배예요? 지금 당신이 살아있는 것도 주인님의 자지에 봉사하기 위해서… 그 외의 가치는 없습니다.」",「不，就是你输了喔？你现在还能活着，也是为了服侍主人的鸡巴…除此之外你没有任何价值。」
,,,,,,,,,,
Daiya.Fallen2-81,,「あなたがこれまで苦労して鍛えてきたのも、聖核戦姫として戦ってきたのも、全ては締りの良いオナホになるためだったんですね。」,「あなたがこれまで苦労して鍛えてきたのも、聖核戦姫として戦ってきたのも、全ては締りの良いオナホになるためだったんですね。」,「妳至今為止辛苦鍛鍊，以及作為聖核戰姫戰鬥，全都是為了成為一個緊實好用的自慰套呢。」,,「你為了這一切努力鍛鍊，為了作為聖核戰姬而戰鬥，原來一切都是為了成為一個緊緻的玩具呢。」,,"""All your hard training, all your battles as a Holy Core Battlemaiden, it was all just to become a tight sex toy.""","「당신이 지금까지 고생해서 단련해 온 것도, 성핵전희로서 싸워 온 것도, 모두는 조임 좋은 오나홀이 되기 위해서였군요.」",「你至今为止辛苦锻炼，以及作为圣核战姫战斗，全都是为了成为一个紧实好用的自慰套呢。」
,,,,,,,,,,
Daiya.Fallen2-82,ダイヤ,「や、やだあっ！！私はっ…そんなことのためにっ！戦ってきたんじゃない！！」,「や、やだあっ！！私はっ…そんなことのためにっ！戦ってきたんじゃない！！」,「不、不要啊！！我才不是…！才不是為了那種事而戰鬥的！！」,,「呀、不要啊！！我…可不是為了這種事情才戰鬥的！！」,,"""N-no!! I didn't... fight for something like that!!""","「야, 싫어엇!! 나는… 그런 것을 위해! 싸워 온 게 아니야!!」",「不、不要啊！！我才不是…！才不是为了那种事而战斗的！！」
,,,,,,,,,,
Daiya.Fallen2-83,那由多,「ふふっ、ですが四肢を取られ無様に喘ぐ今のあなたはそれにしか見えませんよ。」,「ふふっ、ですが四肢を取られ無様に喘ぐ今のあなたはそれにしか見えませんよ。」,「呵呵，可是四肢被奪走、狼狽喘息著的妳，看起來就只是那樣喔。」,,「呼呼，但是現在四肢被割斷，無助地喘息的你，看起來就像那樣而已。」,,"""Fufu, but look at you now... Limbless and moaning shamefully, that's all you appear to be.""","「후훗, 하지만 사지를 빼앗기고 꼴사납게 신음하는 지금의 당신은 그것으로밖에 보이지 않아요.」",「呵呵，可是四肢被夺走、狼狈喘息着的你，看起来就只是那样喔。」
,,,,,,,,,,
Daiya.Fallen2-84,ダイヤ,「お゛っ♥！お゛っ♥！お゛お゛っ♥！くしょおっ！！」,「お゛っ♥！お゛っ♥！お゛お゛っ♥！くしょおっ！！」,「喔♥！喔♥！喔喔♥！可惡！！」,,「喔♥！喔♥！喔喔♥！可惡！！」,,"""Ogh♥! Ogh♥! Oghogh♥! Damn it!!""",「오옷 옷♥! 오옷 옷♥! 오옷 오옷 옷♥! 젠장!!」,「喔♥！喔♥！喔喔♥！可恶！！」
,,,,,,,,,,
Daiya.Fallen2-85,Daiya darkness 1-7,(ぐうううっ♥、おちんぽに体の奥までずぼずぼされてっ♥、意識が持たないっ…♥！！),(ぐうううっ♥、おちんぽに体の奥までずぼずぼされてっ♥、意識が持たないっ…♥！！),（嗚嗚嗚♥、被雞巴插到身體深處♥、意識快要撐不住了…♥！！）,,「咕嗚嗚♥，被陽具戳到身體深處♥，意識快要消失了…♥！！」,,(Guuuh♥ His cock is going so deep♥ I can't maintain my consciousness...♥!!),"(크으으윽♥, 자지에 몸속 깊이까지 즈봇즈봇 당해서♥, 의식이 버티지 못해…♥!!)",（呜呜呜♥、被鸡巴插到身体深处♥、意识快要撑不住了…♥！！）
,,,,,,,,,,
Daiya.Fallen2-86,,(私がっ♥、こんな所で終わるわけが…っ♥！！ヒスイがっ…やり遂げるまではっ…♥！),(私がっ♥、こんな所で終わるわけが…っ♥！！ヒスイがっ…やり遂げるまではっ…♥！),（我♥、怎麼能在這種地方結束…♥！！在翡翠…完成任務之前…♥！）,,(我♥，怎麼可能就這樣結束…♥！！翡翠…直到完成…♥！),,(I can't♥ end in a place like this...♥!! Not until Hisui... accomplishes her goal...♥!),"(내가♥, 이런 곳에서 끝날 리가…♥!! 히스이가… 해낼 때까지는…♥!)",（我♥、怎么能在这种地方结束…♥！！在翡翠…完成任务之前…♥！）
,,,,,,,,,,
Daiya.Fallen2-87,Daiya darkness 1-5,ドチュンッッ、ズボッッ！！ズボッ！！ドチュッ！！,ドチュンッッ、ズボッッ！！ズボッ！！ドチュッ！！,咚啾、噗滋！！噗滋！！咚啾！！,,咚噹！！啪嗒！！啪嗒！！咚！！,,Slam! Thrust! Thrus,도츗!! 즈봇!! 즈봇!! 도츗!!,咚啾、噗滋！！噗滋！！咚啾！！
,,,,,,,,,,
Daiya.Fallen2-88,,「お゛おっ、ひっ♥、お゛っ♥、お゛っ♥」,「お゛おっ、ひっ♥、お゛っ♥、お゛っ♥」,「喔喔、呀♥、喔♥、喔♥」,,「喔喔、嗚♥、喔♥、喔♥」,,"""Hehih♥ ogh♥ ogh♥ oghoh♥""","「오옷 오옷, 히익♥, 오옷 옷♥, 오옷 옷♥」",「喔喔、呀♥、喔♥、喔♥」
,,,,,,,,,,
Daiya.Fallen2-89,,いくら抵抗しようとしても、怪人によって軽々と扱われるダイヤにはもはやなすすべがない,いくら抵抗しようとしても、怪人によって軽々と扱われるダイヤにはもはやなすすべがない,無論多想抵抗，被怪人輕易玩弄於股掌間的黛雅已經無計可施,,無論怎麼掙扎，對怪人來說輕而易舉的黛雅已經無路可走。,,"No matter how much she tried to resist, Daiya was handled so easily by the fiend that she was utterly helpless.","아무리 저항하려 해도, 괴인에게 가볍게 다뤄지는 다이아에게는 이제 어쩔 도리가 없다",无论多想抵抗，被怪人轻易玩弄于股掌间的黛雅已经无计可施
,,,,,,,,,,
Daiya.Fallen2-90,ダイヤ,「へひっ♥、お゛っ♥、お゛っ♥、お゛おっ♥」,「へひっ♥、お゛っ♥、お゛っ♥、お゛おっ♥」,「嚇呀♥、喔♥、喔♥、喔喔♥」,,「喔喔♥、喔♥、喔♥、喔喔♥」,,"""Hehih♥ ogh♥ ogh♥ oghoh♥""","「헤힛♥, 오옷 옷♥, 오옷 옷♥, 오옷 오옷♥」",「吓呀♥、喔♥、喔♥、喔喔♥」
,,,,,,,,,,
Daiya.Fallen2-91,ダイヤ,「う゛うっ、私はっ…まけ…な…ひぎゅっ！？」,「う゛うっ、私はっ…まけ…な…ひぎゅっ！？」,「嗚…我…才…沒…輸…呀！？」,,「喔喔、我…輸…不…嗚咕！？」,,"""Uuh, I won't... lo... se... higyuh?!""","「으옷 윽, 나는… 지지… 않… 히귯!?」",「呜…我…才…没…输…呀！？」
,,,,,,,,,,
Daiya.Fallen2-92,Daiya darkness 1-7,怪人が動きをとめ、ダイヤを一番深い位置で固定する,怪人が動きをとめ、ダイヤを一番深い位置で固定する,怪人停下了動作，將黛雅固定在最深的位置,,怪人停止了動作，將黛雅固定在最深處。,,The fiend stopped Daiya and pinned her down while he was deep inside her.,"괴인이 움직임을 멈추고, 다이아를 가장 깊은 위치에서 고정한다",怪人停下了动作，将黛雅固定在最深的位置
,,,,,,,,,,
Daiya.Fallen2-93,ダイヤ,「ひあっ！？な、何をする気だあっ――――？！」,「ひあっ！？な、何をする気だあっ――――？！」,「呀啊！？你、你想做什麼――――？！」,,「喔啊！？你、你想做什麼啊――――？！」,,"""Hyaa?! Wh-what are you planning to do?!""","「히앗!? 무, 무슨 짓을 할 셈이야――――?!」",「呀啊！？你、你想做什么――――？！」
,,,,,,,,,,
Daiya.Fallen2-94,Daiya darkness 1-8,その瞬間怪人のチンポの先端からダイヤの子宮の奥へと熱い精液の奔流が放たれた,その瞬間怪人のチンポの先端からダイヤの子宮の奥へと熱い精液の奔流が放たれた,那一瞬間，灼熱的精液奔流從怪人雞巴的前端射向黛雅的子宮深處。,,怪人的陰莖尖端突然噴射出炙熱的精液，直衝黛雅子宮深處。,,"At that moment, a torrent of hot semen was unleashed from the tip of the fiend's cock deep into Daiya's womb.",그 순간 괴인의 자지 끝에서 다이아의 자궁 속 깊은 곳으로 뜨거운 정액의 분류가 방출되었다,那一瞬间，灼热的精液奔流从怪人鸡巴的前端射向黛雅的子宫深处。
,,,,,,,,,,
Daiya.Fallen2-95,,ドクッ！ドビュルルルルルッル！！,ドクッ！ドビュルルルルルッル！！,噗通！咚咻嚕嚕嚕嚕嚕！！,,哼！嘟噜噜噜噜！！,,Throb! Splurrrrrt!!,도큣! 도뷰르르르르릇르릇!!,噗通！咚咻噜噜噜噜噜！！
,,,,,,,,,,
Daiya.Fallen2-96,ダイヤ,「お゛おっ♥！？お゛ほお゛お゛お゛お゛ッッッッ！！！？」,「お゛おっ♥！？お゛ほお゛お゛お゛お゛ッッッッ！！！？」,「喔喔♥！？喔吼喔喔喔喔喔！！！？」,,「喔喔♥！？喔喔喔喔喔喔！！！」,,"""Ohhh♥?! Ohhooooohhh!!!?""",「오옷 오옷♥!? 오옷 홋오옷 오옷 오옷 오옷 옷!!!?」,「喔喔♥！？喔吼喔喔喔喔喔！！！？」
,,,,,,,,,,
Daiya.Fallen2-97,,子宮を潰されながら精液を子宮に流し込まれ、ダイヤは悲鳴にならない悲鳴を上げる,子宮を潰されながら精液を子宮に流し込まれ、ダイヤは悲鳴にならない悲鳴を上げる,子宮被輾壓的同時，精液被灌入子宮，黛雅發出不成聲的悲鳴。,,子宮被壓潰，同時被灌注精液，黛雅發出無法成為悲鳴的悲鳴。,,"As semen poured into her womb while it was being crushed, Daiya let out a scream that wasn't quite a scream.","자궁을 짓뭉개면서 정액을 자궁에 흘려 넣어져, 다이아는 비명 아닌 비명을 지른다",子宫被辗压的同时，精液被灌入子宫，黛雅发出不成声的悲鸣。
,,,,,,,,,,
Daiya.Fallen2-98,,ドクドクドクッ！！ブシュウウウウウッ！！！,ドクドクドクッ！！ブシュウウウウウッ！！！,噗通噗通噗通！！噗咻嗚嗚嗚嗚！！！,,嘟嘟嘟嘟！！噗噗噗噗噗！！,,"Throb, throb, throb!! Gushhhhh!!!",도크도크도크!! 부슈우우우우웃!!!,噗通噗通噗通！！噗咻呜呜呜呜！！！
,,,,,,,,,,
Daiya.Fallen2-99,ダイヤ,「お゛おっ♥♥！？！？…お゛おおっ♥♥！！」,「お゛おっ♥♥！？！？…お゛おおっ♥♥！！」,「喔喔♥♥！？！？…喔喔喔♥♥！！」,,「喔喔♥♥！？！？…喔喔喔♥♥！！」,,"""Ohhh♥♥?!?!... Ohhhh♥♥!!""",「오옷 오옷♥♥!?!?… 오옷 오오옷♥♥!!」,「喔喔♥♥！？！？…喔喔喔♥♥！！」
,,,,,,,,,,
Daiya.Fallen2-100,,「おちんぽからっ♥♥、あついのでてるううっ～～～♥！？」,「おちんぽからっ♥♥、あついのでてるううっ～～～♥！？」,「從雞巴♥、有燙燙的東西出來了～～～♥！？」,,「陽具好燙♥♥，正在冒出熱熱的呢～～～♥！？」,,"""From your cock♥♥ Something hot is coming ouuut♥?!""","「자지에서♥♥, 뜨거운 게 나오고 있어어어~~~♥!?」",「从鸡巴♥、有烫烫的东西出来了～～～♥！？」
,,,,,,,,,,
Daiya.Fallen2-101,,逆流した精液が結合部からあふれ出る,逆流した精液が結合部からあふれ出る,逆流的精液從結合處滿溢出來,,逆流的精液從結合部溢出。,,The excess leaked from where they were joined,역류한 정액이 결합부에서 넘쳐흐른다,逆流的精液从结合处满溢出来
,,,,,,,,,,
Daiya.Fallen2-102,ダイヤ,「お゛っ♥、うお゛っ♥、お゛おっ！？おおおっ♥！？」,「お゛っ♥、うお゛っ♥、お゛おっ！？おおおっ♥！？」,「喔♥、嗚喔♥、喔喔！？喔喔喔♥！？」,,「喔♥、喔喔♥、喔喔！？喔喔喔♥！？」,,"""Oh♥, uoh♥, ohh?! Ohhh♥?!""","「오옷 옷♥, 우오옷 옷♥, 오옷 오옷!? 오오오옷♥!?」",「喔♥、呜喔♥、喔喔！？喔喔喔♥！？」
,,,,,,,,,,
Daiya.Fallen2-103,,「ひぎっ、お゛っ♥なにっ♥、これっ♥♥…せいえきっ♥♥………子宮にっ…んおおおっ～～♥♥！？」,「ひぎっ、お゛っ♥なにっ♥、これっ♥♥…せいえきっ♥♥………子宮にっ…んおおおっ～～♥♥！？」,「呀、喔♥什麼♥、這個♥♥…精液♥♥………在子宮裡…嗯喔喔喔～～♥♥！？」,,「嘿嘿、喔♥怎麼♥，這個♥♥…精液♥♥………子宮裡…嗯喔喔～～♥♥！？」,,"""Hiii, oh♥ what♥ is this♥♥... semen♥♥... in my womb... nhooooh♥♥?!""","「히긱, 오옷 옷♥ 뭐얏♥, 이거♥♥… 정액♥♥……… 자궁에… 응오오오옷~~♥♥!?」",「呀、喔♥什么♥、这个♥♥…精液♥♥………在子宫里…嗯喔喔喔～～♥♥！？」
,,,,,,,,,,
Daiya.Fallen2-104,,ドクッ……ドクッ……,ドクッ……ドクッ……,噗通……噗通……,,滴答……滴答……,,Throb... throb...,도큣…… 도큣……,噗通……噗通……
,,,,,,,,,,
Daiya.Fallen2-105,那由多,「ふふっ…凄いでしょダイヤさん♥ご主人様のおちんぽは。」,「ふふっ…凄いでしょダイヤさん♥ご主人様のおちんぽは。」,「呵呵…很厲害吧黛雅小姐♥主人的雞巴。」,,「呵呵… 黛雅先生，您看，主人的陽具多厲害♥。」,,"""Fufu... Amazing, isn't it, Daiya♥ Is Master's cock not great?""",「후훗… 굉장하죠 다이아 씨♥ 주인님의 자지는.」,「呵呵…很厉害吧黛雅小姐♥主人的鸡巴。」
,,,,,,,,,,
Daiya.Fallen2-106,ダイヤ,「ひぎっ…うっ……うるさい…っ！！」,「ひぎっ…うっ……うるさい…っ！！」,「呀…嗚……吵死了…！！」,,「嘿嘿…嗚……吵死了…！！」,,"""Hiii... ugh... shut up...!!""",「히긱… 윽…… 시끄러워…!!」,「呀…呜……吵死了…！！」
,,,,,,,,,,
Daiya.Fallen2-107,,ズルズルッ……ギュポッ…！！,ズルズルッ……ギュポッ…！！,嘶嚕嘶嚕……啾啵…！！,,滑溜溜……咕嚕……！！,,"Schlick, schlick... pop...!!",즈르즈릇…… 뀨폿…!!,嘶噜嘶噜……啾啵…！！
,,,,,,,,,,
Daiya.Fallen2-108,Daiya darknenss 1-9,「ほ゛おおおっ♥！？お゛おお～～～～♥！？」,「ほ゛おおおっ♥！？お゛おお～～～～♥！？」,「吼喔喔喔♥！？喔喔喔～～～～♥！？」,,「喔喔喔♥！？喔喔～～～～♥！？」,,"""Hooooh♥?! Ohhhhh♥?!""",「호옷 오오오옷♥!? 오옷 오오~~~~♥!?」,「吼喔喔喔♥！？喔喔喔～～～～♥！？」
,,,,,,,,,,
Daiya.Fallen2-109,,ダイヤの秘所から怪人のペニスがずるずると引き抜かれ、ダイヤに放たれた精液がぼとぼとと零れ落ちる,ダイヤの秘所から怪人のペニスがずるずると引き抜かれ、ダイヤに放たれた精液がぼとぼとと零れ落ちる,怪人的雞巴緩緩地從黛雅的祕處抽出，射入黛雅體內的精液也隨之滴滴答答地流了出來。,,從黛雅的秘密之處被怪人的陰莖滑溜溜地抽出，射在黛雅身上的精液滴答滴答地滴落。,,"The fiend's cock popped out from Daiya's crotch with a wet sound, and the semen that had been shot into Daiya dripped out.","다이아의 은밀한 곳에서 괴인의 페니스가 즈르륵 뽑혀 나오고, 다이아에게 방출된 정액이 뚝뚝 떨어진다",怪人的鸡巴缓缓地从黛雅的秘处抽出，射入黛雅体内的精液也随之滴滴答答地流了出来。
,,,,,,,,,,
Daiya.Fallen2-110,ダイヤ,「ひああっ♥♥…おまんこがっ…閉じれない…いぃ…♥♥！？」,「ひああっ♥♥…おまんこがっ…閉じれない…いぃ…♥♥！？」,「呀啊♥♥…小穴…合不起來…了…♥♥！？」,,「嗚啊♥♥…陰道…關不緊…啊…♥♥！？」,,"""Hyaaa♥♥... my pussy... won't close... aaah♥♥?!""",「히아앗♥♥… 보지가… 닫히지 않아… 이이…♥♥!?」,「呀啊♥♥…小穴…合不起来…了…♥♥！？」
,,,,,,,,,,
Daiya.Fallen2-111,,「偉いですよダイヤさん！弱い聖核戦姫と違ってしっかりご主人様が射精するまで壊れませんでした！私の見立ては間違ってなかったですね！」,「偉いですよダイヤさん！弱い聖核戦姫と違ってしっかりご主人様が射精するまで壊れませんでした！私の見立ては間違ってなかったですね！」,「妳很棒喔！黛雅小姐！跟那些弱小的聖核戰姫不一樣，妳撐到了主人射精都還沒壞掉！我的眼光果然沒錯！」,,「偉大了，黛雅！不像那些軟弱的聖核戰姬，直到主人射精前都沒有故障！我的判斷沒有錯！」,,"""Well done, Daiya! Unlike weak Holy Core Battlemaidens, you didn't break until Master finished! My assessment wasn't wrong!""",「대단해요 다이아 씨! 약한 성핵전희와는 달리 제대로 주인님이 사정할 때까지 망가지지 않았어요! 제 판단은 틀리지 않았군요!」,「你很棒喔！黛雅小姐！跟那些弱小的圣核战姫不一样，你撑到了主人射精都还没坏掉！我的眼光果然没错！」
,,,,,,,,,,
Daiya.Fallen2-112,,「ふふっ♥、これからご主人様に沢山可愛がってもらって立派なオナホになりましょうね♥」,「ふふっ♥、これからご主人様に沢山可愛がってもらって立派なオナホになりましょうね♥」,「呵呵♥，接下來就讓主人好好疼愛妳，成為一個獨當一面的自慰套吧♥」,,「呼呼♥，接下來要讓主人多多疼愛，成為一個出色的自慰器吧♥」,,"""Fufu♥ From now on, let's have Master give you lots of affection and become a splendid sex toy♥""","「후훗♥, 이제부터 주인님께 많이 귀여움 받아서 훌륭한 오나홀이 되도록 해요♥」",「呵呵♥，接下来就让主人好好疼爱你，成为一个独当一面的自慰套吧♥」
,,,,,,,,,,
Daiya.Fallen2-113,ダイヤ,「はあっ♥、はあっ♥、お゛おっ♥だ、だれが……オナホなんかにぃ…♥！」,「はあっ♥、はあっ♥、お゛おっ♥だ、だれが……オナホなんかにぃ…♥！」,「哈啊♥、哈啊♥、喔喔♥誰、誰是……自慰套…♥！」,,「呼啊♥、呼啊♥、喔喔♥，誰……竟然變成…自慰器什麼的…♥！」,,"""Haa♥ haa♥ ohh♥ wh-who would... become a sex toy...♥!""","「하앗♥, 하앗♥, 오옷 오옷♥ 다, 누가…… 오나홀 따위에…♥!」",「哈啊♥、哈啊♥、喔喔♥谁、谁是……自慰套…♥！」
,,,,,,,,,,
Daiya.Fallen2-114,那由多,「おやおや、これは驚きました！まさかまだ反抗心が残っているとは…！」,「おやおや、これは驚きました！まさかまだ反抗心が残っているとは…！」,「哎呀哎呀，這真是嚇到我了！沒想到妳居然還有反抗的意志…！」,,「哦哦，這真是令人驚訝！竟然還有反抗心殘留…！」,,"""Oh my, this is surprising! To think you can still be rebellious...""","「어머어머, 이건 놀랐습니다! 설마 아직 반항심이 남아 있다니…!」",「哎呀哎呀，这真是吓到我了！没想到你居然还有反抗的意志…！」
,,,,,,,,,,
Daiya.Fallen2-115,ダイヤ,「私はっ……この…程度でっ…まけは…しないっ♥！」,「私はっ……この…程度でっ…まけは…しないっ♥！」,「我…才不會…因為這種…程度…就認…輸♥！」,,「我…就…這種程度…不會輸的♥！」,,"""This... is... not enough to... defeat me...""",「나는…… 이… 정도로… 지지는… 않아♥!」,「我…才不会…因为这种…程度…就认…输♥！」
,,,,,,,,,,
Daiya.Fallen2-116,,「私は…オナホなんかに…ならない…っ♥！」,「私は…オナホなんかに…ならない…っ♥！」,「我…才不會…變成…自慰套…♥！」,,「我…不會成為…自慰器什麼的…♥！」,,"""I won't... become... a sex toy...♥!""",「나는… 오나홀 따위가… 되지 않아…윽♥!」,「我…才不会…变成…自慰套…♥！」
,,,,,,,,,,
Daiya.Fallen2-117,那由多,「ふふっ、大丈夫ですよ。ご主人様は絶倫ですから♥貴女が堕ちるまで何度でも相手してくれます♥」,「ふふっ、大丈夫ですよ。ご主人様は絶倫ですから♥貴女が堕ちるまで何度でも相手してくれます♥」,「呵呵，別擔心喔。主人可是精力無窮的♥他會不厭其煩地陪妳玩，直到妳墮落為止♥」,,「呼呼，沒問題的。主人是個不知疲倦的人♥他會陪伴你，直到你崩潰為止♥」,,"""Fufu, don't worry. Master has incredible stamina♥ He'll keep going until you fall♥""","「후훗, 괜찮아요. 주인님은 절륜이시니까요♥ 당신이 타락할 때까지 몇 번이고 상대해주십니다♥」",「呵呵，别担心喔。主人可是精力无穷的♥他会不厌其烦地陪你玩，直到你堕落为止♥」
,,,,,,,,,,
Daiya.Fallen2-118,怪人,「ああっ…まだ始まったばかりだ、せいぜい楽しませろ」,「ああっ…まだ始まったばかりだ、せいぜい楽しませろ」,「啊啊…這才剛開始呢，妳可要好好取悅我。」,,「啊啊…才剛開始而已，盡情享受吧」,,"""Ahh... this is just the beginning. You'd better entertain me well.""","「아아… 아직 시작했을 뿐이다, 실컷 즐겁게 해줘라」",「啊啊…这才刚开始呢，你可要好好取悦我。」
,,,,,,,,,,
Daiya.Fallen2-119,,そして怪人は精液のついたチンポをダイヤのマンコにぺちぺちと叩きつける,そして怪人は精液のついたチンポをダイヤのマンコにぺちぺちと叩きつける,接著怪人將沾滿精液的雞巴，啪啪地拍打在黛雅的小穴上,,然後怪人將沾滿精液的陽具猛烈地敲打在黛雅的陰道上。,,Then the fiend slapped his jizz-covered cock against Daiya's pussy.,그리고 괴인은 정액이 묻은 자지를 다이아의 보지에 찰싹찰싹 때린다,接着怪人将沾满精液的鸡巴，啪啪地拍打在黛雅的小穴上
,,,,,,,,,,
Daiya.Fallen2-120,,「ひっ、ひいっ！？そんなっ…！？まだ…こんな………♥」,「ひっ、ひいっ！？そんなっ…！？まだ…こんな………♥」,「呀、噫！？怎麼會…！？還、還有…這樣………♥」,,「嗚、嗚！？這樣…！？還有…這種……♥」,,"""Hii, hiii?! No way...?! Still... like this...♥""","「히익, 히잇!? 그런…!? 아직… 이런………♥」",「呀、噫！？怎么会…！？还、还有…这样………♥」
,,,,,,,,,,
Daiya.Fallen2-121,ダイヤ,「や、やだ…っ！……ヒスイっ…た、助けにきてえっ！！早くっ！」,「や、やだ…っ！……ヒスイっ…た、助けにきてえっ！！早くっ！」,「不、不要啊…！……翡翠…快、快來救我！！快點！」,,「不、不要…！……翡翠…快、快來救我啊！！快點！」,,"""N-no...! ...Hisui... c-come save me!! Hurry!""","「여, 싫어…윽!…… 히스이… 도, 도와주러 와줘!! 빨리!」",「不、不要啊…！……翡翠…快、快来救我！！快点！」
,,,,,,,,,,
Daiya.Fallen2-122,那由多,「ふふっ、遠慮しないで…私が勝てなかったのに貴女がご主人様に勝てるわけが無いんですから…♥」,「ふふっ、遠慮しないで…私が勝てなかったのに貴女がご主人様に勝てるわけが無いんですから…♥」,「呵呵，別客氣了…連我都贏不了，妳又怎麼可能贏得了主人呢…♥」,,「呼呼，不用客氣…既然我無法勝過，你又怎麼可能勝過主人呢…♥」,,"""Fufu, don't hold back... If I couldn't win, there's no way you can defeat Master...♥""","「후훗, 사양하지 마세요… 제가 이길 수 없었는데 당신이 주인님께 이길 수 있을 리가 없으니까요…♥」",「呵呵，别客气了…连我都赢不了，你又怎么可能赢得了主人呢…♥」
,,,,,,,,,,
Daiya.Fallen2-123,,「さあ、一緒にご主人様にご奉仕しましょう…♥大丈夫、すぐに大好きになりますから…♥」,「さあ、一緒にご主人様にご奉仕しましょう…♥大丈夫、すぐに大好きになりますから…♥」,「來吧，我們一起服侍主人吧…♥別擔心，妳很快就會愛上這一切的…♥」,,「來吧，一起侍奉主人吧…♥ 別擔心，你很快就會愛上這一切的…♥」,,"""Come, let's serve Master together...♥ Don't worry, you'll come to love it soon...♥""","「자, 함께 주인님께 봉사합시다…♥ 괜찮아요, 금방 아주 좋아하게 될 테니까…♥」",「来吧，我们一起服侍主人吧…♥别担心，你很快就会爱上这一切的…♥」
,,,,,,,,,,
Daiya.Fallen2-124,ダイヤ,「―――――――っ！」,「―――――――っ！」,「―――――――！」,,「―――――――！」,,"""...!""",「―――――――윽!」,「―――――――！」
,,,,,,,,,,
Daiya.Fallen2-125,,そしてその日、ダイヤは10回以上怪人に使われ、ダイヤの心は確実に砕かれていくのだった,そしてその日、ダイヤは10回以上怪人に使われ、ダイヤの心は確実に砕かれていくのだった,在那一天，黛雅被怪人使用了十次以上，黛雅的心也逐漸被粉碎。,,而在那一天，黛雅被怪人使用了超過10次，黛雅的心確實被摧毀了。,,"And that day, Daiya was fucked by the fiend more than ten times, and her spirit was crushed.","그리고 그날, 다이아는 10번 이상 괴인에게 사용되며 마음이 확실히 부서져 갔다",在那一天，黛雅被怪人使用了十次以上，黛雅的心也逐渐被粉碎。
,,,,,,,,,,
Daiya.Fallen2-126,,――――――――,――――――――,――――――――,,―――――――！,,...,――――――――,――――――――
,,,,,,,,,,
Daiya.Fallen2-127,,――――,――――,――――,,――――,,...,――――,――――
,,,,,,,,,,
Daiya.Fallen2-128,,ー,ー,－,,――,,...,ー,－
,,,,,,,,,,
,,,,,,,,,,
,,,,,,,,,,
Daiya Fallen Scene 3,注釈,闇堕ちシーン,闇堕ちシーン,,闇堕ちシーン,墮入黑暗場景,,,타락 이벤트,
,,,,,,,,,,
Daiya.Fallen3-1,,ダイヤが怪人のオナホになってからしばらくして,ダイヤが怪人のオナホになってからしばらくして,黛雅成為怪人的自慰套過了一段時間,,黛雅成為怪人的玩具後不久，,,Some time after Daiya had become the fiend's sex toy...,다이아가 괴인의 오나홀이 된 지 얼마 지나지 않아,黛雅成为怪人的自慰套过了一段时间
,Daiya darkness 2-1,,,,,,,,,
Daiya.Fallen3-2,那由多,「さてダイヤちゃん？今日のおまんこの時間ですよ。」,「さてダイヤちゃん？今日のおまんこの時間ですよ。」,「好了黛雅？今天到了用小穴的時間了喔。」,,「那麼，黛雅小姐？今天是您的時間了。」,,"""Now then, Daiya? It's pussy time again.""",「자 다이아쨩? 오늘의 보지 시간이에요.」,「好了黛雅？今天到了用小穴的时间了喔。」
,,,,,,,,,,
Daiya.Fallen3-3,ダイヤ,「えへっ♥、えへっ♥、わんっ♥、わんっ♥」,「えへっ♥、えへっ♥、わんっ♥、わんっ♥」,「嘿嘿♥、嘿嘿♥、汪♥、汪♥」,,「嘿嘿♥，嘿嘿♥，汪♥，汪♥」,,"""Ehe♥ ehe♥ woof♥ woof♥""","「에헷♥, 에헷♥, 멍♥, 멍♥」",「嘿嘿♥、嘿嘿♥、汪♥、汪♥」
,,,,,,,,,,
Daiya.Fallen3-4,,ダイヤは四肢を犬のような義足に取り替えられ、怪人によって抱えられていた,ダイヤは四肢を犬のような義足に取り替えられ、怪人によって抱えられていた,黛雅的四肢被換成了犬型的義肢，正被怪人抱著。,,黛雅被換上了像狗一樣的義肢，被怪人抱起來。,,"Daiya's limbs had been replaced with dog-like prosthetics, and she was being held by the fiend.","다이아는 사지를 개 같은 의족으로 교체당하고, 괴인에게 안겨 있었다",黛雅的四肢被换成了犬型的义肢，正被怪人抱着。
,,,,,,,,,,
Daiya.Fallen3-5,那由多,「うふふ、マン汁垂らしながら腰をヘコヘコさせて…ご主人様の所有物として100点ですね。」,「うふふ、マン汁垂らしながら腰をヘコヘコさせて…ご主人様の所有物として100点ですね。」,「呵呵，流著愛液、腰部還搖來搖去…作為主人的所有物真是100分呢。」,,「嘻嘻，一邊滴著淫水，一邊搖擺著臀部…作為主人的所有物，得分100分呢。」,,"""Ufufu, pussy juice dripping while moving your hips... As Master's property, you're the best.""","「우후후, 보지즙 흘리면서 허리를 헤코헤코하고… 주인님의 소유물로서 100점입니다.」",「呵呵，流着爱液、腰部还摇来摇去…作为主人的所有物真是100分呢。」
,,,,,,,,,,
Daiya.Fallen3-6,,「新しくつけてもらった手足はどうですか？」,「新しくつけてもらった手足はどうですか？」,「新裝上的手腳感覺怎麼樣？」,,「新換上的手腳感覺如何？」,,"""How are the new limbs you've been given?""",「새롭게 달아준 손발은 어떻습니까?」,「新装上的手脚感觉怎么样？」
,,,,,,,,,,
Daiya.Fallen3-7,ダイヤ,「え、えへへっ♥、こ、こっちの脚の方が好きですっ…♥」,「え、えへへっ♥、こ、こっちの脚の方が好きですっ…♥」,「嘿、嘿嘿♥、我、我比較喜歡這雙腳…♥」,,「嗯，嘿嘿♥，這、這邊的腿更喜歡呢...♥」,,"""E-ehehe♥ I-I like these legs better...♥""","「에, 에헤헷♥, 이, 이쪽 다리가 더 좋아요…♥」",「嘿、嘿嘿♥、我、我比较喜欢这双脚…♥」
,,,,,,,,,,
Daiya.Fallen3-8,,「えへっ♥、えへっ♥、ご主人様に媚びるためだけの手足…♥、弱くて情けない私にぴったりですぅ♥」,「えへっ♥、えへっ♥、ご主人様に媚びるためだけの手足…♥、弱くて情けない私にぴったりですぅ♥」,「嘿嘿♥、嘿嘿♥、這雙只為了討好主人的手腳…♥、跟又弱又可悲的我最相配了♥」,,「嘿嘿♥，嘿嘿♥，為了討好主人而存在的手腳...♥，正適合軟弱可憐的我呢♥」,,"""Ehe♥ ehe♥ Limbs only for fawning over Master...♥ They're perfect for the weak, pathetic me♥""","「에헷♥, 에헷♥, 주인님께 아양 떨기 위한 손발…♥, 약하고 한심한 저에게 딱이에요♥」",「嘿嘿♥、嘿嘿♥、这双只为了讨好主人的手脚…♥、跟又弱又可悲的我最相配了♥」
,,,,,,,,,,
Daiya.Fallen3-9,那由多,「ふふっ、毎日ご主人様にしつけられてすっかり従順になりましたね…聖核戦姫の誇りとかプライドとか言ってたのが嘘みたいです。」,「ふふっ、毎日ご主人様にしつけられてすっかり従順になりましたね…聖核戦姫の誇りとかプライドとか言ってたのが嘘みたいです。」,「呵呵，每天被主人調教，變得真聽話呢…簡直不敢相信妳以前老是說什麼聖核戰姫的驕傲和自尊。」,,「嘻嘻，每天都被主人調教，已經完全變得順從了呢... 說什麼聖核戰姬的驕傲和自尊，都像是謊言一樣呢。」,,"""Fufu, being trained by Master every day has made you completely obedient... It's like all that talk about Holy Core Battlemaiden pride was a lie.""","「후훗♥, 매일 주인님께 길들여져서 완전히 순종적이 되었군요… 성핵전희의 긍지나 프라이드 같은 거 말하던 게 거짓말 같습니다.」",「呵呵，每天被主人调教，变得真听话呢…简直不敢相信你以前老是说什么圣核战姫的骄傲和自尊。」
,,,,,,,,,,
Daiya.Fallen3-10,ダイヤ,「わんっ♥、那由多様ぁ…私が間違っていましたっ♥」,「わんっ♥、那由多様ぁ…私が間違っていましたっ♥」,「汪♥、那由多大人…是我錯了♥」,,「汪♥、那由多小姐... 是我搞錯了♥」,,"""Woof♥ Lady Nayuta... I was wrong♥""","「멍♥, 나유타 님… 제가 잘못했습니다♥」",「汪♥、那由多大人…是我错了♥」
,,,,,,,,,,
Daiya.Fallen3-11,,「毎日ご主人様のおチンポで格の違いを思い知らされてっ♥、調教されて…」,「毎日ご主人様のおチンポで格の違いを思い知らされてっ♥、調教されて…」,「每天都被主人的雞巴提醒實力的差距♥、被調教…」,,「每天都在主人的雞雞下感受到不同層次的差距呢♥，被調教著...」,,"""Every day Master's cock makes me realize the difference in our standing♥ Being trained...""","「매일 주인님의 자지로 격의 차이를 깨닫고♥, 조교당해서…」",「每天都被主人的鸡巴提醒实力的差距♥、被调教…」
,,,,,,,,,,
Daiya.Fallen3-12,,「私は心の底からご主人様のオナホ犬になっちゃいましたっ♥」,「私は心の底からご主人様のオナホ犬になっちゃいましたっ♥」,「我已經從內心深處變成主人的自慰套狗了♥」,,「我從心底成為了主人的自慰玩具狗狗了♥」,,"""I've become Master's sex toy dog from the bottom of my heart♥""",「저는 마음속 깊은 곳부터 주인님의 오나홀 개가 되어버렸습니다♥」,「我已经从内心深处变成主人的自慰套狗了♥」
,,,,,,,,,,
Daiya.Fallen3-13,那由多,「ふふふっ、散々私の事を“財団の犬”とか言ってましたが…ダイヤさんは本当の犬になっちゃいましたね。」,「ふふふっ、散々私の事を“財団の犬”とか言ってましたが…ダイヤさんは本当の犬になっちゃいましたね。」,「呵呵呵，妳以前老是罵我是「財團的走狗」…黛雅小姐妳自己反倒變成真的狗了呢。」,,「嘻嘻嘻，雖然一直被稱為『財團的狗』... 黛雅小姐果然成為了真正的狗狗呢。」,,"""Fufufu, you called me 'the Foundation's dog' so many times... but Daiya, you've become a real dog.""","「후후훗♥, 실컷 저를 “재단의 개”라고 불렀지만… 다이아 씨는 진짜 개가 되어버렸네요.」",「呵呵呵，你以前老是骂我是「财团的走狗」…黛雅小姐你自己反倒变成真的狗了呢。」
,,,,,,,,,,
Daiya.Fallen3-14,ダイヤ,「へっ♥、へっ♥、そうですっ♥、私は従順な犬ですっ♥、犬が調子に乗って申し訳ございませんでしたっ♥」,「へっ♥、へっ♥、そうですっ♥、私は従順な犬ですっ♥、犬が調子に乗って申し訳ございませんでしたっ♥」,「嘿♥、嘿♥、沒錯♥，我是聽話的狗♥，身為狗這麽囂張了真是對不起♥」,,「嘿♥、嘿♥、是的♥，我是一隻順從的狗狗♥，對於讓狗狗得意忘形，我感到抱歉♥」,,"""Heh♥ heh♥ that's right♥ I'm an obedient dog♥ I'm sorry this dog got carried away♥""","「헤헷♥, 헤헷♥, 그렇습니다♥, 저는 순종적인 개입니다♥, 개가 잘난 척해서 죄송했습니다♥」",「嘿♥、嘿♥、没错♥、我是听话的狗♥、身为狗这么嚣张了真是对不起♥」
,,,,,,,,,,
Daiya.Fallen3-15,那由多,「ふふっ、別にいいんですよ…それより今は私達のご主人様にご奉仕する時間ですよ？」,「ふふっ、別にいいんですよ…それより今は私達のご主人様にご奉仕する時間ですよ？」,「呵呵，我倒是不介意喔…比起那個，現在是服侍我們主人的時間了喔？」,,「嘻嘻，沒關係的... 比起那個，現在是我們服侍主人的時間吧？」,,"""Fufu, it's fine really... More importantly, it's time to serve our Master, isn't it?""","「후훗♥, 딱히 괜찮아요… 그보다 지금은 우리 주인님께 봉사할 시간이에요?」",「呵呵，我倒是不介意喔…比起那个，现在是服侍我们主人的时间了喔？」
,,,,,,,,,,
Daiya.Fallen3-16,ダイヤ,「わんっ♥、へっ♥、へっ♥、ご主人様っ♥」,「わんっ♥、へっ♥、へっ♥、ご主人様っ♥」,「汪♥、嘿♥、嘿♥、主人♥」,,「汪♥、嘿♥、嘿♥、主人♥」,,"""Woof♥ heh♥ heh♥ Master♥""","「멍♥, 헤헷♥, 헤헷♥, 주인님♥」",「汪♥、嘿♥、嘿♥、主人♥」
,,,,,,,,,,
Daiya.Fallen3-17,,「今からおチンポでずぼずぼされるのが待ちきれなくて…こんなに期待汁出しちゃってますぅ♥」,「今からおチンポでずぼずぼされるのが待ちきれなくて…こんなに期待汁出しちゃってますぅ♥」,「我已經等不及要被雞巴插了…你看我流了這麼多期待的汁液♥」,,「現在就迫不及待地期待被陽具戳戳的感覺...已經流出這麼多期待的汁液了♥」,,"""I can't wait to be taken by your cock... I'm already dripping this much in anticipation♥""",「이제부터 자지로 즈봇즈봇 박히는 게 기다려져서… 이렇게 기대즙 내버렸어요♥」,「我已经等不及要被鸡巴插了…你看我流了这么多期待的汁液♥」
,,,,,,,,,,
Daiya.Fallen3-18,,「今日もダイヤ、おまんこでご主人様に沢山ご奉仕しますのでっ♥、はやくオナホまんこにおチンポくらさいっ♥」,「今日もダイヤ、おまんこでご主人様に沢山ご奉仕しますのでっ♥、はやくオナホまんこにおチンポくらさいっ♥」,「今天黛雅也會用小穴好好服侍主人的♥、快點把雞巴插進我的自慰套小穴裡嘛♥」,,「今天也會用我的身體來服侍主人，所以快點把陽具放進我的仿真陰道裡吧♥」,,"""Today too, Daiya will serve Master lots with her pussy♥ Please put your cock in this toy quickly♥""","「오늘도 다이아, 보지로 주인님께 잔뜩 봉사할 테니♥, 빨리 오나홀 보지에 자지 주세요♥」",「今天黛雅也会用小穴好好服侍主人的♥、快点把鸡巴插进我的自慰套小穴里嘛♥」
,,,,,,,,,,
Daiya.Fallen3-19,怪人,「グフフッ、ずいぶんとおねだりが上手になったものだな。」,「グフフッ、ずいぶんとおねだりが上手になったものだな。」,「咕呼呼，妳還真會撒嬌啊。」,,「咕噗噗，變得很擅長撒嬌了呢。」,,"""Gufufu, you've become quite good at begging.""",「크흐흣… 상당히 조르기가 능숙해졌군.」,「咕呼呼，你还真会撒娇啊。」
,,,,,,,,,,
Daiya.Fallen3-20,那由多,「ええ、こんなにおまんこヘコヘコさせて…ご主人様、このわんちゃんを可愛がってあげてください♥」,「ええ、こんなにおまんこヘコヘコさせて…ご主人様、このわんちゃんを可愛がってあげてください♥」,「是啊，小穴這樣搖來搖去的…主人，請您好好疼愛這隻小狗吧♥」,,「是的，讓我的陰道感到如此舒適...主人，請多疼愛這隻小狗狗♥」,,"""Yes, her pussy is waiting... Master, please show this puppy some affection♥""","「네, 이렇게 보지 헤코헤코하고… 주인님, 이 멍멍이를 귀여워해주세요♥」",「是啊，小穴这样摇来摇去的…主人，请您好好疼爱这只小狗吧♥」
,,,,,,,,,,
Daiya.Fallen3-21,怪人,「ああ、もちろんだっ！」,「ああ、もちろんだっ！」,「啊啊，當然！」,,「啊，當然了！」,,"""Ahh, of course!""","「아아, 물론이다!」",「啊啊，当然！」
,,,,,,,,,,
Daiya.Fallen3-22,Daiya darkness 2-2,ズチュッ！！ドチュンッッ！！！ズボオオオッ！！,ズチュッ！！ドチュンッッ！！！ズボオオオッ！！,噗啾！！咚啾！！！噗滋喔喔喔！！,,啊啊啊！！扎扎扎！！！戳戳戳！！,,Squelch!! Thud!!! Thrust!!!,즈츗!! 도츗!! 즈보오오옷!!,噗啾！！咚啾！！！噗滋喔喔喔！！
,,,,,,,,,,
Daiya.Fallen3-23,ダイヤ,「みぎゃっ♥！！？お゛お゛お゛お゛お゛っっっ♥！？！？」,「みぎゃっ♥！！？お゛お゛お゛お゛お゛っっっ♥！？！？」,「呀啊♥！！？喔喔喔喔喔喔♥！？！？」,,「右邊♥！！？喔喔喔喔喔！！！？」,,"""Migyaa♥!!?! Ohhhhhhh♥?!?!""",「믹얏♥!!? 오옷 오옷 오옷 오옷 오옷 옷♥♥!?!?」,「呀啊♥！！？喔喔喔喔喔喔♥！？！？」
,,,,,,,,,,
Daiya.Fallen3-24,,「お゛っ♥お゛っ♥お゛ちんぽっ♥、まけっ♥、まけましたあぁっ♥！！」,「お゛っ♥お゛っ♥お゛ちんぽっ♥、まけっ♥、まけましたあぁっ♥！！」,「喔♥喔♥雞巴♥、輸、輸了啊♥！！」,,「喔♥喔♥陽具♥，輸了♥，輸了啊啊♥！！」,,"""Oh♥ oh♥ your cock♥ This is it♥ I've lost♥!!""","「오옷 옷♥오옷 옷♥ 자지♥, 져, 졌습니다아아♥!!」",「喔♥喔♥鸡巴♥、输、输了啊♥！！」
,,,,,,,,,,
Daiya.Fallen3-25,那由多,「ふふっ♥、勝負をしているわけでもないのに…一体何に負けたんですか？」,「ふふっ♥、勝負をしているわけでもないのに…一体何に負けたんですか？」,「呵呵♥，又沒有在比賽…妳到底是輸給什麼了？」,,「呵呵♥，明明不是在比賽的情況下...究竟輸給了什麼呢？」,,"""Fufu♥ We're not even competing... What exactly did you lose to?""","「후훗♥, 승부를 하고 있는 것도 아닌데… 대체 무엇에 진 겁니까?」",「呵呵♥，又没有在比赛…你到底是输给什么了？」
,Daiya darkness 2-3,,,,,,,,,
Daiya.Fallen3-26,ダイヤ,「おちんぽにっ♥、ダイヤのおまんこ負けましたっ♥、完全敗北ですっ♥！！」,「おちんぽにっ♥、ダイヤのおまんこ負けましたっ♥、完全敗北ですっ♥！！」,「輸給雞巴了♥、黛雅的小穴輸了♥、完全敗北♥！！」,,「陽具♥，黛雅的陰道輸了♥，完全失敗了♥！！」,,"""To the cock♥ Daiya's pussy lost♥ Complete defeat♥!!""","「자지에♥, 다이아 보지 졌습니다♥, 완전 패배입니다♥!!」",「输给鸡巴了♥、黛雅的小穴输了♥、完全败北♥！！」
,,,,,,,,,,
Daiya.Fallen3-27,那由多,「やれやれ、この駄犬は負け癖がついちゃって…すぐに負けた負けた言うので困りますね。」,「やれやれ、この駄犬は負け癖がついちゃって…すぐに負けた負けた言うので困りますね。」,「真是的，這隻笨狗已經養成輸的習慣了…老是把輸了輸了掛在嘴邊，真傷腦筋。」,,「唉，這隻廢狗總是輸輸輸的...一輸就一直說輸，真是讓人困擾呢。」,,"""Good grief, this useless dog has developed a losing habit... It's troublesome how she keeps saying she's lost.""","「이런이런, 이 멍청한 개는 패배 버릇이 들어서… 바로 졌다고 말해서 곤란하군요.」",「真是的，这只笨狗已经养成输的习惯了…老是把输了输了挂在嘴边，真伤脑筋。」
,,,,,,,,,,
Daiya.Fallen3-28,ダイヤ,「お゛゛っ♥、だってぇっ♥、こんなおチンポに勝てるわけが無いっ♥、雑魚マンコ即イキで敗北してますっ♥」,「お゛゛っ♥、だってぇっ♥、こんなおチンポに勝てるわけが無いっ♥、雑魚マンコ即イキで敗北してますっ♥」,「喔♥、可是♥、這種雞巴根本不可能贏啊♥、雜魚小穴一插就高潮馬上就輸了♥」,,「喔喔♥，因為嘛♥，怎麼可能贏過這樣的陽具呢♥，渣滓陰道馬上高潮就輸了♥」,,"""Ohhh♥ but♥ there's no way to win against this cock♥ This weak pussy loses instantly♥""","「오옷 옷 옷♥, 그렇지만요오♥, 이런 자지에게 이길 리가 없어요♥, 허접 보지 즉시 가서 패배하고 있어요♥」",「喔♥、可是♥、这种鸡巴根本不可能赢啊♥、杂鱼小穴一插就高潮马上就输了♥」
,,,,,,,,,,
Daiya.Fallen3-29,,そしてダイヤはちんちんのポーズのまま怪人によって体を使われる,そしてダイヤはちんちんのポーズのまま怪人によって体を使われる,接著黛雅就這樣維持著站立討好的姿勢，身體被怪人使用著,,然後黛雅被怪人利用著保持著陽具的姿勢。,,And Daiya was used by the fiend while maintaining a begging pose.,그리고 다이아는 재롱부리는 포즈 그대로 괴인에 의해 몸이 사용된다,接着黛雅就这样维持着站立讨好的姿势，身体被怪人使用着
,,,,,,,,,,
Daiya.Fallen3-30,Daiya darkness 2-2,ズボッ！！ズボッ！！ズボッ！！,ズボッ！！ズボッ！！ズボッ！！,噗滋！！噗滋！！噗滋！！,,插入！！插入！！插入！！,,Thrust!! Thrust!! Thrust!!,즈봇!! 즈봇!! 즈봇!!,噗滋！！噗滋！！噗滋！！
,,,,,,,,,,
Daiya.Fallen3-31,ダイヤ,「お゛゛っ♥、お゛っ♥、ご主人様のおチンポっ♥、一突きごとに子宮つぶされてぇ♥！！、イクッ♥！」,「お゛゛っ♥、お゛っ♥、ご主人様のおチンポっ♥、一突きごとに子宮つぶされてぇ♥！！、イクッ♥！」,「喔♥、喔♥、主人的雞巴♥、每一次衝撞子宮都要被搗爛了♥！！要高潮了♥！」,,「喔喔♥，喔♥，主人的陽具♥，每一次刺入都讓子宮破碎♥！！，高潮了♥！」,,"""Ohhh♥ oh♥ Master's cock♥ is crushing my womb with every thrust♥!! I'm coming♥!""","「오옷 옷 옷♥, 오옷 옷♥, 주인님의 자지♥, 한 번 찌를 때마다 자궁 뭉개져서♥!!, 가버렷♥!」",「喔♥、喔♥、主人的鸡巴♥、每一次冲撞子宫都要被捣烂了♥！！要高潮了♥！」
,,,,,,,,,,
Daiya.Fallen3-32,,「ご主人様、腕の筋肉もおチンポも強すぎてぇ…♥、負けるっ♥、負けますううっ♥！」,「ご主人様、腕の筋肉もおチンポも強すぎてぇ…♥、負けるっ♥、負けますううっ♥！」,「主人的手臂肌肉和雞巴都太強了…♥、要輸了♥、要輸了啦♥！」,,「主人，手臂的肌肉和陽具都太強壯了...♥，我輸了♥，輸了呜呜呜♥！」,,"""Master, your arms and cock are too strong...♥ I lose♥ I'm losing♥!""","「주인님, 팔 근육도 자지도 너무 강해서…♥, 져요♥, 져버려요오오♥!」",「主人的手臂肌肉和鸡巴都太强了…♥、要输了♥、要输了啦♥！」
,,,,,,,,,,
Daiya.Fallen3-33,,ズボッ！！ズボッ！！ズボッ！！,ズボッ！！ズボッ！！ズボッ！！,噗滋！！噗滋！！噗滋！！,,插入！！插入！！插入！！,,Thrust!! Thrust!! Thrust!!,즈봇!! 즈봇!! 즈봇!!,噗滋！！噗滋！！噗滋！！
,,,,,,,,,,
Daiya.Fallen3-34,ダイヤ,「お゛お゛っ♥、お゛ひっ♥、お゛おっ♥、お゛お゛っ♥」,「お゛お゛っ♥、お゛ひっ♥、お゛おっ♥、お゛お゛っ♥」,「喔喔♥、喔呀♥、喔喔♥、喔喔♥」,,「喔喔♥，喔喔♥，喔♥，喔喔♥」,,"""Ohhh♥ ohhi♥ ohh♥ ohhh♥""","「오옷 오옷 옷♥, 오옷 힛♥, 오옷 오옷♥, 오옷 오옷 옷♥」",「喔喔♥、喔呀♥、喔喔♥、喔喔♥」
,,,,,,,,,,
Daiya.Fallen3-35,那由多,「ふふっ、おチンポの上でぴょんぴょんしてて可愛いですね♥」,「ふふっ、おチンポの上でぴょんぴょんしてて可愛いですね♥」,「呵呵，在雞巴上跳來跳去的真可愛呢♥」,,「呼呼，在陽具上蹦蹦跳跳的樣子好可愛♥」,,"""Fufu, bouncing on top of a cock like that is so cute♥""","「후훗♥, 자지 위에서 깡충깡충 뛰고 있어서 귀엽네요♥」",「呵呵，在鸡巴上跳来跳去的真可爱呢♥」
,,,,,,,,,,
Daiya.Fallen3-36,,「ですがご主人様におまんこでご奉仕することも忘れないでくださいね？」,「ですがご主人様におまんこでご奉仕することも忘れないでくださいね？」,「但是也別忘了要用小穴服侍主人喔？」,,「但請不要忘記在主人身上用你的私處來服侍他哦？」,,"""But don't forget to serve Master with your pussy, okay?""",「하지만 주인님께 보지로 봉사하는 것도 잊지 마세요?」,「但是也别忘了要用小穴服侍主人喔？」
,,,,,,,,,,
Daiya.Fallen3-37,ダイヤ,「お゛っ♥、し、しめますっ♥、おまんこきゅーってしてっ♥、ご主人様にごほうししますっ♥！！」,「お゛っ♥、し、しめますっ♥、おまんこきゅーってしてっ♥、ご主人様にごほうししますっ♥！！」,「喔♥、我、我會夾緊♥、小穴會緊緊夾住♥、好好服侍主人的♥！！」,,「喔♥，緊、緊縮♥，陰道緊縮著♥，我要為主人服務♥！！」,,"""Oh♥ I-I'll tighten♥ squeezing tight♥ serving Master♥!!""","「오옷 옷♥, 조, 조일게요♥, 보지 뀨-욱 해서♥, 주인님께 봉사할게요♥!!」",「喔♥、我、我会夹紧♥、小穴会紧紧夹住♥、好好服侍主人的♥！！」
,,,,,,,,,,
Daiya.Fallen3-38,怪人,「ハハハッ、健気で良い事だ…ッ！」,「ハハハッ、健気で良い事だ…ッ！」,「哈哈哈，真是聽話又惹人憐愛…！」,,「哈哈哈，這種心意真是太好了…！」,,"""Hahaha, so devoted...!""","「하하핫, 가련하고 좋은 일이다…!」",「哈哈哈，真是听话又惹人怜爱…！」
,,,,,,,,,,
Daiya.Fallen3-39,ダイヤ,「はひいっ♥、あ、ありがとうございますっ♥、雑魚まんこですか存分にお使いくださいぃいいっ♥！」,「はひいっ♥、あ、ありがとうございますっ♥、雑魚まんこですか存分にお使いくださいぃいいっ♥！」,「呀噫♥、謝、謝謝您♥、雖然是雜魚小穴但請盡情使用吧♥！」,,「哈嘿♥，謝、謝謝您♥，這只是小魚的私處，請盡情使用吧ぇ♥！」,,"""Hahii♥ th-thank you♥ Please use this weak pussy as much as you want♥!""","「하히잇♥, 아, 감사합니다♥, 잡어 보지이지만 마음껏 사용해주세요이이잇♥!」",「呀噫♥、谢、谢谢您♥、虽然是杂鱼小穴但请尽情使用吧♥！」
,,,,,,,,,,
Daiya.Fallen3-40,,ズボッ！！ズボッ！！ドチュッン！！,ズボッ！！ズボッ！！ドチュッン！！,噗滋！！噗滋！！咚啾！！,,啪嗒！！啪嗒！！咚咚！！,,Thrust!! Thrust!! Thud!!,즈봇!! 즈봇!! 도츗!!,噗滋！！噗滋！！咚啾！！
,,,,,,,,,,
Daiya.Fallen3-41,ダイヤ,「お゛っ♥お゛っ♥お゛っ♥？！！」,「お゛っ♥お゛っ♥お゛っ♥？！！」,「喔♥喔♥喔♥？！！」,,「喔♥喔♥喔♥？！！」,,"""Oh♥ oh♥ oh♥?!!""",「오옷 옷♥오옷 옷♥오옷 옷♥?!!」,「喔♥喔♥喔♥？！！」
,,,,,,,,,,
Daiya.Fallen3-42,Daiya darkness 2-3,「ご主人様のおちんちんっ♥、びくびくしてますっ♥！」,「ご主人様のおちんちんっ♥、びくびくしてますっ♥！」,「主人的雞巴♥、在抖動了♥！」,,「主人的小弟弟♥，在跳動呢♥！」,,"""Master's cock♥ it's twitching♥!""","「주인님의 자지♥, 움찔움찔하고 있어요♥!」",「主人的鸡巴♥、在抖动了♥！」
,,,,,,,,,,
Daiya.Fallen3-43,,「あっ♥、射精くるっ♥、腕で一番深いとことににおチンポ固定されてっ…♥、出されちゃうっ…♥」,「あっ♥、射精くるっ♥、腕で一番深いとことににおチンポ固定されてっ…♥、出されちゃうっ…♥」,「啊♥、要射精了♥、被手臂固定在最深的地方、雞巴…♥、要射出來了…♥」,,「啊♥，快射了♥，被手臂固定在最深的地方…♥，要射出來了…♥」,,"""Ah♥ it's coming♥ you locked yourself onto me with those strong arms and with your cock deep inside me♥ I'm being creampied♥""","「앗♥, 사정 와요♥, 팔로 가장 깊은 곳에 자지 고정되어서…♥, 싸버렷…♥」",「啊♥、要射精了♥、被手臂固定在最深的地方、鸡巴…♥、要射出来了…♥」
,,,,,,,,,,
Daiya.Fallen3-44,Daiya darkness 2-4,ドクッ！ドクッ！！ドビュルルルルルッル！！,ドクッ！ドクッ！！ドビュルルルルルッル！！,噗通！噗通！！咚咻嚕嚕嚕嚕嚕！！,,滴滴！滴滴！！噗呼呼呼呼呼！！,,Throb! Throb!! Splurrrrrt!!,도큣! 도큣!! 도뷰르르르르릇르릇!!!,噗通！噗通！！咚咻噜噜噜噜噜！！
,,,,,,,,,,
Daiya.Fallen3-45,,「お゛おっ♥お゛っ♥せいえきっ…♥、奥に出てますうううぅっ♥♥！！！」,「お゛おっ♥お゛っ♥せいえきっ…♥、奥に出てますうううぅっ♥♥！！！」,「喔喔♥喔♥精液…♥、射在最裡面了♥♥！！！」,,「喔喔♥喔♥射精了…♥，射得好深啊啊啊♥♥！！！」,,"""Ohhh♥ oh♥ your semen...♥ it's coming out deep inside♥♥!!!""","「오옷 오옷♥ 오옷 옷♥ 정액…♥, 안에 싸고 있어요오오오옷♥♥!!!」",「喔喔♥喔♥精液…♥、射在最里面了♥♥！！！」
,,,,,,,,,,
Daiya.Fallen3-46,Daiya darkness 2-5,「お゛っ♥、凄いっ♥、せいえきでっ、おなかのなかみたされるっ～～♥！」,「お゛っ♥、凄いっ♥、せいえきでっ、おなかのなかみたされるっ～～♥！」,「喔♥、好厲害♥、肚子裡、被精液裝滿了～～♥！」,,「喔♥，厲害♥，被射精填滿了肚子裡～～♥！」,,"""Oh♥ amazing♥ my belly is being filled with your jizz♥!""","「오옷 옷♥, 굉장해♥, 정액으로, 배 속 가득 채워져~~~♥!」",「喔♥、好厉害♥、肚子里、被精液装满了～～♥！」
,,,,,,,,,,
Daiya.Fallen3-47,,ドクドクドクッ！！ブシュウウウウウッ！！！,ドクドクドクッ！！ブシュウウウウウッ！！！,噗通噗通噗通！！噗咻嗚嗚嗚！！！,,滴滴滴！！噗噗噗噗噗！！,,"Throb, throb, throb!! Gushhhhh!!!",도크도크도크!! 부슈우우우우웃!!!,噗通噗通噗通！！噗咻呜呜呜！！！
,,,,,,,,,,
Daiya.Fallen3-48,那由多,「ふふっ♥、ご主人様の射精量は流石ですね…♥」,「ふふっ♥、ご主人様の射精量は流石ですね…♥」,「呵呵♥、主人的射精量真不愧是您…♥」,,「呼呼♥，主人的射精量果然厲害呢…♥」,,"""Fufu♥ Master's volume is impressive as always...♥""","「후훗♥, 주인님의 사정량은 역시 대단하시군요…♥」",「呵呵♥、主人的射精量真不愧是您…♥」
,,,,,,,,,,
Daiya.Fallen3-49,ダイヤ,「はひっ♥、凄いですっ♥、お腹のなかいっぱいにされてっ♥、屈伏しちゃいますっ♥」,「はひっ♥、凄いですっ♥、お腹のなかいっぱいにされてっ♥、屈伏しちゃいますっ♥」,「呀♥、好厲害♥、肚子裡被裝得滿滿的♥、要屈服了♥」,,「喔♥，厲害呢♥，被填滿肚子裡♥，我會屈服的♥」,,"""Hahi♥ it's amazing♥ my belly is being filled♥ I give♥""","「하힛♥, 굉장해요♥, 배 속 가득 채워져서♥, 굴복해버려요♥」",「呀♥、好厉害♥、肚子里被装得满满的♥、要屈服了♥」
,,,,,,,,,,
Daiya.Fallen3-50,Daiya darkness 2-6,ズルズルッ……ドパッ……,ズルズルッ……ドパッ……,嘶嚕嘶嚕……啪噠……,,滑溜溜……噗……,,Schlick... splat...,즈르즈릇…… 도팟……,嘶噜嘶噜……啪哒……
,,,,,,,,,,
Daiya.Fallen3-51,ダイヤ,「お゛っ♥、お゛お゛～～～っ♥、お゛っ♥」,「お゛っ♥、お゛お゛～～～っ♥、お゛っ♥」,「喔♥、喔喔～～～♥、喔♥」,,「喔♥，喔喔～～～♥，喔♥」,,"""Oh♥ ohhhhh♥ oh♥""","「오옷 옷♥, 오옷 오옷 ~~읏♥, 오옷 옷♥」",「喔♥、喔喔～～～♥、喔♥」
,,,,,,,,,,
Daiya.Fallen3-52,,チンポが引き抜かれダイヤの気が緩んだ瞬間――――,チンポが引き抜かれダイヤの気が緩んだ瞬間――――,雞巴被拔出來、黛雅鬆懈下來的瞬間――――,,陰莖被拔出時，黛雅的氣息變得疏松——,,The moment Daiya relaxed when the cock pulled out...,자지가 뽑히고 다이아의 긴장이 풀린 순간――――,鸡巴被拔出来、黛雅松懈下来的瞬间――――
,,,,,,,,,,
Daiya.Fallen3-53,Daiya darkness 2-7,プシュウウウウウッ――――,プシュウウウウウッ――――,噗咻嗚嗚嗚――――,,滋嗡嗡嗡——,,Pssssshhhhh...,푸슈우우우우웃――――,噗咻呜呜呜――――
,,,,,,,,,,
Daiya.Fallen3-54,ダイヤ,「お゛っ♥こ、これは、ちがっ…♥」,「お゛っ♥こ、これは、ちがっ…♥」,「喔♥這、這個、不是的…♥」,,「喔♥這、這不對…♥」,,"""Oh♥ th-this isn't...♥""","「오옷 옷♥ 이, 이건, 아니야…♥」",「喔♥这、这个、不是的…♥」
,,,,,,,,,,
Daiya.Fallen3-55,,緊張を失ったダイヤの股から黄色の液体が放たれる,緊張を失ったダイヤの股から黄色の液体が放たれる,失去緊張感的黛雅的跨下噴出了黃色的液體。,,黛雅失去緊張後，從她的下身流出黃色液體。,,Yellow liquid came from between Daiya's legs as she lost tension.,긴장을 잃은 다이아의 사타구니에서 노란 액체가 방출된다,失去紧张感的黛雅的跨下喷出了黄色的液体。
,,,,,,,,,,
Daiya.Fallen3-56,那由多,「あっ、こらっ！ご主人様のおチンポは電柱じゃないんですよ！本当に我慢のできない駄犬ですねっ！」,「あっ、こらっ！ご主人様のおチンポは電柱じゃないんですよ！本当に我慢のできない駄犬ですねっ！」,「啊、喂！主人的雞巴可不是電線桿喔！真是隻無法忍耐的笨狗！」,,「啊，喂！主人的陰莖可不是電線杆！真是個無法忍耐的笨狗呢！」,,"""Ah, hey! Master's cock isn't a lamp post! You really are a hopeless dog with no self-control!""","「앗, 이봐! 주인님의 자지는 전봇대가 아니에요! 정말 참을성 없는 멍청한 개네요!」",「啊、喂！主人的鸡巴可不是电线杆喔！真是只忍不住的笨狗！」
,,,,,,,,,,
Daiya.Fallen3-57,ダイヤ,「ごっ、ごめんなさいっ♥、で、でも止まらなくてっ♥」,「ごっ、ごめんなさいっ♥、で、でも止まらなくてっ♥」,「對、對不起♥、可、可是停不下來♥」,,「對、對不起♥，但、但是停不下來♥」,,"""S-sorry♥ b-but I can't stop♥""","「죄, 죄송합니다♥, 하, 하지만 멈추지 않아서♥」",「对、对不起♥、可、可是停不下来♥」
,,,,,,,,,,
Daiya.Fallen3-58,那由多,「全く…舐めて掃除するのは私なのですから汚さないで欲しいですね…」,「全く…舐めて掃除するのは私なのですから汚さないで欲しいですね…」,「真是的…舔乾淨的可是我，可以請妳不要弄髒嗎…」,,「完全…我是負責舔舐清潔的，所以請不要弄髒我啊…」,,"""Really... I'm the one who has to clean with my tongue, so I'd prefer you didn't make a mess...""",「정말… 핥아서 청소하는 것은 저니까 더럽히지 말아주세요…」,「真是的…舔干净的可是我，可以请你不要弄脏吗…」
,,,,,,,,,,
Daiya.Fallen3-59,ダイヤ,「あっ♥、じゃ、じゃあ私も舐めるのでっ♥、那由多様も一緒に…♥」,「あっ♥、じゃ、じゃあ私も舐めるのでっ♥、那由多様も一緒に…♥」,「啊♥、那、那我跟妳一起舔♥、那由多大人也一起…♥」,,「啊♥，那、那我也來舔一下♥，那由多小姐也一起吧…♥」,,"""Ah♥ th-then I'll lick too♥ together with Lady Nayuta...♥""","「앗♥, 그, 그럼 저도 핥을 테니♥, 나유타 님도 함께…♥」",「啊♥、那、那我跟你一起舔♥、那由多大人也一起…♥」
,,,,,,,,,,
Daiya.Fallen3-60,那由多,「…ふう、まあいいでしょう。どちらもご主人様の性奴隷であることには変わりませんからね…」,「…ふう、まあいいでしょう。どちらもご主人様の性奴隷であることには変わりませんからね…」,「…呼，算了。反正我們兩個都是主人的性奴隸，這點不會變…」,,「…呼，好吧，算了。畢竟，你們兩個都是主人的性奴隸，這一點是不會改變的呢…」,,"""...Sigh, well fine. We're both Master's slaves anyway...""","「…후우, 뭐 좋습니다. 어차피 둘 다 주인님의 성노예인 것에는 변함없으니까요…」",「…呼，算了。反正我们两个都是主人的性奴隶，这点不会变…」
,,,,,,,,,,
Daiya.Fallen3-61,ダイヤ,「えへっ♥、は、はひっ♥楽しみですッ♥」,「えへっ♥、は、はひっ♥楽しみですッ♥」,「嘿嘿♥、是、是的♥好期待喔♥」,,「嘿嘿♥，好、好期待呢♥」,,"""Ehe♥ h-hahi♥ I'm looking forward to it♥""","「에헷♥, 하, 네엣♥ 기대됩니다!」",「嘿嘿♥、是、是的♥好期待喔♥」
,,,,,,,,,,
Daiya.Fallen3-62,,ダイヤのマスクの裏には既に昔の凛とした表情は微塵もなく、ただ強者へこびへつらう笑みが浮かぶ,ダイヤのマスクの裏には既に昔の凛とした表情は微塵もなく、ただ強者へこびへつらう笑みが浮かぶ,黛雅的面具底下早已沒有過去凜然的表情，只剩下對強者諂媚討好的笑容。,,鑽石面具背後早已不見昔日的堅毅表情，只有一副向強者奉承的笑容浮現。,,"Behind Daiya's mask, there was no trace of her former dignified expression, only a fawning smile that pandered to the strong.","다이아의 마스크 뒤에는 이미 예전의 늠름한 표정은 조금도 없고, 그저 강자에게 아양 떠는 미소만 떠오른다",黛雅的面具底下早已没有过去凛然的表情，只剩下对强者谄媚讨好的笑容。
,,,,,,,,,,
Daiya.Fallen3-63,ダイヤ,「へっ♥、へっ♥、弱くて哀れな私ですがっ♥、ご主人様の愛玩犬になれてっ…幸せですぅ…♥」,「へっ♥、へっ♥、弱くて哀れな私ですがっ♥、ご主人様の愛玩犬になれてっ…幸せですぅ…♥」,「嘿♥、嘿♥、雖然我是個又弱又可悲的我♥、但能成為主人的愛犬…我感到好幸福…♥」,,「嘿♥、嘿♥、雖然我軟弱可憐，但能成為主人的寵物狗…我感到幸福…♥」,,"""I'm weak and sad, but I'm happy to have become Master's favorite dog...""","「헤헷♥, 헤헷♥, 약하고 가련한 저이지만♥, 주인님의 애완견이 되어서… 행복해요…♥」",「嘿♥、嘿♥、虽然我是个又弱又可悲的我♥、但能成为主人的爱犬…我感到好幸福…♥」
,,,,,,,,,,
Daiya.Fallen3-64,,――――――――,――――――――,――――――――,,────────,,...,――――――――,――――――――
,,,,,,,,,,
Daiya.Fallen3-65,,――――,――――,――――,,────,,...,――――,――――
,,,,,,,,,,
,,,,,,,,,,
,,,,,,,,,,
Daiya Debauchery Scene 1,注釈,淫乱化シーン1,淫乱化シーン1,,闇堕ちシーン,淫亂化場景1,,,음란화 이벤트,
,アジト,,,,,,,,,
Daiya.Debauchery1-1,,財団アジトにて,財団アジトにて,於財團基地,,福倫財團基地內,,At the Foundation hideout,재단 아지트에서,于财团基地
,,,,,,,,,,
Daiya.Debauchery1-2,ダイヤ(犬),「へっ♥、へっ♥、お呼びでしょうかっ♥、那由多さまっ♥！」,「へっ♥、へっ♥、お呼びでしょうかっ♥、那由多さまっ♥！」,「嘿♥、嘿♥，請問是您叫我嗎♥？那由多大人♥！」,,「嘿♥、嘿♥、您在召喚我嗎♥、那由多大人♥！」,,Heh♥ heh♥ did you call for me♥ Lady Nayuta♥!,"「헤헷♥, 헤헷♥, 부르셨습니까♥, 나유타 님♥!」",「嘿♥、嘿♥、请问是您叫我吗♥、那由多大人♥！」
,,,,,,,,,,
Daiya.Debauchery1-3,那由多(闇落ち衣装),「ふふっ♥、いい子ですね！無様で哀れなダイヤさん♥」,「ふふっ♥、いい子ですね！無様で哀れなダイヤさん♥」,「呵呵♥，真是個好孩子！狼狽又可憐的黛雅小姐♥」,,「呼呼♥，真是個好孩子！可憐又不堪的黛雅小姐♥」,,Fufu♥ what a good girl! You pathetic and pitiful Daiya♥,"「후훗♥, 착하네요! 꼴사납고 가련한 다이아 씨♥」",「呵呵♥、真是个好孩子！狼狈又可怜的黛雅小姐♥」
,,,,,,,,,,
Daiya.Debauchery1-4,,「貴女を呼び出した理由はほかでもありません、今日は私と一緒にご主人様にご奉仕をします。」,「貴女を呼び出した理由はほかでもありません、今日は私と一緒にご主人様にご奉仕をします。」,「叫妳來的理由沒有別的，今天妳要和我一起服侍主人。」,,「呼喚您的理由別無他，今天您將與我一同侍奉主人。」,,There's no other reason I called you here. Today you'll serve Master together with me.,"「당신을 부른 이유는 다른 게 아닙니다, 오늘은 저와 함께 주인님께 봉사를 합니다.」",「叫你来的理由没有别的，今天你要和我一起服侍主人。」
,,,,,,,,,,
Daiya.Debauchery1-5,ダイヤ,「へっ♥、わふっ♥、うれしいですっ♥！」,「へっ♥、わふっ♥、うれしいですっ♥！」,「嘿♥，汪呼♥，好開心♥！」,,「嘿♥、嗚呼♥、好開心♥！」,,Heh♥ Woof♥ I'm so happy♥!,"「헤헷♥, 와훗♥, 기쁩니다♥!」",「嘿♥、汪呼♥、好开心♥！」
,,,,,,,,,,
Daiya.Debauchery1-6,那由多,「そういう訳で、手足は返してあげます。さあ、一緒にご主人様の所へ行きましょう♥」,「そういう訳で、手足は返してあげます。さあ、一緒にご主人様の所へ行きましょう♥」,「就是這麼回事，手腳就先還給妳了。來吧，一起去主人那裡吧♥」,,「這樣一來，我會把你的手腳還給你。來吧，一起去見主人吧♥」,,"That being the case, I'll return your limbs to you. Now, let's go to Master together♥","「그런 이유로, 손발은 돌려드리겠습니다. 자, 함께 주인님께 가도록 하죠♥」",「就是这么回事，手脚就先还给你了。来吧，一起去主人那里吧♥」
,,,,,,,,,,
Daiya.Debauchery1-7,ダイヤ,「わうっ♥、ご主人様っ♥、ご奉仕しますうっ♥！！」,「わうっ♥、ご主人様っ♥、ご奉仕しますうっ♥！！」,「汪嗚♥、主人♥、我要服侍您了♥！！」,,「喵♥、主人♥、將為您服務喵♥！！」,,Woof♥ Master♥ I'll serve you♥!!,"「와우♥, 주인님♥, 봉사하겠습니다앗♥!!」",「汪呜♥、主人♥、我要服侍您了♥！！」
,,,,,,,,,,
,,,,,,,,,,
,,,,,,,,,,
Daiya.Debauchery1-8,,怪人の寝室にて,怪人の寝室にて,於怪人的寢室,,怪人的臥室裡,,In the fiend's bedroom,괴인의 침실에서,于怪人的寝室
,,,,,,,,,,
Daiya.Debauchery1-9,Daiya&Nayuta 1-1,ブタの格好をしたダイヤと那由多が怪人へと奉仕をしていた,ブタの格好をしたダイヤと那由多が怪人へと奉仕をしていた,打扮成豬的黛雅和那由多正在服侍怪人,,穿著豬裝的黛雅和那由多正在為怪人服務。,,"Daiya and Nayuta, dressed as pigs, were servicing the fiend",돼지 복장을 한 다이아와 나유타가 괴인에게 봉사를 하고 있었다,打扮成猪的黛雅和那由多正在服侍怪人
,,,,,,,,,,
Daiya.Debauchery1-10,ダイヤ,「んちゅっ♥、れろおっ♥、んっ♥……」,「んちゅっ♥、れろおっ♥、んっ♥……」,「嗯啾♥、咧喔♥、嗯♥……」,,「嗯♥、嘿嘿♥、嗯♥……」,,"Mmchu♥, slurp♥, mmm♥...","「읍츕♥, 레로옷♥, 응읏♥……」",「嗯啾♥、咧喔♥、嗯♥……」
,,,,,,,,,,
Daiya.Debauchery1-11,那由多,「はあっ♥、はあっ♥、ジュルッ♥、れろっ♥…」,「はあっ♥、はあっ♥、ジュルッ♥、れろっ♥…」,「哈啊♥、哈啊♥、咕嚕♥、咧喔♥…」,,「嗯♥、嗯♥、滴答♥、嘿嘿♥…」,,"Haa♥, haa♥, slurp♥, lick♥...","「하앗♥, 하앗♥, 츄르릅♥, 레롯♥…」",「哈啊♥、哈啊♥、咕噜♥、咧喔♥…」
,,,,,,,,,,
Daiya.Debauchery1-12,ダイヤ,「はあっ♥、いかがですかっ……ご主人様ぁっ♥」,「はあっ♥、いかがですかっ……ご主人様ぁっ♥」,「哈啊♥、您覺得怎麼樣呢……主人♥」,,「嗯♥、您覺得如何……主人ぁ♥」,,"Haa♥, how is it... Master♥","「하앗♥, 어떻습니까…… 주인님아♥」",「哈啊♥、您觉得怎么样呢……主人♥」
,,,,,,,,,,
Daiya.Debauchery1-13,那由多,「私達のっ♥…メスブタご奉仕っ♥…どうぞご堪能ください…♥」,「私達のっ♥…メスブタご奉仕っ♥…どうぞご堪能ください…♥」,「我們♥…母豬的服侍♥…請您好好享用…♥」,,「我們的♥…母豬服侍♥…請盡情享用…♥」,,Our♥... pig service♥... please enjoy it to the fullest...♥,「저희들의♥… 암퇘지 봉사♥… 부디 즐겨주십시오…♥」,「我们♥…母猪的服侍♥…请您好好享用…♥」
,,,,,,,,,,
Daiya.Debauchery1-14,怪人,「グフフッ…！いいぞっメスブタ共！」,「グフフッ…！いいぞっメスブタ共！」,「咕呼呼…！很好，母豬們！」,,「咕噗噗…！做得好，母豬們！」,,"Gufufu...! Good work, you pigs!",「크흐흐…! 좋아 암퇘지들아!」,「咕呼呼…！很好，母猪们！」
,,,,,,,,,,
Daiya.Debauchery1-15,那由多,「ほらダイヤ…これから私達をハメてくださるおちんぽ様何ですからっ…♥もっと入念にきれいにしないと…♥」,「ほらダイヤ…これから私達をハメてくださるおちんぽ様何ですからっ…♥もっと入念にきれいにしないと…♥」,「聽著黛雅…這根雞巴大人等一下就要插我們了…♥不再仔細舔乾淨一點可不行…♥」,,「快看啊，黛雅…接下來要為我們服侍的雞雞大人呢…♥要更仔細地更加清潔地處理呢…♥」,,"Come on, Daiya... This is the cock that's going to fuck us...♥ We need to clean it more thoroughly...♥",「자 다이아… 이제부터 우리를 박아주실 자지 님이시니…♥ 좀 더 꼼꼼하게 깨끗하게 하지 않으면…♥」,「听着黛雅…这根鸡巴大人等一下就要插我们了…♥不再仔细舔干净一点可不行…♥」
,,,,,,,,,,
Daiya.Debauchery1-16,ダイヤ,「はいっ…♥那由多様っ……れろっ♥、れろっ♥、ちゅううっ♥」,「はいっ…♥那由多様っ……れろっ♥、れろっ♥、ちゅううっ♥」,「是…♥那由多大人……咧喔♥、咧喔♥、啾♥」,,「好的…♥那由多大人……嘿嘿♥、嘿嘿♥、啾♥」,,"Yes...♥ Lady Nayuta... lick♥, lick♥, chuuu♥","「네엣…♥ 나유타 님…… 레롯♥, 레롯♥, 츄우우웃♥」",「是…♥那由多大人……咧喔♥、咧喔♥、啾♥」
,,,,,,,,,,
Daiya.Debauchery1-17,那由多,「ふふふっ♥、おじょうずですよっ♥」,「ふふふっ♥、おじょうずですよっ♥」,「呵呵呵♥、舔得很棒喔♥」,,「呼呼呼♥、做得很好呢♥」,,"Fufufu♥, you're doing so well♥","「후후훗♥, 잘하네요♥」",「呵呵呵♥、舔得很棒喔♥」
,,,,,,,,,,
Daiya.Debauchery1-18,,「それと……今は私も貴女もご主人様のメスブタです…♥様などつけなくていいですよ♥」,「それと……今は私も貴女もご主人様のメスブタです…♥様などつけなくていいですよ♥」,「還有……現在我和妳都是主人的母豬…♥不用加上什麼大人了喔♥」,,「還有……現在我和妳都是主人的母豬…♥根本不需要稱呼『様』之類的♥」,,"Also... right now, both you and I are Master's pigs...♥ You don't need to use honorifics♥",「그리고…… 지금은 저도 당신도 주인님의 암퇘지입니다…♥ 님 따위 붙이지 않아도 돼요♥」,「还有……现在我和你都是主人的母猪…♥不用加上什么大人了喔♥」
,,,,,,,,,,
Daiya.Debauchery1-19,ダイヤ,「そ、それは…」,「そ、それは…」,「這、這是…」,,「那、那個是…」,,B-but that's...,"「그, 그것은…」",「这、这是…」
,,,,,,,,,,
Daiya.Debauchery1-20,那由多,「ふふっ♥、確かに私の方が貴女より圧倒的に階級が上ですが…ご主人様の前では等しくただの性処理奴隷ですから…♥」,「ふふっ♥、確かに私の方が貴女より圧倒的に階級が上ですが…ご主人様の前では等しくただの性処理奴隷ですから…♥」,「呵呵♥，我的階級確實是壓倒性地比妳高…但在主人面前，我們都只是平等的性處理奴隸…♥」,,「呼呼♥、確實我比妳擁有壓倒性的階級地位…但在主人面前，我們只是平等的性處理奴隸而已…♥」,,"Fufu♥, it's true that I'm overwhelmingly higher in rank than you... but before Master, we're equally just sex slaves...♥","「후훗♥, 확실히 제가 당신보다 압도적으로 계급이 위지만… 주인님 앞에서는 똑같이 단순한 성처리 노예니까요…♥」",「呵呵♥、我的阶级确实是压倒性地比你高…但在主人面前，我们都只是平等的性处理奴隶…♥」
,,,,,,,,,,
Daiya.Debauchery1-21,ダイヤ,「し、しかしっ…私のような犬が那由多様を呼び捨てにするなど…」,「し、しかしっ…私のような犬が那由多様を呼び捨てにするなど…」,「可、可是…像我這樣的狗，怎麼能對那由多大人直呼其名…」,,「但、但是…像我這樣的狗也能隨便叫那由多大人的名字嗎…」,,B-but... for a dog like me to address Lady Nayuta without honorifics...,"「하, 하지만… 저 같은 개가 나유타 님을 함부로 부르다니…」",「可、可是…像我这样的狗，怎么能对那由多大人直呼其名…」
,,,,,,,,,,
Daiya.Debauchery1-22,那由多,「そんな事全く気にしないのですが…しかしよく考えたらブタが人間のように名前を名乗るのも失礼ですね…」,「そんな事全く気にしないのですが…しかしよく考えたらブタが人間のように名前を名乗るのも失礼ですね…」,「我是完全不在意那種事…不過仔細想想，豬像人類一樣報上名字也挺失禮的呢…」,,「我完全不在意那種事情…不過仔細一想，豬像人類一樣自稱姓名也是失禮的呢…」,,"I don't mind that at all... but now that I think about it, it's rude for pigs to use human names...",「그런 건 전혀 신경 쓰지 않습니다만… 하지만 잘 생각해보니 돼지가 인간처럼 이름을 대는 것도 실례군요…」,「我是完全不在意那种事…不过仔细想想，猪像人类一样报上名字也挺失礼的呢…」
,,,,,,,,,,
Daiya.Debauchery1-23,,「ではこうしましょう！私はメスブタ1号で、あなたはメスブタ2号です♥」,「ではこうしましょう！私はメスブタ1号で、あなたはメスブタ2号です♥」,「那就這樣吧！我是母豬1號，妳是母豬2號♥」,,「那麼就這樣吧！我是母豬1號，你是母豬2號♥」,,"Let's do this then! I'm pig 1, and you're pig 2♥","「그럼 이렇게 하죠! 저는 암퇘지 1호이고, 당신은 암퇘지 2호입니다♥」",「那就这样吧！我是母猪1号，你是母猪2号♥」
,,,,,,,,,,
Daiya.Debauchery1-24,那由多,「これは命令という事でっ…♥さあメスブタ2号ちゃん？ご主人様にご奉仕しますよっ♥」,「これは命令という事でっ…♥さあメスブタ2号ちゃん？ご主人様にご奉仕しますよっ♥」,「這就當作是命令…♥來吧母豬2號？要開始服侍主人了喔♥」,,「這是命令…♥來吧，母豬2號小姐？要侍奉主人了喲♥」,,"This is an order...♥ Now, pig 2? Let's service Master♥",「이것은 명령이라는 것으로…♥ 자 암퇘지 2호쨩? 주인님께 봉사합니다♥」,「这就当作是命令…♥来吧母猪2号？要开始服侍主人了喔♥」
,,,,,,,,,,
Daiya.Debauchery1-25,ダイヤ,「ぶ、ブヒッ♥メスブタ1号様っ♥！私もご奉仕いたしますっ♥」,「ぶ、ブヒッ♥メスブタ1号様っ♥！私もご奉仕いたしますっ♥」,「噗、噗嘻♥母豬1號大人♥！我也要開始服侍了♥」,,「噗、噗噗♥母豬1號大人♥！我也將侍奉您的♥」,,O-oink♥ Pig 1♥! I'll service him too♥,"「부, 부힛♥ 암퇘지 1호님♥! 저도 봉사하겠습니다♥」",「噗、噗嘻♥母猪1号大人♥！我也要开始服侍了♥」
,,,,,,,,,,
Daiya.Debauchery1-26,,ちゅるるるっ、ズリッ！ズリッ！,ちゅるるるっ、ズリッ！ズリッ！,啾嚕嚕、嘶嚕！嘶嚕！,,嘟嘟嘟，滋！滋！,,"Slurp, stroke! Stroke!","츄르르르릇, 즈릿! 즈릿!",啾噜噜、嘶噜！嘶噜！
,,,,,,,,,,
Daiya.Debauchery1-27,ダイヤ,「はあっ♥、いかがですかっ…私のおっぱいっ…♥」,「はあっ♥、いかがですかっ…私のおっぱいっ…♥」,「哈啊♥，您覺得怎麼樣…我的胸部…♥」,,「呼♥，您覺得如何…我的胸部…♥」,,"Haa♥, how are they... my tits...♥","「하앗♥, 어떻습니까… 제 가슴…♥」",「哈啊♥、您觉得怎么样…我的胸部…♥」
,,,,,,,,,,
Daiya.Debauchery1-28,那由多,「ふふっ♥、可愛いですねッ♥、ずいぶんと大きくなったんじゃないですか♥？」,「ふふっ♥、可愛いですねッ♥、ずいぶんと大きくなったんじゃないですか♥？」,「呵呵♥，很可愛呢♥，是不是變大很多了呀♥？」,,「呼呼♥，好可愛呢♥，長大了許多呢♥？」,,"Fufu♥, how cute♥, haven't they gotten quite big♥?","「후훗♥, 귀엽네요♥, 상당히 커지지 않았습니까♥?」",「呵呵♥、很可爱呢♥、是不是变大很多了呀♥？」
,,,,,,,,,,
Daiya.Debauchery1-29,ダイヤ,「はいっ…♥ご主人様にご奉仕する中でっ♥、こんなに大きくなっちゃいましたぁ♥」,「はいっ…♥ご主人様にご奉仕する中でっ♥、こんなに大きくなっちゃいましたぁ♥」,「是的…♥在服侍主人的過程中♥，就變得這麼大了♥」,,「好的…♥在侍奉主人的過程中♥，變得這麼大了呢♥」,,"Yes...♥ While servicing Master♥, they've gotten this big♥","「네엣…♥ 주인님께 봉사하는 중에♥, 이렇게 커져버렸어요♥」",「是的…♥在服侍主人的过程中♥、就变得这么大了♥」
,,,,,,,,,,
Daiya.Debauchery1-30,那由多,「ふふっ♥、偉いですねっ♥、メスブタ2号ちゃん？まあ私もご主人様に可愛がられたおかげでこんなですが…♥」,「ふふっ♥、偉いですねっ♥、メスブタ2号ちゃん？まあ私もご主人様に可愛がられたおかげでこんなですが…♥」,「呵呵♥，真棒呢♥，母豬2號？不過我也是多虧了主人的疼愛才能變成這樣…♥」,,「呼呼♥，真了不起呢♥，母豬2號小姐？嘛，也多虧主人的疼愛，我才變成這樣呢…♥」,,"Fufu♥, you're such a good girl♥, pig 2? Well, mine are like this too thanks to Master's affection...♥","「후훗♥, 장하네요♥, 암퇘지 2호쨩? 뭐 저도 주인님께 귀여움 받은 덕분에 이렇지만…♥」",「呵呵♥、真棒呢♥、母猪2号？不过我也是多亏了主人的疼爱才能变成这样…♥」
,,,,,,,,,,
Daiya.Debauchery1-31,ダイヤ,「それなのにっ♥、私達のおっぱいから出てきちゃうご主人様の巨大おちんぽっ♥、かっこよすぎますっ♥」,「それなのにっ♥、私達のおっぱいから出てきちゃうご主人様の巨大おちんぽっ♥、かっこよすぎますっ♥」,「即使如此♥，主人的巨大雞巴從我們的胸部之間挺出來♥。真是太帥氣了♥」,,「儘管如此♥，從我們的胸部冒出來的主人的巨大陽具♥，實在太帥氣了♥」,,"Even so♥, Master's huge cock poking out from between our tits♥, it's too amazing♥","「그런데도♥, 저희 가슴에서 나오는 주인님의 거대 자지♥, 너무 멋있어요♥」",「即使如此♥、主人的巨大鸡巴从我们的胸部之间挺出来♥、真是太帅气了♥」
,,,,,,,,,,
Daiya.Debauchery1-32,那由多,「ブヒッ♥、そうですねっ…♥おちんぽ様の脈動が心臓に届いてっ♥、私もっ♥、勝手に発情してしまいますっ♥」,「ブヒッ♥、そうですねっ…♥おちんぽ様の脈動が心臓に届いてっ♥、私もっ♥、勝手に発情してしまいますっ♥」,「噗嘻♥，說的也是呢…♥雞巴大人的脈動傳到了心臟♥，我也♥、擅自開始發情了♥」,,「噗♥，是的呢…♥陽具大人的脈動傳達到心臟裡♥，我也♥，不由自主地發情了起來♥」,,"Oink♥, you're right...♥ The cock's pulsing reaches my heart♥, and I♥ can't help getting horny♥","「부힛♥, 그렇군요…♥ 자지님의 맥동이 심장에 닿아서♥, 저도♥, 멋대로 발정해버립니다♥」",「噗嘻♥、说的也是呢…♥鸡巴大人的脉动传到了心脏♥、我也♥、擅自开始发情了♥」
,,,,,,,,,,
Daiya.Debauchery1-33,,そして二匹のメスブタは怪人のチンポを唾液でまんべんなく濡らしていく,そして二匹のメスブタは怪人のチンポを唾液でまんべんなく濡らしていく,接著兩隻母豬用唾液將怪人的雞巴弄得溼答答的,,然後兩隻母豬用口水均勻地濕潤怪人的陰莖。,,And then the two pigs thoroughly coated the monster's cock with their spit,그리고 두 마리의 암퇘지는 괴인의 자지를 타액으로 골고루 적셔간다,接着两只母猪用唾液将怪人的鸡巴弄得湿答答的
,,,,,,,,,,
Daiya.Debauchery1-34,ダイヤ,「はあっ♥、はあっ♥、ちゅるるるっ♥」,「はあっ♥、はあっ♥、ちゅるるるっ♥」,「哈啊♥、哈啊♥、啾嚕嚕♥」,,「呼啊♥、呼啊♥、啾啾啾♥」,,"Haa♥, haa♥, slurrrp♥","「하앗♥, 하앗♥, 츄르르르릇♥」",「哈啊♥、哈啊♥、啾噜噜♥」
,,,,,,,,,,
Daiya.Debauchery1-35,那由多,「ちゅるっ♥はあっ♥、もう十分に濡れて…大きくなってますっ…♥」,「ちゅるっ♥はあっ♥、もう十分に濡れて…大きくなってますっ…♥」,「啾嚕♥哈啊♥、已經充分濕潤…變大了…♥」,,「啾啾♥呼啊♥，已經濕透了…變得更大了呢…♥」,,"Slurp♥ haa♥, it's already thoroughly wet... and so big...♥","「츄릇♥하앗♥, 이제 충분히 젖어서… 커졌어요…♥」",「啾噜♥哈啊♥、已经充分湿润…变大了…♥」
,,,,,,,,,,
Daiya.Debauchery1-36,ダイヤ,「はあっ♥、はあっ♥、ご主人様の…おちんぽっ♥！」,「はあっ♥、はあっ♥、ご主人様の…おちんぽっ♥！」,「哈啊♥、哈啊♥、主人的…雞巴♥！」,,「呼啊♥、呼啊♥、主人的…陽具♥！」,,"Haa♥, haa♥, Master's... cock♥!","「하앗♥, 하앗♥, 주인님의… 자지♥!」",「哈啊♥、哈啊♥、主人的…鸡巴♥！」
,,,,,,,,,,
Daiya.Debauchery1-37,怪人,「グフフッ…もういいだろうメスブタ共…、順番にハメてやる！」,「グフフッ…もういいだろうメスブタ共…、順番にハメてやる！」,「咕呼呼…已經夠了吧母豬們…，我一個一個來插妳們！」,,「咕噗噗…你們這些母豬們已經夠了…，輪流上！」,,"Gufufu... That's enough, pigs... I'll take you in turns!","「크흐흐… 이제 됐겠지 암퇘지들아…, 순서대로 박아주마!」",「咕呼呼…已经够了吧母猪们…，我一个一个来插你们！」
,,,,,,,,,,
Daiya.Debauchery1-38,ダイヤ,「っ♥ブヒッ！ご主人様ぁ♥！」,「っ♥ブヒッ！ご主人様ぁ♥！」,「♥噗嘻！主人♥！」,,「啾♥噗噗！主人啊♥！」,,♥ Oink! Master♥!,「윽♥ 부힛! 주인님아♥!」,「♥噗嘻！主人♥！」
,,,,,,,,,,
Daiya.Debauchery1-39,那由多,「はあっ♥、はあっ♥、お願いいたしますうっ♥」,「はあっ♥、はあっ♥、お願いいたしますうっ♥」,「哈啊♥、哈啊♥、拜託您了♥」,,「呼啊♥、呼啊♥、拜託了♥」,,"Haa♥, haa♥, please do♥","「하앗♥, 하앗♥, 부탁드립니다앗♥」",「哈啊♥、哈啊♥、拜托您了♥」
,,,,,,,,,,
,,,,,,,,,,
,Daiya&Nayuta 1-2,,,,,,,,,
Daiya.Debauchery1-40,ダイヤ,「はあっ♥、はあっ♥、はあっ♥……ゴクッ…♥」,「はあっ♥、はあっ♥、はあっ♥……ゴクッ…♥」,「哈啊♥、哈啊♥、哈啊♥……咕♥…」,,「呼啊♥、呼啊♥、呼啊♥……咕咕…♥」,,"Haa♥, haa♥, haa♥... gulp...♥","「하앗♥, 하앗♥, 하앗♥…… 꿀꺽…♥」",「哈啊♥、哈啊♥、哈啊♥……咕♥…」
,,,,,,,,,,
Daiya.Debauchery1-41,,「いつもはご主人様に使われるだけでしたがっ♥…今日は私がご奉仕しますうっ♥」,「いつもはご主人様に使われるだけでしたがっ♥…今日は私がご奉仕しますうっ♥」,「平常都只是被主人使用♥…今天就由我來服侍您吧♥」,,「雖然平常只是被主人使用而已♥…但今天我來服侍您了♥」,,Usually I'm just used by Master♥... but today I'll be the one servicing♥,「언제나 주인님께 사용될 뿐이었지만♥… 오늘은 제가 봉사하겠습니다앗♥」,「平常都只是被主人使用♥…今天就由我来服侍您吧♥」
,,,,,,,,,,
Daiya.Debauchery1-42,那由多,「ふふっ♥、メスブタ2号ちゃん、そんなにおちんぽ様に必死になって♥…かわいいですね♥」,「ふふっ♥、メスブタ2号ちゃん、そんなにおちんぽ様に必死になって♥…かわいいですね♥」,「呵呵♥、母豬2號，妳對雞巴大人這麼拼命♥…真可愛呢♥」,,「呼呼♥、母豬2號，這麼拼命追求陽具大人♥…真是可愛呢♥」,,"Fufu♥, pig 2, getting so desperate for cock♥... how cute♥","「후훗♥, 암퇘지 2호쨩, 그렇게 자지님께 필사적이어서♥… 귀엽네요♥」",「呵呵♥、母猪2号，你对鸡巴大人这么拼命♥…真可爱呢♥」
,,,,,,,,,,
Daiya.Debauchery1-43,ダイヤ,「ブヒッ♥、ご主人様のおちんぽっ♥、はあっ♥はあっ♥」,「ブヒッ♥、ご主人様のおちんぽっ♥、はあっ♥はあっ♥」,「噗嘻♥、主人的雞巴♥、哈啊♥哈啊♥」,,「噗噗♥、主人的陽具♥、呼啊♥呼啊♥」,,"Oink♥, Master's cock♥, haa♥ haa♥","「부힛♥, 주인님의 자지♥, 하앗♥하앗♥」",「噗嘻♥、主人的鸡巴♥、哈啊♥哈啊♥」
,,,,,,,,,,
Daiya.Debauchery1-44,那由多,「ふふっ♥、メスブタ2号ちゃんも我慢できないようですので…♥さ、ご主人様…♥」,「ふふっ♥、メスブタ2号ちゃんも我慢できないようですので…♥さ、ご主人様…♥」,「呵呵♥、看來母豬2號也忍不住了呢…♥來吧，主人…♥」,,「呼呼♥、母豬2號也好像忍不住了呢…♥來吧，主人…♥」,,"Fufu♥, it seems pig 2 can't hold back anymore...♥ Now, Master...♥","「후훗♥, 암퇘지 2호쨩도 참을 수 없는 것 같으니…♥ 자, 주인님…♥」",「呵呵♥、看来母猪2号也忍不住了呢…♥来吧，主人…♥」
,,,,,,,,,,
Daiya.Debauchery1-45,怪人,「グフフッ…いいだろう。挿入を許可してやる」,「グフフッ…いいだろう。挿入を許可してやる」,「咕呼呼…好吧。我准許妳們插入。」,,「呼呼呼…好吧。我允許插入」,,Gufufu... Very well. I permit insertion,「크흐흐… 좋다. 삽입을 허락해주지」,「咕呼呼…好吧。我准许你们插入。」
,,,,,,,,,,
Daiya.Debauchery1-46,ダイヤ,「はあっ♥はあっ♥ブヒッ♥！、おちんぽっ♥、入れさせていただきますっ♥！」,「はあっ♥はあっ♥ブヒッ♥！、おちんぽっ♥、入れさせていただきますっ♥！」,「哈啊♥哈啊♥噗嘻♥！雞巴♥，我要放進來了♥！」,,「呼啊♥呼啊♥噗噗♥！陽具♥，我要插進去了♥！」,,"Haa♥ haa♥ oink♥! Cock♥, I'll be putting it in♥!","「하앗♥하앗♥부힛♥!, 자지♥, 넣겠습니다♥!」",「哈啊♥哈啊♥噗嘻♥！、鸡巴♥、我要放进来了♥！」
,,,,,,,,,,
Daiya.Debauchery1-47,,「はあっ♥……私のお腹のこんな所までっ……♥」,「はあっ♥……私のお腹のこんな所までっ……♥」,「哈啊♥……竟然到了我肚子裡的這種地方……♥」,,「呼啊♥……連我的肚子這裡都……♥」,,Haa♥... All the way to this part of my belly...♥,「하앗♥…… 제 배의 이런 곳까지……♥」,「哈啊♥……竟然到了我肚子里的这种地方……♥」
,,,,,,,,,,
Daiya.Debauchery1-48,,そしてダイヤは腰を上げてチンポに照準を合わせると――――,そしてダイヤは腰を上げてチンポに照準を合わせると――――,接著黛雅抬起腰部對準雞巴後――――,,然後黛雅抬起臀部，將瞄準對準陽具———,,And then Daiya raised her hips and aimed at the cock...,그리고 다이아는 허리를 들어 자지에 조준하고――――,接着黛雅擡起腰部对准鸡巴后――――
,,,,,,,,,,
Daiya.Debauchery1-49,ダイヤ,「い、イキますっ♥、ぶひっ！」,「い、イキますっ♥、ぶひっ！」,「要、要進去了♥、噗嘻！」,,「我、我要高潮了♥、噗噗！」,,"H-Here I come♥, oink!","「가, 갑니다♥, 부힛!」",「要、要进去了♥、噗嘻！」
,,,,,,,,,,
Daiya.Debauchery1-50,Daiya&Nayuta 1-3,ズップウウウッ！！！！,ズップウウウッ！！！！,噗滋嗚嗚嗚！！！！,,轟隆隆！！,,Squeeelch!,즈읍우우우웃!!!!,噗滋呜呜呜！！！！
,,,,,,,,,,
Daiya.Debauchery1-51,ダイヤ,「ブヒッ♥、お゛おおおおおっ♥♥！？」,「ブヒッ♥、お゛おおおおおっ♥♥！？」,「噗嘻♥、喔喔喔喔喔喔♥♥！？」,,「噗噗♥，喔喔喔喔喔♥♥！？」,,"Oink♥, ohhhhhhh♥♥!?","「부힛♥, 오옷 오오오오오옷♥♥!?」",「噗嘻♥、喔喔喔喔喔喔♥♥！？」
,,,,,,,,,,
Daiya.Debauchery1-52,Daiya&Nayuta 1-4,「ほ゛おっ♥、ブヒッ、は、入りましたぁッ♥！！」,「ほ゛おっ♥、ブヒッ、は、入りましたぁッ♥！！」,「吼喔♥、噗嘻、進、進去了♥！！」,,「喔喔♥，噗噗，進、進去了啊♥！！」,,"Hooh♥, oink, i-it's inside♥!!","「호옷 오옷♥, 부힛, 드, 들어갔어요♥!!」",「吼喔♥、噗嘻、进、进去了♥！！」
,,,,,,,,,,
Daiya.Debauchery1-53,,「お゛おっ♥！ほ゛おっ♥、おっ♥…！！」,「お゛おっ♥！ほ゛おっ♥、おっ♥…！！」,「喔喔♥！吼喔♥、喔♥…！！」,,「喔喔♥！喔喔♥，喔♥…！！」,,"Ohh♥! Hooh♥, oh♥...!!","「오옷 오옷♥! 호옷 오옷♥, 옷♥…!!」",「喔喔♥！吼喔♥、喔♥…！！」
,,,,,,,,,,
Daiya.Debauchery1-54,那由多,「おやおやメスブタ2号ちゃん…♥まさか入れただけでイッてませんか？」,「おやおやメスブタ2号ちゃん…♥まさか入れただけでイッてませんか？」,「哎呀哎呀母豬2號…♥妳該不會光是放進去就高潮了吧？」,,「哦哦，母豬2號小姐…♥難道只是插進去就高潮了嗎？」,,"Oh my, pig 2...♥ Don't tell me you came just from putting it in?",「어머어머 암퇘지 2호쨩…♥ 설마 넣은 것만으로 가버렸습니까?」,「哎呀哎呀母猪2号…♥你该不会光是放进去就高潮了吧？」
,,,,,,,,,,
Daiya.Debauchery1-55,ダイヤ,「ひうぅ♥、ブヒッ♥、は、はいっ♥、ご主人様のおちんぽ凄すぎてっ♥…！」,「ひうぅ♥、ブヒッ♥、は、はいっ♥、ご主人様のおちんぽ凄すぎてっ♥…！」,「呀嗚♥、噗嘻♥、是、是的♥、主人的雞巴太厲害了♥…！」,,「哼哼♥，噗噗♥，進、進去了啊♥，主人的雞雞太厲害了♥…！」,,"Hiuu♥, oink♥, y-yes♥, Master's cock is too amazing♥...!","「히우우♥, 부힛♥, 네, 네엣♥, 주인님 자지 너무 굉장해서♥…!」",「呀呜♥、噗嘻♥、是、是的♥、主人的鸡巴太厉害了♥…！」
,,,,,,,,,,
Daiya.Debauchery1-56,Daiya&Nayuta 1-5,「申し訳ありませんっ♥、ご主人様あっ♥」,「申し訳ありませんっ♥、ご主人様あっ♥」,「非常抱歉♥，主人♥」,,「對不起♥，主人啊♥」,,"I'm so sorry♥, Master♥","「죄송합니다♥, 주인님앗♥」",「非常抱歉♥、主人♥」
,,,,,,,,,,
Daiya.Debauchery1-57,那由多,「全く…メスブタ2号ちゃんは私の次くらいには強いはずなんですがね…♥まあ、ご主人様のおちんぽの前ではしょうがないですね♥」,「全く…メスブタ2号ちゃんは私の次くらいには強いはずなんですがね…♥まあ、ご主人様のおちんぽの前ではしょうがないですね♥」,「真是的…母豬2號的實力應該只僅次於我才對啊…♥不過嘛，在主人的雞巴面前也是沒辦法的呢♥」,,「真是的…母豬2號小姐應該比我強的呢…♥嘛，對主人的雞雞來說沒辦法呢♥」,,"Honestly... pig 2 should be almost as strong as me...♥ Well, I suppose it can't be helped before Master's cock♥","「정말… 암퇘지 2호쨩은 저 다음 정도로는 강할 텐데요…♥ 뭐, 주인님 자지 앞에서는 어쩔 수 없네요♥」",「真是的…母猪2号的实力应该只仅次于我才对啊…♥不过嘛，在主人的鸡巴面前也是没办法的呢♥」
,,,,,,,,,,
Daiya.Debauchery1-58,,「まあいつもご主人様に抱っこされてオナホ扱いでしたからね♥でも貴女はそこそこ強いんですから頑張らないと！」,「まあいつもご主人様に抱っこされてオナホ扱いでしたからね♥でも貴女はそこそこ強いんですから頑張らないと！」,「畢竟妳平常總是像自慰套一樣被主人抱著玩弄嘛♥不過妳也算滿強的了，要加油才行！」,,「嘛，總是被主人抱著當成自慰器對待的呢♥ 但你也相當強大，所以要加油！」,,"Well, you were always held by Master and used like a toy♥ But you're reasonably strong, so you need to try harder!",「뭐 언제나 주인님께 안겨서 오나홀 취급이었으니까요♥ 하지만 당신은 제법 강하니까 힘내야죠!」,「毕竟你平常总是像自慰套一样被主人抱着玩弄嘛♥不过你也算满强的了，要加油才行！」
,,,,,,,,,,
Daiya.Debauchery1-59,ダイヤ,「はいっ♥、メスブタ2号っ♥、ご主人様のおちんぽを気持ち良くするためにっ♥、頑張ります！！」,「はいっ♥、メスブタ2号っ♥、ご主人様のおちんぽを気持ち良くするためにっ♥、頑張ります！！」,「是♥，母豬2號♥，為了讓主人的雞巴舒服♥，我會努力的！！」,,「進去了啊♥、母豬2號小姐♥、為了讓主人的雞雞感到舒服♥，我會努力的！！」,,"Yes♥, pig 2♥ will do her best to make Master's cock feel good♥!!","「네엣♥, 암퇘지 2호♥, 주인님 자지를 기분 좋게 해드리기 위해♥, 힘내겠습니다!!」",「是♥、母猪2号♥、为了让主人的鸡巴舒服♥、我会努力的！！」
,,,,,,,,,,
Daiya.Debauchery1-60,Daiya&Nayuta 1-6,「ううっ♥、お゛っ♥…お゛おっ♥！」,「ううっ♥、お゛っ♥…お゛おっ♥！」,「嗚嗚♥、喔♥…喔喔♥！」,,「唔唔♥，喔♥…喔喔♥！」,,"Uuh♥, oh♥... ohh♥!","「으윽♥, 오옷 옷♥… 오옷 오옷♥!」",「呜呜♥、喔♥…喔喔♥！」
,,,,,,,,,,
Daiya.Debauchery1-61,,ぱちゅん！ぱちゅん！ぱちゅんっ♥！！,ぱちゅん！ぱちゅん！ぱちゅんっ♥！！,啪啾！啪啾！啪啾♥！！,,啪啾！啪啾！啪啾♥！！,,Slap! Slap! Slap♥!!,파츗! 파츗! 파츗!♥!!,啪啾！啪啾！啪啾♥！！
,,,,,,,,,,
Daiya.Debauchery1-62,,「お゛ほおっ♥！お゛おっ♥！い、いかがですかっ…♥！」,「お゛ほおっ♥！お゛おっ♥！い、いかがですかっ…♥！」,「喔吼喔♥！喔喔♥！您、您覺得怎麼樣…♥！」,,「喔喔喔♥！喔喔♥！怎、怎麼樣呢…♥！」,,Ohooh♥! Ohh♥! H-how is it...♥!,"「오옷 호오옷♥! 오옷 오옷♥! 이, 어떻습니까…♥!」",「喔吼喔♥！喔喔♥！您、您觉得怎么样…♥！」
,,,,,,,,,,
Daiya.Debauchery1-63,那由多,「ふふっ♥、ヘコヘコするたびにお腹がおちんちんの形に膨らんでますよっ♥♥」,「ふふっ♥、ヘコヘコするたびにお腹がおちんちんの形に膨らんでますよっ♥♥」,「呵呵♥，妳每搖一下肚子就鼓成雞巴的形狀了喔♥♥」,,「呼呼♥，每次摺摺的時候，肚子就會膨脹成雞雞的形狀喔♥♥」,,"Fufu♥, every time you move, your belly bulges in the shape of his cock♥♥","「후훗♥, 헤코헤코할 때마다 배가 자지 모양으로 부풀어 있어요♥♥」",「呵呵♥、你每摇一下肚子就鼓成鸡巴的形状了喔♥♥」
,,,,,,,,,,
Daiya.Debauchery1-64,ダイヤ,「ブヒッ♥、お゛っ♥！お゛っ♥！」,「ブヒッ♥、お゛っ♥！お゛っ♥！」,「噗嘻♥、喔♥！喔♥！」,,「噗♥，喔♥！喔♥！」,,"Oink♥, oh♥! Oh♥!","「부힛♥, 오옷 옷♥! 오옷 옷♥!」",「噗嘻♥、喔♥！喔♥！」
,,,,,,,,,,
Daiya.Debauchery1-65,那由多,「ふふっ♥、メスブタ2号ちゃんはおチンポに必死ですねっ♥…私もっ……」,「ふふっ♥、メスブタ2号ちゃんはおチンポに必死ですねっ♥…私もっ……」,「呵呵♥，母豬2號對雞巴真拼命呢♥…我也……」,,「呼呼♥，母豬2號小姐對雞雞拼命呢♥…我也……」,,"Fufu♥, pig 2 is so desperate for cock♥... Me too...","「후훗♥, 암퇘지 2호쨩은 자지에 필사적이네요♥… 저도……」",「呵呵♥、母猪2号对鸡巴真拼命呢♥…我也……」
,,,,,,,,,,
Daiya.Debauchery1-66,Daiya&Nayuta 1-7,そう言うと那由多は怪人の胸に自分の股間をこすりつけ始める,そう言うと那由多は怪人の胸に自分の股間をこすりつけ始める,那由多一邊說，一邊開始用自己的跨下摩擦怪人的胸膛,,這樣說著，那由多開始將自己的下身摩擦在怪人的胸膛上。,,"Saying that, Nayuta began rubbing her crotch against the fiend's chest",그렇게 말하며 나유타는 괴인의 가슴에 자신의 사타구니를 문지르기 시작한다,那由多一边说，一边开始用自己的跨下摩擦怪人的胸膛
,,,,,,,,,,
Daiya.Debauchery1-67,那由多,「ブヒッ♥、えへへっ♥…メスブタ2号ちゃんが頑張ってるのでっ♥♥メスブタ1号もおうえんしますっ♥！」,「ブヒッ♥、えへへっ♥…メスブタ2号ちゃんが頑張ってるのでっ♥♥メスブタ1号もおうえんしますっ♥！」,「噗嘻♥、嘿嘿♥…因為母豬2號很努力♥♥所以母豬1號也要加油♥！」,,「噗♥，嘻嘻♥…母豬2號小姐正在努力呢♥♥母豬1號也會支持她的♥！」,,"Oink♥, ehehe♥... Since pig 2 is working hard♥♥ pig 1 will cheer you on♥!","「부힛♥, 에헤헷♥… 암퇘지 2호쨩이 힘내고 있으니♥♥ 암퇘지 1호도 응원합니다♥!」",「噗嘻♥、嘿嘿♥…因为母猪2号很努力♥♥所以母猪1号也要加油♥！」
,,,,,,,,,,
Daiya.Debauchery1-68,,ぬりっ♥ぬりゅっ♥ぬりゅっ♥！,ぬりっ♥ぬりゅっ♥ぬりゅっ♥！,嚕♥ 嚕♥ 嚕♥！,,塗抹♥ 擦拭♥ 擦拭♥！,,Rub♥ slide♥ slide♥!,누릇♥ 누릇♥ 누릇♥!,噜♥ 噜♥ 噜♥！
,,,,,,,,,,
Daiya.Debauchery1-69,那由多,「ああんっ♥ご主人様の厚い胸板っ♥♥、ごつごつしてかっこいいですうっ♥」,「ああんっ♥ご主人様の厚い胸板っ♥♥、ごつごつしてかっこいいですうっ♥」,「啊嗯♥主人的厚實胸膛♥♥，線條分明好帥氣喔♥」,,「啊啊♥主人的厚實胸膛♥♥，凹凸有致好帥氣呀♥」,,"Aahn♥ Master's thick chest♥♥, so rugged and cool♥","「아앙♥ 주인님의 두꺼운 가슴판♥♥, 울퉁불퉁해서 멋있어요♥」",「啊嗯♥主人的厚实胸膛♥♥、线条分明好帅气喔♥」
,,,,,,,,,,
Daiya.Debauchery1-70,,「あんっ♥、メスブタ1号もっ♥、早くおちんちん欲しくなってきましたっ…♥」,「あんっ♥、メスブタ1号もっ♥、早くおちんちん欲しくなってきましたっ…♥」,「啊嗯♥，母豬1號也♥，開始想要雞巴了…♥」,,「啊♥，母豬1號也♥，開始渴望快點拿到雞雞了呢…♥」,,"Ahn♥, pig 1 too♥ is starting to want cock soon...♥","「아앙♥, 암퇘지 1호도♥, 빨리 자지 갖고 싶어졌어요…♥」",「啊嗯♥、母猪1号也♥、开始想要鸡巴了…♥」
,,,,,,,,,,
Daiya.Debauchery1-71,,「ほらメスブタ2号ちゃん♥、私が待っているんですから早く交代してくださいっ…♥！」,「ほらメスブタ2号ちゃん♥、私が待っているんですから早く交代してくださいっ…♥！」,「喂母豬2號♥，我還在等著呢，快點跟我交換…♥！」,,「快點啦，母豬2號小姐♥，我在等著呢，快換班吧…♥！」,,"Come on, pig 2♥, I'm waiting so please hurry up and switch...♥!","「자 암퇘지 2호쨩♥, 제가 기다리고 있으니 빨리 교대해주세요…♥!」",「喂母猪2号♥、我还在等着呢，快点跟我交换…♥！」
,,,,,,,,,,
Daiya.Debauchery1-72,ダイヤ,「ブヒッ♥、ほ゛おっ♥、お゛おっ♥！ま、まってっ♥、せめてご主人様を射精させてからっ♥！」,「ブヒッ♥、ほ゛おっ♥、お゛おっ♥！ま、まってっ♥、せめてご主人様を射精させてからっ♥！」,「噗嘻♥、吼喔♥、喔喔♥！等、等等♥，至少讓我先讓主人射精♥！」,,「噗♥，喔♥，喔♥！等、等一下♥，至少讓主人射精完再說♥！」,,"Oink♥, hooh♥, ohh♥! W-wait♥, at least let me make Master come first♥!","「부힛♥, 호옷 오옷♥, 오옷 오옷♥! 자, 잠깐♥, 적어도 주인님을 사정시킨 후에♥!」",「噗嘻♥、吼喔♥、喔喔♥！等、等等♥、至少让我先让主人射精♥！」
,,,,,,,,,,
Daiya.Debauchery1-73,那由多,「ふふっ♥、しょうがないですねっ♥、いいですよっ♥、しっかりおマンコでご奉仕してくださいっ♥」,「ふふっ♥、しょうがないですねっ♥、いいですよっ♥、しっかりおマンコでご奉仕してくださいっ♥」,「呵呵♥，真拿妳沒辦法呢♥。好吧♥，妳就用小穴好好地服侍吧♥」,,「呼呼♥，沒辦法呢♥，好的♥，好好用你的技巧來服侍吧♥」,,"Fufu♥, I suppose it can't be helped♥, alright♥, make sure to service him well with your pussy♥","「후훗♥, 어쩔 수 없군요♥, 좋아요♥, 제대로 보지로 봉사해주세요♥」",「呵呵♥、真拿你没办法呢♥、好吧♥、你就用小穴好好地服侍吧♥」
,,,,,,,,,,
Daiya.Debauchery1-74,ダイヤ,「ほ゛おっ♥、ブヒッ♥、はいっ♥、お゛っ♥！」,「ほ゛おっ♥、ブヒッ♥、はいっ♥、お゛っ♥！」,「吼喔♥、噗嘻♥、是♥、喔♥！」,,「喔♥，噗♥，好的♥，喔♥！」,,"Hooh♥, oink♥, yes♥, oh♥!","「호옷 오옷♥, 부힛♥, 네엣♥, 오옷 옷♥!」",「吼喔♥、噗嘻♥、是♥、喔♥！」
,,,,,,,,,,
Daiya.Debauchery1-75,,ぱちゅん！ぱちゅん！ズルルッ♥！！！,ぱちゅん！ぱちゅん！ズルルッ♥！！！,啪啾！啪啾！嘶嚕嚕♥！！！,,啪啾！啪啾！滋滋♥！！！,,Slap! Slap! Squelch♥!!!,파츗! 파츗! 즈르릇♥!!!,啪啾！啪啾！嘶噜噜♥！！！
,,,,,,,,,,
Daiya.Debauchery1-76,,「ブヒッ♥、ブヒッ♥、お゛おおっ♥！」,「ブヒッ♥、ブヒッ♥、お゛おおっ♥！」,「噗嘻♥、噗嘻♥、喔喔喔♥！」,,「噗♥，噗♥，喔喔♥！」,,"Oink♥, oink♥, ohhh♥!","「부힛♥, 부힛♥, 오옷 오오옷♥!」",「噗嘻♥、噗嘻♥、喔喔喔♥！」
,,,,,,,,,,
Daiya.Debauchery1-77,那由多,「ほらメスブタ2号ちゃん、頑張れ頑張れ♥もっとおチンポごしごししましょう♥」,「ほらメスブタ2号ちゃん、頑張れ頑張れ♥もっとおチンポごしごししましょう♥」,「喂母豬2號，加油加油♥再多摩擦一下雞巴♥」,,「來吧，母豬2號，加油加油♥ 讓陽具更加努力地揉揉吧♥」,,"Come on, pig #2, you can do it♥ Let's rub that cock more♥","「자 암퇘지 2호쨩, 힘내라 힘내♥ 더 자지 문질러줍시다♥」",「喂母猪2号，加油加油♥再多摩擦一下鸡巴♥」
,,,,,,,,,,
Daiya.Debauchery1-78,ダイヤ,「お゛おっ♥！はひっ♥おちんぽ様っ♥」,「お゛おっ♥！はひっ♥おちんぽ様っ♥」,「喔喔♥！是♥雞巴大人♥」,,「喔喔♥！哈哈♥陽具大人♥」,,Ohh♥! Hahi♥ cock♥,「오옷 오옷♥! 하힛♥ 자지님♥」,「喔喔♥！是♥鸡巴大人♥」
,,,,,,,,,,
Daiya.Debauchery1-79,,「お゛おっ♥！？おっ、ご主人様っ♥、ちょっと我慢汁出てますうっ♥！？」,「お゛おっ♥！？おっ、ご主人様っ♥、ちょっと我慢汁出てますうっ♥！？」,「喔喔♥！？喔、主人♥，您流出了一點忍耐的汁液♥！？」,,「喔喔♥！？喔，主人大人♥，稍微流出了點我慢汁呢♥！？」,,"Ohh♥!? Oh, Master♥, you're leaking a bit♥!?","「오옷 오옷♥!? 옷, 주인님♥, 조금 쿠퍼액 나오고 있어요♥!?」",「喔喔♥！？喔、主人♥、您流出了一点忍耐的汁液♥！？」
,,,,,,,,,,
Daiya.Debauchery1-80,那由多,「偉いですよっ♥♥さあ、最後まで頑張ってご奉仕しましょうっ♥♥」,「偉いですよっ♥♥さあ、最後まで頑張ってご奉仕しましょうっ♥♥」,「很棒喔♥♥來吧，努力服侍到最後吧♥♥」,,「偉大呢♥♥來吧，一直努力地服務到最後呢♥♥」,,"Good job♥♥ Now, let's work hard and service him to the end♥♥","「장해요♥♥ 자, 끝까지 힘내서 봉사합시다♥♥」",「很棒喔♥♥来吧，努力服侍到最后吧♥♥」
,,,,,,,,,,
Daiya.Debauchery1-81,ダイヤ,「お゛おっ♥！ほ゛おっ♥、ほ゛おっ♥！」,「お゛おっ♥！ほ゛おっ♥、ほ゛おっ♥！」,「喔喔♥！吼喔♥、吼喔♥！」,,「喔喔♥！噗喔♥、噗喔♥！」,,"Ohh♥! Hooh♥, hooh♥!","「오옷 오옷♥! 호옷 오옷♥, 호옷 오옷♥!」",「喔喔♥！吼喔♥、吼喔♥！」
,,,,,,,,,,
Daiya.Debauchery1-82,,ズボッ！ズボッ！ズボッ！,ズボッ！ズボッ！ズボッ！,噗滋！噗滋！噗滋！,,啪嗒！啪嗒！啪嗒！,,Thrust! Thrust! Thrust!,즈봇! 즈봇! 즈봇!,噗滋！噗滋！噗滋！
,,,,,,,,,,
Daiya.Debauchery1-83,ダイヤ,「ブヒッ♥、私はメスブタの雑魚ですがぁっ♥♥ご主人様にはっ♥、全ての力を使ってご奉仕しますうっ♥！！」,「ブヒッ♥、私はメスブタの雑魚ですがぁっ♥♥ご主人様にはっ♥、全ての力を使ってご奉仕しますうっ♥！！」,「噗嘻♥，我雖然是母豬雜魚♥♥但是為了主人♥，我會用盡全力服侍您的♥！！」,,「哼♥，雖然我是雌豬的小魚兒♥♥但是為了主人大人♥，我將竭盡全力來服侍您呢♥！！」,,"Oink♥, I'm just a weak pig♥♥ but for Master♥ I'll use all my strength to service you♥!!","「부힛♥, 저는 암퇘지 허접이지만아앗♥♥ 주인님께는♥, 모든 힘을 사용해서 봉사하겠습니다앗♥!!」",「噗嘻♥、我虽然是母猪杂鱼♥♥但是为了主人♥、我会用尽全力服侍您的♥！！」
,,,,,,,,,,
Daiya.Debauchery1-84,,「お゛おおっ♥！お゛おっ♥！お゛っ♥！」,「お゛おおっ♥！お゛おっ♥！お゛っ♥！」,「喔喔喔♥！喔喔♥！喔♥！」,,「喔喔喔♥！喔喔♥！喔♥！」,,Ohhh♥! Ohh♥! Oh♥!,「오옷 오오옷♥! 오옷 오옷♥! 오옷 옷♥!」,「喔喔喔♥！喔喔♥！喔♥！」
,,,,,,,,,,
Daiya.Debauchery1-85,,ドクンッ！！,ドクンッ！！,噗通！！,,砰嗵！！,,Throb!!,도쿤!!,噗通！！
,,,,,,,,,,
Daiya.Debauchery1-86,ダイヤ,「お゛っ♥！今っ♥ちょっと出ましたッ♥ご主人様のおっ♥♥精液」,「お゛っ♥！今っ♥ちょっと出ましたッ♥ご主人様のおっ♥♥精液」,「喔♥！剛才♥好像射出來一點♥主人的♥♥精液」,,「喔♥！現在♥有點出來了喔♥主人大人的♥♥精液」,,Oh♥! Just now♥ a bit came out♥ Master's♥♥ semen,「오옷 옷♥! 지금♥ 조금 나왔어요♥ 주인님의 옷♥♥ 정액」,「喔♥！刚才♥好像射出来一点♥主人的♥♥精液」
,,,,,,,,,,
Daiya.Debauchery1-87,,「出してくらさいっ♥♥ご主人様の精液ッ♥ぶひいぃっ♥！」,「出してくらさいっ♥♥ご主人様の精液ッ♥ぶひいぃっ♥！」,「請射出來吧♥♥主人的精液♥噗嘻♥！」,,「請射出來吧♥♥主人大人的精液♥哼♥！」,,Please come♥♥ Master's semen♥ oinkkkk♥!,「싸주세요♥♥ 주인님의 정액♥ 부히이잇♥!」,「请射出来吧♥♥主人的精液♥噗嘻♥！」
,,,,,,,,,,
Daiya.Debauchery1-88,Daiya&Nayuta 1-8,ドクドクドクッ！ビュルルルッルルルルルッ！！！,ドクドクドクッ！ビュルルルッルルルルルッ！！！,噗通噗通噗通！咻嚕嚕嚕嚕嚕嚕嚕嚕！！！,,滴答滴答滴答嗚嗚嗚嗚嗚嗚！！,,"Throb, throb, throb! Spuuuurt!!!",도크도크도크! 뷰르르르릇르르르르릇!!!,噗通噗通噗通！咻噜噜噜噜噜噜噜噜！！！
,,,,,,,,,,
Daiya.Debauchery1-89,ダイヤ,「ほ゛おっ♥、お゛おおっ～～～！♥♥！」,「ほ゛おっ♥、お゛おおっ～～～！♥♥！」,「吼喔♥、喔喔喔～～～！♥♥！」,,「喔喔♥、喔喔喔～～～！♥♥！」,,"Hooh♥, ohhh~~~!♥♥!","「호옷 오옷♥, 오옷 오오옷~~~!♥♥!」",「吼喔♥、喔喔喔～～～！♥♥！」
,,,,,,,,,,
Daiya.Debauchery1-90,,「ぶひいぃっ～～っ♥♥精液っ♥、出てますっ♥♥！！」,「ぶひいぃっ～～っ♥♥精液っ♥、出てますっ♥♥！！」,「噗嘻～～♥精液♥、射出來了♥！！」,,「哼哼～～♥♥精液♥，正在流出喔♥♥！！」,,Oinkkk!♥♥ Semen♥ it's coming out♥♥!!,"「부히이잇~~읏♥♥ 정액♥, 나오고 있어요♥♥!!」",「噗嘻～～♥精液♥、射出来了♥！！」
,,,,,,,,,,
Daiya.Debauchery1-91,那由多,「アハハッ♥、メスブタ2号ちゃんの鍛えたお腹が風船みたいですよっ♥♥」,「アハハッ♥、メスブタ2号ちゃんの鍛えたお腹が風船みたいですよっ♥♥」,「啊哈哈♥，母豬2號鍛鍊過的肚子跟氣球一樣喔♥♥」,,「啊哈哈♥，第二隻母豬小姐鍛煉過的肚子像氣球一樣呢♥♥」,,"Ahaha♥, pig 2's trained belly looks like a balloon♥♥","「아하핫♥, 암퇘지 2호쨩의 단련된 배가 풍선 같아요♥♥」",「啊哈哈♥、母猪2号锻炼过的肚子跟气球一样喔♥♥」
,,,,,,,,,,
Daiya.Debauchery1-92,ダイヤ,「お゛おっ♥！お゛おっ♥！イグッ♥ぶひいぃっっ♥♥！！」,「お゛おっ♥！お゛おっ♥！イグッ♥ぶひいぃっっ♥♥！！」,「喔喔♥！喔喔♥！高潮了♥噗嘻♥♥！！」,,「喔喔♥！喔喔♥！來了♥哼哼♥！」,,Ohh♥! Ohh♥! Coming♥ oinkkk♥♥!!,「오옷 오옷♥! 오옷 오옷♥! 이크윽♥ 부히이잇♥♥!!」,「喔喔♥！喔喔♥！高潮了♥噗嘻♥♥！！」
,,,,,,,,,,
Daiya.Debauchery1-93,,ドバッ！！ビュルルルッルッ！,ドバッ！！ビュルルルッルッ！,啪噠！！咻嚕嚕嚕嚕！,,轟隆！！嗚嗚嗚嗚！,,Gush!! Spuuurt!,도밧!! 뷰르르르릇르릇!,啪哒！！咻噜噜噜噜！
,,,,,,,,,,
Daiya.Debauchery1-94,ダイヤ,「ほ゛おっ♥！？精液っ♥出過ぎっ♥！！」,「ほ゛おっ♥！？精液っ♥出過ぎっ♥！！」,「吼喔♥！？精液♥、射太多了♥！！」,,「喔喔♥！？精液♥流得太多了♥！！」,,Hooh♥!? So much semen♥ too much♥!!,「호옷 오옷♥!? 정액♥ 너무 많이 나와♥!!」,「吼喔♥！？精液♥、射太多了♥！！」
,,,,,,,,,,
Daiya.Debauchery1-95,,結合部から大量の精液が滝のように逆流する,結合部から大量の精液が滝のように逆流する,大量的精液從結合處如瀑布般逆流而出,,結合部從中大量的精液像瀑布般逆流而出,,A massive amount of semen came down like a waterfall from the point where they were joined.,결합부에서 대량의 정액이 폭포처럼 역류한다,大量的精液从结合处如瀑布般逆流而出
,,,,,,,,,,
Daiya.Debauchery1-96,那由多,「ああっ♥、そんなにたくさんっ……♥うらやましいですっ♥」,「ああっ♥、そんなにたくさんっ……♥うらやましいですっ♥」,「啊啊♥，這麼多……♥真羨慕♥」,,「啊啊♥，這麼多……♥真羨慕呢♥」,,"Aah♥, so much...♥ I'm jealous♥","「아앗♥, 그렇게 많이……♥ 부럽습니다♥」",「啊啊♥、这么多……♥真羡慕♥」
,,,,,,,,,,
Daiya.Debauchery1-97,ダイヤ,「お゛おっ♥！お゛っ～～～♥！」,「お゛おっ♥！お゛っ～～～♥！」,「喔喔♥！喔～～～♥！」,,「喔喔♥！喔喔～～～♥！」,,Ohh♥! Oh♥!,「오옷 오옷♥! 오옷 옷~~~♥!」,「喔喔♥！喔～～～♥！」
,,,,,,,,,,
Daiya.Debauchery1-98,,「イきましたっ♥！イクッ！♥、ごしゅじんさまあっ♥！」,「イきましたっ♥！イクッ！♥、ごしゅじんさまあっ♥！」,「高潮了♥！高潮了！♥、主人♥！」,,「射了♥！射出來了！♥，主人大人♥！」,,I came♥! Coming!♥ Masterrr♥!,"「가버렸어요♥! 가버렷!♥, 주인님앗♥!」",「高潮了♥！高潮了！♥、主人♥！」
,,,,,,,,,,
Daiya.Debauchery1-99,,「ほ゛おっ♥…！ぶひいぃっ！」,「ほ゛おっ♥…！ぶひいぃっ！」,「吼喔♥…！噗嘻！」,,「喔喔♥…！噗噗！」,,Hooh♥...! Oinkkk!,「호옷 오옷♥…! 부히이잇!」,「吼喔♥…！噗嘻！」
,,,,,,,,,,
Daiya.Debauchery1-100,那由多,「ふふっ♥、偉いですっ……♥ブヒッ♥、私もっ…がまんできないですっ♥」,「ふふっ♥、偉いですっ……♥ブヒッ♥、私もっ…がまんできないですっ♥」,「呵呵♥、很棒喔……♥噗嘻♥、我也…忍不住了♥」,,「呼呼♥，真厲害呢……♥噗噗♥，我也……忍不住了♥」,,"Fufu♥, good job...♥ Oink♥, I... can't hold back either♥","「후훗♥, 장해요……♥ 부힛♥, 저도… 참을 수 없어요♥」",「呵呵♥、很棒喔……♥噗嘻♥、我也…忍不住了♥」
,,,,,,,,,,
Daiya.Debauchery1-101,ダイヤ,「ほ゛おっ～～♥お゛っ♥」,「ほ゛おっ～～♥お゛っ♥」,「吼喔～～♥喔♥」,,「喔喔～～♥喔♥」,,Hoohhhhh♥ oh♥,「호옷 오옷~~♥ 오옷 옷♥」,「吼喔～～♥喔♥」
,,,,,,,,,,
Daiya.Debauchery1-102,那由多,「ふふっ♥……さあ、メスブタ2号ちゃん♥ご奉仕はまだ始まったばかりですよ…♥」,「ふふっ♥……さあ、メスブタ2号ちゃん♥ご奉仕はまだ始まったばかりですよ…♥」,「呵呵♥……來吧，母豬2號♥服侍才剛開始喔…♥」,,「呼呼♥……來吧，母豬2號♥奉仕才剛剛開始呢…♥」,,"Fufu♥... Now, pig 2♥ the service has only just begun...♥","「후훗♥…… 자, 암퇘지 2호쨩♥ 봉사는 이제 막 시작되었어요…♥」",「呵呵♥……来吧，母猪2号♥服侍才刚开始喔…♥」
,,,,,,,,,,
Daiya.Debauchery1-103,,「ご主人様が満足するまでにはまだ10回は射精させなきゃですから…♥」,「ご主人様が満足するまでにはまだ10回は射精させなきゃですから…♥」,「在主人滿足之前，我們至少還得讓他射個10次才行…♥」,,「主人大人要滿意還需要再射精10次呢…♥」,,We still need to make him come at least 10 more times before Master will be satisfied...♥,「주인님이 만족하실 때까지는 아직 10번은 사정시켜야 하니까요…♥」,「在主人满足之前，我们至少还得让他射个10次才行…♥」
,,,,,,,,,,
Daiya.Debauchery1-104,,「さあっ…♥そのために貴女には聖核戦姫の力が残っているのですから…♥二人で満足させるまで頑張りましょう♥」,「さあっ…♥そのために貴女には聖核戦姫の力が残っているのですから…♥二人で満足させるまで頑張りましょう♥」,「來吧…♥妳的聖核戰姫之力就是為了這個才保留下來的…♥我們兩個一起努力讓他滿足吧♥」,,「來吧…♥ 因為您身上還留有聖核戰姬的力量…♥ 我們一起努力，直到讓兩位滿意為止♥」,,Come on...♥ That's why you still have your Holy Core Battlemaiden powers...♥ Let's work together until he's satisfied♥,「자앗…♥ 그러기 위해 당신에게는 성핵전희의 힘이 남아 있으니까요…♥ 둘이서 만족시킬 때까지 힘내도록 해요♥」,「来吧…♥你的圣核战姫之力就是为了这个才保留下来的…♥我们两个一起努力让他满足吧♥」
,,,,,,,,,,
Daiya.Debauchery1-105,ダイヤ,「ブヒッ♥、ぶひいぃっ♥！」,「ブヒッ♥、ぶひいぃっ♥！」,「噗嘻♥、噗嘻♥！」,,「噗噗♥、噗噗♥！」,,"Oink♥, oinkkk♥!","「부힛♥, 부히이잇♥!」",「噗嘻♥、噗嘻♥！」
,,,,,,,,,,
Daiya.Debauchery1-106,,「メスブタ2号っ♥♥…ご主人様のペットとしてがんばりますうっ♥！！」,「メスブタ2号っ♥♥…ご主人様のペットとしてがんばりますうっ♥！！」,「母豬2號♥♥…會作為主人的寵物努力的♥！！」,,「母豬2號♥♥…將努力成為主人大人的寵物的♥！！」,,Pig 2♥♥... will work hard as Master's pet♥!!,「암퇘지 2호♥♥… 주인님의 펫으로서 힘내겠습니다앗♥!!」,「母猪2号♥♥…会作为主人的宠物努力的♥！！」
,,,,,,,,,,
Daiya.Debauchery1-107,,――――――――,――――――――,――――――――,,――――――――,,――――――――,――――――――,――――――――
,,,,,,,,,,
Daiya.Debauchery1-108,,――――,――――,――――,,――――,,――――,――――,――――
,,,,,,,,,,
Daiya.Debauchery1-109,,ー,ー,－,,――――,,ー,ー,－
,,,,,,,,,,
,,,,,,,,,,
Daiya Debauchery Scene 2,注釈,淫乱化シーン2,淫乱化シーン2,,闇堕ちシーン,淫亂化場景2,,,음란화 이벤트 2,
,,,,,,,,,,
Daiya.Debauchery2-1,,財団アジトー怪人の寝室にて,財団アジトー怪人の寝室にて,在財團基地——怪人的寢室,,福倫財團基地－怪人的臥室內,,"At the Foundation hideout, in the fiend's bedroom",재단 아지트 - 괴인의 침실에서,在财团基地——怪人的寝室
,,,,,,,,,,
Daiya.Debauchery2-2,Daiya&Nayuta 2ｰ1,ちゅるっ♥♥、じゅるるっ♥、れろおっ♥,ちゅるっ♥♥、じゅるるっ♥、れろおっ♥,咻嚕♥♥、啾嚕嚕♥、舔喔♥,,嘟嚕♥♥、嘟嚕嚕♥、嘰嘰♥,,"Slurp♥♥, sluuurp♥, lick♥","츄릅♥♥, 쥬르릇♥, 레로옷♥",咻噜♥♥、啾噜噜♥、舔喔♥
,,,,,,,,,,
Daiya.Debauchery2-3,那由多,「はあっ♥ご主人様のおちんぽっ♥ああっ♥」,「はあっ♥ご主人様のおちんぽっ♥ああっ♥」,「哈啊♥主人的肉棒♥啊啊♥」,,「哈啊♥主人的♡啊啊♥」,,Haa♥ Master's cock♥ aah♥,「하앗♥ 주인님의 자지♥ 아앗♥」,「哈啊♥主人的肉棒♥啊啊♥」
,,,,,,,,,,
Daiya.Debauchery2-4,ダイヤ,「れろっ♥はあっ♥はあっ♥」,「れろっ♥はあっ♥はあっ♥」,「舔♥哈啊♥哈啊♥」,,「嘰嘰♥哈啊♥哈啊♥」,,Lick♥ haa♥ haa♥,「레롯♥ 하앗♥ 하앗♥」,「舔♥哈啊♥哈啊♥」
,,,,,,,,,,
Daiya.Debauchery2-5,那由多,「はあっ♥、いかがですかっ…この下級戦闘員スーツっ♥♥」,「はあっ♥、いかがですかっ…この下級戦闘員スーツっ♥♥」,「哈啊♥，這套下級戰鬥員裝…您覺得如何呢…♥♥」,,「哈啊♥，您覺得如何... 這套下級戰鬥員裝♥♥」,,"Haa♥, how is it... this junior soldier suit♥♥","「하앗♥, 어떻습니까… 이 하급 전투원 슈트♥♥」",「哈啊♥、这套下级战斗员装…您觉得如何呢…♥♥」
,,,,,,,,,,
Daiya.Debauchery2-6,ダイヤ,「はあっ♥、はあっ♥、このスーツ…肌にぴったり張り付きますっ……♥」,「はあっ♥、はあっ♥、このスーツ…肌にぴったり張り付きますっ……♥」,「哈啊♥、哈啊♥，這套衣服…完全貼合在肌膚上……♥」,,「哈啊♥，哈啊♥，這套裝... 緊貼在皮膚上...♥」,,"Haa♥, haa♥, this suit... clings so tightly to the skin...♥","「하앗♥, 하앗♥, 이 슈트… 피부에 딱 달라붙어요……♥」",「哈啊♥、哈啊♥、这套衣服…完全贴合在肌肤上……♥」
,,,,,,,,,,
Daiya.Debauchery2-7,怪人,「グフフッ…今日のコスプレは下級戦闘員か」,「グフフッ…今日のコスプレは下級戦闘員か」,「呵呵…今天的角色扮演是下級戰鬥員嗎」,,「咕噗噗... 今天的角色扮演是下級戰鬥員嗎」,,"Gufufu... Today's cosplay is junior soldier, huh?",「크흐흣… 오늘의 코스프레는 하급 전투원인가」,「呵呵…今天的角色扮演是下级战斗员吗」
,,,,,,,,,,
Daiya.Debauchery2-8,那由多,「ふふっ♥、はいっ♥ご主人様の前では私達など塵芥ですから…♥」,「ふふっ♥、はいっ♥ご主人様の前では私達など塵芥ですから…♥」,「呵呵♥，是的♥因為在主人面前我們不過是一介塵埃罷了…♥」,,「呵呵♥，是的♥因為在主人面前我們不過是一介塵埃罷了…♥」,,"Fufu♥, yes♥ before Master, we're nothing but dust...♥","「후훗♥, 네엣♥ 주인님 앞에서는 저희 따위 먼지니까요…♥」",「呵呵♥、是的♥因为在主人面前我们不过是一介尘埃罢了…♥」
,,,,,,,,,,
Daiya.Debauchery2-9,,「最下級戦闘員の戦闘服こそ私達の正装です…っ♥」,「最下級戦闘員の戦闘服こそ私達の正装です…っ♥」,「最下級戰鬥員的戰鬥服才是我們的正裝…♥」,,「最下級戰鬥員的戰鬥服才是我們的正裝...♥」,,The junior soldier uniforms are our proper attire...♥,「최하급 전투원의 전투복이야말로 저희의 정장입니다…♥」,「最下级战斗员的战斗服才是我们的正装…♥」
,,,,,,,,,,
Daiya.Debauchery2-10,ダイヤ,「はいっ♥…私達にとってご主人様は最上位ですからっ♥…私達は最下級ですっ♥♥」,「はいっ♥…私達にとってご主人様は最上位ですからっ♥…私達は最下級ですっ♥♥」,「是的♥…對我們來說主人是最高階的♥…我們是最下級的♥♥」,,「好的♥...對我們來說，主人是最高位的存在... 我們只是最下級的存在♥♥」,,Yes♥... Master is the highest rank to us♥... we are the lowest rank♥♥,「네엣♥… 저희에게 주인님은 최상이시니까요♥… 저희는 최하급입니다♥♥」,「是的♥…对我们来说主人是最高阶的♥…我们是最下级的♥♥」
,,,,,,,,,,
Daiya.Debauchery2-11,,ずりゅっ♥！ずりっ♥♥ずりっ♥♥,ずりゅっ♥！ずりっ♥♥ずりっ♥♥,滋溜♥！滋哩♥♥滋哩♥♥,,滑動♥！滑動♥♥滑動♥♥,,Rub♥! Stroke♥♥ stroke♥♥,즈릇♥! 즈릿♥♥ 즈릿♥♥,滋溜♥！滋哩♥♥滋哩♥♥
,,,,,,,,,,
Daiya.Debauchery2-12,那由多,「はあっ♥、はあっ♥、何でしたっけ…あの下級戦闘員共の無様な鳴き声…♥」,「はあっ♥、はあっ♥、何でしたっけ…あの下級戦闘員共の無様な鳴き声…♥」,「哈啊♥、哈啊♥，是什麼來著…那些下級戰鬥員們的窩囊叫聲…♥」,,「呼呼♥，呼呼♥，是什麼來著...那些下級戰鬥員們可憐的叫聲...♥」,,"Haa♥, haa♥, what was it again... those pathetic cries of the junior soldiers...♥","「하앗♥, 하앗♥, 뭐였죠… 저 하급 전투원들의 꼴사나운 울음소리…♥」",「哈啊♥、哈啊♥、是什么来着…那些下级战斗员们的窝囊叫声…♥」
,,,,,,,,,,
Daiya.Debauchery2-13,,「ああ、きぃ？みたいな感じでしたね…♥あのきぃきぃと滑稽で無様な声…♥」,「ああ、きぃ？みたいな感じでしたね…♥あのきぃきぃと滑稽で無様な声…♥」,「啊啊、是『嘰』？之類的感覺吧…♥那個嘰嘰叫的滑稽又窩囊的聲音…♥」,,「啊啊、是『嘰』？之類的感覺吧…♥那個嘰嘰叫的滑稽又窩囊的聲音…♥」,,"Ah, it was like 'kii', wasn't it...♥ That ridiculous and pathetic kii kii sound...♥","「아아, 키잇? 같은 느낌이었죠…♥ 저 키잇키잇하고 우스꽝스럽고 꼴사나운 목소리…♥」",「啊啊、是「吱」？之类的感觉吧…♥那个吱吱叫的滑稽又窝囊的声音…♥」
,,,,,,,,,,
Daiya.Debauchery2-14,,「ですが…その無様さをご主人様に晒してこその下級戦闘員です♥」,「ですが…その無様さをご主人様に晒してこその下級戦闘員です♥」,「但是…正因為要將那份窩囊暴露給主人看，才算是下級戰鬥員♥」,,「但是...正是因為展現出那種可悲的一面，才是最下級戰鬥員的存在♥」,,But... exposing that patheticness to Master is what makes us true junior soldiers♥,「하지만… 그 꼴사나움을 주인님께 드러내야 비로소 하급 전투원입니다♥」,「但是…正因为要将那份窝囊暴露给主人看，才算是下级战斗员♥」
,,,,,,,,,,
Daiya.Debauchery2-15,,「はあっ♥、キィーーーーーッ♥！！ああっ♥ほら、ダイヤもっ♥」,「はあっ♥、キィーーーーーッ♥！！ああっ♥ほら、ダイヤもっ♥」,「哈啊♥，嘰——————♥！！啊啊♥來，黛雅也♥」,,「呼呼♥，咦———♥！！啊♥看，黛雅♥」,,"Haa♥, KIIIIII♥!! Aah♥ come on, you too♥","「하앗♥, 키이ーーーーー잇♥!! 아앗♥ 자, 다이아도♥」",「哈啊♥、吱ーーーーー♥！！啊啊♥来、黛雅也♥」
,,,,,,,,,,
Daiya.Debauchery2-16,ダイヤ,「き、キィーーーッ！！これでよろしいでしょうか…？」,「き、キィーーーッ！！これでよろしいでしょうか…？」,「嘰、嘰ーーー！！這樣可以嗎…？」,,「咦、咦———！！這樣可以了嗎...？」,,K-KIIII!! Is this good...?,"「키, 키이ーーー잇!! 이걸로 괜찮을까요…?」",「吱、吱ーーー！！这样可以吗…？」
,,,,,,,,,,
Daiya.Debauchery2-17,那由多,「ふふっ♥いい感じです。…そして下級戦闘員に名前などという贅沢なものはいりませんねっ♥」,「ふふっ♥いい感じです。…そして下級戦闘員に名前などという贅沢なものはいりませんねっ♥」,「呵呵♥感覺很好。…而且下級戰鬥員不需要名字這麼奢侈的東西呢♥」,,「呼呼♥感覺不錯。...對於下級戰鬥員來說，名字之類的奢侈之物是不需要的呢♥」,,Fufu♥ that's perfect. And junior soldiers don't need luxuries like names♥,「후훗♥ 좋은 느낌입니다. …그리고 하급 전투원에게 이름 따위 사치스러운 것은 필요 없죠♥」,「呵呵♥感觉很好。…而且下级战斗员不需要名字这么奢侈的东西呢♥」
,,,,,,,,,,
Daiya.Debauchery2-18,,「まあ適当に私は下級戦闘員01号でいいでしょう。貴女は02号ですねっ♥」,「まあ適当に私は下級戦闘員01号でいいでしょう。貴女は02号ですねっ♥」,「嘛，我就隨便當個下級戰鬥員01號好了。妳就是02號了呢♥」,,「嘛，隨便我就當下級戰鬥員01號好了。妳是02號對吧♥」,,"Well, I'll just be junior soldier 01. You're 02♥",「뭐 적당히 저는 하급 전투원 01호면 되겠죠. 당신은 02호입니다♥」,「嘛，我就随便当个下级战斗员01号好了。你就是02号了呢♥」
,,,,,,,,,,
Daiya.Debauchery2-19,ダイヤ,「キィーーーーッ！！下級戦闘員02号っ♥♥ご主人様にパイズリご奉仕いたしますっ♥♥」,「キィーーーーッ！！下級戦闘員02号っ♥♥ご主人様にパイズリご奉仕いたしますっ♥♥」,「嘰ーーーー！！下級戰鬥員02號♥♥要用乳交來侍奉主人♥♥」,,「咦———！！下級戰鬥員02號♥♥將為主人提供乳交服務♥♥」,,KIIIIII!! Junior soldier 02♥♥ will give Master with a titfuck♥♥,「키이ーーーー잇!! 하급 전투원 02호♥♥ 주인님께 파이즈리 봉사하겠습니다♥♥」,「吱ーーーー！！下级战斗员02号♥♥要用乳交来侍奉主人♥♥」
,,,,,,,,,,
Daiya.Debauchery2-20,那由多,「キィーーーーッ！！下級戦闘員01号もっ♥♥ご奉仕させていただきますっ♥♥」,「キィーーーーッ！！下級戦闘員01号もっ♥♥ご奉仕させていただきますっ♥♥」,「嘰ーーーー！！下級戰鬥員01號也♥♥請讓我也來侍奉您♥♥」,,「咦———！！下級戰鬥員01號也♥♥將為您服務♥♥」,,KIIIIII!! Junior soldier 01 will also♥♥ serve the Master♥♥,「키이ーーーー잇!! 하급 전투원 01호도♥♥ 봉사하겠습니다♥♥」,「吱ーーーー！！下级战斗员01号也♥♥请让我也来侍奉您♥♥」
,,,,,,,,,,
,,,,,,,,,,
,Daiya&Nayuta 2ｰ2,,,,,,,,,
Daiya.Debauchery2-21,ダイヤ,「はあっ♥、はあっ♥、はあっ♥キィーーーーーッ♥！！」,「はあっ♥、はあっ♥、はあっ♥キィーーーーーッ♥！！」,「哈啊♥、哈啊♥、哈啊♥嘰ーーーーー♥！！」,,「呼♥、呼♥、呼♥咦———♥！！」,,"Haa♥, haa♥, haa♥ KIIIIII♥!!","「하앗♥, 하앗♥, 하앗♥ 키이ーーーーー잇♥!!」",「哈啊♥、哈啊♥、哈啊♥吱ーーーーー♥！！」
,,,,,,,,,,
Daiya.Debauchery2-22,那由多,「アハハッ♥、下級戦闘員02号ちゃんは我慢できないようですねっ♥♥」,「アハハッ♥、下級戦闘員02号ちゃんは我慢できないようですねっ♥♥」,「啊哈哈♥、下級戰鬥員02號妹妹好像忍耐不住了呢♥♥」,,「啊哈哈♥，下級戰鬥員02號小姐似乎無法忍耐呢♥♥」,,"Ahaha♥, Looks like 02 can't hold back anymore♥♥","「아하핫♥, 하급 전투원 02호쨩은 참을 수 없는 모양이군요♥♥」",「啊哈哈♥、下级战斗员02号妹妹好像忍耐不住了呢♥♥」
,,,,,,,,,,
Daiya.Debauchery2-23,ダイヤ,「キィーーーッ！！♥、はいっ♥ご主人様ぁっ♥♥02号にっ♥♥、挿入の許可をっ♥♥」,「キィーーーッ！！♥、はいっ♥ご主人様ぁっ♥♥02号にっ♥♥、挿入の許可をっ♥♥」,「嘰ーーー！！♥、是的♥主人♥請對02號♥♥下達插入的許可♥♥」,,「咦———！！♥、好的♥主人啊♥♥02號♥♥、請允許插入♥♥」,,"KIIII!!♥, yes♥ Master♥♥ please give 02♥♥ permission to insert♥♥","「키이ーーー잇!!♥, 네엣♥ 주인님아♥♥ 02호에게♥♥, 삽입 허가를♥♥」",「吱ーーー！！♥、是的♥主人♥请对02号♥♥下达插入的许可♥♥」
,,,,,,,,,,
Daiya.Debauchery2-24,怪人,「グフフッ、いいだろうっ、02号。奉仕を許可する！」,「グフフッ、いいだろうっ、02号。奉仕を許可する！」,「噶哈哈，好吧，02號，我允許妳的侍奉！」,,「咕噗噗，好吧，02號。允許提供服務！」,,"Gufufu, very well, 02. I permit your service!","「크흐흣, 좋다, 02호. 봉사를 허락한다!」",「噶哈哈、好吧、02号。我允许你的侍奉！」
,,,,,,,,,,
Daiya.Debauchery2-25,ダイヤ,「キィーーーーッ！！ありがとうございますっ♥♥！」,「キィーーーーッ！！ありがとうございますっ♥♥！」,「嘰ーーーー！！非常感謝您♥♥！」,,「咦———！！謝謝您♥♥！」,,KIIIIII!! Thank you so much♥♥!,「키이ーーーー잇!! 감사합니다♥♥!」,「吱ーーーー！！非常感谢您♥♥！」
,,,,,,,,,,
Daiya.Debauchery2-26,,「下級戦闘員02号。ご主人様のおチンポハメさせていただきますッ♥！！」,「下級戦闘員02号。ご主人様のおチンポハメさせていただきますッ♥！！」,「下級戰鬥員02號，要讓主人的肉棒插進來了♥！！」,,「下級戰鬥員02號。將讓主人的陽具插入♥！！」,,"I, junior soldier 02 will be taking Master's cock♥!!",「하급 전투원 02호. 주인님의 자지 박겠습니다♥!!」,「下级战斗员02号。要让主人的肉棒插进来了♥！！」
,,,,,,,,,,
Daiya.Debauchery2-27,Daiya&Nayuta 2ｰ3,ズップウウウッ！！,ズップウウウッ！！,噗茲喔喔喔！！,,「咻咻咻！！」,,Squeeelch!!,즈읍우우우웃!!,噗兹喔喔喔！！
,,,,,,,,,,
Daiya.Debauchery2-28,ダイヤ,「お゛ほおっ♥！き、キィーーーッ！！挿入完了しましたっ♥！」,「お゛ほおっ♥！き、キィーーーッ！！挿入完了しましたっ♥！」,「哦吼喔♥！嘰、嘰ーーー！！插入完成了♥！」,,「喔喔♥！插、咦———！！插入完成了♥！」,,Ohooh♥! K-KIIII!! Insertion complete♥!,"「오옷 홋♥! 키, 키이ーーー잇!! 삽입 완료했습니다♥!」",「哦吼喔♥！吱、吱ーーー！！插入完成了♥！」
,,,,,,,,,,
Daiya.Debauchery2-29,,「これよりっ♥、下級戦闘員02号、チンポシコシコスクワットを開始いたしますっ♥♥！」,「これよりっ♥、下級戦闘員02号、チンポシコシコスクワットを開始いたしますっ♥♥！」,「接下來♥下級戰鬥員02號，開始肉棒磨蹭深蹲♥♥！」,,「現在開始♥，下級戰鬥員02號，開始進行陽具自慰深蹲♥♥！」,,"Now♥, I, junior soldier 02, will begin cock-stroking squats♥♥!","「이제부터♥, 하급 전투원 02호, 자지 흔들기 스쿼트 개시하겠습니다♥♥!」",「接下来♥、下级战斗员02号、开始肉棒磨蹭深蹲♥♥！」
,,,,,,,,,,
Daiya.Debauchery2-30,那由多,「アハハッ♥、02号ちゃん、役に入りすぎですっ♥♥！」,「アハハッ♥、02号ちゃん、役に入りすぎですっ♥♥！」,「啊哈哈♥，02號醬，太入戲了喔♥♥！」,,「啊哈哈♥，02號小姐，太過投入了♥♥！」,,"Ahaha♥, 02, you're really getting into character♥♥!","「아하핫♥, 02호쨩, 역할에 너무 몰입했어요♥♥!」",「啊哈哈♥、02号妹妹、太入戏了喔♥♥！」
,,,,,,,,,,
Daiya.Debauchery2-31,ダイヤ,「はあっ♥、はあっ♥、キィーーーーーーッ！！」,「はあっ♥、はあっ♥、キィーーーーーーッ！！」,「哈啊♥、哈啊♥、嘰ーーーーーー！！」,,「喔喔♥，喔喔♥，咦———！！」,,"Haa♥, haa♥, KIIIIIIII!!","「하앗♥, 하앗♥, 키이ーーーーーー잇!!」",「哈啊♥、哈啊♥、吱ーーーーーー！！」
,,,,,,,,,,
Daiya.Debauchery2-32,Daiya&Nayuta 2ｰ4,ヘコッ！ヘコッ！ヘコッ！！,ヘコッ！ヘコッ！ヘコッ！！,嘿咻！嘿咻！嘿咻！！,,「嘿咳！嘿咳！嘿咳！！」,,Bounce! Bounce! Bounce!!,헤콧! 헤콧! 헤콧!!,嘿咻！嘿咻！嘿咻！！
,,,,,,,,,,
Daiya.Debauchery2-33,,「ほ゛おっ♥、ほ゛おっ♥、きっ、キィーーーーッ！！」,「ほ゛おっ♥、ほ゛おっ♥、きっ、キィーーーーッ！！」,「吼喔♥、吼喔♥、嘰、嘰ーーーー！！」,,「喔喔♥，喔喔♥，咦、咦———！！」,,"Hooh♥, hooh♥, K-KIIIIII!!","「호옷 오옷♥, 호옷 오옷♥, 킷, 키이ーーーー잇!!」",「吼喔♥、吼喔♥、吱、吱ーーーー！！」
,,,,,,,,,,
Daiya.Debauchery2-34,那由多,「あははっ♥、本当に無様で馬鹿みたいですっ♥♥まさに下級戦闘員って感じですね！」,「あははっ♥、本当に無様で馬鹿みたいですっ♥♥まさに下級戦闘員って感じですね！」,「啊哈哈♥、真的既窩囊又像個笨蛋♥♥完全就是下級戰鬥員的感覺呢！」,,「啊哈哈♥，真是樣子可笑又愚蠢♥♥ 簡直就是下級戰鬥員的感覺呢！」,,"Ahaha♥, truly pathetic and ridiculous♥♥ Exactly like a junior soldier!","「아하핫♥, 정말 꼴사납고 바보 같아요♥♥ 그야말로 하급 전투원이라는 느낌이네요!」",「啊哈哈♥、真的既窝囊又像个笨蛋♥♥完全就是下级战斗员的感觉呢！」
,,,,,,,,,,
Daiya.Debauchery2-35,ダイヤ,「お゛おっ♥！下級戦闘員01号様っ♥♥、ありがとうございますっ♥♥！」,「お゛おっ♥！下級戦闘員01号様っ♥♥、ありがとうございますっ♥♥！」,「喔喔♥！下級戰鬥員01號大人♥♥、非常感謝您♥♥！」,,「喔喔♥！下級戰鬥員01號大人♥♥，非常感謝您♥♥！」,,"Ohh♥! 01♥♥, thank you so much♥♥!","「오옷 오옷♥! 하급 전투원 01호 님♥♥, 감사합니다♥♥!」",「喔喔♥！下级战斗员01号大人♥♥、非常感谢您♥♥！」
,,,,,,,,,,
Daiya.Debauchery2-36,,「キィーーーーッ！！頑張ってっ♥♥ご奉仕しますッ♥！！」,「キィーーーーッ！！頑張ってっ♥♥ご奉仕しますッ♥！！」,「嘰ーーーー！！我會努力♥♥侍奉您的♥！！」,,「咦———！！加油♥♥ 我會努力服務的♥！！」,,KIIIIII!! I'll work hard♥♥ to serve you♥!!,「키이ーーーー잇!! 힘내서♥♥ 봉사하겠습니다♥!!」,「吱ーーーー！！我会努力♥♥侍奉您的♥！！」
,,,,,,,,,,
Daiya.Debauchery2-37,那由多,「ああそういえば……！これを忘れていましたねっ♥」,「ああそういえば……！これを忘れていましたねっ♥」,「啊啊對了……！我忘了這個呢♥」,,「啊對了……！這個我忘了呢♥」,,"Oh, that's right...! I forgot about this♥",「아아 그러고 보니……! 이걸 잊고 있었네요♥」,「啊啊对了……！我忘了这个呢♥」
,,,,,,,,,,
,,,,,,,,,,
,,,,,,,,,,
Daiya.Debauchery2-38,Daiya&Nayuta 2ｰ5,下級戦闘員01号によって02号に仮面が付けられる,下級戦闘員01号によって02号に仮面が付けられる,下級戰鬥員01號為02號戴上了面具,,下級戰鬥員01號將面具戴在02號身上。,,Junior soldier 01 placed a mask on 02,하급 전투원 01호에 의해 02호에게 가면이 씌워진다,下级战斗员01号为02号戴上了面具
,,,,,,,,,,
Daiya.Debauchery2-39,ダイヤ,「キィーーーーーーッ！？これはっ♥！」,「キィーーーーーーッ！？これはっ♥！」,「嘰ーーーーーー！？這是♥！」,,「咦———！！這是♥！」,,"KIIIIIIIII!? Wow, this is...♥!",「키이ーーーーーー잇!? 이것은♥!」,「吱ーーーーーー！？这是♥！」
,,,,,,,,,,
Daiya.Debauchery2-40,那由多,「ふふっ♥、これでお互い完全に下級戦闘員ですねっ♥」,「ふふっ♥、これでお互い完全に下級戦闘員ですねっ♥」,「呵呵♥、這樣彼此就完全是下級戰鬥員了呢♥」,,「呼呼♥，這樣我們彼此完全是下級戰鬥員了呢♥」,,"Fufu♥, now we've completed the junior soldier look♥","「후훗♥, 이걸로 서로 완전히 하급 전투원이네요♥」",「呵呵♥、这样彼此就完全是下级战斗员了呢♥」
,,,,,,,,,,
Daiya.Debauchery2-41,,「下級戦闘員には個性も不要ですからっ♥♥…ご主人様にご奉仕するだけの肉オナホであればいいのですっ♥♥」,「下級戦闘員には個性も不要ですからっ♥♥…ご主人様にご奉仕するだけの肉オナホであればいいのですっ♥♥」,「因為下級戰鬥員是不需要個性的♥♥…只要是能侍奉主人的肉製自慰套就好了♥♥」,,「下級戰鬥員不需要個性♥♥… 只要成為能服侍主人的肉奴隸就夠了♥♥」,,Junior soldiers don't need individuality♥♥... We just need to be pocket pussies that serve Master♥♥,「하급 전투원에게는 개성도 불필요하니까요♥♥… 주인님께 봉사할 뿐인 고기 오나홀이면 되는 겁니다♥♥」,「因为下级战斗员是不需要个性的♥♥…只要是能侍奉主人的肉制自慰套就好了♥♥」
,,,,,,,,,,
Daiya.Debauchery2-42,ダイヤ,「キィーーーーッ！下級戦闘員02号！ご奉仕いたしますっ♥♥！！」,「キィーーーーッ！下級戦闘員02号！ご奉仕いたしますっ♥♥！！」,「嘰ーーーー！下級戰鬥員02號！將為您侍奉♥♥！！」,,「咦———！！下級戰鬥員02號！我會服侍您的♥♥！！」,,"KIIIIII! I, junior soldier 02, Will serve the master♥♥!!",「키이ーーーー잇! 하급 전투원 02호! 봉사하겠습니다♥♥!!」,「吱ーーーー！下级战斗员02号！将为您侍奉♥♥！！」
,,,,,,,,,,
Daiya.Debauchery2-43,那由多,「あはっ♥！キィーーーーッ！02号ちゃん…本当に無様で素敵ですっ♥」,「あはっ♥！キィーーーーッ！02号ちゃん…本当に無様で素敵ですっ♥」,「啊哈♥！嘰ーーーー！02號醬…真的很窩囊很棒喔♥」,,「啊哈♥！咦———！！02號小姐…真是無様又迷人呢♥」,,Aha♥! KIIIIII! 02... you're so pathetic and wonderful♥,「아핫♥! 키이ーーーー잇! 02호쨩… 정말 꼴사납고 멋져요♥」,「啊哈♥！吱ーーーー！02号妹妹…真的很窝囊很棒喔♥」
,,,,,,,,,,
Daiya.Debauchery2-44,,「さあ…下級戦闘員として上級怪人のご主人様にご奉仕をしましょうっ♥！」,「さあ…下級戦闘員として上級怪人のご主人様にご奉仕をしましょうっ♥！」,「來吧…作為下級戰鬥員，好好地侍奉上級怪人的主人吧♥！」,,「來吧…作為下級戰鬥員，讓我們侍奉上級怪人的主人吧♥！」,,Now... let's service our senior fiend Master as junior soldier♥!,「자… 하급 전투원으로서 상급 괴인 주인님께 봉사를 합시다♥!」,「来吧…作为下级战斗员，好好地侍奉上级怪人的主人吧♥！」
,,,,,,,,,,
Daiya.Debauchery2-45,ダイヤ,「キィーーーーーッ！下級戦闘員02号、おマンコでご奉仕させていただきますっ！」,「キィーーーーーッ！下級戦闘員02号、おマンコでご奉仕させていただきますっ！」,「嘰ーーーーー！下級戰鬥員02號，要用小穴來侍奉您！」,,「咦———！！下級戰鬥員02號，我會在這裡服侍您的♥！」,,"KIIIIIII! I, junior soldier 02, will serve you with my pussy!","「키이ーーーーー잇! 하급 전투원 02호, 보지로 봉사하겠습니다!」",「吱ーーーーー！下级战斗员02号、要用小穴来侍奉您！」
,,,,,,,,,,
Daiya.Debauchery2-46,Daiya&Nayuta 2ｰ6,ズルルッ、パンッ！パンッ！パンッ！,ズルルッ、パンッ！パンッ！パンッ！,咻嚕嚕、啪！啪！啪！,,滾滾，砰！砰！砰！,,"Squelch, slap! Slap! Slap!","즈르릇, 팡! 팡! 팡!",咻噜噜、啪！啪！啪！
,,,,,,,,,,
Daiya.Debauchery2-47,ダイヤ,「お゛おっ♥！き、キィーーーーッ♥！キィーーーッ！」,「お゛おっ♥！き、キィーーーーッ♥！キィーーーッ！」,「喔喔♥！嘰、嘰ーーーー♥！嘰ーーーー！」,,「喔喔♥！咦、咦———♥！咦———！」,,Ohh♥! K-KIIIIII♥! KIIIIII!,"「오옷 오옷♥! 키, 키이ーーーー잇♥! 키이ーーー잇!」",「喔喔♥！吱、吱ーーーー♥！吱ーーー！」
,,,,,,,,,,
Daiya.Debauchery2-48,那由多,「はあっ♥、もう見分けがつきませんねっ♥私もご奉仕しますっ♥…キィーーーーッ！」,「はあっ♥、もう見分けがつきませんねっ♥私もご奉仕しますっ♥…キィーーーーッ！」,「哈啊♥，已經分不出來了呢♥，我也要侍奉了♥…嘰ーーーー！」,,「呼啊♥，我已經分不清了呢♥我也會侍奉您的♥…咦———！」,,"Haa♥, we're indistinguishable now♥ I'll serve the Master too♥... KIIIIII!","「하앗♥, 이제 구별이 안 가네요♥ 저도 봉사하겠습니다♥… 키이ーーーー잇!」",「哈啊♥、已经分不出来了呢♥我也要侍奉了♥…吱ーーーー！」
,,,,,,,,,,
Daiya.Debauchery2-49,,「キィーーーッ！お出しくださいッ！中だし準備完了ですッ！！」,「キィーーーッ！お出しくださいッ！中だし準備完了ですッ！！」,「嘰ーーー！請射出來吧！中出準備完畢了！！」,,「咦———！請讓我出場！內射準備完成了！！」,,KIIIIII! Please come! I am ready for a creampie!!,「키이ーーー잇! 싸주십시오! 안에 싸기 준비 완료입니다!!」,「吱ーーー！请射出来吧！中出准备完毕了！！」
,,,,,,,,,,
Daiya.Debauchery2-50,Daiya&Nayuta 2ｰ7,ドクンッ！！ドクッ、ビュルルル！！,ドクンッ！！ドクッ、ビュルルル！！,噗咻！！噗、咻嚕嚕嚕！！,,砰——！！砰，嗡嗡嗡！！,,"Throb!! Throb, spuuurt!!","도쿤!! 도큣, 뷰르르르!!",噗咚！！噗、咻噜噜噜！！
,,,,,,,,,,
Daiya.Debauchery2-51,ダイヤ,「お゛おおっ♥！お゛っ♥！キィーーーーーーッ♥！！！」,「お゛おおっ♥！お゛っ♥！キィーーーーーーッ♥！！！」,「喔喔喔♥！喔♥！嘰ーーーーーー♥！！！」,,「喔喔喔♥！喔喔♥！咦———♥！！！」,,Ohhh♥! Oh♥! KIIIIIIII♥!!!,「오옷 오오옷♥! 오옷 옷♥! 키이ーーーーーー잇♥!!!」,「喔喔喔♥！喔♥！吱ーーーーーー♥！！！」
,,,,,,,,,,
Daiya.Debauchery2-52,,「報告しますッ♥、下級戦闘員02号っ♥中だしっ♥…完了しましたっ♥！！」,「報告しますッ♥、下級戦闘員02号っ♥中だしっ♥…完了しましたっ♥！！」,「報告！♥，下級戰鬥員02號♥中出♥…完成了♥！！」,,「報告！下級戰鬥員02號♥內射♥…已完成♥！！」,,"Report!♥, junior soldier 02♥ has received a creampie♥!","「보고합니다♥, 하급 전투원 02호♥ 안에 싸기♥… 완료했습니다♥!!」",「报告！♥、下级战斗员02号♥中出♥…完成了♥！！」
,,,,,,,,,,
Daiya.Debauchery2-53,,「キィーーーーーーッ♥！」,「キィーーーーーーッ♥！」,「嘰ーーーーーー♥！」,,「咦———♥！」,,KIIIIIIIIII♥!,「키이ーーーーーー잇♥!」,「吱ーーーーーー♥！」
,,,,,,,,,,
Daiya.Debauchery2-54,那由多,「キィーーーーーッ♥！はあっ♥、ご主人様っ♥…次はっ私がッ♥！」,「キィーーーーーッ♥！はあっ♥、ご主人様っ♥…次はっ私がッ♥！」,「嘰ーーーーー♥！哈啊♥，主人♥…接下來♥換我♥！」,,「咦———♥！哈♥，主人♥…接下來輪到我了♥！」,,"KIIIIIIII♥! Haa♥, Master♥... I am next♥!","「키이ーーーーー잇♥! 하앗♥, 주인님♥… 다음은♥ 제가♥!」",「吱ーーーーー♥！哈啊♥、主人♥…接下来♥换我♥！」
,,,,,,,,,,
Daiya.Debauchery2-55,怪人,「グフフッ、心配するな下級戦闘員共…元の名前も忘れるほど可愛がってやる」,「グフフッ、心配するな下級戦闘員共…元の名前も忘れるほど可愛がってやる」,「咕呼呼，別擔心，下級戰鬥員們…我會好好疼愛妳們，直到妳們忘記原來的名字為止」,,「咕呼呼，別擔心，下級戰鬥員們…我會好好疼愛妳們，直到妳們忘記原來的名字為止」,,"Gufufu, don't worry, junior soldiers... I'll fuck you so hard that you'll forget your original names.","「크흐흣, 걱정 마라 하급 전투원들아… 원래 이름도 잊을 정도로 귀여워해주마」",「咕呼呼、别担心，下级战斗员们…我会好好疼爱你们，直到你们忘记原来的名字为止」
,,,,,,,,,,
Daiya.Debauchery2-56,那由多,「はあっ♥、はあっ♥、キィーーーーーーッ♥！」,「はあっ♥、はあっ♥、キィーーーーーーッ♥！」,「哈啊♥、哈啊♥，嘰ーーーーーー♥！」,,「哈♥，哈♥，咦———♥！」,,"Haa♥, haa♥, KIIIIIIII♥!","「하앗♥, 하앗♥, 키이ーーーーーー잇♥!」",「哈啊♥、哈啊♥、吱ーーーーーー♥！」
,,,,,,,,,,
Daiya.Debauchery2-57,ダイヤ,「お゛っ♥！き、キィーーーーーーッ！」,「お゛っ♥！き、キィーーーーーーッ！」,「喔♥！嘰、嘰ーーーーーー！」,,「噢♥！咦、咦———！」,,Oh♥! K-KIIIIIIII!,"「오옷 옷♥! 키, 키이ーーーーーー잇!」",「喔♥！吱、吱ーーーーーー！」
,,,,,,,,,,
Daiya.Debauchery2-58,,「キィーーーーーーッ！」,「キィーーーーーーッ！」,「嘰ーーーーーー！」,,「咦———！」,,Kiiii!,「키이ーーーーーー잇!」,「吱ーーーーーー！」
,,,,,,,,,,
Daiya.Debauchery2-59,,「キィーーーーーーッ！」,「キィーーーーーーッ！」,「嘰ーーーーーー！」,,「咦———！」,,Kiiii!,「키이ーーーーーー잇!」,「吱ーーーーーー！」
,,,,,,,,,,
Daiya.Debauchery2-60,,「キィーーーーーーッ！」,「キィーーーーーーッ！」,「嘰ーーーーーー！」,,「咦———！」,,Kiiii!,「키이ーーーーーー잇!」,「吱ーーーーーー！」
,,,,,,,,,,
Daiya.Debauchery2-61,,――――――――,――――――――,――――――――,,――――――――,,――――――――,――――――――,――――――――
,,,,,,,,,,
Daiya.Debauchery2-62,,――――,――――,――――,,――――,,――――,――――,――――
,,,,,,,,,,
Daiya.Debauchery2-63,,ー,ー,ー,,――,,ー,ー,ー
,,,,,,,,,,
,,,,,,,,,,
,,,,,,,,,,
,,,,,,,,,,
,,,,,,,,,,
,,,,,,,,,,
,,,,,,,,,,
,,,,,,,,,,
,,,,,,,,,,
,,,,,,,,,,
,,,,,,,,,,
,,,,,,,,,,
,,,,,,,,,,
,,,,,,,,,,
,,,,,,,,,,
,,,,,,,,,,
,,,,,,,,,,
,,,,,,,,,,
,,,,,,,,,,
,,,,,,,,,,
,,,,,,,,,,
,,,,,,,,,,
,,,,,,,,,,
,,,,,,,,,,
Daiya Seikaku Scene,注釈,聖核シーン,聖核シーン,,闇堕ちシーン,聖核場景,,,,
,背景　訓練施設,,,,,,,,,
Daiya.Core1-1,,ダイヤへの調教が続く中、財団地下監禁施設にて――――,ダイヤへの調教が続く中、財団地下監禁施設にて――――,在對黛雅的調教持續進行中，在財團地下監禁設施中———,,在對黛雅的調教持續進行中，在財團地下監禁設施中———,,"As Daiya's training continued, in the Foundation's underground confinement facility","다이아에 대한 조교가 계속되는 가운데, 재단 지하 감금 시설에서――――",在对黛雅的调教持续进行中，在财团地下监禁设施中———
,,,,,,,,,,
Daiya.Core1-2,戦闘員,「キィーーーッ！さっさと歩きなさい！」,「キィーーーッ！さっさと歩きなさい！」,「嘰——！快點走路啊！」,,「喂——！快點走路啊！」,,KIIIII! Walk faster!,「키이ーーー잇! 빨리 걸어라!」,「喂——！快点走路啊！」
,,,,,,,,,,
Daiya.Core1-3,ダイヤ(全裸),「―――――ッ！」,「―――――ッ！」,「———！」,,「———！」,,...!,「―――――잇!」,「———！」
,,,,,,,,,,
Daiya.Core1-4,,(……っ！手足を取り戻すことが出来たが…！),(……っ！手足を取り戻すことが出来たが…！),(……！雖然成功取回了手腳……！),,(……！雖然成功取回了手腳……！),,"(...! I was able to get my limbs back, but...!)",(……윽! 손발을 되찾을 수 있었지만…!),(……！虽然成功取回了手脚……！)
,,,,,,,,,,
Daiya.Core1-5,,(くそっ……体が……逆らえないっ……！本来なら戦闘員など変身しなくても余裕で倒せるというのに…！),(くそっ……体が……逆らえないっ……！本来なら戦闘員など変身しなくても余裕で倒せるというのに…！),(該死……身體……無法反抗……！本來只要變身成戰鬥員就能輕鬆擊敗他們的……！),,(該死……身體……無法反抗……！本來只要變身成戰鬥員就能輕鬆擊敗他們的……！),,(Damn it... my body... can't resist...! Normally I could easily defeat these soldiers without even transforming...!),(젠장…… 몸이…… 거역할 수 없어……! 원래라면 전투원 따위 변신하지 않아도 여유롭게 쓰러뜨릴 수 있는데…!),(该死……身体……无法反抗……！本来只要变身成战斗员就能轻松击败他们的……！)
,,,,,,,,,,
Daiya.Core1-6,,「………どこへ連れていくつもりだ…。」,「………どこへ連れていくつもりだ…。」,「………你打算帶我去哪裡……。」,,「………你打算帶我去哪裡……。」,,...Where are you planning to take me...,「………어디로 데려갈 셈이냐….」,「………你打算带我去哪里……。」
,,,,,,,,,,
Daiya.Core1-7,戦闘員,「キィーーーッ！着きました！」,「キィーーーッ！着きました！」,「嘰——！到了！」,,「喂——！到了！」,,KIIIII! We've arrived!,「키이ーーー잇! 도착했습니다!」,「喂——！到了！」
,,,,,,,,,,
Daiya.Core1-8,ダイヤ,「…………なんだと？」,「…………なんだと？」,「…………什麼？」,,「…………什麼？」,,...What?,「…………뭐라고?」,「…………什么？」
,,,,,,,,,,
Daiya.Core1-9,,そして戦闘員がボタンを押すと、天井からダイヤへ向かって光線が放たれる,そして戦闘員がボタンを押すと、天井からダイヤへ向かって光線が放たれる,當戰鬥員按下按鈕時，天花板射出光線朝向黛雅。,,當戰鬥員按下按鈕時，天花板射出光線朝向黛雅。,,"Then when the combat trooper pressed a button, rays of light were shining down from the ceiling at Daiya.","그리고 전투원이 버튼을 누르자, 천장에서 다이아를 향해 광선이 발사된다",当战斗员按下按钮时，天花板射出光线朝向黛雅。
,,,,,,,,,,
Daiya.Core1-10,,バチバチバチッ！バチバチバチッ！！,バチバチバチッ！バチバチバチッ！！,嘭嘭嘭！嘭嘭嘭！！,,嘭嘭嘭！嘭嘭嘭！！,,"Bzzt, bzzt, bzzt! Bzzt, bzzt, bzzt!!",바치바치바칫! 바치바치바칫!!,嘭嘭嘭！嘭嘭嘭！！
,,,,,,,,,,
Daiya.Core1-11,ダイヤ,「ぐうっ！？な、なんだ……っ！？」,「ぐうっ！？な、なんだ……っ！？」,「咕嚕！？什、什麼……！」,,「咕嚕！？什、什麼……！」,,Guh?! Wh-what is this...?!,"「크윽!? 무, 뭐야……윽!?」",「咕噜！？什、什么……！」
,,,,,,,,,,
Daiya.Core1-12,,(っ…この光線っ…！あ、頭に直接……！？),(っ…この光線っ…！あ、頭に直接……！？),(咕……這道光線……！啊、直接射向頭部……！？),,(咕……這道光線……！啊、直接射向頭部……！？),,(These rays...! D-directly into my head...?!),"(윽… 이 광선…! 머, 머리에 직접……!?)",(咕……这道光线……！啊、直接射向头部……！？)
,,,,,,,,,,
Daiya.Core1-13,戦闘員,「キィーーーーーッ！心配せずとも死ぬことはありません！」,「キィーーーーーッ！心配せずとも死ぬことはありません！」,「嘰ーーーーー！不用擔心，不會死的！」,,「嘰ーーーーー！不用擔心，不會死的！」,,"KIIIIIII! Don't worry, you won't die!",「키이ーーー잇! 걱정하지 않아도 죽지는 않습니다!」,「啊啊啊啊啊啊！不用担心，我不会死的！」
,,,,,,,,,,
Daiya.Core1-14,,「……まあ、死んだ方がましなくらいもっと惨めな事になってしまいますが！」,「……まあ、死んだ方がましなくらいもっと惨めな事になってしまいますが！」,「……嘛，死去反而比變得更加悲慘好！」,,「……嘛，死去反而比起變得更加悲慘要好！」,,"...Well, you'll end up in a more miserable state where death would be preferable though!","「……뭐, 죽는 편이 나을 정도로 더 비참한 꼴이 되어버리겠지만!」",「……嘛，死去反而比变得更加悲惨好！」
,,,,,,,,,,
Daiya.Core1-15,ダイヤ,「ぐっ…！？クソッ……貴様…なにをっ……！？」,「ぐっ…！？クソッ……貴様…なにをっ……！？」,「咕……！？可惡……你……在做什麼……！？」,,「咕……！？可惡……你……在做什麼……！？」,,Guh...?! Damn... you... what are you...?!,「크윽…!? 젠장…… 네놈… 뭘……!?」,「咕……！？可恶……你……在做什么……！？」
,,,,,,,,,,
Daiya.Core1-16,,「ぐあっ…！？意識……が…朦朧として……っ？！」,「ぐあっ…！？意識……が…朦朧として……っ？！」,「咕啊……！？意識……變得……模糊……？」,,「咕啊……！？意識……變得……模糊……？」,,Guah...?! My consciousness... is... getting hazy...?!,「크악…!? 의식……이… 몽롱해져서……윽?!」,「咕啊……！？意识……变得……模糊……？」
,,,,,,,,,,
Daiya.Core1-17,,「ひうっ♥！？…な、なんだっ…これっ！？」,「ひうっ♥！？…な、なんだっ…これっ！？」,「咻啊♥！？…這、這是……什麼東西！？」,,「咻啊♥！？…這、這是……什麼東西！？」,,Hiu♥?! ...Wh-what is... this?!,"「히웃♥!?… 무, 뭐야… 이거!?」",「咻啊♥！？…这、这是……什么东西！？」
,,,,,,,,,,
Daiya.Core1-18,,「お腹がっ……熱いっ……♥！？」,「お腹がっ……熱いっ……♥！？」,「肚子……好燙啊……♥！？」,,「肚子……好燙啊……♥！？」,,My belly is... hot...♥?!,「배가…… 뜨거워……♥!?」,「肚子……好烫啊……♥！？」
,,,,,,,,,,
Daiya.Core1-19,,「はあっ♥、はあっ♥…！？だ、だめだっ……！？これは……ッ！？」,「はあっ♥、はあっ♥…！？だ、だめだっ……！？これは……ッ！？」,「咻啊♥、咻啊♥…！？不、不行了……！？這是……！」,,「咻啊♥、咻啊♥…！？不、不行了……！？這是……！」,,Haa♥ haa♥...?! N-no...?! This is...?!,"「하앗♥, 하앗♥…!? 아, 안돼……!? 이건……윽!?」",「咻啊♥、咻啊♥…！？不、不行了……！？这是……！」
,,,,,,,,,,
Daiya.Core1-20,戦闘員,「キィーーッ！抵抗は無駄です！受け入れなさい！」,「キィーーッ！抵抗は無駄です！受け入れなさい！」,「嘰──！抵抗是徒勞的！接受吧！」,,「咿──！抵抗是徒勞的！接受吧！」,,KIII! Resistance is futile! Accept it!,「키이ーー잇! 저항은 소용없습니다! 받아들이십시오!」,「咿──！抵抗是徒劳的！接受吧！」
,,,,,,,,,,
Daiya.Core1-21,ダイヤ,「はあっ♥、はあっ♥、だ、黙れ…ええっ！！」,「はあっ♥、はあっ♥、だ、黙れ…ええっ！！」,「咻啊♥、咻啊♥、閉、閉嘴…啊啊！！」,,「咻啊♥、咻啊♥、閉、閉嘴…啊啊！！」,,Haa♥ haa♥ sh-shut up...!!,"「하앗♥, 하앗♥, 다, 닥쳐…엇!!」",「咻啊♥、咻啊♥、闭、闭嘴…啊啊！！」
,,,,,,,,,,
Daiya.Core1-22,,ダイヤは意識が朦朧とする中、中腰の姿勢で耐えようとする,ダイヤは意識が朦朧とする中、中腰の姿勢で耐えようとする,黛雅在意識模糊的情況下，試圖保持著半蹲的姿勢。,,黛雅在意識模糊的情況下，試圖保持著半蹲的姿勢。,,"As her consciousness became hazy, Daiya tried to endure by crouching.","다이아는 의식이 몽롱한 가운데, 어중간한 자세로 견디려 한다",黛雅在意识模糊的情况下，试图保持着半蹲的姿势。
,,,,,,,,,,
Daiya.Core1-23,,「はあっ♥、えあっ♥、な、なにがっ……♥」,「はあっ♥、えあっ♥、な、なにがっ……♥」,「咻啊♥、咿啊♥、什、什麼……♥」,,「咻啊♥、咿啊♥、什、什麼……♥」,,Haa♥ eah♥ wh-what is...♥,"「하앗♥, 에앗♥, 무, 무엇이……♥」",「咻啊♥、咿啊♥、什、什么……♥」
,,,,,,,,,,
Daiya.Core1-24,,「あっ♥、だ、だめだっ……♥お腹っ……♥、私ッ……♥！！！」,「あっ♥、だ、だめだっ……♥お腹っ……♥、私ッ……♥！！！」,「啊♥、不、不行了……♥肚子……♥、我……♥！！！」,,「啊♥、不、不行了……♥肚子……♥、我……♥！！！」,,Ah♥ n-no...♥ my belly...♥ I'm...♥!!!,"「앗♥, 아, 안돼……♥ 배가……♥, 나는……♥!!!」",「啊♥、不、不行了……♥肚子……♥、我……♥！！！」
,,,,,,,,,,
Daiya.Core1-25,,「お゛お゛おっ～～～～～♥！？！？」,「お゛お゛おっ～～～～～♥！？！？」,「喔喔喔～～～～～♥！？！？」,,「喔喔喔～～～～～♥！？！？」,,Ohhhhh♥?!?!,「오옷 오옷 오옷~~~~~♥!?!?」,「喔喔喔～～～～～♥！？！？」
,,,,,,,,,,
Daiya.Core1-26,,尻穴から何かが抜け落ちる感覚とともに、ダイヤの意識はプツンと途切れるのだった。,尻穴から何かが抜け落ちる感覚とともに、ダイヤの意識はプツンと途切れるのだった。,隨著從肛門滑落的感覺，黛雅的意識突然斷裂了。,,隨著從肛門滑落的感覺，黛雅的意識突然斷裂了。,,"Along with the sensation of something falling out from her asshole, Daiya's consciousness abruptly cut off.","엉덩이 구멍에서 무언가가 빠져나가는 감각과 함께, 다이아의 의식은 뚝 끊어졌다.",随着从肛门滑落的感觉，黛雅的意识突然断裂了。
,,,,,,,,,,
Daiya.Core1-27,,―――――――――,―――――――――,―――――――――,,―――――――――,,...,―――――――――,―――――――――
,,,,,,,,,,
Daiya.Core1-28,,――――,――――,――――,,―――――――――,,...,――――,――――
,,,,,,,,,,
,,,,,,,,,,
,,,,,,,,,,
Daiya.Core1-29,,―――――――――,―――――――――,―――――――――,,―――――――――,,...,―――――――――,―――――――――
,,,,,,,,,,
Daiya.Core1-30,,ズボッ……グチュッ……,ズボッ……グチュッ……,咕噗……噗噗……,,咕噗……噗噗……,,Thrust... squelch...,즈봇…… 구츗……,咕噗……噗噗……
,,,,,,,,,,
Daiya.Core1-31,,――――,――――,――――,,―――――――――,,...,――――,――――
,,,,,,,,,,
Daiya.Core1-32,,グチッ……ニチュッ……,グチッ……ニチュッ……,噗噗……嘰嘰……,,噗噗……嘰嘰……,,Squish... schlick...,구칫…… 니츗……,噗噗……叽叽……
,,,,,,,,,,
Daiya.Core1-33,,ー,ー,―,,―――――――――,,...,ー,―
,,,,,,,,,,
,,,,,,,,,,
,Daiya core 1-1,,,,,,,,,
Daiya.Core1-34,ダイヤ,「戦闘員……様………いかが………ですか………。」,「戦闘員……様………いかが………ですか………。」,「戰鬥員……大人………您……覺得……如何……。」,,「戰鬥員……大人………您……覺得……如何……。」,,Soldier... sir... how is... it...,「전투원…… 님……… 어떠………신가요……….」,「战斗员……大人………您……觉得……如何……。」
,,,,,,,,,,
Daiya.Core1-35,,(……………………。),(……………………。),(………。),,(………。),,(...),(…………………….),(………。)
,,,,,,,,,,
Daiya.Core1-36,戦闘員,「おおっ、すげえ締め付けるっ！コイツ他の聖核戦姫のオナホよりもキツキツじゃねえかっ？」,「おおっ、すげえ締め付けるっ！コイツ他の聖核戦姫のオナホよりもキツキツじゃねえかっ？」,「哦哦，好緊繃啊！這家伙比其他聖核戰姬的自慰器還要緊繃嗎？」,,「哦哦，好緊繃啊！這家伙比其他聖核戰姬的自慰器還要緊繃嗎？」,,"Ooh, amazing tightness! Isn't this one tighter than the other Holy Core Battlemaidens' pocket pussy?","「오오옷, 굉장한 조임! 이 녀석 다른 성핵전희 오나홀보다 빡빡하잖아?」",「哦哦，好紧绷啊！这家伙比其他圣核战姬的仿真阴道还要紧绷吗？」
,,,,,,,,,,
Daiya.Core1-37,,「結構強い聖核戦姫らしいし、オナホもつええのか？」,「結構強い聖核戦姫らしいし、オナホもつええのか？」,「看來是相當強大的聖核戰姬呢，自慰器也很厲害嗎？」,,「看來是相當強大的聖核戰姬呢，自慰器也很厲害嗎？」,,"She seems to be a pretty strong Holy Core Battlemaiden, so is her pocket pussy strong too?","「꽤 강한 성핵전희라던데, 오나홀도 강한 건가?」",「看来是相当强大的圣核战姬呢，仿真阴道也很厉害？」
,,,,,,,,,,
Daiya.Core1-38,ダイヤ,「お褒め頂き……ありがとう…ございます。」,「お褒め頂き……ありがとう…ございます。」,「受到您的讚美……謝謝……。」,,「受到您的讚美……謝謝……。」,,Thank you... for your... praise.,「칭찬해 주셔서…… 감사…합니다.」,「受到您的赞美……谢谢……。」
,,,,,,,,,,
Daiya.Core1-39,,「…聖核戦姫の時は……結構鍛えていたので……。」,「…聖核戦姫の時は……結構鍛えていたので……。」,「…在變身為聖核戰姬時……我受過相當的訓練……。」,,「…在變身為聖核戰姬時……我受過相當的訓練……。」,,I... underwent a lot of training when I was a... Holy Core Battlemaiden...,「…성핵전희 시절에는…… 꽤 단련하고 있었으므로……」,「…在变身为圣核战姬时……我受过相当的训练……。」
,,,,,,,,,,
Daiya.Core1-40,,(………………………っ？),(………………………っ？),(………………………？),,(………………………嗎？),,(...?),(………………………윽?),(………………………吗？)
,,,,,,,,,,
Daiya.Core1-41,戦闘員,「そうか、じゃあとっとと始めてくれや。」,「そうか、じゃあとっとと始めてくれや。」,「原來如此，那就快點開始吧。」,,「原來如此，那就快點開始吧。」,,I see. Just get started already.,"「그런가, 그럼 얼른 시작해 줘.」",「原来如此，那就快点开始吧。」
,,,,,,,,,,
Daiya.Core1-42,ダイヤ,「はい……戦闘員様のおちんぽ…聖核オナホで扱かせていただきます………。」,「はい……戦闘員様のおちんぽ…聖核オナホで扱かせていただきます………。」,「好的……讓我用聖核自慰器來應對戰鬥員大人的陽具………。」,,「好的……讓我用聖核自慰器來應對戰鬥員大人的陽具………。」,,Yes... I shall continue... stroking the soldiers' cocks with a Holy Core pocket pussy...,「네…… 전투원님의 자지… 성핵 오나홀로 훑어드리겠습니다………」,「好的……让我用圣核仿真阴道来应对战斗员大人的阳具………。」
,,,,,,,,,,
Daiya.Core1-43,,シュコッ！シュコッ！グチュッ！グチュッ！,シュコッ！シュコッ！グチュッ！グチュッ！,噗噗！噗噗！噗噗！噗噗！,,噗噗！噗噗！噗噗！噗噗！,,Schlick! Schlick! Squelch! Squelch!,슈콧! 슈콧! 구츗! 구츗!,噗噗！噗噗！噗噗！噗噗！
,,,,,,,,,,
Daiya.Core1-44,ダイヤ,(っ！～～～～～～～～ッ！？！？),(っ！～～～～～～～～ッ！？！？),(嗯！～～～～～～～～噗！？！？),,(嗯！～～～～～～～～噗！？！？),,(...! ...?!?!),(윽!~~~~~~~~윽!?!?),(嗯！～～～～～～～～噗！？！？)
,,,,,,,,,,
Daiya.Core1-45,,(なっ♥、なんだっ♥！？な、何がおきているッ♥！？！？),(なっ♥、なんだっ♥！？な、何がおきているッ♥！？！？),(嗯♥、怎麼了♥！？發、發生了什麼事♥！？！？),,(嗯♥、怎麼了♥！？發、發生了什麼事♥！？！？),,(Wh♥ what♥?! Wh-what's happening♥?!?!),"(뭣♥, 뭐야♥!? 무, 무슨 일이 일어나고 있는 거야♥!?!?)",(嗯♥、怎么了♥！？发、发生了什么事♥！？！？)
,,,,,,,,,,
Daiya.Core1-46,,(わ、私ッ……これっ……どうなってっ♥！？),(わ、私ッ……これっ……どうなってっ♥！？),(嗯、我……這個……怎麼了♥！？),,(嗯、我……這個……怎麼了♥！？),,(I-I'm... this... what's happening to me♥?!),"(으, 나… 이거…… 어떻게 된 거야♥!?)",(嗯、我……这个……怎么了♥！？)
,,,,,,,,,,
Daiya.Core1-47,,シュコッ！シュコッ！グチュッ！グチュッ！,シュコッ！シュコッ！グチュッ！グチュッ！,噗噗！噗噗！咕嚕！咕嚕！,,噗噗！噗噗！咕噜！咕噜！,,Schlick! Schlick! Squelch! Squelch!,슈콧! 슈콧! 구츗! 구츗!,噗噗！噗噗！咕噜！咕噜！
,,,,,,,,,,
Daiya.Core1-48,,(っ！～～～～～～～～ッ！？！？),(っ！～～～～～～～～ッ！？！？),(嗯！～～～～～～～～噗！？！？),,(嗯！～～～～～～～～噗！？！？),,(...! ...?!?!),(윽!~~~~~~~~읏!?!?),(嗯！～～～～～～～～噗！？！？)
,,,,,,,,,,
Daiya.Core1-49,,(なんだっ♥！？～～このっ！？体全体を貫かれるような感覚はっ…♥！？),(なんだっ♥！？～～このっ！？体全体を貫かれるような感覚はっ…♥！？),怎麼了♥！？～～這個！？感覺就像整個身體被貫穿一般…♥！？,,怎麼了♥！？～～這個！？感覺就像整個身體被貫穿一般…♥！？,,(What is♥?! This?! Feels like my whole body is being pierced...♥?!),(뭐야♥!?~~이!? 온몸을 꿰뚫는 듯한 감각은♥!?),怎么了♥！？～～这个！？感觉就像整个身体被贯穿一般…♥！？
,,,,,,,,,,
Daiya.Core1-50,ダイヤ,「………っ♥……いかがですか………戦闘員様………。」,「………っ♥……いかがですか………戦闘員様………。」,「………噗♥……您覺得如何……戰鬥人員大人……。」,,「………噗♥……您覺得如何……戰鬥人員大人……。」,,...♥...how is it... Soldier... sir,「………윽♥…… 어떠십니까……… 전투원님………」,「………噗♥……您觉得如何……战斗人员大人……。」
,,,,,,,,,,
Daiya.Core1-51,戦闘員,「おう、なかなか良いじゃねえか！チンポに吸い付いて離さねえな」,「おう、なかなか良いじゃねえか！チンポに吸い付いて離さねえな」,「喔，挺不錯的嘛！我會一直吸附在你的能量核心上不放開的」,,「喔，挺不錯的嘛！我會一直吸附在你的能量核心上不放開的」,,"Oh, it's pretty good! It's really sucking on the cock!","「오우, 제법 좋잖아! 자지에 달라붙어서 놔주질 않네」",「喔，挺不错的嘛！我会一直吸附在你的能量核心上不放开的」
,,,,,,,,,,
Daiya.Core1-52,ダイヤ,(なっ…あれは……わたしっ！？),(なっ…あれは……わたしっ！？),(嗯…那是……我！？),,(嗯…那是……我！？),,(What... is that... me?!),(아니… 저것은…… 나!?),(嗯…那是……我！？)
,,,,,,,,,,
Daiya.Core1-53,,(わたしはっ………一体何を見てっ……！？),(わたしはっ………一体何を見てっ……！？),我…究竟看到了什麼…！？,,我…究竟看到了什麼…！？,,(What am I... looking at...?!),(나는……… 대체 뭘 보고……!?),我…究竟看到了什么…！？
,,,,,,,,,,
Daiya.Core1-54,戦闘員,「聖核戦姫オナホの中じゃ最高の品質だっ！このままコキ続けろ！」,「聖核戦姫オナホの中じゃ最高の品質だっ！このままコキ続けろ！」,「妳是品質最好的聖核戰姬自慰器！繼續這樣尻下去！」,,「妳是品質最好的聖核戰姬自慰器！繼續這樣尻下去！」,,This is the highest quality among Holy Core Battlemaiden pocket pussies! Keep stroking!,「성핵전희 오나홀 중에서는 최고의 품질이야! 이대로 계속 흔들어!」,「你是品质最好的圣核战姬飞机杯！继续这样尻下去！」
,,,,,,,,,,
Daiya.Core1-55,ダイヤ,「……はい………戦闘員様。」,「……はい………戦闘員様。」,「……好的……戰鬥人員大人。」,,「……好的……戰鬥人員大人。」,,...Yes... Sir.,「……네……… 전투원님.」,「……好的……战斗人员大人。」
,,,,,,,,,,
Daiya.Core1-56,,シュコッ！シュコッ！グチュッ！グチュッ！,シュコッ！シュコッ！グチュッ！グチュッ！,噗噗！噗噗！咕嚕！咕嚕！,,噗噗！噗噗！咕噜！咕噜！,,Schlick! Schlick! Squelch! Squelch!,슈콧! 슈콧! 구츗! 구츗!,噗噗！噗噗！咕噜！咕噜！
,,,,,,,,,,
Daiya.Core1-57,,(ひぐっ♥、ううっ～～～～♥！？！？),(ひぐっ♥、ううっ～～～～♥！？！？),(噫咕♥，唔唔～～～♥！？！？),,(噫咕♥，唔唔～～～♥！？！？),,(Higu♥ uuuh♥?!?!),"(히극♥, 으으윽~~~~♥!?!?)",(噫咕♥，唔唔～～～♥！？！？)
,,,,,,,,,,
Daiya.Core1-58,,(聖核戦姫オナホだとッ！？っ、つまり……わたしは今っ……！？),(聖核戦姫オナホだとッ！？っ、つまり……わたしは今っ……！？),(聖核戰姬自慰器！？這樣說來……我現在……！？),,(聖核戰姬自慰器！？這樣說來……我現在……！？),,(Holy Core Battlemaiden pocket pussy?! Th-that means... I'm now...),"(성핵전희 오나홀이라고오!? 윽, 즉…… 나는 지금……!?)",(圣核战姬战姬模拟器！？这样说来……我现在……！？)
,,,,,,,,,,
Daiya.Core1-59,,シュコッ！シュコッ！グチュッ！グチュッ！,シュコッ！シュコッ！グチュッ！グチュッ！,噗噗！噗噗！咕嚕！咕嚕！,,噗噗！噗噗！咕噜！咕噜！,,Schlick! Schlick! Squelch! Squelch!,슈콧! 슈콧! 구츗! 구츗!,噗噗！噗噗！咕噜！咕噜！
,,,,,,,,,,
Daiya.Core1-60,ダイヤ,(お゛おおっ♥お゛おっ♥、私の中をッ、何かがっ…動いてっ……っ♥！？),(お゛おおっ♥お゛おっ♥、私の中をッ、何かがっ…動いてっ……っ♥！？),(喔喔♥喔♥，我的裡面……有什麼在動……♥！？),,(喔喔♥喔♥，我的裡面……有什麼在動……♥！？),,Ohhh♥! Ohh♥! Oh♥ Something... within me... is moving...,"(오오오옷♥ 오오옷♥, 내 안을 앗, 무언가가… 움직여서……윽♥!?)",(喔喔♥喔♥，我的里面……有什么在动……♥！？)
,,,,,,,,,,
Daiya.Core1-61,,(ま…さかっ♥！？これは…戦闘員の……ち、チンポっ……？！),(ま…さかっ♥！？これは…戦闘員の……ち、チンポっ……？！),(這……不可能♥！？這是……戰鬥員的……陽、陽具……？！),,(這……不可能♥！？這是……戰鬥員的……陽、陽具……？！),,(Could... this be it?!♥ A... soldier's... cock?!),"(서… 설마♥!? 이건… 전투원의…… 자, 자지잇……?!)",(这……不可能♥！？这是……战斗员的……小、小兵器……？！)
,,,,,,,,,,
Daiya.Core1-62,,シュコッ！シュコッ！グチュッ！グチュッ！,シュコッ！シュコッ！グチュッ！グチュッ！,噗噗！噗噗！咕嚕！咕嚕！,,噗噗！噗噗！咕噜！咕噜！,,Schlick! Schlick! Squelch! Squelch!,슈콧! 슈콧! 구츗! 구츗!,噗噗！噗噗！咕噜！咕噜！
,,,,,,,,,,
Daiya.Core1-63,,(ひううううっっ♥！？や、やめろっ！お゛おおっ♥！！),(ひううううっっ♥！？や、やめろっ！お゛おおっ♥！！),(嗚嗚嗚♥！？停、停下來！喔喔♥！！),,(嗚嗚嗚♥！？停、停下來！喔喔♥！！),,Hiuh♥!? S-stop... O-ohhh♥!,"(히우우우웃♥!? 그, 그만둬! 오오오옷♥!!)",(呜呜呜♥！？停、停下来！喔喔♥！！)
,,,,,,,,,,
Daiya.Core1-64,,ダイヤはオナホになった体で必死に抵抗しようとするが、シリコンの体は自分の意思では全く動かない,ダイヤはオナホになった体で必死に抵抗しようとするが、シリコンの体は自分の意思では全く動かない,黛雅努力用變成自慰器的身體拼命抵抗，但矽膠身體完全不受她控制。,,黛雅努力用變成自慰器的身體拼命抵抗，但矽膠身體完全不受她控制。,,"Daiya, who had become a pocket pussy, tried her best to resist, but her silicone body was not under her control.","다이아는 오나홀이 된 몸으로 필사적으로 저항하려 하지만, 실리콘 몸은 자신의 의지로는 전혀 움직이지 않는다",黛雅努力用变成自慰器的身体拼命抵抗，但矽胶身体完全不受她控制。
,,,,,,,,,,
Daiya.Core1-65,,ピクンッ！,ピクンッ！,噗噗！,,噗噗！,,Throb!!,피쿤!,噗噗！
,,,,,,,,,,
Daiya.Core1-66,ダイヤ,「…んあっ♥……戦闘員様…いかがですかっ……ん゛っ…♥」,「…んあっ♥……戦闘員様…いかがですかっ……ん゛っ…♥」,「…嗯啊♥……戰鬥員大人…您覺得如何……唔…♥」,,「…嗯啊♥……戰鬥員大人…您覺得如何……唔…♥」,,Soldier... sir... how is... it...,「…응앗♥…… 전투원님… 어떠십니까…… 아앗응…♥」,「…嗯啊♥……战斗员大人…您觉得如何……唔…♥」
,,,,,,,,,,
Daiya.Core1-67,,「…あ？シコッてんのはオナホなのに本体も感じてんのか？」,「…あ？シコッてんのはオナホなのに本体も感じてんのか？」,「…嗯？用變成自慰器的身體也感受到快感？」,,「…嗯？用變成自慰器的身體也感受到快感？」,,...Huh? You can feel me fucking the pocket pussy?,「…아? 흔들고 있는 건 오나홀인데 본체도 느끼고 있는 건가?」,「…嗯？用变成自慰器的身体也感受到快感？」
,,,,,,,,,,
Daiya.Core1-68,Daiya core 1-3,「……っ…はい。私の体は意識はなく操られている状態ですが……感覚はオナホと繋がっています………。」,「……っ…はい。私の体は意識はなく操られている状態ですが……感覚はオナホと繋がっています………。」,「……嗯…是的。我的身體沒有意識，被操控著……但感覺與自慰器相連……。」,,「……嗯…是的。我的身體沒有意識，被操控著……但感覺與自慰器相連……。」,,...Yes. My body is being controlled without consciousness... but the sensations are connected to the pocket pussy...,「……아… 네. 제 몸은 의식이 없어 조종당하는 상태지만…… 감각은 오나홀과 연결되어 있습니다………」,「……嗯…是的。我的身体没有意识，被操控着……但感觉与自慰器相连……。」
,,,,,,,,,,
Daiya.Core1-69,,「……現在………戦闘員様のおちんぽにより…オナホが刺激されて…体も絶頂し続けています。」,「……現在………戦闘員様のおちんぽにより…オナホが刺激されて…体も絶頂し続けています。」,「……現在………戰鬥員大人的陽具刺激著…自慰器持續高潮中。」,,「……現在………戰鬥員大人的陽具刺激著…自慰器持續高潮中。」,,...And now... my body continues to climax from the soldier's cock.,「……현재……… 전투원님의 자지에 의해… 오나홀이 자극받아서… 몸도 계속 절정하고 있습니다.」,「……现在………战斗员大人的阳具刺激着…自慰器持续高潮中。」
,,,,,,,,,,
Daiya.Core1-70,戦闘員,「ははっ、コイツは相当強え聖核戦姫だったらしいが、もうただの無様なオナホでしかねえな」,「ははっ、コイツは相当強え聖核戦姫だったらしいが、もうただの無様なオナホでしかねえな」,「哈哈，這傢伙似乎曾是相當強大的聖核戰姬，但現在只是個可悲的自慰器而已。」,,「哈哈，這傢伙似乎曾是相當強大的聖核戰姬，但現在只是個可悲的自慰器而已。」,,"Ha, she was quite a powerful Holy Core Battlemaiden, but now... she's just a pocket pussy!","「하핫, 이 녀석은 꽤 강한 성핵전희였던 모양인데, 이제는 그저 꼴사나운 오나홀일 뿐이군」",「哈哈，这家伙似乎曾是相当强大的圣核战姬，但现在只是个可悲的自慰器而已。」
,,,,,,,,,,
Daiya.Core1-71,ダイヤ,「はいっ……引き続き……戦闘員様のおちんぽ………シコらせていただきます。」,「はいっ……引き続き……戦闘員様のおちんぽ………シコらせていただきます。」,「好的……我將繼續……為戰鬥員大人的陽具……自慰服務。」,,「好的……我將繼續……為戰鬥員大人的陽具……自慰服務。」,,"Yes... I shall continue... stroking your cock, sir...",「네…… 계속해서…… 전투원님의 자지……… 흔들어 드리겠습니다.」,「好的……我将继续……为战斗员大人的阳具……自慰服务。」
,,,,,,,,,,
Daiya.Core1-72,,シュコッ！シュコッ！グチュッ！グチュッ！,シュコッ！シュコッ！グチュッ！グチュッ！,噗噗！噗噗！噗噗！噗噗！,,噗噗！噗噗！噗噗！噗噗！,,Schlick! Schlick! Squelch! Squelch!,슈콧! 슈콧! 구츗! 구츗!,噗噗！噗噗！噗噗！噗噗！
,,,,,,,,,,
Daiya.Core1-73,ダイヤ,(ひああっ♥！？やあっ♥、やめろっ……っ♥？！),(ひああっ♥！？やあっ♥、やめろっ……っ♥？！),(嗚啊♥！？啊♥、停止……♥？！),,(嗚啊♥！？嗨♥、停止……♥？！),,Huh♥ Nnnn♥ Ahhhhh?! Stop...,"(히아앗♥!? 으앙♥, 그만둬……윽♥?!)",(呜啊♥！？啊♥、停止……♥？！)
,,,,,,,,,,
Daiya.Core1-74,,シコッ！シコッ！シコッ！シコッ！,シコッ！シコッ！シコッ！シコッ！,噗噗！噗噗！噗噗！噗噗！,,噗噗！噗噗！噗噗！噗噗！,,"Fap, fap, fap, fap!",시콧! 시콧! 시콧! 시콧!,噗噗！噗噗！噗噗！噗噗！
,,,,,,,,,,
Daiya.Core1-75,,(お゛おおっ♥おおっ～♥！),(お゛おおっ♥おおっ～♥！),(喔喔♥喔～♥！),,(喔喔♥喔～♥！),,Oghoh♥ ohhhhh♥♥?!,(오오오옷♥ 오옷~♥!),(喔喔♥喔～♥！)
,,,,,,,,,,
Daiya.Core1-76,,(私の中ッ…♥引き伸ばされてっ…っコイツのチンポの形になってるうぅっ♥！？),(私の中ッ…♥引き伸ばされてっ…っコイツのチンポの形になってるうぅっ♥！？),(在我體內……♥ 被拉長……變成這傢伙的陰莖形狀了嗚嗚♥！？),,(在我體內……♥ 被拉長……變成這傢伙的陰莖形狀了嗚嗚♥！？),,(I'm... being streched out... And becoming the same shape as his cock?!),(내 안이…♥ 늘려져서…우읏 이 녀석의 자지 모양이 되고 있어어어엇♥!?),(在我体内……♥ 被拉长……变成这家伙的阴茎形状了呜呜♥！？)
,,,,,,,,,,
Daiya.Core1-77,,(体全体がッ♥、おちんぽの形にっ♥、こんなのっ♥、無様すぎるううっ♥！),(体全体がッ♥、おちんぽの形にっ♥、こんなのっ♥、無様すぎるううっ♥！),(全身都……♥ 變成陰莖的形狀了♥，這樣的樣子……♥，太丟臉了嗚嗚♥！),,(全身都……♥ 變成陰莖的形狀了♥，這樣的樣子……♥，太丟臉了嗚嗚♥！),,(My whole body... is now the shape of a cock... This is... pathetic...),"(몸 전체가 읏♥, 자지 모양으로♥, 이런 거어♥, 너무 꼴사나워어어엇♥!)",(全身都……♥ 变成阴茎的形状了♥，这样的样子……♥，太丢脸了呜呜♥！)
,,,,,,,,,,
Daiya.Core1-78,,「んあっ♥……あっ♥、はあっ♥…」,「んあっ♥……あっ♥、はあっ♥…」,「嗯啊♥……啊♥、哈啊♥…」,,「嗯啊♥……啊♥、哈啊♥…」,,Haa♥ Haa♥ Naa♥,"「응앗♥…… 앗♥, 하앗♥…」",「嗯啊♥……啊♥、哈啊♥…」
,,,,,,,,,,
Daiya.Core1-79,戦闘員,「あー出そうだ……、おいオナホ、舌出せ！」,「あー出そうだ……、おいオナホ、舌出せ！」,「啊～要出來了……，喂，自慰器，伸出舌頭！」,,「啊～要出來了……，喂，仿真陰道，伸出舌頭！」,,"Ahh, I'm about to come... Hey sex toy, stick out your tongue!","「아ー 쌀 것 같아……, 어이 오나홀, 혀 내밀어!」",「啊～要出来了……，喂，飞机杯，伸出舌头！」
,Daiya core 1-4,,,,,,,,,
Daiya.Core1-80,ダイヤ,「はい……かしこまりました………。」,「はい……かしこまりました………。」,「好的……我明白了……。」,,「好的……我明白了……。」,,Yes... understood...,「네…… 알겠습니다………」,「好的……我明白了……。」
,,,,,,,,,,
Daiya.Core1-81,,ジュルルルッ、ジュルッ！,ジュルルルッ、ジュルッ！,滴答滴答，滴答！,,滴答滴答，滴答！,,"Slurrrp, slurp!","쥬르르르릇, 쥬릇!",滴答滴答，滴答！
,,,,,,,,,,
Daiya.Core1-82,,(ひあっ♥、き、気持ち悪いっ！),(ひあっ♥、き、気持ち悪いっ！),(嗚啊♥、好、好噁心！),,(嗚啊♥、好、好噁心！),,(Hia♥ th-this feels gross!),"(히앗♥, 기, 기분 나빠!)",(呜啊♥、好、好恶心！)
,,,,,,,,,,
Daiya.Core1-83,戦闘員,「強い聖核戦姫でも舌は鍛えられねえんだな！」,「強い聖核戦姫でも舌は鍛えられねえんだな！」,「即使是強大的聖核戰姬，舌頭也無法訓練得更強！」,,「即使是強大的聖核戰姬，舌頭也無法訓練得更強！」,,"You were a powerful Holy Core Battlemaiden, but you'll have to work on that tongue!",「강한 성핵전희라도 혀는 단련할 수 없는 모양이군!」,「即使是强大的圣核战姬，舌头也无法训练得更强！」
,,,,,,,,,,
Daiya.Core1-84,ダイヤ,「はい……私の体は全て戦闘員様にご奉仕するためにありますので…♥」,「はい……私の体は全て戦闘員様にご奉仕するためにありますので…♥」,「好的……我的身體存在是為了全力為戰鬥員大人服務的…♥」,,「好的……我的身體存在是為了全力為戰鬥員大人服務的…♥」,,"Yes, sir... my entire body exists to serve the soldiers...",「네…… 제 몸은 전부 전투원님께 봉사하기 위해 있으니까요…♥」,「好的……我的身体存在是为了全力为战斗员大人服务的…♥」
,,,,,,,,,,
Daiya.Core1-85,,べろっ、れろれおっ、ジュルッ♥,べろっ、れろれおっ、ジュルッ♥,舔舔，啾啾啾，滴答♥,,舔舔，啾啾啾，滴答♥,,"Slurp, slurp, slurp!","베롯, 레로레옷, 쥬릇♥",舔舔，啾啾啾，滴答♥
,,,,,,,,,,
Daiya.Core1-86,,ダイヤは無機質に戦闘員のチンポをコキながら奉仕を続けていく,ダイヤは無機質に戦闘員のチンポをコキながら奉仕を続けていく,黛雅無情地繼續服侍戰鬥員的陽具並進行手淫。,,黛雅無情地繼續服侍戰鬥員的陽具並進行手淫。,,Daiya kept servicing the soldier's cock mechanically.,다이아는 무기질적으로 전투원의 자지를 흔들며 봉사를 계속해 나간다,黛雅无情地继续服侍战斗员的阳具并进行手淫。
,,,,,,,,,,
Daiya.Core1-87,戦闘員,「うおおっ…搾り取られるっ…出すぞっ！」,「うおおっ…搾り取られるっ…出すぞっ！」,「喔喔…被擠取出來了…要射了！」,,「喔喔…被擠取出來了…要射了！」,,"Whoa, guh, she's milking it all out?!",「우오옷… 짜내어진다… 싼다!」,「喔喔…被挤取出来了…要射了！」
,,,,,,,,,,
Daiya.Core1-88,,シュコッ！シュコッ！グチュッ！グチュッ！,シュコッ！シュコッ！グチュッ！グチュッ！,啾啾！啾啾！噗噗！噗噗！,,啾啾！啾啾！噗噗！噗噗！,,Schlick! Schlick! Squelch! Squelch!,슈콧! 슈콧! 구츗! 구츗!,啾啾！啾啾！噗噗！噗噗！
,,,,,,,,,,
Daiya.Core1-89,ダイヤ,「はい…っ♥戦闘員様の精液……♥お出しください……♥」,「はい…っ♥戦闘員様の精液……♥お出しください……♥」,「好的…♥戰鬥員大人的精液……♥請射出來……♥」,,「好的…♥戰鬥員大人的精液……♥請射出來……♥」,,Your mighty semen♥ please let it out♥,「네…윽♥ 전투원님의 정액……♥ 내주세요……♥」,「好的…♥战斗员大人的精液……♥请射出来……♥」
,,,,,,,,,,
Daiya.Core1-90,,(よ、よせっ……やめろっ！！！),(よ、よせっ……やめろっ！！！),(住手……停止！！！),,(住手……停止！！！),,"(Hey, stop that!)","(그, 그만…… 멈춰!!!)",(住手……停止！！！)
,,,,,,,,,,
Daiya.Core1-91,Daiya core 1-5,ドクッ！ビュルルルルルルッッ！！！,ドクッ！ビュルルルルルルッッ！！！,啪嗤！噗噗噗噗噗！！！,,啪嗤！噗噗噗噗噗！！！,,"Throb, splurrrrrt!!!!",도큣! 뷰르르르르르르릇!!!,啪嗤！噗噗噗噗噗！！！
,,,,,,,,,,
Daiya.Core1-92,ダイヤ,「んっ♥………あっ♥……………！」,「んっ♥………あっ♥……………！」,「嗯♥………啊♥……………！」,,「嗯♥………啊♥……………！」,,Nn♥... ah♥...,「응♥……… 앗♥……………!」,「嗯♥………啊♥……………！」
,,,,,,,,,,
Daiya.Core1-93,ダイヤ,(ひああああっっ♥！？！),(ひああああっっ♥！？！),(嗚啊啊啊啊♥！？！),,(嗚啊啊啊啊♥！？！),,(Hiaaaa?!),(히아아아앗♥!?!),(呜啊啊啊啊♥！？！)
,,,,,,,,,,
Daiya.Core1-94,,(精液がっ……私のっ…お腹の中に………っ♥！？),(精液がっ……私のっ…お腹の中に………っ♥！？),(精液……進入我的……肚子裡……♥！？),,(精液……進入我的……肚子裡……♥！？),,(Semen... in my... belly...?!),(정액이…… 나의… 배 안에………윽♥!?),(精液……进入我的……肚子里……♥！？)
,,,,,,,,,,
Daiya.Core1-95,,(私の中がッ♥、精液でっ♥ぱんぱんになってええぇっ♥！？？),(私の中がッ♥、精液でっ♥ぱんぱんになってええぇっ♥！？？),(我的裡面……♥，被精液填滿了♥！？？),,(我的裡面……♥，被精液填滿了♥！？？),,(I'm... I'm filled with semen...?!),"(내 안이 읏♥, 정액으로♥ 빵빵해져어어엇♥!??)",(我的里面……♥，被精液填满了♥！？？)
,,,,,,,,,,
Daiya.Core1-96,,(お゛おおっ♥、おなかっ♥、は、破裂するううっっっ♥！！！),(お゛おおっ♥、おなかっ♥、は、破裂するううっっっ♥！！！),(噢噢♥，肚子♥，要、要爆炸了嗚嗚♥！！！),,(噢噢♥，肚子♥，要、要爆炸了呜呜♥！！！),,(My... my stomach is about to burst!),"(오오오옷♥, 배가♥, 터, 터져버려어어어엇♥!!!)",(噢噢♥，肚子♥，要、要爆炸了呜呜♥！！！)
,,,,,,,,,,
Daiya.Core1-97,,ドクンッ！！どぴゅッ！ドピュッ！！！！,ドクンッ！！どぴゅッ！ドピュッ！！！！,砰噗！！滋滋！噗噗！！！！,,砰噗！！滋滋！噗噗！！！！,,Throb! Throb!,도쿤!! 도퓻! 도퓻!!!!,砰噗！！滋滋！噗噗！！！！
,,,,,,,,,,
Daiya.Core1-98,,「ふう…搾り取られたぜ…」,「ふう…搾り取られたぜ…」,「呼…被榨乾了…」,,「呼…被榨乾了…」,,"Wow, you really milked me dry...",「후우… 짜내어졌군…」,「呼…被榨干了…」
,,,,,,,,,,
Daiya.Core1-99,ダイヤ,「はい……沢山出していただきありがとうございました。オナホ…冥利につきます。」,「はい……沢山出していただきありがとうございました。オナホ…冥利につきます。」,「好的……謝謝您給我這麼多。自慰器……實在是我的榮幸。」,,「好的……謝謝您給我這麼多。仿真陰道……實在是我的榮幸。」,,Yes... thank you for coming so much. It's an honor as a pocket pussy.,「네…… 많이 싸주셔서 감사합니다. 오나홀로서 더할 나위 없습니다.」,「好的……谢谢您给我这么多。仿真阴道……实在是我的荣幸。」
,,,,,,,,,,
Daiya.Core1-100,,(お゛おおっ♥……お゛おっ♥、精液…私の中でっ…風船みたいに…っ♥！？),(お゛おおっ♥……お゛おっ♥、精液…私の中でっ…風船みたいに…っ♥！？),(噢噢♥……噢♥，精液…在我的裡面像是…氣球一樣…♥！？),,(噢噢♥……噢♥，精液…在我的裡面像是…氣球一樣…♥！？),,(Ohhh♥! Ohh♥! Oh♥! The semen inside me... Like a balloon...?!),"(오오오옷♥…… 오오옷♥, 정액… 내 안에서… 풍선처럼…읏♥!?)",(噢噢♥……噢♥，精液…在我的里面像是…气球一样…♥！？)
,,,,,,,,,,
Daiya.Core1-101,,「私もオナホも喜んでいます……またのご利用をお待ちしています。」,「私もオナホも喜んでいます……またのご利用をお待ちしています。」,「我和自慰器都很高興……期待您的再次光臨。」,,「我和仿真陰道都很高興……期待您的再次光臨。」,,Both I and the pocket pussy are pleased... We look forward to your next use.,「저도 오나홀도 기뻐하고 있습니다…… 또 이용해 주시길 기다리고 있겠습니다.」,「我和仿真阴道都很高兴……期待您的再次光临。」
,,,,,,,,,,
Daiya.Core1-102,,「さて…まだ戦闘員はたくさん残っていますね……」,「さて…まだ戦闘員はたくさん残っていますね……」,「好的…戰鬥員還剩下很多呢……」,,「好的…戰鬥員還剩下很多呢……」,,"Anyway, there are more soldiers, right?",「그럼… 아직 전투원은 많이 남아 있으니까요……」,「好的…战斗员还剩下很多呢……」
,,,,,,,,,,
Daiya.Core1-103,,(やっ！やめっ…ろっ♥！これ以上はっ……むりぃ…♥！！),(やっ！やめっ…ろっ♥！これ以上はっ……むりぃ…♥！！),(呀！停…止♥！再這樣下去……不行了…♥！！),,(呀！停…止♥！再這樣下去……不行了…♥！！),,"(Stop♥, any more than this and I...♥)",(시! 싫어…엇♥! 이 이상은…… 무리…♥!!),(呀！停…止♥！再这样下去……不行了…♥！！)
,,,,,,,,,,
Daiya.Core1-104,,その後、ダイヤは意思の無い性処理オナホとして何人もの戦闘員のチンポをコキ続けるのだった。,その後、ダイヤは意思の無い性処理オナホとして何人もの戦闘員のチンポをコキ続けるのだった。,在那之後，黛雅作為一個無意識的性處理自慰器，繼續為許多戰鬥員打手槍。,,在那之後，黛雅作為一個無意識的性處理仿真陰道，繼續為許多戰鬥員打手槍。,,"After that, Daiya, who had become a pocket pussy, continued to stroke the cocks of countless soldiers as a sexual relief officer.","그 후, 다이아는 의지 없는 성처리 오나홀로서 여러 전투원의 자지를 계속 흔들게 되었다.",在那之后，黛雅作为一个无意识的性处理飞机杯，继续为许多战斗员打手枪。
,,,,,,,,,,
Daiya.Core1-105,,――――――――,――――――――,――――――――,,――――――――,,...,――――――――,――――――――
,,,,,,,,,,
Daiya.Core1-106,,――――,――――,――――,,――――――――,,...,――――,――――