Key,Comment,Japanese,Traditional Chinese,Simplified Chinese,Japanese_Steam,Traditional Chinese_Steam,English_Steam,Korean_Steam,Simplified Chinese_Steam
DLC　プロローグ,注釈,,,,,,,,
,黒背景,,,,,,,,
,暗転,,,,,,,,
,,,,,,,,,
Dialog.DLC-P-1,,フォーレン財団聖核戦姫研究施設にて―――,福倫財團聖核戰姬研究設施內———,,フォーレン財団聖核戦姫研究施設にて―――,在墮落財團聖核戰姬研究設施中―――,At the Forren Foundation Holy Core Battlemaiden Research Facility,폴른 재단 성핵전희 연구 시설에서―――,在堕落财团圣核战姬研究设施中―――
,Hisui story DLC 1,,,,,,,,
Dialog.DLC-P-2,,水槽の中に、一人の少女が機械に繋がれていた。,水槽中，一位少女被連接到機器上。,,水槽の中に、一人の少女が機械に繋がれていた。,水槽裡，一名少女被連接在機械裝置上。,"Inside a water tank, a single girl was connected to machines.","수조 안에, 한 명의 소녀가 기계에 연결되어 있었다.",水槽里，一名少女被连接在机械装置上。
,,,,,,,,,
Dialog.DLC-P-3,???,（…………）,（…………）,,（…………）,（…………）,(...),(…………),（…………）
,,,,,,,,,
Dialog.DLC-P-4,???,（…………………）,（…………………）,,（…………………）,（…………………）,(...),(…………………),（…………………）
,,,,,,,,,
Dialog.DLC-P-5,クローン戦闘員,「本日の経過。洗脳深度36％…あまり進行していませんね。」,「今日的進展。洗腦深度36％...進展不算太多呢。」,,「本日の経過。教育深度36％…あまり進行していませんね。」,「今日的進度。教育深度 36%……幾乎沒有什麼進展呢。」,"""Today's progress. Re-education depth at 36%... not much advancement.""",「오늘의 경과. 세뇌 심도 36％… 별로 진행되지 않았군요.」,「今日的进度。教育深度 36%……几乎没有什么进展呢。」
,,,,,,,,,
Dialog.DLC-P-6,???,（……………………………………）,（…………………）,,（……………………………………）,（……………………………………）,(...),(……………………………………),（……………………………………）
,,,,,,,,,
Dialog.DLC-P-7,クローン戦闘員,「解析では大して強い聖核エネルギーを持った個体ではなかったのですが…」,「在分析中並沒有顯示出擁有強大聖核能量的個體...」,,「解析では大して強い聖核エネルギーを持った個体ではなかったのですが…」,「按分析來看，她並不是持有特別強大聖核能量的個體才對，不過……」,"""According to analysis, this individual doesn't possess particularly strong Holy Core Energy...""",「해석에서는 그다지 강한 성핵 에너지를 가진 개체는 아니었습니다만…」,「按分析来看，她并不是持有特别强大圣核能量的个体才对，不过……」
,,,,,,,,,
Dialog.DLC-P-8,???,（………………………………………………………）,（…………………………………）,,（………………………………………………………）,（………………………………………………………）,(...),(………………………………………………………),（………………………………………………………）
,,,,,,,,,
Dialog.DLC-P-9,クローン戦闘員,「洗脳に対する耐性があるのかも…？また技術幹部のケイさんに報告する必要がありそうですね。」,「對洗腦有耐性的可能性...？看來需要向技術幹部京小姐報告了呢。」,,「教育に対する耐性があるのかも…？また技術幹部のケイさんに報告する必要がありそうですね。」,「也許對教育有某種耐性吧……？看來得再向技術幹部的京女士報告一次了。」,"""Perhaps she has resistance to re-educating...? We'll need to report this to Technical Executive Kei.""",「세뇌에 대한 내성이 있는 걸지도…? 다시 기술 간부 케이 씨에게 보고할 필요가 있겠군요.」,「也许对教育有某种耐性吧……？看来得再向技术干部的京女士报告一次了。」
,,,,,,,,,
Dialog.DLC-P-10,???,（……………っ……）,（……………）,,（……………っ……）,（…………………）,(...),(……………윽……),（…………………）
,,,,,,,,,
Dialog.DLC-P-11,クローン戦闘員,「引き続き経過観察……なにもなければ聖核排泄の後、苗床工場へ輸送しましょう。」,「繼續觀察情況...若無異常，聖核排泄後，將其運送至育苗工廠。」,,「引き続き経過観察……なにもなければ聖核排泄の後、苗床工場へ輸送しましょう。」,「持續進行經過觀察……若沒有特別情況，在排出聖核之後，就將她送往苗床工廠吧。」,"""Continue observation... if nothing changes, after Holy Core extraction, transport her to the seedbed factory.""","「계속해서 경과 관찰…… 아무 일 없으면 성핵 배설 후, 묘상 공장으로 수송합시다.」",「持续进行经过观察……若没有特别情况，在排出圣核之后，就将她送往苗床工厂吧。」
,,,,,,,,,
Dialog.DLC-P-12,???,（……………）,（……………）,,（……………）,（……………）,(...),(……………),（……………）
,,,,,,,,,
Dialog.DLC-P-13,???,（……………誰か……助け……………）,（……………誰在那裡……救命……………）,,（……………誰か……助け……………）,（……………誰來……救救……………）,(...Someone... help...),(……………누군가…… 도와줘……………),（……………谁来……救救……………）
,,,,,,,,,
Dialog.DLC-P-14,,（……………）,（……………）,,（……………）,（……………）,(...),(……………),（……………）
,暗転,,,,,,,,
,,,,,,,,,
Dialog.DLC-P-15,ワールドマップ,聖核戦姫とフォーレン財団の戦いからしばらくの時が経ち―――,從聖核戰姬與福倫財團的戰鬥過了一段時間———,,聖核戦姫とフォーレン財団の戦いからしばらくの時が経ち―――,自從聖核戰姬與墮落財團之間的戰鬥結束後，時間過去了許久―――,Some time had passed since the battle between the Holy Core Battlemaidens and the Forren Foundation,성핵전희와 폴른 재단의 싸움으로부터 얼마의 시간이 흐르고―――,自从圣核战姬与堕落财团之间的战斗结束后，时间过去了许久―――
,,,,,,,,,
Dialog.DLC-P-16,,聖核戦姫の総本山、聖月生徒会は陥落し、ほぼ全ての聖核戦姫は財団へ捕らえられた。,聖核戰姬的總本山，聖月學生會已經陷落，幾乎所有的聖核戰姬都被財團俘虜了。,,聖核戦姫の総本山、ホーリーコア・レギオン司令部は陥落し、ほぼ全ての聖核戦姫は財団へ捕らえられた。,聖核戰姬的總部──「聖核軍團」司令部已經全面失守，幾乎所有的聖核戰姬都被財團抓走了。,"The Holy Core Battlemaidens' headquarters, Holy Core Legion Command, had fallen, and almost all Holy Core Battlemaidens were captured by the Foundation.","성핵전희의 총본산, 홀리코어 레기온 사령부는 함락되고, 거의 모든 성핵전희는 재단에 붙잡혔다.",圣核战姬的总部──圣核军团司令部已经全面失守，几乎所有的圣核战姬都被财团抓走了。
,,,,,,,,,
Dialog.DLC-P-17,,財団は世界を征服するべく、聖核戦姫を改造・利用し、着々と戦力を拡大していた,財團正在改造和利用聖核戰姬，穩步擴大其戰力，以征服世界。,,財団は世界を征服するべく、聖核戦姫を改造・利用し、着々と戦力を拡大していた,為了征服世界，財團對聖核戰姬進行改造與利用，穩步擴張著自身的戰力。,The Foundation steadily expanded its forces by modifying and utilizing the Holy Core Battlemaidens to conquer the world.,"재단은 세계를 정복하기 위해, 성핵전희를 개조하고 이용하여, 착착 전력을 확대하고 있었다",为了征服世界，财团对圣核战姬进行改造与利用，稳步扩张着自身的战力。
,,,,,,,,,
,アジト,,,,,,,,
,,,,,,,,,
Dialog.DLC-P-18,SEL,「……では生産幹部アキホ、財務幹部エレナ、軍事幹部ナユタ、技術幹部ケイ、それぞれ報告を。」,「……那麼生產幹部明穗、財務幹部艾蓮娜、軍事幹部那由多、技術幹部京，請各自匯報。」,,「……では生産幹部アキホ、財務幹部エレナ、軍事幹部ナユタ、技術幹部ケイ、それぞれ報告を。」,「……那麼，生產幹部明穗、財務幹部艾蓮娜、軍事幹部那由多、技術幹部京，請各自進行報告。」,"""Production Exec Akiho, Finance Exec Erena, Military Exec Nayuta, Tech Exec Kei. Reports.""","「……그럼 생산 간부 아키호, 재무 간부 엘레나, 군사 간부 나유타, 기술 간부 케이, 각각 보고를.」",「……那么，生产干部明穗、财务干部艾莲娜、军事干部那由多、技术干部京，请各自进行报告。」
,,,,,,,,,
Dialog.DLC-P-19,明穂闇落ち,「順調だよ～！聖核戦姫の改造ミルクは沢山取れてるし、触手ちゃん達も元気に育ってるみたい！」,「進展順利呢~！聖核戰姬的改造牛奶取得很多，觸手們也看起來長得很健康！」,,「順調だよ～！聖核戦姫の改造ミルクは沢山取れてるし、触手ちゃん達も元気に育ってるみたい！」,「一切都很順利喔～！從聖核戰姬那裡榨取的改造用奶順利量產，觸手小寶寶們也都健健康康地長大呢！」,"""It's going well! We're getting lots of modified milk from the Holy Core Battlemaidens, and the tentacles are growing healthy!""","「순조로워~! 성핵전희 개조 밀크는 잔뜩 나오고 있고, 촉수쨩들도 건강하게 자라고 있는 것 같아!」",「一切都很顺利喔～！从圣核战姬那里榨取的改造用奶顺利量产，触手小宝宝们也都健健康康地长大呢！」
,,,,,,,,,
,,,,,,,,,
,,,,,,,,,
Dialog.DLC-P-20,エレナ,「……組織の成長率は前期比+54％……組織は順調に成長していると言えるでしょう。」,「……組織的成長率相較上期增加了54％……可以說組織正在順利成長。」,,「……組織の成長率は前期比+54％……組織は順調に成長していると言えるでしょう。」,「……組織的成長率較前期提升了 54%。可以說整體運作相當順利。」,"""...Organizational growth rate is +54% compared to last period... We can say the organization is growing steadily.""",「……조직 성장률은 전기 대비 +54％…… 조직은 순조롭게 성장하고 있다고 할 수 있겠죠.」,「……组织的成长率较前期提升了 54%。可以说整体运作相当顺利。」
,,,,,,,,,
Dialog.DLC-P-21,那由多,「我々の支配領域は半年間でおよそ2倍になりました。レジスタンスに対してもこちらが優勢です。」,「我們的支配領域在半年內增加了大約兩倍。對抗勢力，我們處於優勢地位。」,,「我々の支配領域は半年間でおよそ2倍になりました。レジスタンスに対してもこちらが優勢です。」,「我們支配的領域在這半年內大約擴大了兩倍，對抗抵抗勢力時也始終由我們這邊佔上風。」,"""Our controlled territory has roughly doubled in six months. We also have the advantage against the resistance.""",「저희 지배 영역은 반년 만에 약 2배가 되었습니다. 레지스탕스에 대해서도 이쪽이 우세입니다.」,「我们的支配领域在这半年内大约扩大了两倍，对抗抵抗势力时也始终由我们这边占上风。」
,,,,,,,,,
Dialog.DLC-P-22,,「ただ………。」,「但是………。」,,「ただ………。」,「不過呢………」,"""However...""",「단지……….」,「不过呢………」
,,,,,,,,,
Dialog.DLC-P-23,,「現状のクローンと怪人の人数では支配地域を維持する事は困難になりつつあります。」,「目前克隆體和怪人的數量，維持支配領域變得越來越困難。」,,「現状のクローンと怪人の人数では支配地域を維持する事は困難になりつつあります。」,「以目前的克隆人和怪人數量來看，要維持現在的支配區域已經漸漸變得吃力了。」,"""With our current numbers of clones and monsters, maintaining controlled territories is becoming difficult.""",「현재 클론과 괴인의 인원수로는 지배 지역을 유지하는 것이 곤란해지고 있습니다.」,「以目前的克隆体和怪人数量来看，要维持现在的支配区域已经渐渐变得吃力了。」
,,,,,,,,,
Dialog.DLC-P-24,,「更に支配地域を広げるためにはより多くの戦闘員が必要となるでしょう。」,「要擴大支配領域，將需要更多的戰鬥員。」,,「更に支配地域を広げるためにはより多くの戦闘員が必要となるでしょう。」,「若要進一步擴大支配範圍，就需要更多戰鬥員。」,"""To further expand our controlled territories, we'll need more soldiers.""",「더욱 지배 지역을 넓히기 위해서는 더 많은 전투원이 필요하게 될 것입니다.」,「若要进一步扩大支配范围，就需要更多战斗员。」
,,,,,,,,,
Dialog.DLC-P-25,,「……そこでケイさん、頼んでおいたものは完成しているでしょうか？」,「……所以京，我請你幫忙辦的事情完成了嗎？」,,「……そこでケイさん、頼んでおいたものは完成しているでしょうか？」,「……所以，京小姐，我之前拜託妳的東西完成了嗎？」,"""...So Kei, have you completed what I requested?""","「……그래서 케이 씨, 부탁했던 것은 완성되었을까요?」",「……所以，京小姐，我之前拜托你的东西完成了吗？」
,,,,,,,,,
Dialog.DLC-P-26,京,「もちろん。きたまえ下級戦闘員達……！」,「當然。來吧，下級戰鬥員們……！」,,「もちろん。きたまえ下級戦闘員達……！」,「當然囉。進來吧，下級戰鬥員們……！」,"""Of course. Come in, junior soldiers...!""",「물론. 오너라 하급 전투원들아……!」,「当然啰。进来吧，下级战斗员们……！」
,,,,,,,,,
Dialog.DLC-P-27,,京がそう言うと部屋の中に何人かの仮面をつけた女が入ってくる。,猫宮京說完後，戴著面具的女性走進房間裡。,,京がそう言うと部屋の中に何人かの仮面をつけた女が入ってくる。,京說完後，幾名戴著面具的女子走進房間。,"As Kei said this, several masked women entered the room.",케이가 그렇게 말하자 방 안에 여러 명의 가면을 쓴 여성들이 들어온다.,京说完后，几名戴着面具的女子走进房间。
,,,,,,,,,
Dialog.DLC-P-28,女戦闘員×３,「「「キィ――――――――ッ！！！」」」,「「「啊——！！！」」」,,「「「キィ――――――――ッ！！！」」」,「「「嘰————————！！！」」」,"""Kiiiii!!!""",「「「키이――――――――잇!!!」」」,「「「吱——！！！」」」
,,,,,,,,,
Dialog.DLC-P-29,,戦闘員達は甲高い声を上げてピシっと京の前で敬礼をする。,戰鬥員們高聲喊著，整齊地在猫宮京面前行禮。,,戦闘員達は甲高い声を上げてピシっと京の前で敬礼をする。,戰鬥員們發出尖銳的叫聲，啪地一聲在京面前立正敬禮。,The soldiers let out high-pitched voices and saluted sharply before Kei.,전투원들은 날카로운 목소리를 내며 빳빳하게 케이 앞에서 경례를 한다.,战斗员们发出尖锐的叫声，啪地一声在京面前立正敬礼。
,,,,,,,,,
Dialog.DLC-P-30,京,「どうだい？言われた通りの出来栄えだろ？」,「怎麼樣？做得如你所吩咐的一樣出色吧？」,,「どうだい？言われた通りの出来栄えだろ？」,「怎麼樣？和你要求的一模一樣吧？」,"""How about that? They're exactly as requested, aren't they?""",「어때? 말했던 대로의 결과물이지?」,「怎么样？和你要求的一模一样吧？」
,,,,,,,,,
Dialog.DLC-P-31,,「その辺の一般人を捕まえて、簡単な疑似聖核埋め込み手術と洗脳で作った戦闘員だ。」,「抓住一般人，進行簡單的模擬聖核植入手術和洗腦，製造出的戰鬥員。」,,「その辺の一般人を捕まえて、簡単な疑似聖核埋め込み手術と教育で作った戦闘員だ。」,「是隨機抓來的一般市民，施加簡易的仿製聖核移植手術，再配合教育做成的戰鬥員。」,"""These are soldiers created by capturing ordinary people and performing simple pseudo-Holy Core implant surgery and re-education.""","「근처의 일반인을 붙잡아, 간단한 유사 성핵 이식 수술과 세뇌로 만든 전투원이야.」",「是随机抓来的一般市民，施加简易的仿制圣核移植手术，再配合教育做成的战斗员。」
,,,,,,,,,
Dialog.DLC-P-32,,「戦闘力は聖核戦姫のクローンには遠く及ばないが…コストは10分の1以下だ、経済的だろ？」,「戰鬥力雖然遠不及聖核戰姬的克隆體…但成本不到原本的十分之一，經濟實惠吧？」,,「戦闘力は聖核戦姫のクローンには遠く及ばないが…コストは10分の1以下だ、経済的だろ？」,「戰鬥力遠比不上聖核戰姬的克隆人……但成本只有十分之一以下，很划算吧？」,"""Their combat power doesn't come close to Holy Core Battlemaiden clones... but the cost is less than one-tenth, economical, right?""","「전투력은 성핵전희 클론에는 한참 미치지 못하지만… 비용은 10분의 1 이하, 경제적이지?」",「战斗力远比不上圣核战姬的克隆体……但成本只有十分之一以下，很划算吧？」
,,,,,,,,,
Dialog.DLC-P-33,,「肉壁として運用するなり、性処理させるなり、雑用として自由に使ってくれたまえ。」,「將其用作肉牆，或者讓其進行性處理，或者自由地利用作雜務。」,,「肉壁として運用するなり、性処理させるなり、雑用として自由に使ってくれたまえ。」,「要拿來當肉盾也好，當成性發洩對象也好，或是做雜務都行，隨便怎麼用。」,"""Use them as meat shields, for services, or for menial tasks as you please.""","「고기 방패로 운용하든, 성처리를 시키든, 잡일꾼으로 자유롭게 사용해 줘.」",「要拿来当肉盾也好，当成性发泄对象也好，或是做杂务都行，随便怎么用。」
,,,,,,,,,
Dialog.DLC-P-34,明穂,「おお～一般人を誘拐して戦闘員に…、流石ケイちゃんすっごいワルって感じだね～。」,「哦～誘拐普通人變成戰鬥員…，果然京酷毙了呢～。」,,「おお～一般人を誘拐して戦闘員に…、流石ケイちゃんすっごいワルって感じだね～。」,「哇～把一般人綁來變成戰鬥員……不愧是京醬，真有壞人的感覺呢～」,"""Ooh! Kidnapping ordinary people and turning them into soldiers... As expected of Kei-chan, you're really evil...""",「오오~ 일반인을 유괴해서 전투원으로… 역시 케이쨩 굉장한 악당 같은 느낌이네~.」,「哇～把一般人绑来变成战斗员……不愧是京酱，真有坏人的感觉呢～」
,,,,,,,,,
Dialog.DLC-P-35,那由多,「なるほど、貴女らしい……ですが、流石要望通りの仕事をしてくれますね。」,「原來如此，很符合妳的風格……不過，果然如要求一樣，做得很好。」,,「なるほど、貴女らしい……ですが、流石要望通りの仕事をしてくれますね。」,「原來如此，很有妳風格……不過確實是完全照我們的需求做到位了。」,"""I see, very like you... but as expected, you've done the job as requested.""","「과연, 당신답군요…… 하지만, 역시 요구대로의 일을 해주시는군요.」",「原来如此，很有你风格……不过确实是完全照我们的需求做到位了。」
,,,,,,,,,
Dialog.DLC-P-36,京,「ふふっ、そうだろう？すぐにでも量産体制に入ろうと思う、街中からちょうどいい女を誘拐して――――」,「呵呵，是吧？我想立刻進入量產體制，從城市中綁架適合的女性―――」,,「ふふっ、そうだろう？すぐにでも量産体制に入ろうと思う、街中からちょうどいい女を誘拐して――――」,「呵呵，是吧？我打算立刻啟動量產系統，從街上抓些合適的女人來――――」,"""Fufu, right? I'm thinking of entering mass production immediately, kidnapping suitable women from the city...""","「후훗, 그렇지? 즉시 양산 체제에 들어가려고 해, 거리에서 적당한 여자를 유괴해서――――」",「呵呵，是吧？我打算立刻启动量产系统，从街上抓些合适的女人来――――」
,,,,,,,,,
Dialog.DLC-P-37,,その時、アラームが鳴り、モニターから緊急連絡の通報が入る。,當時，警報響起，從監視器中收到緊急聯絡通報。,,その時、アラームが鳴り、モニターから緊急連絡の通報が入る。,就在這時，警報大響，螢幕上跳出緊急聯絡。,"At that moment, an alarm sounded and an emergency communication came through the monitor.","그때, 알람이 울리고, 모니터로부터 긴급 연락 통보가 들어온다.",就在这时，警报大响，萤幕上跳出紧急联络。
,,,,,,,,,
Dialog.DLC-P-38,クローン(通信),「っ、緊急で連絡させていただきます！」,「啊、我們緊急聯絡您！」,,「っ、緊急で連絡させていただきます！」,「緊、緊急通報！」,"""This is an emergency report!""","「윽, 긴급히 연락드립니다!」",「紧、紧急通报！」
,,,,,,,,,
Dialog.DLC-P-39,京,「っ、なんだ？話の途中に―――」,「啊，怎麼了？話還沒講完呢―――」,,「っ、なんだ？話の途中に―――」,「什麼事？正講到一半―――」,"""What? In the middle of our conversation...""","「윽, 뭐야? 이야기 도중에―――」",「什么事？正讲到一半―――」
,,,,,,,,,
Dialog.DLC-P-40,クローン戦闘員,「聖核戦姫調教セクターから被験体が脱走しました！」,「聖核戰姬調教區的被試驗體逃跑了！」,,「聖核戦姫調教セクターから被験体が脱走しました！」,「聖核戰姬調教區有實驗體脫逃！」,"""A test subject has escaped from the Holy Core Battlemaiden Training Sector!""",「성핵전희 조교 섹터에서 피험체가 탈주했습니다!」,「圣核战姬调教区有实验体脱逃！」
,,,,,,,,,
Dialog.DLC-P-41,エレナ,「…我々が離れているときにッ…しかしクローン戦闘員がいるというのに脱走ですか？」,「…我們離開一下子…可是有克隆戰鬥員在，怎麼會有逃跑的？」,,「…我々が離れているときにッ…しかしクローン戦闘員がいるというのに脱走ですか？」,「……偏偏在我們不在的時候……但那裡不是有克隆戰鬥員駐守嗎，居然還能逃出去？」,"""...While we were away... but how could there be an escape with clone soldiers present?""",「…저희가 떨어져 있을 때… 하지만 클론 전투원이 있는데도 탈주입니까?」,「……偏偏在我们不在的时候……但那里不是有克隆战斗员驻守吗，居然还能逃出去？」
,,,,,,,,,
Dialog.DLC-P-42,那由多,「聖核戦姫調教セクター…まさか」,「聖核戰姬調教區…竟然」,,「聖核戦姫調教セクター…まさか」,「聖核戰姬調教區……難道說——」,"""Holy Core Battlemaiden Training Sector... don't tell me...""",「성핵전희 조교 섹터… 설마」,「圣核战姬调教区……难道说——」
,,,,,,,,,
Dialog.DLC-P-43,クローン戦闘員,「脱走したのは聖核戦姫、コード：ダイヤモンドです―――！」,「逃跑的是聖核戰姬，代號：黛雅―――！」,,「脱走したのは聖核戦姫、コード：ダイヤモンドです―――！」,「逃脫者是聖核戰姬，代號：鑽石！」,"""The escapee is Holy Core Battlemaiden, Code: Diamond!""","「탈주한 것은 성핵전희, 코드: 다이아몬드입니다―――!」",「逃脱者是圣核战姬，代号：钻石！」
,,,,,,,,,
,暗転,,,,,,,,
Dialog.DLC-P-44,地下通路背景,ガッシャアアアアンッッ！！！！,嘎啊啊啊啊啊！！,,ガッシャアアアアンッッ！！！！,哐啷啷——！！,Crash!,갓샤아아아안!!!,哐啷啷——！！
,,,,,,,,,
Dialog.DLC-P-45,クローン戦闘員,「っ、ぐうっ、このっ！！」,「咕、咕咕、這個！！」,,「っ、ぐうっ、このっ！！」,「估唔，這……！！」,"""Guh, damn it!!""","「윽, 크윽, 이!!」",「呃、可恶，这……！！」
,,,,,,,,,
Dialog.DLC-P-46,クローン戦闘員,「―――――敵は強力です！連携をっ――――！」,「―――――敵人很強大！合作攻擊――――！」,,「―――――敵は強力です！連携をっ――――！」,「――敵人的戰力極強！大家配合――！」,"""The enemy is very powerful! Coordinate!""",「―――――적은 강력합니다! 연계를――――!」,「――敌人的战力极强！大家配合――！」
,,,,,,,,,
Dialog.DLC-P-47,ダイヤモンド(シルエット→立ち絵),「無駄だっ！はああっ！！！」,「無用的！哈啊啊！！！」,,「無駄だっ！はああっ！！！」,「沒用的！哈啊啊！！！」,"""It's useless! Haaaah!!!""",「소용없다! 하앗!!!」,「没用的！哈啊啊！！！」
,,,,,,,,,
Dialog.DLC-P-48,ダイヤモンド,「私は聖核戦姫ダイヤモンドッ！最強の聖核戦姫だッ！！」,「我是聖核戰姬黛雅！我是最強的聖核戰姬！！」,,「私は聖核戦姫ダイヤモンドッ！最強の聖核戦姫だッ！！」,「我是聖核戰姬－－鑽石！最強的聖核戰姬！！」,"""I am Holy Core Battlemaiden Diamond! The strongest Holy Core Battlemaiden!!""",「나는 성핵전희 다이아몬드! 최강의 성핵전희다!!」,「我是圣核战姬・钻石！最强的圣核战姬！！」
,,,,,,,,,
,暗転,,,,,,,,
Dialog.DLC-P-49,Hisui story DLC１,(……………！),(……………！),,(……………！),（…………！）,(...!),(……………!),（…………！）
,,,,,,,,,
Dialog.DLC-P-50,,(なんの音……………？),(是什麼聲音……………？),,(なんの音……………？),（這什麼聲音…………？）,(What's that sound...?),(무슨 소리……………?),（这什么声音…………？）
,,,,,,,,,
Dialog.DLC-P-51,,(何か非常事態が――――！！！),(有什麼非常情況發生――――！！！),,(何か非常事態が――――！！！),（難道發生了什麼緊急狀況――――！！！）,(Some kind of emergency!),(뭔가 비상사태가――――!!!),（难道发生了什么紧急状况――――！！！）
,,,,,,,,,
Dialog.DLC-P-52,,ガッシャアアアアンッッ！,「嘎啥啊啊啊啊啊啊啊啊啊啊啊啊啊啊啊啊啊啊啊啊啊啊啊啊啊啊啊啊啊啊啊啊啊啊啊啊啊啊啊啊啊啊啊啊啊啊啊啊啊啊啊啊啊啊啊啊啊啊啊啊啊啊啊啊啊啊啊啊啊啊啊啊啊啊啊啊啊啊啊啊啊啊啊啊啊啊啊啊啊啊啊啊啊啊啊啊啊啊啊啊,,ガッシャアアアアンッッ！,哐啷啷——！！,Crash!,갓샤아아아안!!,哐啷啷——！！
,暗転,,,,,,,,
,地下通路背景,,,,,,,,
Dialog.DLC-P-53,,少女を拘束していた水槽が壊れ、彼女は床に放り出される,水槽破裂，少女被摔到地板上。,,少女を拘束していた水槽が壊れ、彼女は床に放り出される,原本囚禁少女的水槽破裂，她被摔落在地上。,"The water tank containing the girl broke, and she was thrown to the floor.","소녀를 구속하고 있던 수조가 깨지고, 그녀는 바닥에 내던져진다",原本囚禁少女的水槽破裂，她被甩到地上。
,,,,,,,,,
Dialog.DLC-P-54,???(ヒスイ　全裸),「……………っ、うぅ、一体どうなって…」,「……………，唔，到底發生了什麼……」,,「……………っ、うぅ、一体どうなって…」,「…………嗚……到底發生什麼……」,"""...Ugh, what's happening...""","「……………윽, 으으, 대체 어떻게 된…」",「…………呃、呜……到底发生什么……」
,,,,,,,,,
Dialog.DLC-P-55,クローン×３,「っ！、敵の攻撃により被検体が実験槽より流出！直ちに確保を！」,「！、敵方攻擊導致被實驗體從實驗槽中流出！立即確保！」,,「っ！、敵の攻撃により被検体が実験槽より流出！直ちに確保を！」,「！因敵方攻擊，實驗體自實驗槽中流出！請立刻把她抓回來！」,"""...! The test subject has escaped from the experimental tank due to enemy attack! Secure her immediately!""","「윽!, 적의 공격으로 피험체가 실험조에서 유출! 즉시 확보를!」",「！因敌方攻击，验体自实验槽中流出！请立刻把她抓回来！」
,,,,,,,,,
Dialog.DLC-P-56,,そして何人かのクローンが水槽から放たれたばかりの少女を取り押さえようと襲い掛かる,然,,そして何人かのクローンが水槽から放たれたばかりの少女を取り押さえようと襲い掛かる,接著，幾名克隆人衝上前，企圖抓住才剛從水槽中掉出來的少女。,Several clones rushed to restrain the girl who had just been released from the tank.,그리고 여러 명의 클론이 수조에서 막 풀려난 소녀를 제압하려 덮쳐든다,接着，几名克隆人冲上前，企图抓住才刚从水槽中掉出来的少女。
,,,,,,,,,
Dialog.DLC-P-57,???,「っ、な、―――――」,「！、呃、——」,,「っ、な、―――――」,「……什――――」,"""Wh-what...""","「윽, 뭐, ―――――」",「呃、那、――――」
,,,,,,,,,
Dialog.DLC-P-58,ダイヤモンド,「っ、まだ無事な聖核戦姫が…？させるかッ！」,「！、聖核戰姬還平安無事…？絕對不會讓這樣的事情發生！」,,「っ、まだ無事な聖核戦姫が…？させるかッ！」,「還有未被侵蝕的聖核戰姬……？你們休想得逞！」,"""There's still an intact Holy Core Battlemaiden...? I won't let you!""","「윽, 아직 무사한 성핵전희가…? 내버려둘 것 같으냐!」",「还有未被侵蚀的圣核战姬……？你们休想得逞！」
,,,,,,,,,
Dialog.DLC-P-59,,ダイヤモンドの大剣が翻り、クローン達が吹き飛ばされる,黛雅的巨劍猛然揮舞，將克隆們擊飛。,,ダイヤモンドの大剣が翻り、クローン達が吹き飛ばされる,鑽石揮動巨劍，克隆人們被整排砍飛出去。,"Diamond's greatsword swept through, blowing away the clones.","다이아몬드의 대검이 휘둘러지고, 클론들이 날아간다",黛雅挥动巨剑，克隆人们被整排砍飞出去。
,,,,,,,,,
Dialog.DLC-P-60,???,「なっ、あっ、ありがとうございます…」,「呃、啊、謝謝您…」,,「なっ、あっ、ありがとうございます…」,「咦、啊……謝、謝謝您……」,"""Ah, th-thank you...""","「앗, 아, 감사합니다…」",「咦、啊……谢、谢谢您……」
,,,,,,,,,
Dialog.DLC-P-61,ダイヤモンド,「礼など言っている場合か！貴様も聖核戦姫だろう！生き延びたければ戦え！」,「說什麼客套話！你也是聖核戰姬吧！想活下去就戰鬥吧！」,,「礼など言っている場合か！貴様も聖核戦姫だろう！生き延びたければ戦え！」,「現在不是說謝謝的場合！妳也是聖核戰姬吧！想活下來就給我戰鬥！」,"""This is no time for thanks! You're a Holy Core Battlemaiden too, aren't you! Fight if you want to survive!""",「감사 따위 할 때인가! 네놈도 성핵전희겠지! 살아남고 싶다면 싸워라!」,「现在不是说谢谢的场合！你也是圣核战姬吧！想活下来就给我战斗！」
,,,,,,,,,
Dialog.DLC-P-62,???,「っ！？は、はいっ！」,「！？呃、好的！」,,「っ！？は、はいっ！」,「！是、是的！」,"""?! Y-yes!""","「윽!? 네, 네!」",「！是、是的！」
,,,,,,,,,
Dialog.DLC-P-63,,(そうだ………私は聖核戦姫！状況はわからないけど……今の私に出来ることをっ！),「沒錯……我是聖核戰姬！雖然情況不明……但現在我能做的事情！」,,(そうだ………私は聖核戦姫！状況はわからないけど……今の私に出来ることをっ！),（對……我是聖核戰姬！雖然還搞不清楚狀況……但我得做我現在能做到的事！）,(That's right... I'm a Holy Core Battlemaiden! I don't understand the situation but... I'll do what I can!),(그래……… 나는 성핵전희! 상황은 모르겠지만…… 지금 내가 할 수 있는 일을!),（对……我是圣核战姬！虽然还搞不清楚状况……但我得做我现在能做到的事！）
,,,,,,,,,
Dialog.DLC-P-64,,そして少女の体から緑色の光があふれ出し――――,然後從少女的身體中湧出了綠色的光———,,そして少女の体から緑色の光があふれ出し――――,少女的身上開始湧出綠色的光芒――――,Then green light flowed from the girl's body...,그리고 소녀의 몸에서 녹색 빛이 넘쳐흐르며――――,少女的身上开始涌出绿色的光芒――――
,,,,,,,,,
Dialog.DLC-P-65,ヒスイ(ヒスイ変身),「変身完了！私はヒスイ、聖核戦姫、コード：ヒスイです！」,「變身完成！我是翡翠，聖核戰姬，代號：翡翠！」,,「変身完了！私はヒスイ、聖核戦姫、コード：ヒスイです！」,「變身完成！我是翡翠，聖核戰姬，代號：翡翠！」,"""Transformation complete! I am Hisui, Holy Core Battlemaiden, Code: Jade!""","「변신 완료! 저는 히스이, 성핵전희, 코드: 히스이입니다!」",「变身完成！我是翡翠，圣核战姬，代号：翡翠！」
,,,,,,,,,
Dialog.DLC-P-66,ダイヤモンド,「今からこの戦闘員共を突破する！私が道を切り開くから自分の身は自分で守れ！」,「從現在開始突破這些戰鬥員！我會開路，保護自己就靠自己！」,,「今からこの戦闘員共を突破する！私が道を切り開くから自分の身は自分で守れ！」,「接下來我要強行突破這區！我來開路，妳自己顧好自己的性命！」,"""We're going past these soldiers now! I'll clear the path, so protect yourself!""",「지금부터 이 전투원들을 돌파한다! 내가 길을 열 테니 네 몸은 네가 지켜라!」,「接下来我要强行突破这区！我来开路，你自己顾好自己的性命！」
,,,,,,,,,
Dialog.DLC-P-67,ヒスイ,「は、はいっ！」,「呃、好的！」,,「は、はいっ！」,「是、是！」,"""Y-yes!""","「네, 넷!」",「是、是！」
,,,,,,,,,
Dialog.DLC-P-68,ダイヤモンド,「はあああああっっっっ――――――――！！！！！」,「啊啊啊啊啊——！！！！！」,,「はあああああっっっっ――――――――！！！！！」,「哈啊啊啊啊啊————————！！！！！」,"""Haaaaaahhhhh!!!!!""",「하아아아아아앗――――――――!!!!!」,「哈啊啊啊啊啊————————！！！！！」
,,,,,,,,,
Dialog.DLC-P-69,ヒスイ,「……………！！！」,「……………！！！」,,「……………！！！」,「…………！！！」,"""...!!!""",「……………!!!」,「…………！！！」
,ホワイトアウトする演出(暗転の白Ver),,,,,,,,
Dialog.DLC-P-70,,数時間後、都市の裏路地にて,數小時後，在都市的偏僻巷道裡。,,数時間後、都市の裏路地にて,數小時後，都市的後巷裡,"Several hours later, in the city's back alleys","수 시간 후, 도시의 뒷골목에서",数小时后，都市的后巷里
,背景　裏路地,,,,,,,,
Dialog.DLC-P-71,ヒスイ(私服),「はあっ、はあっ、はあっ…」,「呼、呼、呼...」,,「はあっ、はあっ、はあっ…」,「哈啊、哈啊、哈啊……」,"""Haa, haa, haa...""","「하앗, 하앗, 하앗…」",「哈啊、哈啊、哈啊……」
,,,,,,,,,
Dialog.DLC-P-72,ダイヤ(私服),「……ふう、ここまで来れば一旦逃げ切っただろう。」,「……呼，到這裡應該算是成功逃脫了吧。」,,「……ふう、ここまで来れば一旦逃げ切っただろう。」,「……呼，都跑到這裡了，我們應該暫時是甩開追兵了。」,"""...Phew, we should have lost them for now.""","「……후우, 여기까지 오면 일단 도망쳤겠지.」",「……呼，都跑到这里了，我们应该暂时是甩开追兵了。」
,,,,,,,,,
Dialog.DLC-P-73,,二人の聖核戦姫は財団の追跡を振り切り、夜の闇に紛れて路地裏に身を隠していた,兩位聖核戰姬擺脫了財團的追蹤，在夜色中躲藏在巷子裡。,,二人の聖核戦姫は財団の追跡を振り切り、夜の闇に紛れて路地裏に身を隠していた,兩名聖核戰姬擺脫了財團的追擊，隱身在夜色中的巷弄深處。,The two Holy Core Battlemaidens had shaken off the Foundation's pursuit and hid in the back alleys under cover of night.,"두 명의 성핵전희는 재단의 추적을 따돌리고, 밤의 어둠에 숨어 골목길에 몸을 숨기고 있었다",两名圣核战姬摆脱了财团的追击，隐身在夜色中的巷弄深处。
,,,,,,,,,
,,,,,,,,,
,,,,,,,,,
Dialog.DLC-P-74,ヒスイ,「た、助けていただきありがとうございました。ええと…私はヒスイ…西園寺ヒスイです。貴女は…？」,「謝、謝謝你的幫助。那個…我是翡翠…西園寺翡翠。你是…？」,,「た、助けていただきありがとうございました。ええと…私はヒスイ…西園寺ヒスイです。貴女は…？」,「謝、謝謝妳救了我。那個……我是翡翠，西園寺翡翠。妳是……？」,"""Th-thank you for saving me. Um... I'm Hisui... Hisui Saionji. And you are...?""","「도, 도와주셔서 감사합니다. 음… 저는 히스이… 사이온지 히스이입니다. 당신은…?」",「谢、谢谢你救了我。那个……我是翡翠，西园寺翡翠。你是……？」
,,,,,,,,,
Dialog.DLC-P-75,ダイヤ,「…………。」,「…………。」,,「…………。」,「…………」,"""...""",「………….」,「…………」
,,,,,,,,,
Dialog.DLC-P-76,,「………私はこれから財団の本拠地を奇襲し、幹部共を暗殺する。」,「………我將突襲財團的基地，暗殺他們的幹部。」,,「………私はこれから財団の本拠地を奇襲し、幹部共を暗殺する。」,「………接下來我要突襲財團本部，把那些幹部全都暗殺掉。」,"""...I'm going to raid the Foundation's headquarters and assassinate the executives.""","「………나는 이제부터 재단의 본거지를 기습하여, 간부들을 암살한다.」",「………接下来我要突袭财团本部，把那些干部全都暗杀掉。」
,,,,,,,,,
Dialog.DLC-P-77,ヒスイ,「えっ！？な、何を？」,「欸！？什、什麼？」,,「えっ！？な、何を？」,「咦！？妳、妳說什麼！？」,"""What?! Wh-what?""","「엣!? 무, 무엇을?」",「咦！？你、你说什么！？」
,,,,,,,,,
Dialog.DLC-P-78,ダイヤ,「……今財団は我々を探すために多少本体の警備は手薄になっているはずだ。」,「……現在財團應該為了尋找我們，本部的防護應該有所減弱。」,,「……今財団は我々を探すために多少本体の警備は手薄になっているはずだ。」,「……現在財團為了搜尋我們，本部那邊的警戒多少會變得比較寬鬆。」,"""...Right now the Foundation is searching for us, so their main security should be somewhat weakened.""",「……지금 재단은 우리를 찾기 위해 다소 본체의 경비는 허술해졌을 것이다.」,「……现在财团为了搜寻我们，本部那边的警戒多少会变得比较宽松。」
,,,,,,,,,
Dialog.DLC-P-79,ヒスイ,「そんな、いくら貴女でも今は…！」,「這樣，就算是您現在也...！」,,「そんな、いくら貴女でも今は…！」,「就算這樣，再怎麼說妳一個人也――！」,"""But even for you, right now...!""","「그런, 아무리 당신이라도 지금은…!」",「就算这样，再怎么说你一个人也――！」
,,,,,,,,,
Dialog.DLC-P-80,ダイヤ(変身),「…私は聖核戦姫の正義を執行する。貴様は自分の身を隠す事に集中しろ。」,「…我將執行聖核戰姬的正義。你應該專注於隱藏自己。」,,「…私は聖核戦姫の正義を執行する。貴様は自分の身を隠す事に集中しろ。」,「……我要去執行身為聖核戰姬的正義。妳就專心地把自己躲藏好就好了。」,"""...I will execute the justice of the Holy Core Battlemaidens. You focus on hiding yourself.""",「…나는 성핵전희의 정의를 집행한다. 네놈은 자신의 몸을 숨기는 데 집중해라.」,「……我要去执行身为圣核战姬的正义。你就专心把自己藏起来就好了。」
,,,,,,,,,
Dialog.DLC-P-81,ヒスイ,「そ、それなら私も聖核戦姫です！一緒に戦います―――」,「那、那樣的話，我也是聖核戰姬！我們一起戰鬥──」,,「そ、それなら私も聖核戦姫です！一緒に戦います―――」,「那、那我也是聖核戰姬！請讓我一起戰――」,"""Th-then I'm a Holy Core Battlemaiden too! I'll fight with you...""","「그, 그렇다면 저도 성핵전희입니다! 함께 싸우겠습니다――――」",「那、那我也是圣核战姬！请让我一起战――」
,,,,,,,,,
Dialog.DLC-P-82,ダイヤ,「……先ほど貴様の戦闘を見ていたが、はっきり言って力不足だ。」,「……剛才觀看了你的戰鬥，坦率地說，實力不足。」,,「……先ほど貴様の戦闘を見ていたが、はっきり言って力不足だ。」,「……剛才我已經看過妳的戰鬥方式了，老實說妳的實力不夠。」,"""...I saw you fighting earlier, and frankly, you lack strength.""","「……방금 네놈의 전투를 봤지만, 솔직히 말해서 역부족이다.」",「……刚才我已经看过你的战斗方式了，老实说你的实力不够。」
,,,,,,,,,
Dialog.DLC-P-83,,「せいぜいクローン共2～3匹を相手にするのが関の山だろう…はっきり言って足手まといだ。」,「最多也就是應對2到3隻克隆體，已經是極限了吧…坦率地說，只是拖累。」,,「せいぜいクローン共2～3匹を相手にするのが関の山だろう…はっきり言って足手まといだ。」,「妳也就勉強能應付兩三個克隆人……說難聽一點，妳只會拖後腿。」,"""At best you could handle 2 or 3 clones... Frankly, you'd be a burden.""",「고작 클론들 2~3마리를 상대하는 것이 고작일 것이다… 솔직히 말해서 걸림돌이다.」,「你也就勉强能应付两叁个克隆体……说难听一点，你只会拖后腿。」
,,,,,,,,,
Dialog.DLC-P-84,,「さらばだ、運が良ければまた会う事もあるだろう。幸運を祈る。」,「再會了，如果運氣好的話，或許還有再見的機會。祝你好運。」,,「さらばだ、運が良ければまた会う事もあるだろう。幸運を祈る。」,「我先走了，如果運氣好，也許我們還有再見面的一天。祝妳好運。」,"""Farewell. If we're lucky, we may meet again. Good fortune to you.""","「잘 가라, 운이 좋으면 다시 만날 수도 있겠지. 행운을 빈다.」",「我先走了，如果运气好，也许我们还有再见面的一天。祝你好运。」
,,,,,,,,,
Dialog.DLC-P-85,ヒスイ,「――――っ！」,「——！」,,「――――っ！」,「――――！」,"""...!""",「――――윽!」,「――――！」
,,,,,,,,,
Dialog.DLC-P-86,,「――――待ってください！！！」,「——請等一下！！！」,,「――――待ってください！！！」,「――請等一下！！！」,"""Wait, please!!!""",「――――기다려주세요!!!」,「――请等一下！！！」
,,,,,,,,,
Dialog.DLC-P-87,,「私も聖核戦姫です！このまま敵にやられっぱなしではいられません！」,「我也是聖核戰姬！不能就這樣一直被敵人打倒！」,,「私も聖核戦姫です！このまま敵にやられっぱなしではいられません！」,「我也是聖核戰姬，我不可能就這樣任由敵人予取予求！」,"""I'm a Holy Core Battlemaiden too! I can't just let the enemy have their way!""",「저도 성핵전희입니다! 이대로 적에게 당하기만 할 수는 없습니다!」,「我也是圣核战姬，我不可能就这样任由敌人予取予求！」
,,,,,,,,,
Dialog.DLC-P-88,,「私は聖月生徒会で書記をやっていました…奴らの情報も持っていますし…もっと可能性のある作戦も立てられます！」,「我在聖月學生會擔任書記…我持有他們的情報…也能提出更有可能成功的作戰！」,,「私はレギオン司令部で書記をやっていました…奴らの情報も持っていますし…もっと可能性のある作戦も立てられます！」,「我以前在軍團司令部擔任書記……手上也掌握了不少他們的情報，我可以幫妳擬定成功率更高的作戰！」,"""I worked as a secretary at Legion Command... I have information about them... I can come up with better strategies!""",「저는 레기온 사령부에서 서기를 했습니다… 놈들의 정보도 가지고 있고… 더 가능성 있는 작전도 세울 수 있습니다!」,「我以前在军团司令部担任书记……手上也掌握了不少他们的情报，我可以帮你拟定成功率更高的作战！」
,,,,,,,,,
Dialog.DLC-P-89,,「それに…あそこにはエレナ先輩がいて…絶対取り戻したいんです！」,「而且…那裡有艾蓮娜前輩在…我一定要把她找回來！」,,「それに…あそこにはエレナ先輩がいて…絶対取り戻したいんです！」,「而且……那裡現在還有艾蓮娜前輩，我一定要把她救回來！」,"""And... Erena is there... I absolutely want to get her back!""",「그리고… 거기에는 엘레나 선배가 있어서… 반드시 되찾고 싶습니다!」,「而且……那里现在还有艾莲娜前辈，我一定要把她救回来！」
,,,,,,,,,
Dialog.DLC-P-90,,「ですから！お願いです、私の話を聞いてください！」,「所以！拜託了，請聽我說！」,,「ですから！お願いです、私の話を聞いてください！」,「所以！拜託妳，請聽我說！」,"""So please! Please listen to what I have to say!""","「그러니까! 부탁입니다, 제 이야기를 들어주세요!」",「所以！拜托你，请听我说！」
,,,,,,,,,
Dialog.DLC-P-91,ダイヤ,「……………。」,「……………。」,,「……………。」,「……………」,"""...""",「…………….」,「……………」
,,,,,,,,,
Dialog.DLC-P-92,,「…………………なるほど。」,「…………………原來如此。」,,「…………………なるほど。」,「…………………原來如此。」,"""...I see.""",「…………………그렇군.」,「…………………原来如此。」
,,,,,,,,,
Dialog.DLC-P-93,ダイヤ(私服に戻る),「…………私はアナスタシア・ペトロ・ダイヤモンド。…ダイヤでいい。」,「…………我是安娜斯塔西婭·彼得羅·黛雅。…可以叫我黛。」,,「…………私はアナスタシア・ペトロ・ダイヤモンド。…ダイヤでいい。」,「……我叫阿納斯塔西亞・彼得羅・鑽石，妳叫我黛雅就好。」,"""...I am Anastasia Petro Diamond. ...Daiya is fine.""",「…………나는 아나스타샤·페트로·다이아몬드. …다이아라고 불러도 돼.」,「……我叫安娜塔西亚・佩特罗・黛雅，你叫我『黛雅』就好。」
,,,,,,,,,
Dialog.DLC-P-94,ヒスイ,「……！改めましてヒスイです！」,「……！改為西園寺翡翠！」,,「……！改めましてヒスイです！」,「……！我再自我介紹一次，我是翡翠！」,"""...! Once again, I'm Hisui!""",「……! 다시 한번 인사드립니다 히스이입니다!」,「……！我再自我介绍一次，我是翡翠！」
,,,,,,,,,
Dialog.DLC-P-95,ダイヤ,「ヒスイか、よろしく頼む。ふう…今日の突入は無しにする。」,「翡翠啊，拜託了。呼…今天就不突入了。」,,「ヒスイか、よろしく頼む。ふう…今日の突入は無しにする。」,「翡翠嗎，接下來就請多指教了。哼……那今天就先不強行突入了。」,"""Hisui, I see. Nice to meet you. Phew... I'll cancel today's raid.""","「히스이인가, 잘 부탁한다. 후우… 오늘의 돌입은 취소한다.」",「翡翠吗，接下来就请多指教了。哼……那今天就先不强行突入了。」
,,,,,,,,,
Dialog.DLC-P-96,,「…聞かせてくれ、お前にどんな作戦があるのか……っ――――。」,「…告訴我，你有什麼作戰計劃……呢――――。」,,「…聞かせてくれ、お前にどんな作戦があるのか……っ――――。」,「……說來聽聽吧，妳有什麼作戰的想法……呃――――」,"""...Tell me, what kind of strategy do you have... Ugh...""","「…들려줘라, 너에게 어떤 작전이 있는지……윽――――.」",「……说来听听吧，你有什么作战的想法……呃――――」
,,,,,,,,,
Dialog.DLC-P-97,,その瞬間ダイヤの体がふらつき倒れそうになる。,在那一瞬間，黛的身體搖搖欲墜，差點倒下。,,その瞬間ダイヤの体がふらつき倒れそうになる。,下一個瞬間，黛雅的身子一晃，差點倒下。,"At that moment, Daiya's body swayed and she nearly collapsed.",그 순간 다이아의 몸이 휘청거리며 쓰러질 뻔한다.,下一个瞬间，黛雅的身子一晃，差点倒下。
,,,,,,,,,
Dialog.DLC-P-98,ヒスイ,「！、だ、駄目じゃないですか！？まずは休みましょう！――――」,「！、不、這樣不行吧！？先休息一下吧！――――」,,「！、だ、駄目じゃないですか！？まずは休みましょう！――――」,「！這、這樣不行啊！？果然我們先休息一下再說吧！――――」,"""...! Th-this won't do! First let's rest!""","「!, 아, 안 되잖아요!? 우선 쉬어요!――――」",「！这、这样不行啊！？果然我们先休息一下再说吧！――――」
,,,,,,,,,
,,,,,,,,,
,,,,,,,,,
,,,,,,,,,
,,,,,,,,,
,,,,,,,,,
DLC1-1,,,,,,,,,
Dialog.DLC1-1-1,背景　カフェ,――――二人の聖核戦姫が財団を脱出してから数日後。,――――兩位聖核戰姬從財團逃脫後的幾天。,,――――二人の聖核戦姫が財団を脱出してから数日後。,――――兩名聖核戰姬從財團脫逃之後，過了數天。,Several days after the two Holy Core Battlemaidens escaped from the Foundation.,――――두 명의 성핵전희가 재단을 탈출한 지 며칠 후.,――――两名圣核战姬从财团脱逃之后，过了数天。
Dialog.DLC1-1-2,ヒスイ,「それでは作戦を説明します」,「那麼，我來解釋作戰計劃。」,,「それでは作戦を説明します」,「那麼，接下來說明作戰內容。」,"""Now then, I'll explain the strategy.""",「그럼 작전을 설명하겠습니다」,「那么，接下来说明作战内容。」
,,,,,,,,,
Dialog.DLC1-1-3,,「正直私達二人だけでは正面から財団の戦闘員達…特にあの那由多先輩には勝つことは難しいでしょう」,「老實說，我們兩個單獨對抗財團的戰鬥員們…尤其是那位那由多前輩，恐怕很難取勝吧。」,,「正直私達二人だけでは正面から財団の戦闘員達…特にあの那由多先輩には勝つことは難しいでしょう」,「老實說，光靠我們兩個，正面對上財團的戰鬥員們……尤其是那由多前輩，要贏幾乎是不可能的。」,"""Honestly, with just the two of us, it would be difficult to defeat the Foundation's soldiers head-on... especially Nayuta.""",「솔직히 저희 둘만으로는 정면으로 재단 전투원들… 특히 저 나유타 선배에게 이기기는 어려울 것입니다」,「老实说，光靠我们两个，正面对上财团的战斗员们……尤其是那由多前辈，要赢几乎是不可能的。」
,,,,,,,,,
Dialog.DLC1-1-4,ダイヤ,「……………。」,「……………。」,,「……………。」,「……………」,"""...""",「…………….」,「……………」
,,,,,,,,,
Dialog.DLC1-1-5,,「そこで…私が生徒会の書記の時に見た資料の中に戦力になりそうなものがありました…！」,「所以…在我擔任學生會書記時看到的文件中，有些看起來可以成為戰力的東西…！」,,「そこで…私が司令部での書記の時に見た資料の中に戦力になりそうなものがありました…！」,「所以……我想到，在我以前在司令部當書記時，在看過的資料裡，有一樣或許能成為戰力的東西……！」,"""So... among the documents I saw when I was a secretary at Command, there was something that could become a military asset...!""",「그래서… 제가 사령부 서기 시절 봤던 자료 중에 전력이 될 만한 것이 있었습니다…!」,「所以……我想到，在我以前在司令部当书记时，在看过的资料里，有一样或许能成为战力的东西……！」
,,,,,,,,,
Dialog.DLC1-1-6,,「この資料を見てください…聖核の力を増幅して聖核戦姫の力を何倍にも増幅するパワードスーツです！」,「請看這份文件…這是可以增幅聖核之力，並將聖核戰姬的力量增幅數倍的強化戰鬥裝甲！」,,「この資料を見てください…聖核の力を増幅して聖核戦姫の力を何倍にも増幅するパワードスーツです！」,「請看這份資料……這是能將聖核之力放大，讓聖核戰姬的力量成倍提升的強化裝甲。」,"""Look at this document... It's a powered suit that amplifies Holy Core power and multiplies a Holy Core Battlemaiden's strength many times over!""",「이 자료를 봐주세요… 성핵의 힘을 증폭시켜 성핵전희의 힘을 몇 배로 증폭시키는 파워드 슈트입니다!」,「请看这份资料……这是能将圣核之力放大，让圣核战姬的力量成倍提升的强化装甲。」
,,,,,,,,,
Dialog.DLC1-1-7,,「エレナ先輩の清藤グループが、聖核戦姫を支援するために開発していたらしいです…戦闘力では那由多先輩に匹敵するとか。」,「艾蓮娜前輩的清藤集團，似乎正在開發支援聖核戰姬的裝備…據說在戰鬥力方面能與那由多前輩匹敵。」,,「エレナ先輩の清藤グループが、聖核戦姫を支援するために開発していたらしいです…戦闘力では那由多先輩に匹敵するとか。」,「好像是艾蓮娜前輩的清藤集團，為了支援聖核戰姬而開發出來的……據說戰鬥力足以與那由多前輩匹敵。」,"""The Seidō Group was apparently developing it to support Holy Core Battlemaidens... They say its combat power rivals Nayuta's.""","「엘레나 선배의 세이토 그룹이, 성핵전희를 지원하기 위해 개발했던 것 같습니다… 전투력으로는 나유타 선배에게 필적한다고 합니다.」",「好像是艾莲娜前辈的清藤集团，为了支援圣核战姬而开发出来的……据说战斗力足以与那由多前辈匹敌。」
,,,,,,,,,
,,,,,,,,,
,,,,,,,,,
Dialog.DLC1-1-8,,「このスーツをダイヤさんが使えば…那由多先輩にも勝てるはずです！」,「如果黛雅使用這套裝甲的話…應該就能打敗那由多前輩了！」,,「このスーツをダイヤさんが使えば…那由多先輩にも勝てるはずです！」,「如果這套裝甲交給黛雅小姐使用……一定有機會打贏那由多前輩！」,"""If you use this suit, Daiya... you should be able to defeat even Nayuta!""",「이 슈트를 다이아 씨가 사용하면… 나유타 선배에게도 이길 수 있을 겁니다!」,「如果这套装甲交给黛雅小姐使用……一定有机会打赢那由多前辈！」
,,,,,,,,,
Dialog.DLC1-1-9,ダイヤ,「……こんなものに頼るのは気が進まないが……それでこれはどこにある？」,「……雖然不太情願依賴這種東西……那這是在哪裡？」,,「……こんなものに頼るのは気が進まないが……それでこれはどこにある？」,「……雖然我不太想依賴這種東西……那這套裝甲現在在哪？」,"""...I'm reluctant to rely on something like this... but where is it?""",「……이런 것에 의지하는 것은 마음에 들지 않지만…… 그래서 이것은 어디에 있나?」,「……虽然我不太想依赖这种东西……那这套装甲现在在哪？」
,,,,,,,,,
Dialog.DLC1-1-10,ヒスイ,「清藤グループの管理下の施設です。ただ…」,「清藤集團管理下的設施。但是…」,,「清藤グループの管理下の施設です。ただ…」,「在清藤集團管理的某處設施裡。只是……」,"""It's at a facility under Seidō Group's control. However...""",「세이토 그룹의 관리에 있는 시설입니다. 단지…」,「在清藤集团管理的某处设施里。只是……」
,,,,,,,,,
Dialog.DLC1-1-11,ダイヤ,「………ただ？」,「……只是？」,,「………ただ？」,「……只是？」,"""...However?""",「………단지?」,「……只是？」
,,,,,,,,,
Dialog.DLC1-1-12,ヒスイ,「保管庫は財団の支配下で厳重に警備されていて…今ではエレナ先輩の許可が無ければ入るのは厳しいです」,「保管庫在財團的控制下受到嚴密保護…現在如果沒有艾蓮娜前輩的許可，進入是相當困難的。」,,「保管庫は財団の支配下で厳重に警備されていて…今ではエレナ先輩の許可が無ければ入るのは厳しいです」,「保管庫現在在財團的掌控之下，戒備非常森嚴……如今若沒有艾蓮娜前輩的許可，要進去幾乎不可能。」,"""The storage facility is under Foundation control and heavily guarded... Now it's difficult to enter without Erena's permission.""",「보관고는 재단의 지배로 엄중히 경비되고 있어서… 지금은 엘레나 선배의 허가가 없으면 들어가기 힘듭니다」,「保管库现在在财团的掌控之下，戒备非常森严……如今若没有艾莲娜前辈的许可，要进去几乎不可能。」
,,,,,,,,,
Dialog.DLC1-1-13,ダイヤ,「…なるほど。」,「原來如此。」,,「…なるほど。」,「……原來如此。」,"""...I see.""",「…과연.」,「……原来如此。」
,,,,,,,,,
Dialog.DLC1-1-14,ダイヤ,「……つまり清藤エレナを拉致して無理やり開かせればいいわけか。」,「……也就是說，只要綁架清藤艾蓮娜，強迫她打開就可以了。」,,「……つまり清藤エレナを拉致して無理やり開かせればいいわけか。」,「……也就是說，把清藤艾蓮娜抓來，強迫她開門就行了。」,"""...So we just need to kidnap Erena Seidō and force her to open it.""",「……즉 세이토 엘레나를 납치해서 억지로 열게 하면 되는 건가.」,「……也就是说，把清藤艾莲娜抓来，强迫她开门就行了。」
,,,,,,,,,
Dialog.DLC1-1-15,ヒスイ,「ら、拉致…！？ま、まあ出来るならそれでもいいんですが…」,「綁、綁架…！？嗯、嗯，如果可以的話，那樣也可以…」,,「ら、拉致…！？ま、まあ出来るならそれでもいいんですが…」,「綁、綁架……！？雖、雖然如果辦得到的話也不是不行啦，不過……」,"""K-kidnap...?! W-well, if we could do that, it would work...""","「나, 납치…!? 뭐, 할 수 있다면 그래도 괜찮겠지만…」",「绑、绑架……！？虽、虽然如果办得到的话也不是不行啦，不过……」
,,,,,,,,,
Dialog.DLC1-1-16,,「出来れば説得して…無理ならエレナ先輩の指示であることを証明できるものがあれば…生徒証とか…？」,「如果可能的話，先試著說服…如果不行的話，如果有能夠證明是艾蓮娜前輩指示的東西…像是學生證之類的…？」,,「出来れば説得して…無理ならエレナ先輩の指示であることを証明できるものがあれば…身分証明書とか…？」,「如果可以的話，我還是希望能說服她……就算不行，只要能拿到能證明是艾蓮娜前輩授權的東西……例如身分證明之類的……」,"""If possible, we could persuade her... If not, if we had something to prove it's Erena's directive... like an ID card...?""",「가능하면 설득해서… 무리라면 엘레나 선배의 지시라는 것을 증명할 수 있는 것이 있으면… 신분증 같은…?」,「如果可以的话，我还是希望能说服她……就算不行，只要能拿到能证明是艾莲娜前辈授权的东西……例如身分证明之类的……」
,,,,,,,,,
Dialog.DLC1-1-17,ダイヤ,「しかし……どうやって清藤エレナに接近するつもりだ？」,「但是……你打算如何接近艾蓮娜呢？」,,「しかし……どうやって清藤エレナに接近するつもりだ？」,「但問題是……我們要怎麼接近清藤艾蓮娜？」,"""But... how do you plan to approach Erena Seidō?""",「하지만…… 어떻게 세이토 엘레나에게 접근할 생각이지?」,「但问题是……我们要怎么接近清藤艾莲娜？」
,,,,,,,,,
Dialog.DLC1-1-18,ヒスイ,「…最近財団は戦力強化のため、一般人の女性を誘拐して戦闘員にしているようです。」,「…最近財團為了增強戰力，似乎在綁架普通女性，讓她們成為戰鬥員。」,,「…最近財団は戦力強化のため、一般人の女性を誘拐して戦闘員にしているようです。」,「……最近為了強化戰力，財團好像在綁架一般女性，把她們改造成戰鬥員。」,"""...Recently the Foundation has been kidnapping ordinary women and turning them into soldiers to strengthen their forces.""","「…최근 재단은 전력 강화를 위해, 일반인 여성을 유괴해서 전투원으로 만들고 있는 것 같습니다.」",「……最近为了强化战力，财团好像在绑架一般女性，把她们改造成战斗员。」
,,,,,,,,,
Dialog.DLC1-1-19,ダイヤ,「……………外道な…！」,「……………外道的…！」,,「……………外道な…！」,「…………真是卑鄙……！」,"""......How vile...!""",「……………외도로군…!」,「…………真是卑鄙……！」
,,,,,,,,,
Dialog.DLC1-1-20,ヒスイ,「はい…ですがこれは財団に近づくチャンスです。」,「是的…但這是接近財團的機會。」,,「はい…ですがこれは財団に近づくチャンスです。」,「沒錯，但這同時也是我們接近財團的機會。」,"""Yes... but this is a chance to get close to the Foundation.""",「네… 하지만 이것은 재단에 접근할 기회입니다.」,「没错，但这同时也是我们接近财团的机会。」
,,,,,,,,,
Dialog.DLC1-1-21,ヒスイ,「………ですので、私が戦闘員に紛れて財団に潜入します！」,「………因此，我將混入戰鬥員中，潛入財團！」,,「………ですので、私が戦闘員に紛れて財団に潜入します！」,「……所以，我打算混進那些戰鬥員裡，潛入財團內部！」,"""...So I'll blend in with the soldiers and infiltrate the Foundation!""","「………그러므로, 제가 전투원으로 위장하여 재단에 잠입하겠습니다!」",「……所以，我打算混进那些战斗员里，潜入财团内部！」
,,,,,,,,,
Dialog.DLC1-1-22,ダイヤ,「……あまりに危険だ。それなら私がやる。」,「……太危險了。那我來做。」,,「……あまりに危険だ。それなら私がやる。」,「……實在太危險了。那就由我去吧。」,"""...That's too dangerous. I'll do it instead.""",「……너무 위험하다. 그렇다면 내가 하겠다.」,「……实在太危险了。那就由我去吧。」
,,,,,,,,,
Dialog.DLC1-1-23,ヒスイ,「いえ、ダイヤさんまで捕まってしまってはそれこそおしまいです。」,「不，如果連黛雅小姐都被捉走了，那就真的完了。」,,「いえ、ダイヤさんまで捕まってしまってはそれこそおしまいです。」,「不行，如果連黛雅小姐都被抓走，那才真的是完蛋了。」,"""No, if you get captured too, it's all over.""","「아니요, 다이아 씨까지 붙잡히면 그것이야말로 끝입니다.」",「不行，如果连黛雅小姐都被抓走，那才真的是完蛋了。」
,,,,,,,,,
Dialog.DLC1-1-24,ダイヤ,「しかしだな…」,「但是呢…」,,「しかしだな…」,「可是……」,"""But...""",「하지만…」,「可是……」
,,,,,,,,,
Dialog.DLC1-1-25,,「私はダイヤさんほど強くは無いですが…生徒会時代からこういう立ち回りは得意なんです。」,「我雖然沒有黛雅小姐那麼強大…但從學生會時代起，這種應對方式是我的拿手好戲。」,,「私はダイヤさんほど強くは無いですが…司令部にいたときからこういう立ち回りは得意なんです。」,「我雖然沒有黛雅小姐那麼強，但在司令部工作的時候，這種迂迴的手段正是我的拿手好戲。」,"""I'm not as strong as you, Daiya... but I've been good at this kind of maneuvering since my time at Command.""",「저는 다이아 씨만큼 강하지는 않지만… 사령부에 있을 때부터 이런 역할은 잘했습니다.」,「我虽然没有黛雅小姐那么强，但在司令部工作的时候，这种迂回的手段正是我的拿手好戏。」
,,,,,,,,,
Dialog.DLC1-1-26,,「ダイヤさんには適宜こちらから連絡します…ですので、待っていてください！」,「我會隨時跟黛雅小姐聯絡…所以，請等著！」,,「ダイヤさんには適宜こちらから連絡します…ですので、待っていてください！」,「我會隨時主動和妳聯絡……所以，請妳在外面等我！」,"""I'll contact you when I can... so please wait for me!""","「다이아 씨에게는 적절히 이쪽에서 연락하겠습니다… 그러니, 기다려주세요!」",「我会随时主动和你联络……所以，请你在外面等我！」
,,,,,,,,,
Dialog.DLC1-1-27,ダイヤ,「…そうか……わかった。」,「…原來如此……我知道了。」,,「…そうか……わかった。」,「……這樣啊……我知道了。」,"""...I see... understood.""",「…그런가…… 알았다.」,「……这样啊……我知道了。」
,,,,,,,,,
Dialog.DLC1-1-28,,「……一つだけ聞かせてくれ。ヒスイ、……君は何のために戦う？」,「……只問你一個問題。翡翠，……你為了什麼而戰鬥？」,,「……一つだけ聞かせてくれ。ヒスイ、……君は何のために戦う？」,「……我只問妳一個問題。翡翠，妳――是為了什麼而戰？」,"""...Let me ask you one thing. Hisui... what are you fighting for?""","「……하나만 묻겠다. 히스이, ……너는 무엇을 위해 싸우는가?」",「……我只问你一个问题。翡翠，你――是为了什么而战？」
,,,,,,,,,
Dialog.DLC1-1-29,ヒスイ,「…………っ！……私は……。」,「…………！……我……。」,,「…………っ！……私は……。」,「…………！我……」,"""......! ...I...""",「…………윽!…… 저는…….」,「…………！我……」
,,,,,,,,,
Dialog.DLC1-1-30,,「私は……平和のため！……エレナ先輩や聖核戦姫の皆さんとの平和な日常を取り戻すために戦います………！」,「我……為了和平！……為了恢復與艾蓮娜前輩和聖核戰姬們一起的和平日常而戰鬥……！」,,「私は……平和のため！……エレナ先輩や聖核戦姫の皆さんとの平和な日常を取り戻すために戦います………！」,「我是為了……和平而戰！為了奪回艾蓮娜前輩，以及所有聖核戰姬能夠一起度過的那種和平日常……我要戰鬥……！」,"""I... for peace! ...I fight to restore the peaceful daily life with Erena and all the Holy Core Battlemaidens...!""",「저는…… 평화를 위해!…… 엘레나 선배나 성핵전희 여러분과의 평화로운 일상을 되찾기 위해 싸우겠습니다………!」,「我是为了……和平而战！为了夺回艾莲娜前辈，以及所有圣核战姬能够一起度过的那种和平日常……我要战斗……！」
,暗転,,,,,,,,
,背景夜の街,,,,,,,,
Dialog.DLC1-1-31,,数日後、夜の街にて。,幾天後，在夜晚的街道上。,,数日後、夜の街にて。,數日後，夜晚的街道上。,"Several days later, in the night city.","며칠 후, 밤의 거리에서.",数日后，夜晚的街道上。
,,,,,,,,,
Dialog.DLC1-1-32,男戦闘員,「オラッ、女共をどんどん捕まえろ！」,「喂，快抓住那些女人！」,,「オラッ、女共をどんどん捕まえろ！」,「喂，把女人通通抓起來！」,"""Come on, keep catching those women!""",「자! 여자들을 계속 잡아라!」,「喂，把女人通通抓起来！」
,,,,,,,,,
Dialog.DLC1-1-33,,戦闘員達は戦闘員になりそうな若い女を捕え、どんどんトラックの荷台へと積み込んでいた。,戰鬥員們捉住了看起來像是即將成為戰鬥員的年輕女性，將她們迅速地裝上卡車的貨箱。,,戦闘員達は戦闘員になりそうな若い女を捕え、どんどんトラックの荷台へと積み込んでいた。,戰鬥員們抓住看起來適合改造成戰鬥員的年輕女人，一個接一個扔上卡車的車廂。,The soldiers captured young women who could become soldiers and loaded them one after another into the cargo hold.,"전투원들은 전투원이 될 만한 젊은 여성을 붙잡아, 계속 트럭 짐칸으로 싣고 있었다.",战斗员们抓住看起来适合改造成战斗员的年轻女人，一个接一个扔上卡车的车斗。
,,,,,,,,,
Dialog.DLC1-1-34,ヒスイ,「……ひどい…。」,「……太過分了…。」,,「……ひどい…。」,「……太過分了……」,"""...How terrible...""",「……너무해….」,「……太过分了……」
,,,,,,,,,
Dialog.DLC1-1-35,,「……皆さんごめんなさい。今は助けられないけど…。」,「……對不起，大家。現在無法幫助你們…。」,,「……皆さんごめんなさい。今は助けられないけど…。」,「……各位，對不起。現在我還沒辦法救妳們……」,"""...I'm sorry everyone. I can't help you now but...""",「……여러분 미안해요. 지금은 도와줄 수 없지만….」,「……各位，对不起。现在我还没办法救你们……」
,,,,,,,,,
Dialog.DLC1-1-36,,ヒスイは戦闘員によって捕らえられた女性が積み込まれたトラックに入り、気絶したふりをする。,翡翠進入了被戰鬥員裝載的卡車，假裝昏倒的被捕女性。,,ヒスイは戦闘員によって捕らえられた女性が積み込まれたトラックに入り、気絶したふりをする。,翡翠混進那些被戰鬥員抓來的女性當中，爬上卡車車廂，裝作昏倒不醒。,Hisui entered the truck loaded with women captured by the soldiers and pretended to be unconscious.,"히스이는 전투원에 의해 붙잡힌 여성이 실린 트럭에 들어가, 기절한 척한다.",翡翠混进那些被战斗员抓来的女性当中，爬上卡车车斗，装作昏倒不醒。
,,,,,,,,,
Dialog.DLC1-1-37,男戦闘員,「おっし大量大量！早速戦闘員生産工場へ直行だ！」,「好的，大量大量！立刻前往戰鬥員生產工場！」,,「おっし大量大量！早速戦闘員生産工場へ直行だ！」,「好，大豐收大豐收！直接開去戰鬥員生產工廠！」,"""Nice, a big haul! Let's head straight to the soldier production factory!""",「좋아 대량 대량! 즉시 전투원 생산 공장으로 직행이다!」,「好，大丰收大丰收！直接开去战斗员生产工厂！」
,,,,,,,,,
Dialog.DLC1-1-38,,戦闘員がトラックの荷台のドアを閉め、運転席へ乗り込む。,戰鬥員關上卡車貨箱的門，並爬進駕駛座位。,,戦闘員がトラックの荷台のドアを閉め、運転席へ乗り込む。,戰鬥員關上卡車車廂的門，自己坐上駕駛座。,The soldier closed the cargo door and got into the driver's seat.,"전투원이 트럭 짐칸 문을 닫고, 운전석으로 올라탄다.",战斗员关上卡车车斗的门，自己坐上驾驶座。
,,,,,,,,,
Dialog.DLC1-1-39,,(……とりあえず潜入は成功ですね。),「……暫時潛入成功了呢。」,,(……とりあえず潜入は成功ですね。),（……至少，潛入是成功了。）,(...At least the infiltration was successful.),(……일단 잠입은 성공했군요.),（……至少，潜入是成功了。）
,,,,,,,,,
Dialog.DLC1-1-40,,「おっと忘れる所だったぜ、中で暴れられると困るからな。」,「哦，差點忘了，被人在裡面搗亂可麻煩了。」,,「おっと忘れる所だったぜ、中で暴れられると困るからな。」,「差點忘了這個，要是她們在裡面亂來就麻煩了。」,"""Oh, almost forgot. Can't have them making trouble inside.""","「이런 잊을 뻔했군, 안에서 날뛰면 곤란하니까.」",「差点忘了这个，要是她们在里面乱来就麻烦了。」
,,,,,,,,,
Dialog.DLC1-1-41,,戦闘員がそう言うとトラックの中に煙が噴射される。,戰鬥員這樣說著，卡車內噴出了煙霧。,,戦闘員がそう言うとトラックの中に煙が噴射される。,戰鬥員一說完，卡車車廂內便噴出大片煙霧。,"As the soldier said this, smoke was sprayed into the truck.",전투원이 그렇게 말하자 트럭 안에 연기가 분사된다.,战斗员一说完，卡车车厢内便喷出大片烟雾。
,,,,,,,,,
Dialog.DLC1-1-42,ヒスイ,(………！これは睡眠ガス…！？),「……！這是催眠氣體…！？」,,(………！これは睡眠ガス…！？),（……！這是睡眠瓦斯……！？）,(...! This is sleeping gas...?!),(………! 이건 수면 가스…!?),（……！这是睡眠瓦斯……！？）
,,,,,,,,,
Dialog.DLC1-1-43,,「次目が覚めた時は全員、性処理奴隷の戦闘員だ。最後にせいぜいいい夢でも見るんだな。」,「當你們下次醒來時，你們都將成為性處理奴隸的戰鬥員。最後，也許最多只能做個好夢。」,,「次目が覚めた時は全員、性処理奴隷の戦闘員だ。最後にせいぜいいい夢でも見るんだな。」,「等妳們下次醒來時，就全都是供人發洩的戰鬥員奴隸了。最後就好好做個美夢吧。」,"""When you all wake up next, you'll be service slave soldiers. Have sweet dreams while you can.""","「다음 깨어났을 때는 전원, 성처리 노예 전투원이다. 마지막으로 실컷 좋은 꿈이라도 꿔라.」",「等你们下次醒来时，就全都是供人发泄的战斗员奴隶了。最后就好好做个美梦吧。」
,,,,,,,,,
Dialog.DLC1-1-44,,(…っ、私がいることに気が付いたわけではなさそうですが…これは…！),「…看來並沒有注意到我的存在…這是…！」,,(…っ、私がいることに気が付いたわけではなさそうですが…これは…！),（……看樣子，他們還沒發現我也在裡面……但是這樣……！）,(...It doesn't seem like they noticed me... but this is...!),"(…윽, 제가 있는 것을 눈치챈 것 같지는 않지만… 이건…!)",（……看样子，他们还没发现我也在里面……但是这样……！）
,,,,,,,,,
Dialog.DLC1-1-45,,(まずいです……流石に敵中で寝るのは危険すぎますっ…),「糟糕了……在敵人中睡覺實在太危險了…」,,(まずいです……流石に敵中で寝るのは危険すぎますっ…),（不好……在敵陣中睡過去實在太危險了……）,(This is bad... sleeping in enemy territory is too dangerous...),(위험합니다…… 아무리 그래도 적진에서 자는 것은 너무 위험해요…),（不好……在敌阵中央睡过去实在太危险了……）
,,,,,,,,,
Dialog.DLC1-1-46,,(うっ、うぅっ、い、意識が………),(嗚、嗚、意識……),,(うっ、うぅっ、い、意識が………),（唔、唔唔……我、我的意識……）,"(Ugh, ugh, m-my consciousness...)","(윽, 으윽, 이, 의식이………)",（呃、唔……我、我的意识……）
,,,,,,,,,
Dialog.DLC1-1-47,,(私は聖核戦姫っ…、この程度の睡眠ガスなん……て…),「我是聖核戰姬…，這種程度的催眠氣體…」,,(私は聖核戦姫っ…、この程度の睡眠ガスなん……て…),（我是聖核戰姬……這種程度的睡眠瓦斯算得了……什麼……）,(I'm a Holy Core Battlemaiden... This level of sleeping gas shouldn't...),(나는 성핵전희… 이 정도 수면 가스 따위……는…),（我是圣核战姬……这种程度的睡眠瓦斯算得了……什么……）
,,,,,,,,,
Dialog.DLC1-1-48,,(………………っ…………。),(………………嗯…………。),,(………………っ…………。),（………………）,(...),(………………윽………….),（………………）
,,,,,,,,,
Dialog.DLC1-1-49,,(……………………………。),(………………嗯…………。),,(……………………………。),（……………………）,(...),(…………………………….),（……………………）
,,,,,,,,,
Dialog.DLC1-1-50,,ヒスイの意識はそこで途切れた。,翡翠的意識在那裡中斷了。,,ヒスイの意識はそこで途切れた。,翡翠的意識就此中斷了。,Hisui's consciousness faded.,히스이의 의식은 거기서 끊어졌다.,翡翠的意识就此中断了。
,,,,,,,,,
,暗転,,,,,,,,
,Hisui story DLC2-1,,,,,,,,
Dialog.DLC1-1-51,ヒスイ,「………んぅ…………？」,(…………嗯…………？),,「………んぅ…………？」,「………嗯嗯…………？」,"""...Nnn...?""",「………으응…………?」,「………嗯嗯…………？」
,,,,,,,,,
Dialog.DLC1-1-52,,「…………ここは………？」,(…………這裡是……？),,「…………ここは………？」,「…………這裡是………？」,"""...Where is this...?""",「…………여기는………?」,「…………这里是………？」
,,,,,,,,,
Dialog.DLC1-1-53,,ヒスイは自分の状況に気が付く。,翡翠注意到了自己的情況。,,ヒスイは自分の状況に気が付く。,翡翠這才意識到自己的處境。,Hisui realized her situation.,히스이는 자신의 상황을 깨닫는다.,翡翠这才意识到自己的处境。
,,,,,,,,,
Dialog.DLC1-1-54,,(っ、そうでした…！私は潜入するためにトラックに乗って……。),(對了，是這樣…！我是為了潛入而搭乘卡車的……。),,(っ、そうでした…！私は潜入するためにトラックに乗って……。),（啊，對了……！我是為了潛入，才故意鑽進卡車裡的……）,(That's right...! I got on the truck to infiltrate...),"(윽, 그랬었죠…! 저는 잠입하기 위해 트럭에 타고…….)",（啊，对了……！我是为了潜入，才故意钻进卡车里的……）
,,,,,,,,,
Dialog.DLC1-1-55,,(……周りにも捕らわれた女の子たちが……つまりここが戦闘員化工場…っ！？),(……周圍也被困在這裡的女孩們……也就是這裡是戰鬥員化工廠…！？),,(……周りにも捕らわれた女の子たちが……つまりここが戦闘員化工場…っ！？),（……周圍也全都是被抓來的女孩子……也就是說這裡就是戰鬥員化工廠……！？）,(...There are captured girls around me too... So this is the soldier conversion factory...?!),(……주변에도 붙잡힌 여성들이…… 즉 여기가 전투원화 공장…!?),（……周围也全都是被抓来的女孩子……也就是说这里就是战斗员化工厂……！？）
,,,,,,,,,
Dialog.DLC1-1-56,,(しかもっ……、体のコントロールが効かない……！？聖核戦姫に変身もできない……！),(而且……身體無法控制……！？無法變身成聖核戰姬……！),,(しかもっ……、体のコントロールが効かない……！？聖核戦姫に変身もできない……！),（而且……身體完全不聽使喚……！？也沒辦法變身成聖核戰姬……！）,(Moreover... I can't control my body...?! I can't even transform into a Holy Core Battlemaiden...!),(게다가… 몸의 컨트롤이 안 돼……!? 성핵전희로 변신도 할 수 없어……!),（而且……身体完全不听使唤……！？也没办法变身成圣核战姬……！）
,,,,,,,,,
Dialog.DLC1-1-57,,その時、ヒスイの意識の中へ機械的な女性の声が語り掛ける。,在那時，一個機械化的女性聲音在翡翠的意識中談話。,,その時、ヒスイの意識の中へ機械的な女性の声が語り掛ける。,就在這時，一個機械化的女性聲音在翡翠的意識裡響起。,"At that moment, a mechanical female voice spoke into Hisui's consciousness.","그때, 히스이의 의식 속으로 기계적인 여성의 목소리가 들려온다.",就在这时，一个机械化的女性声音在翡翠的意识里响起。
,,,,,,,,,
Dialog.DLC1-1-58,,【対象の意識の覚醒を確認。只今より戦闘員化プログラムを開始します。】,【確認目標意識的覺醒。現在開始戰鬥員化程序。】,,【対象の意識の覚醒を確認。只今より戦闘員化プログラムを開始します。】,【確認對象意識已甦醒。現在開始啟動戰鬥員化程式。】,[Subject's consciousness awakening confirmed. Beginning soldier conversion program now.],【대상 의식 각성 확인. 지금부터 전투원화 프로그램 개시합니다.】,【确认对象意识已苏醒。现在开始启动战斗员化程序。】
,,,,,,,,,
Dialog.DLC1-1-59,,(戦闘員化プログラムっ！？……もう……！？),(戰鬥員化程序！？……已經……！？),,(戦闘員化プログラムっ！？……もう……！？),（戰鬥員化程式！？……現在就開始了嗎……！？）,(Soldier conversion program?! ...Already...?!),(전투원화 프로그램!?…… 벌써……!?),（战斗员化程序！？……现在就开始了吗……！？）
,,,,,,,,,
Dialog.DLC1-1-60,,(こういう状況になるのは想定していたけど……心の準備がっ……！),這種情況是預料到的……但心理準備還不夠……！,,(こういう状況になるのは想定していたけど……心の準備がっ……！),（雖然有預想到會變成這樣的局面……但心理準備還……！）,(I expected this but... I'm not mentally prepared...!),(이런 상황이 될 거라는 건 예상했지만…… 마음의 준비가……!),（虽然有预想到会变成这样的局面……但心理准备还……！）
,,,,,,,,,
Dialog.DLC1-1-61,Hisui story DLC2-２,ヒスイがそう思考した瞬間ヒスイに繋がれたコードから頭の中にバチッと電流が流れる,在翡翠這麼想的瞬間，從連接到翡翠的代碼中，一道電流突然在腦海中閃過。,,ヒスイがそう思考した瞬間ヒスイに繋がれたコードから頭の中にバチッと電流が流れる,翡翠剛這麼一想，連在她身上的導線便將電流直接灌入她的腦中。,"The moment Hisui thought that, electricity flowed into her head through the connected cord with a zap.",히스이가 그렇게 생각한 순간 히스이에게 연결된 코드에서 머릿속으로 바칫 하고 전류가 흐른다,翡翠刚这么一想，连在她身上的导线便将电流直接灌入她的脑中。
,,,,,,,,,
Dialog.DLC1-1-62,,(ひぎゅっ！？),(嗚咽！？),,(ひぎゅっ！？),（嗚咿！？）,(Hggggggg?!),(히귯!?),（呜咿！？）
,,,,,,,,,
Dialog.DLC1-1-63,,【戦闘員化プログラム中の不要な思考は禁止されます。】,【戰鬥員化程序中不必要的思考被禁止。】,,【戦闘員化プログラム中の不要な思考は禁止されます。】,【戰鬥員化程式進行中禁止不必要的思考。】,[Unnecessary thoughts during soldier conversion program are prohibited.],【전투원화 프로그램 중 불필요한 사고는 금지됩니다.】,【战斗员化程序进行中禁止不必要的思考。】
,,,,,,,,,
Dialog.DLC1-1-64,,(なあっ、ちょ、ちょっとまってっ！),(喂，等、等等！),,(なあっ、ちょ、ちょっとまってっ！),（等、等一下，稍、稍微等一下！）,"(Wha, w-wait a minute!)","(뭣, 저, 잠깐만요!)",（等、等一下，稍、稍微等一下！）
,,,,,,,,,
Dialog.DLC1-1-65,,バチバチバチッ！！,電流電流電流！！,,バチバチバチッ！！,滋滋滋！！,Zap zap zap!!,바치바치바칫!!,滋滋滋！！
,,,,,,,,,
Dialog.DLC1-1-66,,【戦闘員化プログラム中の不要な思考は禁止されます。】,【戰鬥員化程序中不必要的思考被禁止。】,,【戦闘員化プログラム中の不要な思考は禁止されます。】,【戰鬥員化程式進行中禁止不必要的思考。】,[Unnecessary thoughts during soldier conversion program are prohibited.],【전투원화 프로그램 중 불필요한 사고는 금지됩니다.】,【战斗员化程序进行中禁止不必要的思考。】
,,,,,,,,,
Dialog.DLC1-1-67,,(ひぁっ、はあっ、電気がっ頭の中にっ……！？),(啊、呼、電流在腦袋中……！？),,(ひぁっ、はあっ、電気がっ頭の中にっ……！？),（呀啊、哈啊……電、電流直接灌進腦袋裡……！？）,"(Hya, haa, electricity in my head...?!)","(히앗, 하앗, 전기가 머릿속에……!?)",（呀啊、哈啊……电、电流直接灌进脑袋里……！？）
,,,,,,,,,
Dialog.DLC1-1-68,,バチバチバチッ！！,電流電流電流！！,,バチバチバチッ！！,滋滋滋！！,Zap zap zap!!,바치바치바칫!!,滋滋滋！！
,,,,,,,,,
Dialog.DLC1-1-69,,【戦闘員化プログラム中の不要な思考は禁止されます。】,【戰鬥員化程序中不必要的思考被禁止。】,,【戦闘員化プログラム中の不要な思考は禁止されます。】,【戰鬥員化程式進行中禁止不必要的思考。】,[Unnecessary thoughts during soldier conversion program are prohibited.],【전투원화 프로그램 중 불필요한 사고는 금지됩니다.】,【战斗员化程序进行中禁止不必要的思考。】
,,,,,,,,,
Dialog.DLC1-1-70,,(ひぎゅうっ…！？はあっ、はあっ、わ、わかりましたっ！！),(嗚咽……！？呼、呼、我、我知道了！！),,(ひぎゅうっ…！？はあっ、はあっ、わ、わかりましたっ！！),（嗚咿呃……！？哈啊、哈啊……我、我知道了！！）,"(Hgggg...?! Haa, haa, I-I understand!!)","(히규웃…!? 하앗, 하앗, 아, 알겠습니다!!)",（呜咿呃……！？哈啊、哈啊……我、我知道了！！）
,,,,,,,,,
Dialog.DLC1-1-71,2ｰ1,(っ……………………………………),(ㄆㄧˇㄆㄧˇㄆㄧˇㄆㄧˇㄆㄧˇㄆㄧˇㄆㄧˇㄆㄧˇㄆㄧˇㄆㄧˇ),,(っ……………………………………),（……………………………………）,(...),(윽……………………………………),（……………………………………）
,,,,,,,,,
Dialog.DLC1-1-72,,【対象者の安定を確認。引き続き戦闘員化プログラムを継続します】,【確認目標穩定。繼續執行戰鬥員化程序】,,【対象者の安定を確認。引き続き戦闘員化プログラムを継続します】,【確認對象狀態穩定。持續進行戰鬥員化程式。】,[Subject stability confirmed. Continuing soldier conversion program.],【대상자 안정 확인. 계속해서 전투원화 프로그램 지속합니다】,【确认对象状态稳定。持续进行战斗员化程序。】
,,,,,,,,,
Dialog.DLC1-1-73,ヒスイ,(…………………………………),(ㄆㄧˇㄆㄧˇㄆㄧˇㄆㄧˇㄆㄧˇㄆㄧˇㄆㄧˇㄆㄧˇㄆㄧˇ),,(…………………………………),（…………………………………）,(...),(…………………………………),（…………………………………）
,,,,,,,,,
Dialog.DLC1-1-74,"H46号→
えいちよんじゅうろくごう",【以後対象者を“下級戦闘員H46号”と呼称します。以後自身の事はH46号と呼称するように。】,【從現在起將目標稱為“下級戰鬥員H46號”。從現在起自己也稱為H46號。】,,【以後対象者を『下級戦闘員H46号』と呼称します。以後自身の事はH46号と呼称するように。】,【今後將對象稱為「下級戰鬥員 H46 號」。之後妳必須以 H46 號自稱。】,"[Hereafter, subject will be designated as ""Junior Soldier H46"". You will refer to yourself as H46.]",【이후 대상자를 “하급 전투원 H46호”로 호칭합니다. 이후 자신을 H46호로 호칭하도록.】,【今后将对象称为「下级战斗员 H46 号」。之后你必须以 H46 号自称。】
,,,,,,,,,
Dialog.DLC1-1-75,,(えっ……H……46号？),(嗯……H……46號？),,(えっ……H……46号？),（咦……H……46號？）,(Eh... H... 46?),(에… H…… 46호?),（咦……H……46号？）
,,,,,,,,,
Dialog.DLC1-1-76,2ｰ2,バチバチバチッ！！,嘭嘭嘭！！,,バチバチバチッ！！,滋滋滋！！,Zap zap zap!!,바치바치바칫!!,滋滋滋！！
,,,,,,,,,
Dialog.DLC1-1-77,,(ひあっ！？),(咦！？),,(ひあっ！？),（呀！？）,(Haaa?!),(히앗!?),（呀！？）
,,,,,,,,,
Dialog.DLC1-1-78,,【命令には迅速な返答を】,【請對命令作出迅速回應】,,【命令には迅速な返答を】,【請迅速回應命令】,[Respond to your order promptly.],【명령에는 신속한 답변을】,【请迅速回应命令】
,,,,,,,,,
Dialog.DLC1-1-79,,(―――は、はいっ、下級戦闘員H46号、了解いたしました！),(——是、是的，下級戰鬥員H46號，已瞭解！),,(―――は、はいっ、下級戦闘員H46号、了解いたしました！),（是！下級戰鬥員H46號，了解！）,"(---Y-yes, Junior Soldier H46 acknowledges!)","(―――네, 넷! 하급 전투원 H46호, 알겠습니다!)",（是！下级战斗员H46号、了解！）
,,,,,,,,,
Dialog.DLC1-1-80,,【下級戦闘員の返事は全て絶対の肯定を表す“キィーーーーーッ”です。それ以外の発声は禁止されます。】,【下級戰鬥員的回答皆以絕對肯定的“嘰———”表示。其他發聲被禁止。】,,【下級戦闘員の返事は全て絶対の肯定を表す『キィーーーーーッ』です。それ以外の発声は禁止されます。】,【下級戰鬥員的回答一律使用表示絕對肯定的「嘰——！」其他發聲禁止】,"[Junior soldiers can only reply with ""Kiiii"", which indicates absolute affirmation. They are not allowed to make other sounds.]",【하급 전투원의 답변은 모두 절대 긍정을 나타내는 “키이ーーーーー잇”입니다. 그 외 발성은 금지됩니다.】,【下级战斗员的回答一律使用表示绝对肯定的「吱——！」其他发声禁止】
,,,,,,,,,
Dialog.DLC1-1-81,ヒスイ,(………は？え？きー！？何？),(………嗯？咦？咦！？什麼？),,(………は？え？きー！？何？),（……啥？欸？嘰——？什麼意思？）,(...Huh? Eh? Kii?! What?),(………하? 에? 키-!? 뭐?),（……蛤？欸？吱——？什么意思？）
,,,,,,,,,
Dialog.DLC1-1-82,,バチバチバチッ！！,嘰嘰嘰嘰！！,,バチバチバチッ！！,滋滋滋！！,Zap zap zap!!,바치바치바칫!!,滋滋滋！！
,,,,,,,,,
Dialog.DLC1-1-83,,【命令には迅速な返答を】,【命令需迅速回應】,,【命令には迅速な返答を】,【請迅速回應命令】,[Respond to your order promptly.],【명령에는 신속한 답변을】,【请迅速回应命令】
,,,,,,,,,
Dialog.DLC1-1-84,,(き、キィーーーッ！！),(咦、嘰———！！),,(き、キィーーーッ！！),（嘰、嘰———！）,(K-Kiiiii!!),"(키, 키이ーーー잇!!)",（吱——！）
Dialog.DLC1-1-85,,(っ、ううっ……なにこの酷い挨拶……！？これが戦闘員！？),(咦、唔唔……這是什麼糟糕的招呼……！？這就是戰鬥員！？),,(っ、ううっ……なにこの酷い挨拶……！？これが戦闘員！？),（唔……這什麼超糟的回話方式……這就是戰鬥員？）,(Ugh... what is this terrible greeting...?! Is this what being a soldier here is like?!),"(윽, 으윽…… 뭐야 이 심한 인사는……!? 이게 전투원!?)",（唔……这什么超糟的回话方式……这就是战斗员？）
Dialog.DLC1-1-86,,【よろしい。それではフォーレン財団戦闘員としての絶対規則を伝達します。一言一句完全に暗唱しなさい。】,【好的。那麼現在我將傳達福倫財團戰鬥員的絕對規則。一字不差地背誦。】,,【よろしい。それではフォーレン財団戦闘員としての絶対規則を伝達します。一言一句完全に暗唱しなさい。】,【很好。接下來傳達作為墮落財團戰鬥員的絕對規則。必須一字不漏完全背誦】,[Very good. Now I will transmit the absolute rules as a Forren Foundation soldier. Recite them word for word.],"【좋습니다. 그럼, 폴른 재단 전투원으로서 절대 규칙을 전달합니다. 한 마디 한 마디 완전히 암송하세요.】",【很好。接下来传达作为堕落财团战斗员的绝对规则。必须一字不漏完全背诵】
,,,,,,,,,
Dialog.DLC1-1-87,,(き、き――――！),(咦、咦———！),,(き、き――――！),（嘰、嘰———！）,(K-Kiii!),"(키, 키이――――!)",（吱——！）
,,,,,,,,,
Dialog.DLC1-1-88,,【第一条：フォーレン財団へ絶対の忠誠を誓い、命令に絶対服従する事】,【第一條：向福倫財團絕對效忠，絕對服從命令】,,【第一条：フォーレン財団へ絶対の忠誠を誓い、命令に絶対服従する事】,【第一條：向墮落財團宣誓絕對忠誠並絕對服從一切命令】,[Article 1: Pledge absolute loyalty to the Forren Foundation and absolutely obey all orders.],"【제1조: 폴른 재단에 절대 충성을 맹세하고, 명령에 절대 복종할 것】",【第一条：向堕落财团宣誓绝对忠诚并绝对服从一切命令】
,,,,,,,,,
Dialog.DLC1-1-89,,(っ、………フォーレン財団へ絶対の忠誠を…誓い、命令に絶対服従する事………っ！),(唔、……向福倫財團絕對效忠…誓言，絕對服從命令……！),,(っ、………フォーレン財団へ絶対の忠誠を…誓い、命令に絶対服従する事………っ！),（向墮落財團宣誓絕對忠誠並絕對服從一切命令……）,(...Pledge absolute loyalty to the Forren Foundation... and absolutely obey all orders...!),"(윽, ……… 폴른 재단에 절대 충성을… 맹세하고, 명령에 절대 복종할 것………윽!)",（向堕落财团宣誓绝对忠诚并绝对服从一切命令……）
,,,,,,,,,
Dialog.DLC1-1-90,Hisui story DLC　2-0,そのフレーズを頭の中で唱えたとたん、ヒスイの脳にゾクゾクと甘い電流が流れる。,那個詞彙在腦海中被唸出的瞬間，翡翠的腦中湧現出一陣陣甜蜜的電流。,,そのフレーズを頭の中で唱えたとたん、ヒスイの脳にゾクゾクと甘い電流が流れる。,她在腦中默念那句話的同時，一股酥麻的電流竄過翡翠的大腦。,"The moment she recited that phrase in her head, a sweet, tingling current flowed through Hisui's brain.","그 구절을 머릿속으로 외우자마자, 히스이의 뇌에 짜릿하고 달콤한 전류가 흐른다.",她在脑中默念那句话的同时，一股酥麻的电流窜过翡翠的大脑。
,,,,,,,,,
Dialog.DLC1-1-91,ヒスイ,(……っ！？、な、なにこれっ！？、あっ！…………………。),(……！？這、這是什麼！？啊！………………。),,(……っ！？、な、なにこれっ！？、あっ！…………………。),（……！？這、這是什麼……啊……）,(...?! Wh-what is this?! Ah!...),"(……윽!?, 무, 뭐야 이거!?, 앗!………………….)",（……！？这、这是什么……啊……）
,,,,,,,,,
Dialog.DLC1-1-92,,【第二条：いかなる手段を使っても戦闘員の任務を遂行する事】,【第二條：無論何種手段，都必須完成戰鬥員的任務】,,【第二条：いかなる手段を使っても戦闘員の任務を遂行する事】,【第二條：不擇手段完成戰鬥員的任務】,[Article 2: Complete soldier duties using any means necessary.],【제2조: 어떠한 수단을 사용하더라도 전투원의 임무를 수행할 것】,【第二条：不择手段完成战斗员的任务】
,,,,,,,,,
Dialog.DLC1-1-93,,(……い、いかなる手段を使っても戦闘員の任務を遂行する事！),(……無論何種手段，都必須完成戰鬥員的任務！),,(……い、いかなる手段を使っても戦闘員の任務を遂行する事！),（不擇手段完成戰鬥員的任務）,(...Complete soldier duties using any means necessary!),"(……어, 어떠한 수단을 사용하더라도 전투원의 임무를 수행할 것!)",（不择手段完成战斗员的任务）
,,,,,,,,,
Dialog.DLC1-1-94,,パチパチパチッ！,啪啪啪！,,パチパチパチッ！,滋滋滋！,Zap zap zap!!,파치파치파칫!,滋滋滋！
,,,,,,,,,
Dialog.DLC1-1-95,,(んんっ♥、ま、またっ♥…これっ…脳を電気で刺激してぇ…！？),(嗯嗯♥，又、又♥…這個…想要用電流刺激大腦…！？),,(んんっ♥、ま、またっ♥…これっ…脳を電気で刺激してぇ…！？),（嗯……又來了……這是在用電流刺激大腦嗎……）,(Nnn♥ A-again♥ ...This... stimulating my brain with electricity...?!),"(응응읏♥, 다시, 또♥… 이거… 뇌를 전기로 자극해서…!?)",（嗯……又来了……这是在用电流刺激大脑吗……）
,,,,,,,,,
Dialog.DLC1-1-96,,その言葉を頭の中で唱えるたび、先程の電流とは真逆の報酬の電流がヒスイの脳を駆け巡る。,每次在腦海中念出那句話時，與剛才的電流完全相反的報酬電流就會在翡翠的大腦中迴旋。,,その言葉を頭の中で唱えるたび、先程の電流とは真逆の報酬の電流がヒスイの脳を駆け巡る。,每當她在心裡重複那些句子時，就會有與先前懲罰相反的「獎勵」電流在她腦中奔竄。,"Each time she recited those words in her head, a rewarding current opposite to the earlier one rushed through Hisui's brain.","그 말을 머릿속으로 외울 때마다, 방금 전 전류와는 정반대의 보상 전류가 히스이의 뇌를 스쳐 지나간다.",每当她在心里重复那些句子时，就会有与先前惩罚相反的「奖励」电流在她脑中奔窜。
,,,,,,,,,
Dialog.DLC1-1-97,,【第三条：恐怖と淫欲によって、財団の支配を広げる事】,【第三條：透過恐懼與淫慾，擴展財團的統治】,,【第三条：恐怖と淫欲によって、財団の支配を広げる事】,【第三條：以恐懼與淫欲擴大財團的支配】,[Article 3: Spread the Foundation's control through fear and lust.],"【제3조: 공포와 음욕으로, 재단의 지배를 넓힐 것】",【第叁条：以恐惧与淫欲扩大财团的支配】
,,,,,,,,,
Dialog.DLC1-1-98,,(恐怖と淫欲を拡散し、財団の支配を広げる事……♥),透過散播恐懼與淫慾，擴展財團的統治……♥,,(恐怖と淫欲を拡散し、財団の支配を広げる事……♥),（以恐懼與淫欲擴大財團的支配……）,(Spread the Foundation's control through fear and lust.),"(공포와 음욕을 확산시켜, 재단의 지배를 넓힐 것……♥)",（以恐惧与淫欲扩大财团的支配……）
,,,,,,,,,
Dialog.DLC1-1-99,,(……………はっ！？だ、駄目ですっ、素直に従っては！私は聖核戦姫っ…耐えないと……！),(……………哈！？不、不行，要乖乖聽話！我是聖核戰姬…必須忍耐……！),,(……………はっ！？だ、駄目ですっ、素直に従っては！私は聖核戦姫っ…耐えないと……！),（……不行，不能就這樣順從下去。我是聖核戰姬，必須撐住……）,"(...Ha?! N-no, I can't obey so easily! I'm a Holy Core Battlemaiden... I must resist...!)","(……………핫!? 아, 안 돼요, 순순히 따르면! 저는 성핵전희… 견뎌야 해……!)",（……不行，不能就这样顺从下去。我是圣核战姬，必须撑住……）
,,,,,,,,,
Dialog.DLC1-1-100,,バチバチバチッ！！,電火花花！！,,バチバチバチッ！！,滋滋滋！！,Zap zap zap!!,바치바치바칫!!,滋滋滋！！
,,,,,,,,,
Dialog.DLC1-1-101,,(ひうっ！？、き、キィーーーッ！！申し訳…ございませんっ！？),(嗚呀！？啊、尖啊啊啊！！對不起…請原諒！？),,(ひうっ！？、き、キィーーーッ！！申し訳…ございませんっ！？),（呀？！嘰、嘰———！非常…抱歉？！）,(Huh?! K-Kiiiii!! I'm... sorry?!),"(히웃!?, 키, 키이ーーー잇!! 죄송…합니다!?)",（呀！？吱——！非常抱歉！）
,,,,,,,,,
Dialog.DLC1-1-102,,【よろしい。では繰り返します。】,【好的。那麼我們重複一次。】,,【よろしい。では繰り返します。】,【很好。那就重複一遍】,[Noted. Repeat the rules now.],【좋습니다. 그럼 반복합니다.】,【很好。那就重复一遍】
,,,,,,,,,
Dialog.DLC1-1-103,,(き、きーーーーっ！),(啊、尖啊啊啊啊！),,(き、きーーーーっ！),（嘰、嘰——————！）,(K-Kiiiii!),"(키, 키ーーーー잇!)",（吱——！）
,,,,,,,,,
Dialog.DLC1-1-104,,(第一条……フォーレン財団へ絶対の忠誠を誓い、命令に絶対服従する事………っ！！),(第一條……對福倫財團絕對效忠，絕對服從命令……！),,(第一条……フォーレン財団へ絶対の忠誠を誓い、命令に絶対服従する事………っ！！),（第一條……向墮落財團宣誓絕對忠誠並絕對服從一切命令……）,(Article 1... Pledge absolute loyalty to the Forren Foundation and absolutely obey all orders...!),"(제1조…… 폴른 재단에 절대 충성을 맹세하고, 명령에 절대 복종할 것………윽!!)",（第一条……向堕落财团宣誓绝对忠诚并绝对服从一切命令……）
,暗転,,,,,,,,
Dialog.DLC1-1-105,,そしてヒスイへの洗脳プログラムはしばらく続き―――,而對翡翠的洗腦程序將持續一段時間——,,そしてヒスイへの教育プログラムはしばらく続き―――,接著，對翡翠的教育程式持續了好長一段時間―――,And so Hisui's re-education program continued for a while...,그렇게 히스이에 대한 세뇌 프로그램은 한동안 계속되고―――,接着，对翡翠的教育程序持续了好长一段时间―――
,,,,,,,,,
Dialog.DLC1-1-106,ヒスイ,(第一条：フォーレン財団へ絶対の忠誠を誓い、命令に絶対服従する事。),第一條：對福倫財團絕對效忠，絕對服從命令。,,(第一条：フォーレン財団へ絶対の忠誠を誓い、命令に絶対服従する事。),（第一條：向墮落財團宣誓絕對忠誠並絕對服從一切命令）,(Article 1: Pledge absolute loyalty to the Forren Foundation and absolutely obey all orders.),"(제1조: 폴른 재단에 절대 충성을 맹세하고, 명령에 절대 복종할 것.)",（第一条：向堕落财团宣誓绝对忠诚并绝对服从一切命令）
,,,,,,,,,
Dialog.DLC1-1-107,,(第二条：いかなる手段を使っても戦闘員の任務を遂行する事。）,(第二條：無論如何使用手段，完成戰鬥員的任務。）,,(第二条：いかなる手段を使っても戦闘員の任務を遂行する事。）,（第二條：不擇手段完成戰鬥員的任務）,(Article 2: Complete soldier duties using any means necessary.),(제2조: 어떠한 수단을 사용하더라도 전투원의 임무를 수행할 것.),（第二条：不择手段完成战斗员的任务）
,,,,,,,,,
Dialog.DLC1-1-108,,(第三条：恐怖と淫欲によって、財団の支配を広げる事。),第三條：以恐懼和淫慾擴張財團的控制權。,,(第三条：恐怖と淫欲によって、財団の支配を広げる事。),（第三條：以恐懼與淫欲擴大財團的支配）,(Article 3: Spread the Foundation's control through fear and lust.),"(제3조: 공포와 음욕으로, 재단의 지배를 넓힐 것.)",（第叁条：以恐惧与淫欲扩大财团的支配）
,,,,,,,,,
Dialog.DLC1-1-109,,【対象者の10分間の自我の未検出を確認。これよりフェーズ2に移行します。】,【確認目標對象的自我在10分鐘內未被檢測到。現在將進入第二階段。】,,【対象者の10分間の自我の未検出を確認。これよりフェーズ2に移行します。】,【確認對象連續 10 分鐘未檢出自我意識 現在進入第二階段】,[Confirmed no detection of subject's ego for 10 minutes. Proceeding to Phase 2.],【대상자의 10분간 자아 미검출 확인. 이것으로 페이즈 2로 이행합니다.】,【确认对象连续 10 分钟未检出自我意识 现在进入第二阶段】
,,,,,,,,,
Dialog.DLC1-1-110,ヒスイ,(キィ―――――ッ！),(嘎——！),,(キィ―――――ッ！),（嘰—————！）,(Kiiiiiii!),(키이―――――잇!),（吱————！）
,,,,,,,,,
Dialog.DLC1-1-111,,ヒスイは頭の中で下級戦闘員の叫び声をあげる,翡翠在腦海中想像出了下級戰鬥員的叫喊聲。,,ヒスイは頭の中で下級戦闘員の叫び声をあげる,翡翠在腦中發出下級戰鬥員的尖叫回應。,Hisui let out a junior soldier's cry in her head.,히스이는 머릿속으로 하급 전투원의 외침을 지른다,翡翠在脑中发出下级战斗员的尖叫回应。
,,,,,,,,,
Dialog.DLC1-1-112,,そしてヒスイの周りからロボットアームが出現し、ヒスイへ戦闘員のスーツを着用させる,然後，從翡翠周圍出現了機械手臂，將戰鬥員的戰鬥服穿在了翡翠身上。,,そしてヒスイの周りからロボットアームが出現し、ヒスイへ戦闘員のスーツを着用させる,接著，她身旁伸出多支機械手臂，為她穿上戰鬥員專用的緊身裝備。,Robot arms appeared around Hisui and dressed her in a soldier's suit.,"그리고 히스이 주위에서 로봇 팔이 출현하여, 히스이에게 전투원 슈트를 착용시킨다",接着，她身旁伸出多支机械手臂，为她穿上战斗员专用的紧身装备。
,,,,,,,,,
Dialog.DLC1-1-113,Hisui story DLC2-3,【スーツ着用完了。これより最終加工工程へ移行します。】,【戰鬥服穿戴完成。現在將進入最終加工階段。】,,【スーツ着用完了。これより最終加工工程へ移行します。】,【戰鬥員服裝穿著完成 現在進入最終流程】,[Suit application complete. Proceeding to final processing phase.],【슈트 착용 완료. 이것으로 최종 가공 공정으로 이행합니다.】,【战斗员服装穿着完成 现在进入最终流程】
,,,,,,,,,
Dialog.DLC1-1-114,,【性欲の増強および記憶の消去による人格矯正を行い、対象を完全に戦闘員へと変換します。】,【透過增強性慾並消除記憶來進行人格矯正，將目標完全轉變為戰鬥員。】,,【性欲の増強および記憶の消去による人格矯正を行い、対象を完全に戦闘員へと変換します。】,【接下來將透過性慾增幅與記憶消除進行人格矯正 把對象完全轉化為戰鬥員】,[The subject's memory is being erased and their sexual desire is being amplified to correct their personality and convert them completely into a soldier.],"【성욕 증강 및 기억 소거에 의한 인격 교정을 실시하여, 대상을 완전히 전투원으로 변환합니다.】",【接下来将透过性欲增幅与记忆消去进行人格矫正 把对象完全转化为战斗员】
,,,,,,,,,
Dialog.DLC1-1-115,ヒスイ,(キィィ…………はっ！？ま、まって…記憶の消去！？だ、駄目っ！？),(嘎嘎……咦！？等、等一下…消除記憶！？不、不行！？),,(キィィ…………はっ！？ま、まって…記憶の消去！？だ、駄目っ！？),（嘰……哈！？等、等一下……記憶消除！？不 不行！）,(Kiii... Ha?! W-wait... memory erasure?! N-no?!),"(키잇………… 핫!? 자, 잠깐… 기억 소거!? 아, 안 돼!?)",（吱……哈！？等、等一下……记忆消去！？不 不行！）
,,,,,,,,,
Dialog.DLC1-1-116,,(戦闘員…なんかにならないっ…私は聖核戦姫っ！、それだけは忘れちゃ――――っ！！),(戰鬥員…我不會成為什麼的…我是聖核戰姬！我不能忘記這一點——！！),,(戦闘員…なんかにならないっ…私は聖核戦姫っ！、それだけは忘れちゃ――――っ！！),（我不能變成什麼戰鬥員……我是聖核戰姬 那件事絕對不能忘――！！）,(I won't become... a soldier... I'm a Holy Core Battlemaiden! I can't forget that---!!),"(전투원… 따위 되지 않아… 나는 성핵전희!, 그것만은 잊으면 안 돼――――윽!!)",（我不能变成什么战斗员……我是圣核战姬 那件事绝对不能忘――！！）
,,,,,,,,,
Dialog.DLC1-1-117,Hisui story DLC2-4,バチバチバチバチッッッッ！！,嘣嘣嘣嘣！！,,バチバチバチバチッッッッ！！,滋滋滋滋滋！！！,Zap zap zap!,바치바치바치바치잇!!!,滋滋滋滋滋！！！
,,,,,,,,,
Dialog.DLC1-1-118,,記憶消去が始まり、ヒスイの頭の中に電流が流れる。,記憶消去開始，電流在翡翠的腦海中流動。,,記憶消去が始まり、ヒスイの頭の中に電流が流れる。,記憶消除程式啟動，電流瘋狂灌入翡翠的大腦。,"Memory erasure began, and electricity flowed through Hisui's head.","기억 소거가 시작되고, 히스이의 머릿속에 전류가 흐른다.",记忆消去程序启动，电流疯狂灌入翡翠的大脑。
,,,,,,,,,
Dialog.DLC1-1-119,,(ひっぎゅうううううっっ！？),(嘎咕咕咕咕！！？),,(ひっぎゅうううううっっ！？),（咿、咿呀啊啊啊啊啊！！）,(Hgggggiiiuuuuuu?!),(히익규우우우우웃!?),（咿、咿呀啊啊啊啊啊！！）
,,,,,,,,,
Dialog.DLC1-1-120,,【対象者の記憶の消去及び性欲の増幅を実施中。対象者は直ちに思考を停止しなさい。】,【正在執行對象者的記憶消除和性慾增幅。對象者應立即停止思考。】,,【対象者の記憶の消去及び性欲の増幅を実施中。対象者は直ちに思考を停止しなさい。】,【正在對對象實施記憶消除與性慾增幅 請對象立刻停止思考】,[The subject's memory is being erased and their libido s being amplified. Please stop thinking immediately.],【대상자의 기억 소거 및 성욕 증폭 실시 중. 대상자는 즉시 사고를 정지하십시오.】,【正在对对象实施记忆消除与性欲增幅 请对象立刻停止思考】
,,,,,,,,,
Dialog.DLC1-1-121,,(ううっ！、駄目っ、これだけは…ッ絶対…抵抗しなきゃっ！！),(嗚咕！不行，這一點…絕對…必須抵抗！！),,(ううっ！、駄目っ、これだけは…ッ絶対…抵抗しなきゃっ！！),（嗚嗚！不行，這個絕對……一定要抵抗才行！）,"(Uuh! No, I must... absolutely... resist this!!)","(으윽!, 안 돼, 이것만은…윽 절대… 저항해야 해!!)",（不行 这个绝对……一定要抵抗住才行！）
,,,,,,,,,
Dialog.DLC1-1-122,,(ダイヤさんと約束したのっ…！私を信じてくれたから…っ！),(與黛雅小姐約定了的…！因為她相信我…！),,(ダイヤさんと約束したのっ…！私を信じてくれたから…っ！),（我和黛雅小姐約好了的……她如此的相信我……！）,(I promised Daiya...! Because she believed in me...!),(다이아 씨와 약속했어…! 나를 믿어줬으니까…윽!),（我和黛雅小姐约好了的……她如此的相信我……！）
,,,,,,,,,
Dialog.DLC1-1-123,,バチバチバチッ！！,嘣嘣嘣！！,,バチバチバチッ！！,滋滋滋！！,Zap zap zap!!,바치바치바칫!!,滋滋滋！！
,,,,,,,,,
Dialog.DLC1-1-124,,【対象者の記憶の消去及び性欲の増幅を実施中。危険ですので対象者は直ちに思考を停止してください。】,【正在執行對象者的記憶消除和性慾增幅。由於危險，請對象者立即停止思考。】,,【対象者の記憶の消去及び性欲の増幅を実施中。危険ですので対象者は直ちに思考を停止してください。】,【正在對對象實施記憶消除與性慾增幅 由於非常危險性請對象立刻停止思考】,"[The subject's memory is being erased and their sexual desire is being amplified. It is dangerous to keep thinking, please stop immediately.]",【대상자의 기억 소거 및 성욕 증폭 실시 중. 위험하므로 대상자는 즉시 사고를 정지하십시오.】,【正在对对象实施记忆消除与性欲增幅 由于非常危险性请对象立刻停止思考】
,,,,,,,,,
Dialog.DLC1-1-125,,(お゛っっ！？♥♥、んっ♥、んああっ♥♥！！！),(喔喔！？♥♥、嗯♥、嗯啊啊♥♥！！！),,(お゛っっ！？♥♥、んっ♥、んああっ♥♥！！！),（啊……！？♥♥唔……啊啊……♥♥！！）,(Oh?!♥♥ Nn♥ Naaa♥♥!!!),"(오옷 옷!?♥♥, 응읏♥, 응아앗♥♥!!!)",（啊……！？♥♥唔……啊啊……♥♥！！）
,,,,,,,,,
Dialog.DLC1-1-126,,(ん゛あっ♥だ、だめぇ…っ♥！、私は聖核戦姫っ…♥この程度の洗脳なんてっ…！),(嗯啊♥不、不行…♥！、我是聖核戰姬♥這種程度的洗腦對我來說…！),,(ん゛あっ♥だ、だめぇ…っ♥！、私は聖核戦姫っ…♥この程度の教育なんてっ…！),（唔……！不可以♥……我是聖核戰姬……♥這種程度的教育……）,(Nah♥ N-no...♥! I'm a Holy Core Battlemaiden...♥ This level of re-education...!),"(응옷 앗♥ 다, 안돼에…윽♥!, 나는 성핵전희…♥ 이 정도 세뇌 따위…!)",（唔……！不可以♥……我是圣核战姬……♥这种程度的教育……）
,,,,,,,,,
Dialog.DLC1-1-127,,バチバチバチッ！！,嘣嘣嘣！！,,バチバチバチッ！！,滋滋滋！！,Zap zap zap!!,바치바치바칫!!,滋滋滋！！
,,,,,,,,,
Dialog.DLC1-1-128,,【対象者の記憶の消去及び性欲の増幅を実施中。危険ですので対象者は直ちに思考を停止してください。】,【正在執行對象者的記憶消除和性慾增幅。由於危險，請對象者立即停止思考。】,,【対象者の記憶の消去及び性欲の増幅を実施中。危険ですので対象者は直ちに思考を停止してください。】,【正在對對象實施記憶消除與性慾增幅 由於非常危險性請對象立刻停止思考】,"[The subject's memory is being erased and their libido is being amplified. It is dangerous to keep thinking, please stop immediately.]",【대상자의 기억 소거 및 성욕 증폭 실시 중. 위험하므로 대상자는 즉시 사고를 정지하십시오.】,【正在对对象实施记忆消除与性欲增幅 由于非常危险性请对象立刻停止思考】
,,,,,,,,,
Dialog.DLC1-1-129,,(ひぎゅううううっ♥！？、わ、わたしはっ、負け…ないっ♥！！！),(嘿咻咻咻♥！？、我、我不會輸的♥！！！),,(ひぎゅううううっ♥！？、わ、わたしはっ、負け…ないっ♥！！！),（呀嗚嗚嗚嗚♥！？我、我不會輸……的♥！！！）,(Hggggggg?! I-I won't... be defeated♥!!!),"(히규우우우웃♥!? 나, 나는, 지지… 않아♥!!!)",（♥我……我不会输的……！）
,,,,,,,,,
Dialog.DLC1-1-130,,バチバチバチッ！！,嘣嘣嘣！！,,バチバチバチッ！！,滋滋滋！！,Zap zap zap!!,바치바치바칫!!,滋滋滋！！
,,,,,,,,,
Dialog.DLC1-1-131,,【対象者の記憶の消去及び性欲の増幅を実施中。危険ですので対象者は直ちに思考を停止してください。】,【正在執行對象者的記憶消除和性慾增幅。由於危險，請對象者立即停止思考。】,,【対象者の記憶の消去及び性欲の増幅を実施中。危険ですので対象者は直ちに思考を停止してください。】,【正在對對象實施記憶消除與性慾增幅 由於非常危險性請對象立刻停止思考】,"[The subject's memory is being erased and their libido is being amplified. It is dangerous to keep thinking, please stop immediately.]",【대상자의 기억 소거 및 성욕 증폭 실시 중. 위험하므로 대상자는 즉시 사고를 정지하십시오.】,【正在对对象实施记忆消除与性欲增幅 由于非常危险性请对象立刻停止思考】
,,,,,,,,,
Dialog.DLC1-1-132,,(んああっ♥、お゛っ♥、お゛ぉ…),(嗯啊♥、喔♥、喔…),,(んああっ♥、お゛っ♥、お゛ぉ…),（唔啊♥，唔…噢♥，哦…）,(Naaa♥ Oh♥ Ohh...),"(응아앗♥, 오옷 옷♥, 오옷 오…)",（唔啊♥，唔…噢♥，哦…）
,,,,,,,,,
Dialog.DLC1-1-133,,【対象者の記憶の消去及び性欲の増幅を実施中。危険ですので対象者は直ちに思考を停止してください。】,【正在執行對象者的記憶消除和性慾增幅。由於危險，請對象者立即停止思考。】,,【対象者の記憶の消去及び性欲の増幅を実施中。危険ですので対象者は直ちに思考を停止してください。】,【正在對對象實施記憶消除與性慾增幅 由於非常危險性請對象立刻停止思考】,"[The subject's memory is being erased and their libido is being amplified. It is dangerous to keep thinking, please stop immediately.]",【대상자의 기억 소거 및 성욕 증폭 실시 중. 위험하므로 대상자는 즉시 사고를 정지하십시오.】,【正在对对象实施记忆消除与性欲增幅 由于非常危险性请对象立刻停止思考】
,,,,,,,,,
Dialog.DLC1-1-134,,(………私は……っ♥),(………我……♥),,(………私は……っ♥),（♥我……是……）,(...I am...♥),(………나는……윽♥),（♥我……是……）
,,,,,,,,,
Dialog.DLC1-1-135,,【対象者の記憶の消去及び性欲の増幅を実施中。危険ですので対象者は直ちに思考を停止してください。】,【正在執行對象者的記憶消除和性慾增幅。由於危險，請對象者立即停止思考。】,,【対象者の記憶の消去及び性欲の増幅を実施中。危険ですので対象者は直ちに思考を停止してください。】,【正在對對象實施記憶消除與性慾增幅 由於非常危險性請對象立刻停止思考】,"[The subject's memory is being erased and their libido is being amplified. It is dangerous to keep thinking, please stop immediately.]",【대상자의 기억 소거 및 성욕 증폭 실시 중. 위험하므로 대상자는 즉시 사고를 정지하십시오.】,【正在对对象实施记忆消除与性欲增幅 由于非常危险性请对象立刻停止思考】
,,,,,,,,,
Dialog.DLC1-1-136,,(せい……かく……),(聖……核……),,(せい……かく……),（聖……核……）,(Ho...ly... Core...),(성……핵……),（圣……核……）
,,,,,,,,,
Dialog.DLC1-1-137,,(……………),(……………),,(……………),（…………）,(...),(……………),（…………）
,,,,,,,,,
Dialog.DLC1-1-138,,【対象者の記憶の消去及び性欲の増幅を実施中。危険ですので対象者は直ちに思考を停止してください。】,【正在執行對象者的記憶消除和性慾增幅。由於危險，請對象者立即停止思考。】,,【対象者の記憶の消去及び性欲の増幅を実施中。危険ですので対象者は直ちに思考を停止してください。】,【正在對對象實施記憶消除與性慾增幅 由於非常危險性請對象立刻停止思考】,"[The subject's memory is being erased and their libido is being amplified. It is dangerous to keep thinking, please stop immediately.]",【대상자의 기억 소거 및 성욕 증폭 실시 중. 위험하므로 대상자는 즉시 사고를 정지하십시오.】,【正在对对象实施记忆消除与性欲增幅 由于非常危险性请对象立刻停止思考】
,,,,,,,,,
Dialog.DLC1-1-139,,【対象者の記憶の消去及び性欲の増幅を実施中。危険ですので対象者は直ちに思考を停止してください。】,【正在執行對象者的記憶消除和性慾增幅。由於危險，請對象者立即停止思考。】,,【対象者の記憶の消去及び性欲の増幅を実施中。危険ですので対象者は直ちに思考を停止してください。】,【正在對對象實施記憶消除與性慾增幅 由於非常危險性請對象立刻停止思考】,"[The subject's memory is being erased and their libido is being amplified. It is dangerous to keep thinking, please stop immediately.]",【대상자의 기억 소거 및 성욕 증폭 실시 중. 위험하므로 대상자는 즉시 사고를 정지하십시오.】,【正在对对象实施记忆消除与性欲增幅 由于非常危险性请对象立刻停止思考】
,,,,,,,,,
Dialog.DLC1-1-140,,【対象者の記憶の消去及び性欲の増幅を実施中。危険ですので対象者は直ちに思考を停止してください。】,【正在執行對象者的記憶消除和性慾增幅。由於危險，請對象者立即停止思考。】,,【対象者の記憶の消去及び性欲の増幅を実施中。危険ですので対象者は直ちに思考を停止してください。】,【正在對對象實施記憶消除與性慾增幅 由於非常危險性請對象立刻停止思考】,"[The subject's memory is being erased and their libido is being amplified. It is dangerous to keep thinking, please stop immediately.]",【대상자의 기억 소거 및 성욕 증폭 실시 중. 위험하므로 대상자는 즉시 사고를 정지하십시오.】,【正在对对象实施记忆消除与性欲增幅 由于非常危险性请对象立刻停止思考】
,,,,,,,,,
Dialog.DLC1-1-141,,【対象者の記憶の消去及び性欲の増幅を実施中。危険ですので対象者は直ちに思考を停止してください。】,【正在執行對象者的記憶消除和性慾增幅。由於危險，請對象者立即停止思考。】,,【対象者の記憶の消去及び性欲の増幅を実施中。危険ですので対象者は直ちに思考を停止してください。】,【正在對對象實施記憶消除與性慾增幅 由於非常危險性請對象立刻停止思考】,"[The subject's memory is being erased and their libido is being amplified. It is dangerous to keep thinking, please stop immediately.]",【대상자의 기억 소거 및 성욕 증폭 실시 중. 위험하므로 대상자는 즉시 사고를 정지하십시오.】,【正在对对象实施记忆消除与性欲增幅 由于非常危险性请对象立刻停止思考】
,,,,,,,,,
,暗転,,,,,,,,
Dialog.DLC1-1-142,Hisui story DLC2-5,記憶消去が始まってから30分ほどが経ち――――,記憶消除開始後大約30分───,,記憶消去が始まってから30分ほどが経ち――――,記憶消除開始之後，約過了三十分鐘――――,About thirty minutes passed since the memory erasure began...,기억 소거가 시작된 지 30분 정도 지나――――,记忆消除开始之后，约过了叁十分钟――――
,,,,,,,,,
Dialog.DLC1-1-143,ヒスイ,(んあ゛っ♥、お゛♥、お゛ぉ♥………っ♥),(嗯啊♥、喔♥、喔喔♥………♥),,(んあ゛っ♥、お゛♥、お゛ぉ♥………っ♥),（嗯啊啊♥、哦♥、哦哦♥……♥）,(Nah♥ Oh♥ Ohh♥...♥),"(응아옷 앗♥, 오옷 ♥, 오옷 오옷♥………윽♥)",（嗯啊啊♥、哦♥、哦哦♥……♥）
,,,,,,,,,
Dialog.DLC1-1-144,,【――――記憶消去及び性欲増強措置完了。対象者の人格矯正を終了します。】,【───記憶消除和性慾增強措施完成。對象者的人格矯正結束。】,,【――――記憶消去及び性欲増強措置完了。対象者の人格矯正を終了します。】,【——記憶消除以及性慾增幅處置完成。結束對對象的人格矯正】,[...Memory erasure and libido enhancement complete. Subject personality correction finished.],【――――기억 소거 및 성욕 증강 조치 완료. 대상자의 인격 교정을 종료합니다.】,【——记忆消除以及性欲增幅处置完成。结束对对象的人格矫正】
,,,,,,,,,
Dialog.DLC1-1-145,,(んあっ……お゛♥、おわっ…た……………？),(嗯……喔♥、結束了……………？),,(んあっ……お゛♥、おわっ…た……………？),（嗯啊……哦♥、結…束了……………？）,(Nah... Oh♥ It's... over...?),"(응앗…… 오옷 ♥, 끝…났………?)",（嗯啊……哦♥、结…束了……………？）
,,,,,,,,,
Dialog.DLC1-1-146,,(わ…わたし……だ、大丈夫っ………まだ……記憶は残ってるっ…！),(我……我……我、我沒事……還……記憶還在……！),,(わ…わたし……だ、大丈夫っ………まだ……記憶は残ってるっ…！),（我、我……還好……記憶……還在……！）,(I... I'm... okay... my memories... are still there...!),"(나…… 괜, 괜찮아……… 아직…… 기억은 남아있어…!)",（我、我……还好……记忆……还在……！）
,,,,,,,,,
Dialog.DLC1-1-147,,(私は……ヒスイ……“聖核戦姫”……で……),(我是……翡翠……“聖核戰姬”……的……),,(私は……ヒスイ……“聖核戦姫”……で……),（我是……翡翠……是「聖核戰姬」……）,"(I am... Hisui... a ""Holy Core Battlemaiden""... and...)",(나는…… 히스이…… “성핵전희”……이고……),（我是……翡翠……是「圣核战姬」……）
,,,,,,,,,
Dialog.DLC1-1-148,,(潜入するために……“戦闘員になって”………。),為了潛入……成為“戰鬥員”……。,,(潜入するために……“戦闘員になって”………。),（為了潛入……「我主動變成戰鬥員」……）,"(To infiltrate... I ""became a soldier""...)",(잠입하기 위해…… “전투원이 되어”……….),（为了潜入……「我主动变成战斗员」……）
,,,,,,,,,
Dialog.DLC1-1-149,,【最終工程、戦闘員マスクの着用を行い戦闘員化を完了します。】,【最終階段，穿上戰鬥員面具，完成戰鬥員化。】,,【最終工程、戦闘員マスクの着用を行い戦闘員化を完了します。】,【最終階段，為對象配戴戰鬥員面具，以完成戰鬥員化】,"[Final process, applying soldier mask to complete soldier conversion.]","【최종 공정, 전투원 마스크 착용 실시하여 전투원화 완료합니다.】",【最终阶段，为对象配戴战斗员面具，以完成战斗员化】
,,,,,,,,,
Dialog.DLC1-1-150,Hisui story DLC2-6,そして機械によって戦闘員のマスクが装着されると、ヒスイの見た目は完全に戦闘員へと変貌する。,當機械裝上戰鬥員面具後，翡翠的外表完全變成了戰鬥員的模樣。,,そして機械によって戦闘員のマスクが装着されると、ヒスイの見た目は完全に戦闘員へと変貌する。,機械手臂將戰鬥員用的面具扣在她臉上後，翡翠的外表已經徹底變成一名戰鬥員。,"When the machine applied the soldier's mask, Hisui's appearance completely transformed into that of a soldier.","그리고 기계에 의해 전투원 마스크가 착용되자, 히스이의 외형은 완전히 전투원으로 변모한다.",机械手臂将战斗员用的面具扣在她脸上后，翡翠的外表已经彻底变成一名战斗员。
,,,,,,,,,
Dialog.DLC1-1-151,,(む、むぐっ…！？),(嗯、嗯咕……！？),,(む、むぐっ…！？),（唔、嗯……！？）,(M-mmph...?!),"(읍, 읍읍…!?)",（唔、嗯……！？）
,,,,,,,,,
Dialog.DLC1-1-152,,(こ、これがあの戦闘員達が着けていたマスク…！？顔にぴったり張り付いてるっ……！？),這、這就是那些戰鬥員們戴的面具…！？緊貼在臉上……！？,,(こ、これがあの戦闘員達が着けていたマスク…！？顔にぴったり張り付いてるっ……！？),（這、這就是那些戰鬥員戴的面具……！？整個緊貼在臉上……！？）,(Th-this is the mask those soldiers were wearing...?! It's stuck tight to my face...?!),"(이, 이것이 저 전투원들이 쓰고 있던 마스크…!? 얼굴에 딱 달라붙어 있어……!?)",（这、这就是那些战斗员戴的面具……！？整个紧贴在脸上……！？）
,,,,,,,,,
Dialog.DLC1-1-153,,【今後下級戦闘員は許可なしにマスクを外すことは禁止されます。】,【未來，下級戰鬥員未經許可不得取下面具。】,,【今後下級戦闘員は許可なしにマスクを外すことは禁止されます。】,【今後下級戰鬥員未獲許可禁止擅自摘下面具】,[Junior soldiers are prohibited from removing their masks without permission.],【이후 하급 전투원은 허가 없이 마스크를 벗는 것은 금지됩니다.】,【今后下级战斗员未获许可禁止擅自摘下面具】
,,,,,,,,,
Dialog.DLC1-1-154,,【これにて戦闘員化プログラムを終了します。下級戦闘員H46号、返答を。】,【現在結束戰鬥員化程式。下級戰鬥員H46號，回報。】,,【これにて戦闘員化プログラムを終了します。下級戦闘員H46号、返答を。】,【至此，戰鬥員化程式全部結束。下級戰鬥員H46號，回覆】,"[This concludes the soldier conversion program. Junior Soldier H46, respond.]","【이것으로 전투원화 프로그램을 종료합니다. 하급 전투원 H46호, 답변을.】",【至此，战斗员化程序全部结束。下级战斗员H46号，回复】
,,,,,,,,,
Dialog.DLC1-1-155,,「き、キ―――――ッ！」,「啊、啊——！」,,「き、キ―――――ッ！」,「嘰、嘰————！」,"""K-Kiiiiiii!""","「키, 키―――――잇!」",「吱————！」
,,,,,,,,,
Dialog.DLC1-1-156,,【これより下級戦闘員H37号からH48号は部隊配属、及び戦闘訓練を行います。】,【從現在起，下級戰鬥員H37號到H48號將被分配到部隊，進行戰鬥訓練。】,,【これより下級戦闘員H37号からH48号は部隊配属、及び戦闘訓練を行います。】,【接下來下級戰鬥員H37號至H48號將進行部隊編入以及戰鬥訓練】,[Junior Soldiers H37 through H48 will now proceed to unit assignment and combat training.],"【이것으로 하급 전투원 H37호부터 H48호는 부대 배치, 및 전투 훈련을 실시합니다.】",【接下来下级战斗员H37号至H48号将进行部队编入以及战斗训练】
,,,,,,,,,
Dialog.DLC1-1-157,,【拘束を解除した後速やかに戦闘訓練所に移動してください。】,【解除拘束後，請立即前往戰鬥訓練所。】,,【拘束を解除した後速やかに戦闘訓練所に移動してください。】,【解除拘束後，請立即前往戰鬥訓練場】,"[After restraints are released, proceed immediately to the combat training facility.]",【구속 해제 후 신속히 전투 훈련소로 이동하십시오.】,【解除拘束后，请立即前往战斗训练场】
,,,,,,,,,
Dialog.DLC1-1-158,ヒスイ,「キ―――――ッ！」,「啊、啊——！」,,「キ―――――ッ！」,「嘰————！」,"""Kiiiiiii!""",「키―――――잇!」,「吱————！」
,,,,,,,,,
,暗転,暗転,黑幕,,暗転,,Blackout,,
,地下通路　背景,,,,,,,,
,,,,,,,,,
Dialog.DLC1-1-159,ヒスイ(Hisui_sentouin_mask),(……はあ、はあ、これで洗脳は耐えきりました……よね…？),(......呼、呼，這樣洗腦就扛過來了......對吧...？),,(……はあ、はあ、これで教育は耐えきりました……よね…？),（……哈啊、哈啊，這樣就算是撐過教育了……對吧？）,"(...Haa, haa, I managed to withstand the re-education... right...?)","(……하아, 하아, 이걸로 세뇌는 견뎌냈어…… 그렇지…?)",（……哈啊、哈啊，这样就算是撑过教育了……对吧？）
,,,,,,,,,
Dialog.DLC1-1-160,,(体がちょっと熱いし……ちょっと下半身が…むずむずするけど……記憶も思考も大丈夫…！),(身體有點發燒......下半身有點......癢癢的，但記憶和思考都沒問題...！),,(体がちょっと熱いし……ちょっと下半身が…むずむずするけど……記憶も思考も大丈夫…！),（身體有點發熱……下半身也有點癢癢的……但記憶和思考都正常……沒問題！）,(My body feels a bit hot... and my lower body feels... tingly but... my memories and thoughts are intact...!),(몸이 조금 뜨겁고…… 조금 하반신이… 근질근질하지만…… 기억도 사고도 괜찮아…!),（身体有点发热……下半身也有点痒痒的……但记忆和思考都正常……没问题！）
,,,,,,,,,
Dialog.DLC1-1-161,,その時部屋に一人の女性が入ってくる,那時，一位女性進入房間。,,その時部屋に一人の女性が入ってくる,這時，一名女性走進房間。,"At that moment, a woman entered the room.",그때 방에 한 여성이 들어온다,这时，一名女性走进房间。
,,,,,,,,,
Dialog.DLC1-1-162,005号,「……新しく配属された下級戦闘員は直ちに整列を。」,「......新加入的新手戰鬥員立即整隊。」,,「……新しく配属された下級戦闘員は直ちに整列を。」,「……新編入的下級戰鬥員立刻集合。」,"""...Newly assigned junior soldiers, fall in immediately.""",「……새롭게 배치된 하급 전투원은 즉시 정렬을.」,「……新编入的下级战斗员立刻集合。」
,,,,,,,,,
Dialog.DLC1-1-163,下級戦闘員,「「「「キ――――ッ！」」」」,「「「「啊——！」」」」,,「「「「キ――――ッ！」」」」,「「「「嘰————！」」」」,"""Kiiiii!""",「「「「키――――잇!」」」」,「「「「吱——！」」」」
,,,,,,,,,
Dialog.DLC1-1-164,ヒスイ,「き、キーーーッ！！」,「啊——！」,,「き、キーーーッ！！」,「嘰、嘰———！」,"""K-Kiiiii!!""","「키, 키ーーー잇!!」",「吱、吱——！」
,,,,,,,,,
Dialog.DLC1-1-165,,下級戦闘員達は敬礼して005号の前に整列する,新手戰鬥員們向005號敬禮，並在她面前整隊。,,下級戦闘員達は敬礼して005号の前に整列する,下級戰鬥員們立正敬禮，排成一列站在005號面前。,The junior soldiers saluted and lined up before 005.,하급 전투원들은 경례하며 005호 앞에 정렬한다,下级战斗员们立正敬礼，排成一列站在005号面前。
,,,,,,,,,
Dialog.DLC1-1-166,005号,「私は当部隊隊長及び戦闘訓練担当のクローン戦闘員005号です。私の命令には絶対に従うように。」,「我是本部隊隊長兼戰鬥訓練負責人的克隆戰鬥員005號。必須絕對服從我的命令。」,,「私は当部隊隊長及び戦闘訓練担当のクローン戦闘員005号です。私の命令には絶対に従うように。」,「我是本部隊隊長兼戰鬥訓練負責人，克隆戰鬥員005號。今後必須絕對服從我的命令。」,"""I am Clone Soldier 005, squad leader and combat training instructor. You will obey my orders without any questions.""",「나는 당 부대 대장 및 전투 훈련 담당 클론 전투원 005호입니다. 내 명령에는 절대 복종하도록.」,「我是本部队队长兼战斗训练负责人，克隆战斗员005号。今后必须绝对服从我的命令。」
,,,,,,,,,
Dialog.DLC1-1-167,ヒスイ＆下級戦闘員,「「「「キ――――ッ！」」」」,「「「「啊——！」」」」,,「「「「キ――――ッ！」」」」,「「「「嘰————！」」」」,"""Kiiiii!""",「「「「키――――잇!」」」」,「「「「吱——！」」」」
,,,,,,,,,
Dialog.DLC1-1-168,ヒスイ,(コイツっ、聖核戦姫のクローン……),(這傢伙，是聖核戰姬的克隆......),,(コイツっ、聖核戦姫のクローン……),（這傢伙是……聖核戰姬的克隆人……）,(This one... a Holy Core Battlemaiden clone...),"(이 녀석, 성핵전희 클론……)",（这家伙是……圣核战姬的克隆……）
,,,,,,,,,
Dialog.DLC1-1-169,005号,「それでは戦闘訓練を開始します。優秀な成績を収めた個体は幹部か怪人の部隊へ所属できるので全力で取り組みなさい。」,「現在開始戰鬥訓練。表現優異者可加入幹部或怪人部隊，請全力以赴。」,,「それでは戦闘訓練を開始します。優秀な成績を収めた個体は幹部か怪人の部隊へ所属できるので全力で取り組みなさい。」,「那麼現在開始進行戰鬥訓練。成績優秀者，可以被編入幹部或怪人直屬部隊，給我全力以赴。」,"""We will now begin combat training. Those who achieve excellent results can be assigned to executive or fiend units, so give it your all.""","「그럼, 전투 훈련을 개시합니다. 우수한 성적을 거둔 개체는 간부나 괴인 부대에 소속될 수 있으니, 전력으로 임하도록 하세요.」",「那么现在开始进行战斗训练。成绩优秀者，可以被编入干部或怪人直属部队，给我全力以赴。」
,,,,,,,,,
Dialog.DLC1-1-170,ヒスイ＆下級戦闘員,「「「「キ――――ッ！」」」」,「「「「啊——！」」」」,,「「「「キ――――ッ！」」」」,「「「「嘰————！」」」」,"""Kiiiii!""",「「「「키――――잇!」」」」,「「「「吱——！」」」」
,,,,,,,,,
Dialog.DLC1-1-171,ヒスイ,(………それなら！もしかしたらエレナ先輩の所へ近づけるかも…！),(......那樣的話！也許可以靠近艾蓮娜前輩的地方...！),,(………それなら！もしかしたらエレナ先輩の所へ近づけるかも…！),（……那這樣的話！說不定就有機會接近艾蓮娜前輩那邊……！）,(...In that case! Maybe I can get closer to Erena...!),(………그렇다면! 어쩌면 엘레나 선배에게 가까워질 수 있을지도…!),（……那这样的话！说不定就有机会接近艾莲娜前辈那边……！）
,,,,,,,,,
Dialog.DLC1-1-172,,(チャンスです！優秀な戦闘員としてふるまって見せます！),這是個機會！我會展現出優秀的戰鬥員風範！,,(チャンスです！優秀な戦闘員としてふるまって見せます！),（這是機會！我要好好扮演一個「優秀戰鬥員」！）,(This is my chance! I'll act as an excellent soldier!),(기회입니다! 우수한 전투원으로서 행동해 보이겠습니다!),（这是机会！我要好好扮演一个「优秀战斗员」！）
,,,,,,,,,
Dialog.DLC1-1-173,,こうして下級戦闘員46号となったヒスイの財団での潜入生活が始まるのだった。,就這樣，成為第46號下級戰鬥員的翡翠，開始了在財團中的潛入生活。,,こうして下級戦闘員46号となったヒスイの財団での潜入生活が始まるのだった。,就這樣，翡翠以下級戰鬥員46號之名，開始了她在財團內的潛入生活。,Thus began Hisui's infiltration life at the Foundation as Junior Soldier 046.,이렇게 하급 전투원 46호가 된 히스이의 재단 잠입 생활이 시작되었다.,就这样，翡翠以下级战斗员46号之名，开始了她在财团内的潜入生活。
,,,,,,,,,
Dialog.DLC1-1-174,,――――――――,――――――――,,――――――――,――――――――,...,――――――――,――――――――
,,,,,,,,,
Dialog.DLC1-1-175,,――――,――――,,――――,――――,...,――――,――――
,,,,,,,,,
Dialog.DLC1-1-176,,ー,――,,ー,—,...,ー,—
,,,,,,,,,
,,,,,,,,,
,,,,,,,,,
,,,,,,,,,
,,,,,,,,,
DLC1-2,,,,,,,,,
,,,,,,,,,
Dialog.DLC1-2-1,,ヒスイが戦闘員として財団に潜入してから1週間ほど経ち――――,自翡翠作為戰鬥員潛入財團已經過了大約一周的時間——,,ヒスイが戦闘員として財団に潜入してから1週間ほど経ち――――,翡翠以戰鬥員身分潛入財團後，約過了一個星期――――,About a week had passed since Hisui infiltrated the Foundation as a soldier...,히스이가 전투원으로서 재단에 잠입한 지 1주일 정도 지나――――,翡翠以战斗员身分潜入财团后，约过了一个星期――――
,アジト,,,,,,,,
Dialog.DLC1-2-2,那由多,「それで……脱走した聖核戦姫はまだ見つからないのでしょうか？」,「所以……逃脫的聖核戰姬還沒有被找到嗎？」,,「それで……脱走した聖核戦姫はまだ見つからないのでしょうか？」,「所以說……那個脫逃的聖核戰姬，到現在還沒找到嗎？」,"""So... haven't you found the escaped Holy Core Battlemaidens yet?""",「그래서…… 탈주한 성핵전희는 아직 발견되지 않았습니까?」,「所以说……那个脱逃的圣核战姬，到现在还没找到吗？」
,,,,,,,,,
Dialog.DLC1-2-3,京,「う～ん、そうは言ってもねえ？」,「嗯，就算這樣說……？」,,「う～ん、そうは言ってもねえ？」,「嗯～話是這麼說沒錯啦？」,"""Hmm, even if you say that?""","「으음, 그렇게 말해도 말이지?」",「嗯～话是这么说没错啦？」
,,,,,,,,,
Dialog.DLC1-2-4,京,「逃げ出した片方はダイヤモンドだ。昔の那由多に匹敵する実力者だよ？」,「逃走的其中一人是黛雅。她的實力可與以前的那由多相提並論，你知道嗎？」,,「逃げ出した片方はダイヤモンドだ。昔の那由多に匹敵する実力者だよ？」,「逃走的其中一個可是黛雅喔。她的實力足以匹敵以前的那由多耶。」,"""One of the escapees is Diamond. She's someone whose abilities rival your past self, you know?""",「도망친 한 명은 다이아몬드. 예전의 나유타에 필적하는 실력자라고?」,「逃走的其中一个可是黛雅喔。她的实力足以匹敌以前的那由多耶。」
,,,,,,,,,
Dialog.DLC1-2-5,,「適当な戦力を送って探させたんじゃ、各個撃破されて返り討ちに逢いかねない。」,「派遣適當的戰力去搜索的話，可能會被各個擊破，反遭反擊。」,,「適当な戦力を送って探させたんじゃ、各個撃破されて返り討ちに逢いかねない。」,「要是只是隨便派點戰力出去搜，就有可能被她各個擊破，反而被幹掉。」,"""If we send inadequate forces to search, they might get picked off one by one.""","「적당한 전력을 보내서 찾게 해도, 각개격파당해 되려 당할지도 몰라.」",「要是只是随便派点战力出去搜，就有可能被她各个击破，反而被干掉。」
,,,,,,,,,
Dialog.DLC1-2-6,那由多,「……私が直接探した方が早いと思うのですが。」,「……我認為直接由我來搜索會更快。」,,「……私が直接探した方が早いと思うのですが。」,「……我自己去找，應該會比較快。」,"""...I think it would be faster if I searched directly.""",「……제가 직접 찾는 편이 빠를 것 같습니다만.」,「……我自己去找，应该会比较快。」
,,,,,,,,,
Dialog.DLC1-2-7,京,「那由多がいない時に本部が攻撃されたらどうするのさ…少なくとも私は相手したくないね。」,「那由多不在的時候，如果總部遭到攻擊，該怎麼辦呢…至少我是不想面對的。」,,「那由多がいない時に本部が攻撃されたらどうするのさ…少なくとも私は相手したくないね。」,「那要是趁那由多不在的時候，本部被攻擊了怎麼辦？至少我可不想跟那種對手打。」,"""What if headquarters is attacked while you're away... At least I don't want to face her.""",「나유타가 없을 때 본부가 공격당하면 어쩔 거야… 적어도 나는 상대하고 싶지 않아.」,「那要是趁那由多不在的时候，本部被攻击了怎么办？至少我可不想跟那种对手打。」
,,,,,,,,,
Dialog.DLC1-2-8,那由多,「…それもそうですね……ではもう一人の方は？」,「…這也是啊……那麼另一個人呢？」,,「…それもそうですね……ではもう一人の方は？」,「……說得也是呢……那另一個呢？」,"""...That's true... Then what about the other one?""",「…그것도 그렇군요…… 그럼 다른 한 명은?」,「……说得也是呢……那另一个呢？」
,,,,,,,,,
Dialog.DLC1-2-9,京,「西園寺ヒスイ、生徒会で書記をやってた娘だね…戦闘力的にはこっちは大した脅威にはならなさそうだ。」,「西園寺 翡翠，在學生會擔任書記的女孩呢…就戰鬥力而言，她似乎對我們來說不是什麼大威脅。」,,「西園寺ヒスイ、レギオン司令部で書記をやってた娘だね…戦闘力的にはこっちは大した脅威にはならなさそうだ。」,「西園寺翡翠，就是以前在軍團司令部當書記的那個女孩嘛……以戰力來說，她對我們應該構不成什麼威脅。」,"""Hisui Saionji, the girl who worked as a secretary at Legion Command... In terms of combat ability, she doesn't seem to be much of a threat.""","「사이온지 히스이, 레기온 사령부에서 서기를 했었네… 전투력으로는 이쪽은 별 위협이 되지 않을 것 같아.」",「西园寺翡翠，就是以前在军团司令部当书记的那个女孩嘛……以战力来说，她对我们应该构不成什么威胁。」
,,,,,,,,,
Dialog.DLC1-2-10,那由多,「そういえばそんなのもいた気がしますね…あまり記憶には残っていないですが。」,「說起來好像也有這樣的人呢…雖然記憶中沒有留下太深刻的印象。」,,「そういえばそんなのもいた気がしますね…あまり記憶には残っていないですが。」,「這麼說來好像是有那個人呢……不過沒什麼印象。」,"""Come to think of it, I vaguely remember someone like that... though she didn't leave much of an impression.""",「그러고 보니 그런 것도 있었던 것 같군요… 별로 기억에 남아 있지는 않지만.」,「这么说来好像是有那个人呢……不过没什么印象。」
,,,,,,,,,
Dialog.DLC1-2-11,京,「二人がどこにいるのかは……まだ分からないけど。」,「雖然還不知道他們在哪裡。」,,「二人がどこにいるのかは……まだ分からないけど。」,「她們現在在哪裡……還是不清楚就是了。」,"""Where the two of them are... we still don't know.""",「두 사람이 어디 있는지는…… 아직 모르겠지만.」,「我们现在依然不清楚……她们现在在哪里就是了。」
,,,,,,,,,
Dialog.DLC1-2-12,京,「…………案外近くに隠れてたりして。」,「…………也許就悄悄躲在附近呢。」,,「…………案外近くに隠れてたりして。」,「…………搞不好，就躲在意外近的地方也說不定。」,"""...They might be hiding surprisingly close by.""",「…………의외로 가까이에 숨어 있을지도.」,「…………搞不好，就躲在意外近的地方也说不定。」
,,,,,,,,,
,暗転,,,,,,,,
,,,,,,,,,
Dialog.DLC1-2-13,,財団戦闘訓練施設――――,福倫財團戰鬥訓練設施――――,,財団戦闘訓練施設――――,財團戰鬥訓練設施――――,Foundation Combat Training Facility...,재단 전투 훈련 시설――――,财团战斗训练设施――――
,,,,,,,,,
Dialog.DLC1-2-14,H46号(ヒスイ)(立ち絵下級戦闘員),「キィーーーーーーッ！！」,「啊啊啊啊啊啊啊！！」,,「キィーーーーーーッ！！」,「嘰ーーーーーー！！」,"""Kiiiiiiii!!""",「키이ーーーーーー잇!!」,「吱ーーーーーー！！」
,,,,,,,,,
Dialog.DLC1-2-15,,ドカッ！ドカッ！,轟隆！轟隆！,,ドカッ！ドカッ！,砰砰！砰砰！,Thud! Thud!,두캇! 두캇!,砰砰！砰砰！
,,,,,,,,,
Dialog.DLC1-2-16,005号,「H46号、そこまで。」,「H46號，就到這裡吧。」,,「H46号、そこまで。」,「H46號，到這裡就好。」,"""H46, that's enough.""","「H46호, 거기까지.」",「H46号，到这里就好。」
,,,,,,,,,
Dialog.DLC1-2-17,,「戦闘テストは……今回もH46号が1番ですね。これなら十分戦闘でも役に立てるでしょう。」,「戰鬥測試……這次也是H46號排第一。這樣的話，就算是在戰鬥中也能派上用場吧。」,,「戦闘テストは……今回もH46号が1番ですね。これなら十分戦闘でも役に立てるでしょう。」,「戰鬥測試……這次第一名也是H46號呢。這樣的話，在實戰中應該也能發揮不小的作用。」,"""Combat test results... H46 is number one again. With this performance, you'll certainly be useful in combat.""",「전투 테스트는…… 이번에도 H46호가 1등이군요. 이 정도면 충분히 전투에서도 도움이 될 것입니다.」,「战斗测试……这次第一名也是H46号呢。这样的话，在实战中应该也能发挥不小的作用。」
,,,,,,,,,
Dialog.DLC1-2-18,H46号,「キィーーーーーーッ！ありがとうございます！」,「啊啊啊啊啊啊啊！謝謝！」,,「キィーーーーーーッ！ありがとうございます！」,「嘰ーーーーーー！！非常感謝！」,"""Kiiiiiiii! Thank you!""",「키이ーーーーーー잇! 감사합니다!」,「吱ーーーーーー！！非常感谢！」
,,,,,,,,,
Dialog.DLC1-2-19,,(ふうっ、まあ私は聖核戦姫ですし…このくらい余裕ですね！),「呼，我可是聖核戰姬呢…這點小事還輕鬆啦！」,,(ふうっ、まあ私は聖核戦姫ですし…このくらい余裕ですね！),（呼，畢竟我是聖核戰姬嘛……這種程度還算輕鬆！）,"(Phew, well I am a Holy Core Battlemaiden after all... this much is easy!)","(후웃, 뭐 저는 성핵전희니까요… 이 정도는 여유롭죠!)",（呼，毕竟我是圣核战姬嘛……这种程度还算轻松！）
,,,,,,,,,
Dialog.DLC1-2-20,,「…この成績であれば上級幹部部隊への配属もありえるかもしれません。」,「…以這樣的成績，或許也有可能被調配到高級幹部部隊。」,,「…この成績であれば上級幹部部隊への配属もありえるかもしれません。」,「……以這個成績來說，被分配到上級幹部部隊也不是不可能。」,"""...With these results, assignment to the senior executive unit might be possible.""",「…이 성적이라면 상급 간부 부대 배속도 가능할지도 모릅니다.」,「……以这个成绩来说，被分配到上级干部部队也不是不可能。」
,,,,,,,,,
Dialog.DLC1-2-21,,(上級幹部部隊…！そこならエレナ先輩に近づけるかも…！),(高級幹部部隊…！如果在那裡的話，或許可以靠近艾蓮娜前輩…！),,(上級幹部部隊…！そこならエレナ先輩に近づけるかも…！),（上級幹部部隊……！如果是那裡的話，就有機會靠近艾蓮娜前輩……！）,(Senior executive unit...! There I might be able to get close to Erena...!),(상급 간부 부대…! 거기라면 엘레나 선배에게 가까워질 수 있을지도…!),（上级干部部队……！如果是那里的话，就有机会靠近艾莲娜前辈……！）
,,,,,,,,,
Dialog.DLC1-2-22,H46号,「キィーーーーーーッ！H46号、上級幹部部隊への配属を希望します！更に財団に尽くします！」,「啊啊啊啊啊啊啊！H46號，希望被調配到高級幹部部隊！並且將更加忠於財團！」,,「キィーーーーーーッ！H46号、上級幹部部隊への配属を希望します！更に財団に尽くします！」,「嘰ーーーーーー！！H46號申請配屬上級幹部部隊！今後會更加為財團效勞！」,"""Kiiiiiiii! H46 requests assignment to the senior executive unit! I will serve the Foundation even more!""","「키이ーーーーーー잇! H46호, 상급 간부 부대 배속을 희망합니다! 더욱 재단에 힘쓰겠습니다!」",「吱ーーーーーー！！H46号申请配属上级干部部队！今后会更加为财团效劳！」
,,,,,,,,,
Dialog.DLC1-2-23,005号,「…ふむ、素晴らしい忠誠心です。いいでしょう、H46号の上級訓練施設への推薦を行いましょう。」,「…嗯，忠誠心令人印象深刻。好吧，我們將推薦H46號前往高級訓練設施。」,,「…ふむ、素晴らしい忠誠心です。いいでしょう、H46号の上級訓練施設への推薦を行いましょう。」,「……嗯，很了不起的忠誠心。好吧，我會推薦H46號前往上級訓練設施。」,"""...Hmm, excellent loyalty. Very well, I'll recommend H46 for the advanced training facility.""","「…흠, 훌륭한 충성심입니다. 좋습니다, H46호의 상급 훈련 시설 추천을 진행하겠습니다.」",「……嗯，很了不起的忠诚心。好吧，我会推荐H46号前往上级训练设施。」
,,,,,,,,,
Dialog.DLC1-2-24,H46号,「キィーーーーーーッ！ありがとうございます！」,「啊啊啊啊啊啊啊！謝謝您！」,,「キィーーーーーーッ！ありがとうございます！」,「嘰ーーーーーー！！非常感謝！」,"""Kiiiiiiii! Thank you!""",「키이ーーーーーー잇! 감사합니다!」,「吱ーーーーーー！！非常感谢！」
,,,,,,,,,
Dialog.DLC1-2-25,,(やった！これでもっと財団にっ……じゃなくてエレナ先輩に……！),(太好了！這樣就更能讓艾蓮娜前輩……！),,(やった！これでもっと財団にっ……じゃなくてエレナ先輩に……！),（太好了！這樣就能更為財團……不是，是更接近艾蓮娜前輩……！）,"(Yes! Now I can get closer to the Foundation... no, to Erena...!)","(해냈다! 이걸로 더욱 재단에…… 아니, 엘레나 선배에게……!)",（太好了！这样就能更为财团……不是，是更接近艾莲娜前辈……！）
,,,,,,,,,
Dialog.DLC1-2-26,,(…………私…今何を考えて…？……この前機械にいろいろされた影響ですか…？),(…………我…現在在想些什麼…？……是之前被機械做了各種事情的影響嗎…？),,(…………私…今何を考えて…？……この前機械にいろいろされた影響ですか…？),（…………我、我剛剛在想什麼……？是之前被那台機器做了一堆奇怪處理的後遺症嗎……？）,(...What am I thinking...? ...Is this the effect of what the machine did to me...?),(…………나… 지금 무슨 생각을…?…… 지난번 기계에 여러 가지 당한 영향인가…?),（…………我、我刚刚在想什么……？是之前被那台机器做了一堆奇怪处理的后遗症吗……？）
,,,,,,,,,
Dialog.DLC1-2-27,,(………最近ずっと体も熱くて変な感じがしますし……ううっ、演技とはいえ染まらないように気を付けないと……！),(………最近一直覺得身體發燙，感覺奇怪……唔唔，雖然是表演，但要小心不要被牽連上……！),,(………最近ずっと体も熱くて変な感じがしますし……ううっ、演技とはいえ染まらないように気を付けないと……！),（……最近整個身體一直都熱熱的，很奇怪……唔，雖然是在演戲，也要小心不要真的假戲真做……！）,"(...Lately my body has been feeling hot and strange... Ugh, even if it's an act, I have to be careful not to get influenced...!)","(………요즘 계속 몸도 뜨겁고 이상한 느낌이 들지만…… 으윽, 연기라고는 해도 물들지 않도록 조심해야……!)",（……最近整个身体一直都热热的，很奇怪……唔，虽然是在演戏，也要小心不要真的假戏真做……！）
,,,,,,,,,
Dialog.DLC1-2-28,,(とはいえ私は今は下級戦闘員…エレナ先輩に近づくためにも目の前のことに集中しないとですね……！),(雖然我現在只是下級戰鬥員…為了接近艾蓮娜前輩，必須專心處理眼前的事情才行……！),,(とはいえ私は今は下級戦闘員…エレナ先輩に近づくためにも目の前のことに集中しないとですね……！),（話雖如此，我現在的身分就是下級戰鬥員……為了能接近艾蓮娜前輩，只能先專心把眼前的任務做好……！）,"(Still, I'm a junior soldier now... I need to focus on what's in front of me to get closer to Erena...!)",(그렇다고는 해도 저는 지금은 하급 전투원… 엘레나 선배에게 다가가기 위해서라도 눈앞의 일에 집중해야죠……!),（话虽如此，我现在的身分就是下级战斗员……为了能接近艾莲娜前辈，只能先专心把眼前的任务做好……！）
,,,,,,,,,
,暗転,,,,,,,,
,,,,,,,,,
Dialog.DLC1-2-29,,後日、上級訓練施設にて――――,後日，在高級訓練設施中――――,,後日、上級訓練施設にて――――,數日後，上級訓練設施――――,"Several days later, at the advanced training facility...","며칠 후, 상급 훈련 시설에서――――",数日后，上级训练设施――――
,,,,,,,,,
Dialog.DLC1-2-30,005号,「これより下級戦闘員特別訓練を開始します」,「現在開始下級戰鬥員特別訓練」,,「これより下級戦闘員特別訓練を開始します」,「現在開始進行下級戰鬥員特別訓練。」,"""We will now begin special training for junior soldiers.""",「지금부터 하급 전투원 특별 훈련을 개시합니다」,「现在开始进行下级战斗员特别训练。」
,,,,,,,,,
Dialog.DLC1-2-31,下級戦闘員＆H46号,「「「「「キィーーーーーーッ！」」」」」,「「「「「咦——！」」」」」,,「「「「「キィーーーーーーッ！」」」」」,「「「「「嘰ーーーーーー！！」」」」」,"""Kiiiiiiii!""",「「「「「키이ーーーーーー잇!」」」」」,「「「「「吱ーーーーーー！！」」」」」
,,,,,,,,,
Dialog.DLC1-2-32,005号,「ここに集められたのは忠誠心が高く、戦闘面で優秀な成績を収めた者達…。」,「這裡聚集了忠誠心高，在戰鬥中表現優秀的人們…。」,,「ここに集められたのは忠誠心が高く、戦闘面で優秀な成績を収めた者達…。」,「被選到這裡的各位，都是忠誠度高、戰鬥成績優秀的成員……」,"""Those gathered here have high loyalty and achieved excellent combat results...""","「여기에 모인 것은 충성심이 높고, 전투 면에서 우수한 성적을 거둔 자들….」",「被选到这里的各位，都是忠诚度高、战斗成绩优秀的成员……」
,,,,,,,,,
Dialog.DLC1-2-33,,「ですがフォーレン財団下級戦闘員の仕事は戦闘のみではありません。」,「然而福倫財團下級戰鬥員的工作不僅僅是戰鬥。」,,「ですがフォーレン財団下級戦闘員の仕事は戦闘のみではありません。」,「但是墮落財團下級戰鬥員的工作，可不只有戰鬥。」,"""However, Forren Foundation junior soldiers' duties are not limited to combat.""",「하지만 폴른 재단 하급 전투원의 일은 전투만이 아닙니다.」,「但是堕落财团下级战斗员的工作，可不只有战斗。」
,,,,,,,,,
Dialog.DLC1-2-34,,「下級戦闘員規則3条、【第三条：恐怖と淫欲を拡散し、財団の支配を広げる事】」,「下級戰鬥員規則3條、【第三條：散播恐懼與淫慾，擴大財團的控制權】」,,「下級戦闘員規則3条、【第三条：恐怖と淫欲を拡散し、財団の支配を広げる事】」,「下級戰鬥員規則第三條：【以恐懼與淫欲擴大財團的支配】」,"""Junior soldier rule Article 3: [Article 3: Spread fear and lust to expand the Foundation's control.]""","「하급 전투원 규칙 3조, 【제3조: 공포와 음욕을 확산시켜, 재단의 지배를 넓힐 것】」",「下级战斗员规则第叁条：【以恐惧与淫欲扩大财团的支配】」
,,,,,,,,,
Dialog.DLC1-2-35,,「というわけで、皆さんには今から男性戦闘員相手に誘惑の訓練を行ってもらいます。」,「因此，從現在開始，大家將進行誘惑訓練，對象是男性戰鬥員。」,,「というわけで、皆さんには今から男性戦闘員相手に誘惑の訓練を行ってもらいます。」,「所以，接下來各位要進行的是──對男性戰鬥員的誘惑訓練。」,"""Therefore, you will now undergo seduction training with male soldiers.""","「그런 이유로, 여러분에게는 지금부터 남성 전투원 상대로 유혹 훈련을 실시하겠습니다.」",「所以，接下来各位要进行的是──对男性战斗员的诱惑训练。」
,,,,,,,,,
Dialog.DLC1-2-36,H46号,(誘惑っ…！え、それって…！？),(誘惑…！咦，那是…！？),,(誘惑っ…！え、それって…！？),（誘惑……！欸，這個是……！？）,"(Seduction...! Wait, does that mean...?!)","(유혹…! 에, 그거…!?)",（诱惑……！欸，这个是……！？）
,,,,,,,,,
Dialog.DLC1-2-37,,「これも上級部隊選抜の評価となるので全力で取り組むように。」,「這也是高級部隊選拔的評價，所以請全力以赴。」,,「これも上級部隊選抜の評価となるので全力で取り組むように。」,「這也會列入上級部隊選拔的評價項目，要全力投入。」,"""This will also be evaluated for senior unit selection, so give it your all.""",「이것도 상급 부대 선발 평가가 되므로 전력으로 임하도록.」,「这也会列入上级部队选拔的评价项目，要全力投入。」
,,,,,,,,,
Dialog.DLC1-2-38,下級戦闘員,「「「「「キィーーーーーーッ！」」」」」,「「「「「咿———！」」」」」,,「「「「「キィーーーーーーッ！」」」」」,「「「「「嘰ーーーーーー！！」」」」」,"""Kiiiiiiii!""",「「「「「키이ーーーーーー잇!」」」」」,「「「「「吱ーーーーーー！！」」」」」
,,,,,,,,,
Dialog.DLC1-2-39,H46号,「き、キィーーーーーーッ！」,「咿———！」,,「き、キィーーーーーーッ！」,「嘰、嘰ーーーーーー！！」,"""K-Kiiiiiiii!""","「키, 키이ーーーーーー잇!」",「吱ーーーーーー！！」
,,,,,,,,,
Dialog.DLC1-2-40,,(っ、男性戦闘員相手にって…ちょっとまって…っ！！),(啊、對著男性戰鬥員…等一下…！！),,(っ、男性戦闘員相手にって…ちょっとまって…っ！！),（跟男性戰鬥員……誘惑訓練……等一下……！）,(With male soldiers... wait a minute...!!),"(윽, 남성 전투원 상대라니… 잠깐만…!!)",（跟男性战斗员……诱惑训练……等一下……！）
,,,,,,,,,
,暗転,,,,,,,,
,,,,,,,,,
,Hisui story DLC3ｰ1,,,,,,,,
Dialog.DLC1-2-41,ヒスイ,(うううっ…まさこんな事になるなんて……),(唔唔唔…居然會變成這樣……),,(うううっ…まさこんな事になるなんて……),（嗚嗚嗚…沒想到竟然會變成這樣……）,(Uuuh... I never thought it would come to this...),(으으윽… 설마 이런 일이 될 줄이야……),（呜呜呜…没想到竟然会变成这样……）
,,,,,,,,,
Dialog.DLC1-2-42,,部屋の中では何人もの女戦闘員達が男戦闘員への性奉仕をしている,房間裡有多名女戰鬥員正在為男戰鬥員提供性服務。,,部屋の中では何人もの女戦闘員達が男戦闘員への性奉仕をしている,房間內，數名女戰鬥員正在對男戰鬥員進行性侍奉。,"In the room, several female soldiers were servicing male soldiers.",방 안에서는 여러 명의 여성 전투원들이 남성 전투원들에게 성봉사를 하고 있다,房间内，数名女战斗员正在对男战斗员进行性服务。
,,,,,,,,,
Dialog.DLC1-2-43,,ヒスイも誘惑戦術の訓練として男戦闘員のものを自身の胸に挟んでいた,翡翠也將男戰鬥員的手放在自己的胸前，作為誘惑戰術的訓練。,,ヒスイも誘惑戦術の訓練として男戦闘員のものを自身の胸に挟んでいた,翡翠也作為誘惑戰術的訓練，將男戰鬥員的東西夾在自己的胸部之間。,Hisui too was training in seduction tactics by using her chest on a male soldier's manhood.,히스이도 유혹 전술 훈련으로서 남성 전투원의 것을 자신의 가슴에 끼우고 있었다,翡翠也作为诱惑战术的训练，将男战斗员的东西夹在自己的胸部之间。
,,,,,,,,,
Dialog.DLC1-2-44,ヒスイ,(男の人のコレ…初めて見たけど…………ううっ……気持ち悪い………）,(男性的這個…第一次看到但是…………唔……好噁心………),,(男の人のコレ…初めて見たけど…………ううっ……気持ち悪い………）,（男人的這個…第一次看到…………嗚…好噁心……）,(A man's... this is my first time seeing one... ugh... it's gross...),(남자의 이거… 처음 봤는데………… 으윽…… 기분 나빠………),（男人的这个…第一次看到…………呜…好恶心……）
,,,,,,,,,
Dialog.DLC1-2-45,,(でもこれも作戦を遂行するためっ…！手段は選んでられないっ！),但這也是為了執行作戰而已…！手段不能選擇！,,(でもこれも作戦を遂行するためっ…！手段は選んでられないっ！),（但這也是為了執行作戰…！為此我要不擇手段！）,(But this is for the operation...! I can't be choosy about methods!),(하지만 이것도 작전을 수행하기 위해…! 수단을 가릴 수는 없어!),（但这也是为了执行作战…！为此我不能挑手段！）
,,,,,,,,,
Dialog.DLC1-2-46,男戦闘員,「ははっ、研修とやらでチンポしゃぶって貰えるんだからいい身分だぜ！おら、早くしてくれ。」,「哈哈，因為這個什麼訓練，能讓妳們幫忙口交，真是好待遇！喂，快點！」,,「ははっ、研修とやらでチンポしゃぶって貰えるんだからいい身分だぜ！おら、早くしてくれ。」,「哈哈，因為這個什麼訓練，能讓妳們幫忙口交，真是好待遇！喂，快點！」,"""Haha, getting a blowjob during training, what a great rank! Come on, hurry up.""","「하핫, 연수랍시고 자지 빨아주다니 좋은 신분이네! 자, 빨리 해줘.」",「哈哈，因为这个什么训练，能让你们帮忙口交，真是好待遇！喂，快点！」
,,,,,,,,,
Dialog.DLC1-2-47,ヒスイ,「き、キーーーッ！！」,「啊、卡——！！」,,「き、キーーーッ！！」,「嘰、嘰ーーーーー！！」,"""K-Kiiiii!!""","「키, 키ーーー잇!!」",「吱，吱ーーーーー！！」
,,,,,,,,,
Dialog.DLC1-2-48,ヒスイ,(ううっ…最悪っ……！),(唔……最糟糕……！),,(ううっ…最悪っ……！),（嗚…太糟糕了……！）,(Ugh... this is the worst...!),(으윽… 최악……!),（呜…太糟糕了……！）
,,,,,,,,,
Dialog.DLC1-2-49,,(……しかも戦闘員の“コレ”絶対大きいよね……見たことないけどっ……),(……而且戰鬥員的這個絕對很大吧……我從來沒見過呢……),,(……しかも戦闘員の『コレ』絶対大きいよね……見たことないけどっ……),（……而且這戰鬥員的「那個」絕對很大吧……雖然我沒見過……）,"(...And the soldier's ""thing"" is definitely big... though I've never seen one before...)",(……게다가 전투원의 “이거” 절대 크겠지…… 본 적은 없지만……),（……而且这战斗员的“那个”绝对很大吧……虽然我没见过……）
,,,,,,,,,
Dialog.DLC1-2-50,,(っていうか私っ、…コレをどうすれば………っ！？),(我、要怎麼處理這個……！？),,(っていうか私っ、…コレをどうすれば………っ！？),（話說我…該怎麼處理這個東西……！？）,"(I mean, what am I supposed to do with this...?!)",(그보다 나… 이걸 어떻게 해야………!?),（话说我…该怎么处理这个东西……！？）
,,,,,,,,,
Dialog.DLC1-2-51,男戦闘員,「おいH46号、いつまで待たせるつもりだ？」,"""喂，H46號，你打算讓我等多久？""",,「おいH46号、いつまで待たせるつもりだ？」,「喂，H46號，妳打算讓我等多久？」,"""Hey H46, how long are you going to make me wait?""","「어이 H46호, 언제까지 기다리게 할 셈이야?」",「喂，H46号，你打算让我等多久？」
,,,,,,,,,
Dialog.DLC1-2-52,ヒスイ,「き、キーーーッ！申し訳ありません！」,「啊、卡——！對不起！」,,「き、キーーーッ！申し訳ありません！」,「嘰、嘰────！非常抱歉！」,"""K-Kiiiii! I apologize!""","「키, 키ーーー잇! 죄송합니다!」",「吱、吱────！非常抱歉！」
,,,,,,,,,
Dialog.DLC1-2-53,,(っ、作戦のためっ、やるしかない…っ！),(為了作戰，只能硬著頭皮上……！),,(っ、作戦のためっ、やるしかない…っ！),（嘖，為了作戰，沒辦法…只能硬著頭皮上了…！）,"(For the operation, I have to do it...!)","(윽, 작전을 위해, 할 수밖에 없어…!)",（啧，为了作战，没办法…只能硬着头皮上了…！）
,,,,,,,,,
Dialog.DLC1-2-54,,そしてヒスイは戦闘員のチンポを舐め始める,然後翡翠開始舔戰鬥員的武器,,そしてヒスイは戦闘員のチンポを舐め始める,於是翡翠開始舔起戰鬥員的陰莖。,Then Hisui began licking the soldier's cock.,그리고 히스이는 전투원의 자지를 핥기 시작한다,于是翡翠开始舔起战斗员的阴茎。
,,,,,,,,,
Dialog.DLC1-2-55,Hisui story DLC3-2,チロッ…ピチャッ…チロチロッ……,吱嘎…啪嚓…吱吱嘎……,,チロッ…ピチャッ…チロチロッ……,舔…啾啪…舔舔……,Lick... slurp... lick lick...,낼름… 피챳… 낼름낼름……,舔…啾啪…舔舔……
,,,,,,,,,
Dialog.DLC1-2-56,ヒスイ,(っ、凄く熱くて…ドクドクしてるっ…ううっ…),(好燙…心跳加速…唔…),,(っ、凄く熱くて…ドクドクしてるっ…ううっ…),（嘖，好燙…而且還會脈動…嗚嗚…）,(It's so hot... and throbbing... ugh...),"(윽, 엄청 뜨겁고… 두근두근거려… 으윽…)",（啧，好烫…而且还会脉动…呜呜…）
,,,,,,,,,
Dialog.DLC1-2-57,,チロチロッ……チュルッ…,吱吱嘎……滴滴…,,チロチロッ……チュルッ…,舔舔……啾嚕…,Lick lick... slurp...,낼름낼름…… 츄릇…,舔舔……啾噜…
,,,,,,,,,
Dialog.DLC1-2-58,,(うぅ～～～気持ち悪いっ……、けどっ、我慢しなきゃっ……！),(唔唔～～～好噁心……，但是，必須忍耐……！),,(うぅ～～～気持ち悪いっ……、けどっ、我慢しなきゃっ……！),（嗚～～～好噁心……但，必須忍住……！）,(Uuuh... this is gross... but I have to endure it...!),(으으~~~ 기분 나빠…… 하지만… 참아야 해……!),（呜～～～好恶心……，但、必须忍住……！）
,,,,,,,,,
Dialog.DLC1-2-59,,「チロッ…戦闘員様っ…ろうれすかっ……」,吱嘎…戰鬥員大人…您要怎麼樣……,,「チロッ…戦闘員様っ…ろうれすかっ……」,「舔…戰鬥員大人…這樣可以嗎……」,"""Lick... Sir... how is it...""",「낼름… 전투원님… 어떠세요…」,「舔…战斗员大人…这样可以吗……」
,,,,,,,,,
Dialog.DLC1-2-60,男戦闘員,「……あぁ？ふざけてんのか？」,「……啊？在開玩笑嗎？」,,「……あぁ？ふざけてんのか？」,「……啥？妳這是在開玩笑嗎？」,"""...Huh? Are you messing with me?""",「……아앙? 장난하는 거냐?」,「……啥？你这是在开玩笑吗？」
,,,,,,,,,
Dialog.DLC1-2-61,,「何下級戦闘員が恥ずかしがってんだ？また洗脳装置に送り込まれたいか？」,「什麼，下級戰鬥員在害羞嗎？想再次被送進洗腦裝置嗎？」,,「何下級戦闘員が恥ずかしがってんだ？また教育装置に送り込まれたいか？」,「一個下級戰鬥員還害羞什麼？想再被送進教育裝置嗎？」,"""Why is a junior soldier acting embarrassed? Want to be sent back to the re-educating device?""",「왜 하급 전투원이 부끄러워하는 거야? 또 세뇌 장치에 보내지고 싶나?」,「一个下级战斗员还害羞什么？想再被送进教育装置吗？」
,,,,,,,,,
Dialog.DLC1-2-62,ヒスイ,「き、キーーーッ！申し訳ありませんっ！」,「啊、對、對不起！」,,「き、キーーーッ！申し訳ありませんっ！」,「嘰────！非常抱歉！」,"""K-Kiiiii! I apologize!""","「키, 키ーーー잇! 죄송합니다!」",「吱────！非常抱歉！」
,,,,,,,,,
Dialog.DLC1-2-63,男戦闘員,「下級戦闘員のフェラに質は求めてねえんだよ！もっと雑にチンポしゃぶれ！」,「下級戰鬥員的口交不需要質量！多粗暴地舔龜頭！」,,「下級戦闘員のフェラに質は求めてねえんだよ！もっと雑にチンポしゃぶれ！」,「下級戰鬥員的口交還講什麼品質！給我更粗暴點吸！」,"""I don't expect a quality blowjob from a junior soldier! Just suck harder!""",「하급 전투원 펠라에 질은 바라지 않아! 더 막 자지를 빨아!」,「下级战斗员的口交还讲什么品质！给我更粗暴点吸！」
,,,,,,,,,
Dialog.DLC1-2-64,ヒスイ,「き、キーーーッ！！」,「啊、對、對不起！」,,「き、キーーーッ！！」,「嘰────！！」,"""K-Kiiiii!!""","「키, 키ーーー잇!!」",「吱────！！」
,,,,,,,,,
Dialog.DLC1-2-65,,(っ、恥ずかしがってる場合じゃないっ！怪しまれないように…やらないとっ！),(啊，現在不是害羞的時候！為了不被懷疑... 必須做！),,(っ、恥ずかしがってる場合じゃないっ！怪しまれないように…やらないとっ！),（嘖，現在不是害羞的時候！不能讓人起疑…得繼續做！）,(This is no time to be embarrassed! I have to do it so I don't seem suspicious...!),"(윽, 부끄러워할 때가 아니야! 의심받지 않도록… 해야 해!)",（啧，现在不是害羞的时候！不能让人起疑…得继续做！）
,,,,,,,,,
Dialog.DLC1-2-66,Hisui story DLC3-3,ジュボッッッ！！！,巨大轟隆！！！,,ジュボッッッ！！！,啾啵！！！,Slurp!,쥬봇!!!,啾啵！！！
,,,,,,,,,
Dialog.DLC1-2-67,,ヒスイは勢いよく戦闘員の大きなチンポを口に咥える,翡翠勇敢地將戰鬥員的大雞巴含入口中。,,ヒスイは勢いよく戦闘員の大きなチンポを口に咥える,翡翠猛地將戰鬥員巨大的陰莖含進嘴裡。,Hisui forcefully took the soldier's large cock into her mouth.,히스이는 기세 좋게 전투원의 큰 자지를 입에 문다,翡翠猛地将战斗员巨大的阴茎含进嘴里。
,,,,,,,,,
Dialog.DLC1-2-68,ヒスイ,(おえっ…、味と臭いが口の中に広がって…最悪っ…！),(噁...，味道和氣味在口中蔓延開來... 真是糟糕...！),,(おえっ…、味と臭いが口の中に広がって…最悪っ…！),（嗚噁…味道和臭氣在嘴裡擴散…太糟了…！）,(Ugh... the taste and smell are spreading in my mouth... this is the worst...!),(오엑… 맛과 냄새가 입안에 퍼져서… 최악…!),（呜恶…味道和臭气在嘴里扩散…太糟了…！）
,,,,,,,,,
Dialog.DLC1-2-69,Hisui story DLC3-4,(でも…これを…射精…？させなきゃいけなくて……っ！),但是...必須讓他...射精...嗎...！,,(でも…これを…射精…？させなきゃいけなくて……っ！),（但是…得讓這東西…射精…？才行……！）,(But... I have to make him... come...!),(하지만… 이걸… 사정…? 시켜야 하고……윽!),（但是…得让这东西…射精…？才行……！）
,,,,,,,,,
Dialog.DLC1-2-70,,(ええいっ、これも聖核戦姫と市民の平和のためっ！やるしかないッ！),啊，這也是為了聖核戰姬和市民的和平！只能去做了！,,(ええいっ、これも聖核戦姫と市民の平和のためっ！やるしかないッ！),（管他的，這也是為了聖核戰姬和市民的和平！只能硬幹了！）,"(Whatever, this is for the peace of the Holy Core Battlemaidens and citizens! I have to do it!)","(에잇, 이것도 성핵전희와 시민의 평화를 위해! 할 수밖에 없어!)",（管他的，这也是为了圣核战姬和市民的和平！只能硬干了！）
,,,,,,,,,
Dialog.DLC1-2-71,,そしてヒスイは唇に力を入れ、激しく頭を前後させて戦闘員のチンポをしごいていく。,然後翡翠用力咬緊唇，猛烈地搖動頭部，奮力擺動著戰鬥員的雞巴。,,そしてヒスイは唇に力を入れ、激しく頭を前後させて戦闘員のチンポをしごいていく。,於是翡翠用力收緊嘴唇，激烈地前後晃動頭部，開始抽送戰鬥員的陰莖。,Then Hisui tightened her lips and moved her head back and forth vigorously to fuck the soldier's cock with her mouth.,"그리고 히스이는 입술에 힘을 주어, 격렬하게 머리를 앞뒤로 흔들며 전투원의 자지를 흔들어댄다.",于是翡翠用力收紧嘴唇，激烈地前后晃动头部，开始抽送战斗员的阴茎。
,,,,,,,,,
Dialog.DLC1-2-72,Hisui story DLC3-5,ジュポッ！ジュポッ！ジュポッ！ジュルルルッ！,噗噗！噗噗！噗噗！咕嚕嚕！,,ジュポッ！ジュポッ！ジュポッ！ジュルルルッ！,啾啵！啾啵！啾啵！啾嚕嚕！,Slurp! Slurp! Slurp! Slurrrrp!,쥬폿! 쥬폿! 쥬폿! 쥬르르르릇!,啾啵！啾啵！啾啵！啾噜噜！
,,,,,,,,,
Dialog.DLC1-2-73,,(ううっ、唇にごつごつしたのが当たって…気持ち悪いっ),(唔，嘴唇碰到粗糙的感覺...好噁心),,(ううっ、唇にごつごつしたのが当たって…気持ち悪いっ),（嗚嗚，嘴唇碰到硬邦邦的東西…好噁心…）,"(Ugh, it's bumpy against my lips... it's gross)","(으윽, 입술에 울퉁불퉁한 게 닿아서… 기분 나빠)",（呜呜，嘴唇碰到硬邦邦的东西…好恶心…）
,,,,,,,,,
Dialog.DLC1-2-74,,(しかも……体の奥が……熱いっ………),而且......身體的深處......好燙......,,(しかも……体の奥が……熱いっ………),（而且……身體深處……好熱……）,(And... deep inside my body... feels hot...),(게다가…… 몸속 깊은 곳이…… 뜨거워………),（而且……身体深处……好热……）
,,,,,,,,,
Dialog.DLC1-2-75,,ジュルルルッ♥、ズゾゾゾッ♥、チュプッ♥、ジュルルルッ♥,咕嚕嚕♥、滋滋滋♥、啾♥、咕嚕嚕♥,,ジュルルルッ♥、ズゾゾゾッ♥、チュプッ♥、ジュルルルッ♥,啾嚕嚕♥、滋滋滋♥、啾噗♥、啾嚕嚕♥,Slurrrrp♥ Sluuuurp♥ Chup♥ Slurrrrp♥,"쥬르르르릇♥, 즈조조좃♥, 츄풋♥, 쥬르르르릇♥",啾噜噜♥、滋滋滋♥、啾噗♥、啾噜噜♥
,,,,,,,,,
Dialog.DLC1-2-76,,ジュポッ！ジュルッ！ジュポッ！ジュルルルッ♥、チュポッ♥！,噗噗！咕嚕！噗噗！咕嚕嚕♥、啾♥！,,ジュポッ！ジュルッ！ジュポッ！ジュルルルッ♥、チュポッ♥！,啾啵！啾嚕！啾啵！啾嚕嚕♥、啾啵♥！,Slurp! Slurp! Slurp! Slurrrrp♥ Chup♥!,"쥬폿! 쥬릇! 쥬폿! 쥬르르르릇♥, 츄폿♥!",啾啵！啾噜！啾啵！啾噜噜♥、啾啵♥！
,Hisui story DLC3-7,,,,,,,,
Dialog.DLC1-2-77,ヒスイ,「ジュルルルッ♥、ジュポッ♥、ジュポッ♥、いぃーーーっ！ろうれすかっ！」,咕嚕嚕♥、噗噗♥、噗噗♥、啊——！勞瑞絲卡！,,「ジュルルルッ♥、ジュポッ♥、ジュポッ♥、いぃーーーっ！ろうれすかっ！」,「啾嚕嚕♥、啾啵♥、啾啵♥、嘰────！這樣可以嗎！」,"""Slurrrrp♥ Slurp♥ Slurp♥ Kiiiii! How is it!""","「쥬르르르릇♥, 쥬폿♥, 쥬폿♥, 이이ーーー잇! 어떻슴까!」",「啾噜噜♥、啾啵♥、啾啵♥、吱────！这样可以吗！」
,,,,,,,,,
Dialog.DLC1-2-78,戦闘員,「うおっ、いきなりすげえフェラだ、やりゃあできるじゃねえか！」,「喔，突然就是超讚的口交，你居然這麼厲害！」,,「うおっ、いきなりすげえフェラだ、やりゃあできるじゃねえか！」,「哇，突然來這麼猛的口交，幹得還不錯嘛！」,"""Whoa, the blowjob became amazing suddenly. You can do it when you try!""","「우옷, 갑자기 굉장한 펠라다, 하면 되잖아!」",「哇，突然来这么猛的口交，干得还不错嘛！」
,,,,,,,,,
Dialog.DLC1-2-79,ヒスイ,「！！、いぃーーーっ！！ありあとうごらいますっ！」,！！、啊——！！謝謝您動了！,,「！！、いぃーーーっ！！ありあとうごらいますっ！」,「！！嘰────！！謝謝誇獎！」,"""!! Kiiiii!! Thank you!""","「!!, 이이ーーー잇!! 고맙슴닷!」",「！！、吱────！！谢谢夸奖！」
,,,,,,,,,
Dialog.DLC1-2-80,,ジュポッ！ジュルルッ！ジュポッ！ジュルルッ♥、チュポッ！,噗噗！咕嚕！噗噗！咕嚕嚕♥、啾！,,ジュポッ！ジュルルッ！ジュポッ！ジュルルッ♥、チュポッ！,啾啵！啾嚕！啾啵！啾嚕嚕♥、啾啵！,Slurp! Slurrr! Slurp! Slurrrrp♥ Chup!,"쥬폿! 쥬르릇! 쥬폿! 쥬르릇♥, 츄폿!",啾啵！啾噜！啾啵！啾噜噜♥、啾啵！
,,,,,,,,,
Dialog.DLC1-2-81,,ジュルルルッ♥、ジュルッ！。ジュボッ！ジュボッ！ズルルルルッ！！,咕嚕嚕♥、咕嚕！。噗噗！噗噗！滑嚕嚕嚕！！,,ジュルルルッ♥、ジュルッ！。ジュボッ！ジュボッ！ズルルルルッ！！,啾嚕嚕♥、啾嚕！啾啵！啾啵！滋嚕嚕嚕！！,Slurrrrp♥ Slurp! Slurp! Slurp! Slurrrrr!!,"쥬르르르릇♥, 쥬릇! 쥬봇! 쥬봇! 즈르르르릇!!",啾噜噜♥、啾噜！啾啵！啾啵！滋噜噜噜！！
,,,,,,,,,
Dialog.DLC1-2-82,戦闘員,「あ～まじでいいわ。H46号だったか…チンポしゃぶる才能あるんじゃねえか？」,「啊～真的太棒了。H46號是吧…難道你有吸吮陽具的天賦嗎？」,,「あ～まじでいいわ。H46号だったか…チンポしゃぶる才能あるんじゃねえか？」,「啊～真他媽爽。H46號是吧…妳這口交天賦不錯啊？」,"""Ah, this is really good. H46 was it... You have talent for blowjobs, don't you?""",「아~ 진짜 좋다. H46호였나… 자지 빠는 재능 있는 거 아니야?」,「啊～真他妈爽。H46号是吧…你这口交天赋不错啊？」
,,,,,,,,,
Dialog.DLC1-2-83,H46号(ここで変わる),「じゅぷっ♥！、いぃーーーーーっ！！」,噗♥！、啊——！！,,「じゅぷっ♥！、いぃーーーーーっ！！」,「啾噗♥！嘰────！！」,"""Slurp♥! Kiiiiiiii!!""","「쥬풋♥!, 이이ーーー잇!!」",「啾噗♥！、吱────！！」
,,,,,,,,,
Dialog.DLC1-2-84,,上位の戦闘員に褒められると、H46号は喜びを感じてしまう。,當受到高階戰鬥員的讚美時，H46號感到高興。,,上位の戦闘員に褒められると、H46号は喜びを感じてしまう。,被上級戰鬥員誇獎，H46號竟感到一絲喜悅。,"Being praised by a superior soldier, H46 felt joy.","상위 전투원에게 칭찬받자, H46호는 기쁨을 느껴버린다.",被上级战斗员夸奖，H46号竟感到一丝喜悦。
,,,,,,,,,
Dialog.DLC1-2-85,,(っ、まあ私は優秀…ですからっ！他の戦闘員にできる事くらい私には楽勝です！),(嘛、我很優秀…所以！對其他戰鬥員來說的事情，對我來說輕而易舉！),,(っ、まあ私は優秀…ですからっ！他の戦闘員にできる事くらい私には楽勝です！),（嘖，我可是很優秀的…！其他戰鬥員能做到的事，對我來說小菜一碟！）,"(Well, I am excellent... after all! What other soldiers can do is easy for me!)","(윽, 뭐 저는 우수…하니까요! 다른 전투원에게 할 수 있는 일 정도는 저에게는 식은 죽 먹기입니다!)",（啧，我可是很优秀的…！其他战斗员能做到的事，对我来说小菜一碟！）
,,,,,,,,,
Dialog.DLC1-2-86,,(はあっ♥……本当はこんな事したくないですが……これも任務のためっ♥、全力でしゃぶりますっ♥！),(呼♥……其實我不想做這種事情……但這也是任務♥，我會全力以赴吸吮的♥！),,(はあっ♥……本当はこんな事したくないですが……これも任務のためっ♥、全力でしゃぶりますっ♥！),（哈啊♥……本來根本不想做這種事……但這也是為了任務♥，我要全力以赴地吸吮♥！）,(Haa♥ ...I don't really want to do this but... this is for the operation... I'll give it my all♥!),"(하앗♥…… 사실은 이런 짓 하고 싶지 않지만…… 이것도 임무를 위해♥, 전력으로 빨겠습니다♥!)",（哈啊♥……本来根本不想做这种事……但这也是为了任务♥，我要全力以赴地吸吮♥！）
,,,,,,,,,
Dialog.DLC1-2-87,,H46号は戦闘員のチンポを更に激しく口で愛撫していく。,H46號更加激烈地用嘴巴愛撫戰鬥員的陽具。,,H46号は戦闘員のチンポを更に激しく口で愛撫していく。,H46號更加激烈地用嘴愛撫戰鬥員的陰莖。,H46 sucked on the soldier harder with her mouth.,H46호는 전투원의 자지를 더욱 격렬하게 입으로 애무해 간다.,H46号更加激烈地用嘴爱抚战斗员的阴茎。
,,,,,,,,,
Dialog.DLC1-2-88,,ジュルルッ♥、ジュポッ♥、ジュルルルッ♥、ズゾゾゾッ♥！！,滑溜溜♥、啾噗♥、滑溜溜♥、嘶嘶嘶♥！！,,ジュルルッ♥、ジュポッ♥、ジュルルルッ♥、ズゾゾゾッ♥！！,啾嚕嚕♥、啾啵♥、啾嚕嚕♥、滋滋滋♥！！,Slurrp♥ Slurp♥ Slurrrrp♥ Sluuuurp♥!!,"쥬르르릇♥, 쥬폿♥, 쥬르르르릇♥, 즈조조좃♥!!",啾噜噜♥、啾啵♥、啾噜噜♥、滋滋滋♥！！
,,,,,,,,,
Dialog.DLC1-2-89,,グポッ♥、ジュポッ♥、ジュポッ♥、ジュルルルッ♥！！,滾滾♥、啾噗♥、啾噗♥、滑溜溜♥！！,,グポッ♥、ジュポッ♥、ジュポッ♥、ジュルルルッ♥！！,咕啵♥、啾啵♥、啾啵♥、啾嚕嚕♥！！,Glup♥ Slurp♥ Slurp♥ Slurrrrp♥!!,"그폿♥, 쥬폿♥, 쥬폿♥, 쥬르르르릇♥!!",咕啵♥、啾啵♥、啾啵♥、啾噜噜♥！！
,,,,,,,,,
Dialog.DLC1-2-90,,(ふふっ♥、どうですかっ♥、私のおちんぽフェラ…♥),(呼呼♥、怎麼樣♥、我的口交技巧…♥),,(ふふっ♥、どうですかっ♥、私のおちんぽフェラ…♥),（呵呵♥，怎麼樣♥，我的陰莖口交…♥）,(Fufu♥ How is it♥ My blowjob technique...♥),"(후훗♥, 어떻습니까♥, 제 자지 펠라…♥)",（呵呵♥，怎么样♥，我的阴茎口交…♥）
,,,,,,,,,
Dialog.DLC1-2-91,,(私は生徒会の時から課題に対していい成績を取ることは得意でしたからっ…！),我從學生會時就擅長在課題上取得優異成績…！,,(私は昔から課題に対していい成績を取ることは得意でしたからっ…！),（我從以前開始最擅長的就是在課題上拿好成績…！）,(I've always been good at getting excellent results on assignments...!),(저는 옛날부터 과제에 대해 좋은 성적을 받는 것은 잘했으니까요…!),（我从以前开始最擅长的就是在课题上拿好成绩…！）
,,,,,,,,,
Dialog.DLC1-2-92,,ジュルルルッ♥、ジュポッ♥、ジュポッ♥！ジュルルルッ♥、ジュポッ♥！！！,滑溜溜♥、啾噗♥、啾噗♥！滑溜溜♥、啾噗♥！！,,ジュルルルッ♥、ジュポッ♥、ジュポッ♥！ジュルルルッ♥、ジュポッ♥！！！,啾嚕嚕♥、啾啵♥、啾啵♥！啾嚕嚕♥、啾啵♥！！！,Slurrrrp♥ Slurp♥ Slurp♥! Slurrrrp♥ Slurp♥!!!,"쥬르르르릇♥, 쥬폿♥, 쥬폿♥! 쥬르르르릇♥, 쥬폿♥!!!",啾噜噜♥、啾啵♥、啾啵♥！啾噜噜♥、啾啵♥！！！
,,,,,,,,,
Dialog.DLC1-2-93,Hisui story DLC3-6,(当然……フェラご奉仕訓練でもっ♥、最優秀の成績を取って見せますっ♥！),(當然……口交服務訓練中也要取得最優秀的成績♥！),,(当然……フェラご奉仕訓練でもっ♥、最優秀の成績を取って見せますっ♥！),（當然……在口交侍奉訓練上♥，也要拿到最優秀的成績給你看♥！）,(Of course... I'll get the best results in blowjob training too♥!),"(당연히…… 펠라 봉사 훈련에서도♥, 최우수 성적을 받아 보이겠습니다♥!)",（当然……在口交侍奉训练上♥，也要拿到最优秀的成绩给你看♥！）
,,,,,,,,,
Dialog.DLC1-2-94,,ジュルルルッ♥、ジュプッ、ジュププッ♥！,滑溜溜♥、啾噗、啾噗噗♥！,,ジュルルルッ♥、ジュプッ、ジュププッ♥！,啾嚕嚕♥、啾噗、啾噗噗♥！,"Slurrrrp♥ Slup, slup slup♥!","쥬르르르릇♥, 쥬풋, 쥬풋풋♥!",啾噜噜♥、啾噗、啾噗噗♥！
,,,,,,,,,
Dialog.DLC1-2-95,,(先端部分の反応が良いようですから…ここも重点的に舌で舐めて…♥),(由於前端部分的反應良好…這裡也要重點用舌頭舔一舔…♥),,(先端部分の反応が良いようですから…ここも重点的に舌で舐めて…♥),（前端部分的反應很好…所以這裡也重點用舌頭舔…♥）,(The tip seems to be responding well... so I'll focus my tongue here...♥),(끝부분 반응이 좋은 것 같으니… 여기도 중점적으로 혀로 핥아서…♥),（前端部分的反应很好…所以这里也重点用舌头舔…♥）
,,,,,,,,,
Dialog.DLC1-2-96,,ジュルッ！、ジュプッ♥、チュロロロっ♥！！ジュポッ♥,滑溜♥！、啾噗♥、啾噗噗噗♥！！啾噗♥,,ジュルッ！、ジュプッ♥、チュロロロっ♥！！ジュポッ♥,啾嚕！啾噗♥、啾嚕嚕嚕♥！！,Slurp! Slup♥ Lick lick lick♥!! Slurp♥,"쥬릇!, 쥬풋♥, 츄로로롯♥!! 쥬폿♥",啾噜！、啾噗♥、啾噜噜噜♥！！
,,,,,,,,,
Dialog.DLC1-2-97,,ジュポッ♥、ジュポポッ♥、ジュルルルッ♥！！！,啾噗♥、啾噗噗♥、滑溜溜♥！！！,,ジュポッ♥、ジュポポッ♥、ジュルルルッ♥！！！,啾啵♥、啾啵啵♥、啾嚕嚕嚕♥！！！,Slurp♥ Slup slup♥ Slurrrrp♥!!!,"쥬폿♥, 쥬포폿♥, 쥬르르르릇♥!!!",啾啵♥啾啵♥、啾啵啵♥、啾噜噜♥！！！
,,,,,,,,,
Dialog.DLC1-2-98,戦闘員,「うおっ、コイツ下級戦闘員のくせにっ、捕まえた聖核戦姫にしゃぶらせてるみてえなフェラしやがって！」,"""喔，這傢伙明明是下級戰鬥員，居然讓抓到的聖核戰姬給他口交！""",,「うおっ、コイツ下級戦闘員のくせにっ、捕まえた聖核戦姫にしゃぶらせてるみてえなフェラしやがって！」,「哇，這傢伙明明是下級戰鬥員，感覺卻像在讓被抓到的聖核戰姬口交一樣！」,"""Whoa, for a junior soldier, you're blowing me like a captured Holy Core Battlemaiden!""","「우옷, 이 녀석 하급 전투원 주제에, 붙잡은 성핵전희에게 빨게 하는 듯한 펠라 하잖아!」",「哇，这家伙明明是下级战斗员，感觉却像在让被抓到的圣核战姬口交一样！」
,,,,,,,,,
Dialog.DLC1-2-99,H46号,(ジュルッ♥、私は…聖核戦姫ですけどねっ♥、…ていうか他の聖核戦姫の子達にもこんな事をッ！),滑溜♥、我是...聖核戰姬哦♥、...其實其他聖核戰姬的孩子們也會這樣的！,,(ジュルッ♥、私は…聖核戦姫ですけどねっ♥、…ていうか他の聖核戦姫にもこんな事をッ！),（啾嚕♥、雖説我也是…聖核戰姬就是了♥、…話說你竟然對其他聖核戰姬也做這種事！）,"(Slurp♥ I am... a Holy Core Battlemaiden though♥ ...Wait, you do this to other Holy Core Battlemaidens too!)","(쥬릇♥, 저는… 성핵전희인데요♥, …그보다 다른 성핵전희에게도 이런 짓을!)",（啾噜♥、虽说我也是…圣核战姬就是了♥、…话说你竟然对其他圣核战姬也做这种事！）
,,,,,,,,,
Dialog.DLC1-2-100,,(許せませんっ…作戦が終わったら…この戦闘員…絶対に容赦しませんっ！),(無法原諒...作戰結束後...這個戰鬥員...絕對不會手下留情的！),,(許せませんっ…作戦が終わったら…この戦闘員…絶対に容赦しませんっ！),（絕對不能原諒…作戰結束後…這個戰鬥員…絕對不會饒了他！）,(Unforgivable... when the operation is over... this soldier... I absolutely won't forgive him!),(용서할 수 없습니다… 작전이 끝나면… 이 전투원… 절대로 용서하지 않겠습니다!),（绝对不能原谅…作战结束后…这个战斗员…绝对不会饶了他！）
,,,,,,,,,
Dialog.DLC1-2-101,,(………でも♥、今は私は下級戦闘員なのでっ♥、まずはこのおちんぽを射精させないとっ…♥),(......但♥、現在我只是一名下級戰鬥員♥、首先要讓這根雞雞射精才行...♥),,(………でも♥、今は私は下級戦闘員なのでっ♥、まずはこのおちんぽを射精させないとっ…♥),（………但是♥，現在我是下級戰鬥員♥，首先得讓這個陰莖射精才行…♥）,(...But♥ right now I'm a junior soldier♥ so first I need to make him come...♥),"(………하지만♥, 지금 저는 하급 전투원이니까♥, 우선 이 자지를 사정시켜야…♥)",（………但是♥、现在我是下级战斗员♥、首先得让这个阴茎射精才行…♥）
,,,,,,,,,
,Hisui story DLC3-5,,,,,,,,
,,,,,,,,,
Dialog.DLC1-2-102,,ジュルルルッ♥、ジュポッ♥ジュポッ♥、ジュルルルッ♥、ズゾゾゾッ♥！！,滑溜溜♥、啾噗♥啾噗♥、滑溜溜♥、嘈嘈嘈♥！！,,ジュルルルッ♥、ジュポッ♥ジュポッ♥、ジュルルルッ♥、ズゾゾゾッ♥！！,啾嚕嚕♥、啾啵♥啾啵♥、啾嚕嚕♥、滋滋滋♥！！,Slurrrrp♥ Slurp♥ Slurp♥ Slurrrrp♥ Sluuuurp♥!!,"쥬르르르릇♥, 쥬폿♥쥬폿♥, 쥬르르르릇♥, 즈조조좃♥!!",啾噜噜♥、啾啵♥啾啵♥、啾噜噜♥、滋滋滋♥！！
,,,,,,,,,
Dialog.DLC1-2-103,,ジュポッ♥、ジュルルルッ♥、ジュゾゾゾゾッ！！！,啾噗♥、滑溜溜♥、嘈嘈嘈嘈！！,,ジュポッ♥、ジュルルルッ♥、ジュゾゾゾゾッ！！！,啾啵♥、啾嚕嚕♥、啾滋滋滋♥！！！,Slurp♥ Slurrrrp♥ Sluuuuuurp!!!,"쥬폿♥, 쥬르르르릇♥, 쥬조조조좃!!!",啾啵♥、啾噜噜♥、啾滋滋滋♥！！！
Dialog.DLC1-2-104,,「いぃーーーーーっ！ほらっ、早く出してくらさいっ♥」,「唔唔唔唔唔！快點射出來啦♥」,,「いぃーーーーーっ！ほらっ、早く出してくらさいっ♥」,「嘰────！快點射出來吧♥」,"""Kiiiiii! Come on, please finish quickly♥""","「이이ーーーーー잇! 자, 빨리 싸주세요♥」",「吱────！快点射出来吧♥」
Dialog.DLC1-2-105,H46号,,,,,,,,
,,,,,,,,,
Dialog.DLC1-2-106,戦闘員,「ぐうっ、クソッ、射精させられちまうっ……H46号出すぞっ！」,「咕嗚、可惡、要射精了……放出H46號！」,,「ぐうっ、クソッ、射精させられちまうっ……H46号出すぞっ！」,「咕、該死，要射出來了……H46號，我要射了！」,"""Guh, damn, I'm so close... I'm coming!""","「크윽, 젠장, 사정당해버렷…… H46호 싼다!」",「咕、该死，要射出来了……H46号，我要射了！」
,,,,,,,,,
Dialog.DLC1-2-107,,そして戦闘員のチンポからH46号の口内に熱い精液が発射される。,然後，從戰鬥員的雞雞射出炙熱的精液進入H46號的口腔。,,そして戦闘員のチンポからH46号の口内に熱い精液が発射される。,於是戰鬥員的陰莖朝H46號的口中噴射出炙熱的精液。,The soldier shot his hot load into H46's mouth.,그리고 전투원의 자지에서 H46호의 입안으로 뜨거운 정액이 발사된다.,于是战斗员的阴茎朝H46号的口中喷射出炙热的精液。
,,,,,,,,,
Dialog.DLC1-2-108,Hisui story DLC,ドブッ、ビュルルルルルルッ！！,轟隆隆隆隆隆隆！！,,ドブッ、ビュルルルルルルッ！！,咚噗、嗶嚕嚕嚕嚕嚕！！,"Splurt, spurrrrrrrrt!!","도붓, 뷰르르르르르릇!!",咚噗、哔噜噜噜噜噜！！
,,,,,,,,,
Dialog.DLC1-2-109,H46号,「ん゛ん～～～～ッ！？？げぼっ♥！？ゴボボッ♥！？」,「嗯～～～～啊！？咕嚕♥！？咕咕咕♥！？」,,「ん゛ん～～～～ッ！？？げぼっ♥！？ゴボボッ♥！？」,「嗯～嗯～～～～！？？咳♥！？咕啵啵♥！？」,"""Nnnnnn! Gah! Agh!""",「응옷 응~~~~윽!? 게봇♥!? 고보봇♥!?」,「嗯～嗯～～～～！？？咳♥！？咕啵啵♥！？」
,,,,,,,,,
Dialog.DLC1-2-110,,(っ、これが精液…っ！♥♥、どろどろして、き、気持ち悪いっ…！),(咕、這就是精液…！♥♥、黏糊糊的，好、好噁心…！),,(っ、これが精液…っ！♥♥、どろどろして、き、気持ち悪いっ…！),（嘖，這就是精液…！♥♥、黏黏的，好、好噁心…！）,(This is semen...!♥♥ It's thick and g-gross...!),"(윽, 이것이 정액…윽!♥♥, 끈적끈적하고, 키, 기분 나빠…!)",（啧，这就是精液…！♥♥、黏黏的，好、好恶心…！）
,,,,,,,,,
Dialog.DLC1-2-111,戦闘員,「オラッ、ちゃんと全部飲み干せっ！」,「喂、好好把全部喝光！」,,「オラッ、ちゃんと全部飲み干せっ！」,「喂，給我好好全吞下去！」,"""Come on, swallow it all!""","「자!, 제대로 전부 삼켜!」",「喂，给我好好全吞下去！」
,,,,,,,,,
Dialog.DLC1-2-112,H46号,「い゛い～～～～ッ♥♥ゴキュッ、ゴクッ♥♥ズルルルルッ♥」,「嗚～～～～啊♥♥咕嚕、咕咕♥♥滋滋滋滋～」,,「い゛い～～～～ッ♥♥ゴキュッ、ゴクッ♥♥ズルルルルッ♥」,「嘰～嘰～～～～♥♥咕嚕、咕嚕♥♥滋嚕嚕嚕♥」,"""Kiiiii♥♥ Gulp, gulp♥♥ Slurrrrp♥""","「이옷 이~~~~윽♥♥ 꿀꺽, 꿀꺽♥♥ 즈르르르릇♥」",「吱～吱～～～～♥♥咕噜、咕噜♥♥滋噜噜噜♥」
,,,,,,,,,
Dialog.DLC1-2-113,,H46号は精液を何とか飲み干す,H46號勉強地把精液喝光,,H46号は精液を何とか飲み干す,H46號勉強將精液吞乾淨。,H46 somehow managed to swallow all the semen.,H46호는 정액을 어떻게든 삼킨다,H46号勉强将精液吞干净。
,,,,,,,,,
Dialog.DLC1-2-114,Hisui story DLC3-9,(ううっ、…のどに張り付いて気持ち悪い……けど…味は悪くない…かも？),(嗚嗚、...黏在喉嚨裡好噁心......但是...味道或許不壞？),,(ううっ、…のどに張り付いて気持ち悪い……けど…味は悪くない…かも？),（嗚嗚…黏在喉嚨上好噁心……不過…味道還不壞…也許？）,"(Ugh... it's sticking to my throat, gross... but... the taste isn't bad... maybe?)","(으윽, …목에 달라붙어서 기분 나빠…… 하지만… 맛은 나쁘지 않을… 지도?)",（呜呜、…黏在喉咙上好恶心……不过…味道还不坏…也许？）
,,,,,,,,,
Dialog.DLC1-2-115,戦闘員,「ふうっ、初めてのフェラ奉仕とは思えねえな…清楚なふりしてクソビッチだったか？」,「呼、第一次口交服務，真是難以置信...裝清純卻是個混蛋婊子？」,,「ふうっ、初めてのフェラ奉仕とは思えねえな…清楚なふりしてクソビッチだったか？」,「呼，明明是第一次口交侍奉卻完全不像新手啊…裝清純卻是個賤貨嗎？」,"""Phew, hard to believe that was your first time... were you pretending to be pure when you're actually a slut?""","「후웃, 처음 하는 펠라 봉사라고는 생각되지 않네… 청순한 척하면서 실은 음란한 빗치였나?」",「呼，明明是第一次口交侍奉却完全不像新手啊…装清纯却是个贱货吗？」
,,,,,,,,,
Dialog.DLC1-2-116,,「まあいい成績つけといてやるよ…H46号95点っと…」,「好吧，我幫你記下不錯的成績...H46號95分呢...」,,「まあいい成績つけといてやるよ…H46号95点っと…」,「嘛，給妳標個好成績吧…H46號95分好了…」,"""Well, I'll give you a good score... H46, 95 points...""",「뭐 좋은 성적 매겨주지… H46호 95점…」,「嘛，给你标个好成绩吧…H46号95分好了…」
,,,,,,,,,
Dialog.DLC1-2-117,H46号,「キイィ――――ッ！ありがとうございますッ！」,「綺――――啊！謝謝您！」,,「キイィ――――ッ！ありがとうございますッ！」,「嘰────！謝謝誇獎！」,"""Kiiiiii! Thank you!""",「키이이――――잇! 감사합니다!」,「吱────！谢谢夸奖！」
,,,,,,,,,
Dialog.DLC1-2-118,,(やった！これで更に………そう！エレナ先輩の所へ…！),(太好了！這樣更......對！就去艾蓮娜前輩那裡...！),,(やった！これで更に………そう！エレナ先輩の所へ…！),（太好了！這樣就能更進一步………對！到艾蓮娜前輩那裡…！）,(Yes! Now I'm even closer... Yes! To Erena...!),(해냈다! 이걸로 더욱……… 그래! 엘레나 선배에게…!),（太好了！这样就能更进一步………对！到艾莲娜前辈那里…！）
,,,,,,,,,
Dialog.DLC1-2-119,Hisui story DLC　3-10,(………それに、思ったより戦闘員生活も楽しい……かも……？),(......而且，戰鬥員的生活比想像中更有趣......或許......？),,(………それに、思ったより戦闘員生活も楽しい……かも……？),（………而且，戰鬥員生活比想像中還有趣……也許……？）,"(...Also, soldier life is more fun than I thought... maybe...?)","(………게다가, 생각보다 전투원 생활도 즐거워…… 지도……?)",（………而且，战斗员生活比想像中还有趣……也许……？）
,,,,,,,,,
Dialog.DLC1-2-120,ヒスイ,(はっ……！？私っ……なにを考えて………！？),(哈......！？我......在想些什麼呢......！？),,(はっ……！？私っ……なにを考えて………！？),（哈……！？我……在想什麼………！？）,(Ha...?! What am I... thinking...?!),(핫……!? 나…… 무슨 생각을………!?),（哈……！？我……在想什么………！？）
,,,,,,,,,
Dialog.DLC1-2-121,,(ううっ……よくないですね…雰囲気にのまれかけました……),(唔唔......這不太好呢...差點被氛圍吞噬了......),,(ううっ……よくないですね…雰囲気にのまれかけました……),（嗚嗚……這樣不好呢…差點被氛圍吞沒了……）,(Ugh... this isn't good... I almost got swept up in the atmosphere...),(으윽…… 좋지 않아요… 분위기에 휩쓸릴 뻔했어요……),（呜呜……这样不好呢…差点被氛围吞没了……）
,,,,,,,,,
Dialog.DLC1-2-122,,(……でも今はH46号ですから…もっと頑張って財団に奉仕する“演技”をして…！),(......但現在是H46號......所以要更加努力地在財團中提供“表演”服務...！),,(……でも今はH46号ですから…もっと頑張って財団に奉仕する“演技”をして…！),（……但現在我是H46號…要更努力地用“演技”為財團奉仕…！）,"(...But right now I'm H46... I need to work harder at ""acting"" like I'm serving the Foundation...!)",(……하지만 지금은 H46호니까요… 더 열심히 재단에 봉사하는 “연기”를 해서…!),（……但现在我是H46号…要更努力地用“演技”为财团奉仕…！）
,,,,,,,,,
Dialog.DLC1-2-123,,(どんな手を使っても…たとえエッチな事でも…絶対に“任務”を遂行します！),無論使用何種手段...即使是色情的事情...我絕對會完成“任務”！,,(どんな手を使っても…たとえエッチな事でも…絶対に“任務”を遂行します！),（不管用什麼手段…就算是色色的事情…我也絕對要完成“任務”！）,(No matter what methods I use... even sexual things... I'll carry out the operation for sure!),(어떤 수를 써서라도… 설령 야한 짓이라도… 반드시 “임무”를 수행하겠습니다!),（不管用什么手段…就算是色色的事情…我也绝对要完成“任务”！）
,,,,,,,,,
,,,,,,,,,
DLC1-3,,,,,,,,,
,,,,,,,,,
Dialog.DLC1-3-1,,ヒスイが潜入してから1か月ほど-―――ヒスイは訓練施設の模範下級戦闘員となっていた,自翡翠潛入後已經過了大約一個月——翡翠成為了訓練設施的模範下級戰鬥員。,,ヒスイが潜入してから1か月ほど-―――ヒスイは訓練施設の模範下級戦闘員となっていた,翡翠潛入之後又過了一個月左右──此時她已經成為訓練設施裡的模範下級戰鬥員。,"About a month after Hisui's infiltration, she had become a model junior soldier at the training facility.",히스이가 잠입한 지 1개월 정도-―――히스이는 훈련 시설의 모범 하급 전투원이 되어 있었다,翡翠潜入之后又过了一个月左右──此时她已经成为训练设施里的模范下级战斗员。
,,,,,,,,,
Dialog.DLC1-3-2,H46号,「…聞こえてますかダイヤさん！こちら下級戦闘員H46……じゃなくて…！」,「...聽得見嗎，黛雅小姐！這裡是下級戰鬥員H46......不對...！」,,「…聞こえてますかダイヤさん！こちら下級戦闘員H46……じゃなくて…！」,「……聽得到嗎？黛雅小姐……這裡是下級戰鬥員H46……啊不對……」,"""...Can you hear me, Daiya? This is junior soldier H46... no, I mean...!""",「…들리십니까 다이아 씨! 이쪽은 하급 전투원 H46…… 아니…!」,「……听得到吗？黛雅小姐……这里是下级战斗员H46……啊不对……」
,,,,,,,,,
Dialog.DLC1-3-3,ヒスイ,「……ええと……ヒスイ！ヒスイです！現在の状況ですが……」,「......嗯......翡翠！翡翠在這裡！目前的情況是......」,,「……ええと……ヒスイ！ヒスイです！現在の状況ですが……」,「……那個……我是翡翠！是翡翠！現在的狀況是……」,"""...Um... Hisui! It's Hisui! About the current situation...""",「……저기…… 히스이! 히스이입니다! 현재 상황입니다만……」,「……那个……我是翡翠！是翡翠！现在的状况是……」
,,,,,,,,,
Dialog.DLC1-3-4,,(…っ、一瞬とはいえ自分の名前を忘れるなんて…),(......一瞬之間忘記自己的名字......),,(…っ、一瞬とはいえ自分の名前を忘れるなんて…),（……居然有一瞬間連自己的名字都忘了……）,"(...How could I forget my own name, even for a moment...)","(…윽, 한순간이지만 제 이름을 잊다니…)",（……居然有一瞬间连自己的名字都忘了……）
,,,,,,,,,
Dialog.DLC1-3-5,,(これ以上ここで戦闘員を演じるのは危険かもしれません…っ！、早く作戦を進めないと…),在這裡繼續扮演戰鬥員可能很危險...！ 快點推進作戰吧...,,(これ以上ここで戦闘員を演じるのは危険かもしれません…っ！、早く作戦を進めないと…),（再這樣在這裡裝戰鬥員下去可能很危險……必須趕快推進作戰才行）,(It might be dangerous to keep playing the role of a soldier here any longer...! I need to advance the operation quickly...),"(이 이상 여기서 전투원을 연기하는 것은 위험할지도 모릅니다…!, 빨리 작전을 진행해야…)",（再这样在这里装战斗员下去可能很危险……必须赶快推进作战才行）
,,,,,,,,,
Dialog.DLC1-3-6,,(ですが……まだエレナ先輩の居場所は掴めていません…やはり下級戦闘員だと限界が…),但是......我還是無法找到艾蓮娜前輩的位置...果然作為下級戰鬥員有其極限...,,(ですが……まだエレナ先輩の居場所は掴めていません…やはり下級戦闘員だと限界が…),（可是……還沒掌握到艾蓮娜前輩的所在……下級戰鬥員的身分果然有極限……）,"(But... I still haven't been able to locate Erena... As expected, being a junior soldier has its limits...)",(하지만…… 아직 엘레나 선배의 거처는 파악하지 못했습니다… 역시 하급 전투원으로는 한계가…),（可是……还没掌握到艾莲娜前辈的所在……下级战斗员的身分果然有极限……）
,,,,,,,,,
Dialog.DLC1-3-7,,(………そのためにはもっと模範的な戦闘員として財団の為に働かないと……),(......為了這個，必須更加模範地作為戰鬥員為財團工作才行......),,(………そのためにはもっと模範的な戦闘員として財団の為に働かないと……),（……為了更往上爬，只能更當個模範戰鬥員為財團賣命……）,"(...To do that, I need to work harder as a model soldier for the Foundation...)",(………그러기 위해서는 더욱 모범적인 전투원으로서 재단을 위해 일해야……),（……为了更往上爬，只能更当个模范战斗员为财团卖命……）
,,,,,,,,,
Dialog.DLC1-3-8,,その時、ヒスイの後ろに男戦闘員が現れる。,在那時，翡翠的身後出現了男性戰鬥員。,,その時、ヒスイの後ろに男戦闘員が現れる。,這時，翡翠背後出現了一名男性戰鬥員。,"At that moment, a male combatant appeared behind Hisui.","그때, 히스이 뒤에 남성 전투원이 나타난다.",这时，翡翠背后出现了一名男性战斗员。
,,,,,,,,,
Dialog.DLC1-3-9,,(……！すみません、戦闘員が来たのでいったん切ります！),（……有人來了，不好意思……黛雅小姐我先掛了！）,,(……！すみません、戦闘員が来たのでいったん切ります！),（……有人來了，不好意思……黛雅小姐我先掛了！）,"(...! Sorry, a soldier's here, so I'll have to cut this short!)","(……! 죄송합니다, 전투원이 와서 일단 끊겠습니다!)",（……有人来了，不好意思……黛雅小姐我先挂了！）
,,,,,,,,,
Dialog.DLC1-3-10,,「おっ、模範的下級戦闘員H46号ちゃんじゃん！ちょうどよかった」,「哦，模範的下級戰鬥員H46號！正好呢」,,「おっ、模範的下級戦闘員H46号ちゃんじゃん！ちょうどよかった」,「喔……這不是模範下級戰鬥員H46號嗎！正好遇到妳」,"""Oh, if it isn't model junior soldier H46! Perfect timing.""","「오, 모범적인 하급 전투원 H46호쨩이잖아! 마침 잘 됐다」",「喔……这不是模范下级战斗员H46号吗！正好遇到你」
,,,,,,,,,
Dialog.DLC1-3-11,,「キィーーーーーーッ！何かご用でしょうか！？」,「咳——！有什麼事嗎！？」,,「キィーーーーーーッ！何かご用でしょうか！？」,「嘰ーーーーーー！！請問有什麼吩咐！」,"""KIIIIIII! Is there something you need?!""",「키이ーーーーーー잇! 무슨 용무이십니까!?」,「吱ーーーーーー！！请问有什么吩咐！」
,,,,,,,,,
Dialog.DLC1-3-12,男戦闘員,「俺今ちょっと溜まっててさあ？軽く性処理の相手してくれない？」,「我現在有些憋著呢？能幫我解決一下性慾嗎？」,,「俺今ちょっと溜まっててさあ？軽く性処理の相手してくれない？」,「我現在有點憋得難受啊...能當一下我的性處理對象嗎？」,"""I've got all this pent-up sexual energy right now, you know? Mind helping me out with some quick relief?""",「나 지금 좀 쌓여서 말이야? 가볍게 성처리 상대 좀 해줄래?」,「我现在有点憋得难受啊...能当一下我的性处理对象吗？」
,,,,,,,,,
Dialog.DLC1-3-13,,「き、キーーーッ！すみません、この後予定が…」,「咳、咳——！對不起，接下來有安排…」,,「き、キーーーッ！すみません、この後予定が…」,「嘰——！！抱歉，我等等還有安排……」,"""K-KIIIII! Sorry, but I have plans after this...""","「키, 키ーーー잇! 죄송합니다, 이 후 예정이…」",「吱——！！抱歉，我等等还有安排……」
,,,,,,,,,
Dialog.DLC1-3-14,,「まあいいじゃねーか、俺らから言っといてやるから。」,「算了啦，我們來告訴她吧。」,,「まあいいじゃねーか、俺らから言っといてやるから。」,「別這麼掃興嘛～我會幫妳跟上面打個招呼的啦。」,"""Come on, it's fine. We'll put in a word for you.""",「뭐 괜찮지 않겠어? 우리가 말해 둘 테니까」,「别这么扫兴嘛～我会帮你跟上面打个招呼的啦。」
,,,,,,,,,
Dialog.DLC1-3-15,,「そ、それなら…ではおチンポ失礼します！キーーーッ！」,「那、那樣的話…那我就失禮了！咳——！」,,「そ、それなら…ではおチンポ失礼します！キーーーッ！」,「那、那麼…就打擾您的陰莖了！嘰────！」,"""W-well then... I'll help myself to your cock! KIIIII!""","「그, 그렇다면… 그럼 자지 실례합니다! 키ーーー잇!」",「那、那么…就打扰您的阴茎了！吱────！」
,,,,,,,,,
,暗転,暗転,黑幕,,暗転,,Blackout,,
,,,,,,,,,
Dialog.DLC1-3-16,,H46号は口で戦闘員の相手を終える。,H46號用口頭與戰鬥員結束對話。,,H46号は口で戦闘員の相手を終える。,H46號用嘴結束了對戰鬥員的侍奉。,H46 finished servicing the soldier orally.,H46호는 입으로 전투원의 상대를 끝낸다.,H46号用嘴结束了对战斗员的侍奉。
,,,,,,,,,
Dialog.DLC1-3-17,戦闘員,「ふうっ、H46号ちゃんご苦労さん。」,「呼，H46號辛苦了。」,,「ふうっ、H46号ちゃんご苦労さん。」,「呼，H46號醬辛苦了。」,"""Phew, thanks for the hard work, H46.""","「후웃, H46호쨩 수고했어.」",「呼，H46号酱辛苦了。」
,,,,,,,,,
Dialog.DLC1-3-18,H46号,「キィーーーッ！ご満足いただけたでしょうか！」,「咳——！您滿意了嗎！」,,「キィーーーッ！ご満足いただけたでしょうか！」,「嘰────！您還滿意嗎！」,"""KIIIII! I hope you were satisfied!""",「키이ーーー잇! 만족하셨습니까!」,「吱────！您还满意吗！」
,,,,,,,,,
Dialog.DLC1-3-19,戦闘員,「あぁよかったよ…あ、そうだ！俺幹部怪人のエレナさんの所で働いてるんだけど…」,「啊，太好了…啊，對了！我在幹部怪人艾蓮娜小姐那裡工作呢…」,,「あぁよかったよ…あ、そうだ！俺幹部怪人のエレナさんの所で働いてるんだけど…」,「啊，實在是太棒了…啊，對了！我在幹部怪人艾蓮娜小姐那裡工作…」,"""Yeah, it was good... Oh, that's right! I work under executive fiend Erena...""","「아아 좋았어… 아, 맞다! 나 간부 괴인 엘레나 씨 밑에서 일하는데…」",「啊，实在是太棒了…啊，对了！我在干部怪人艾莲娜小姐那里工作…」
,,,,,,,,,
Dialog.DLC1-3-20,,(エレナ…エレナ先輩…！？),(艾蓮娜…艾蓮娜前輩…！？),,(エレナ…エレナ先輩…！？),（艾蓮娜…艾蓮娜前輩…！？）,(Erena... Erena...?!),(엘레나… 엘레나 선배…!?),（艾莲娜…艾莲娜前辈…！？）
,,,,,,,,,
Dialog.DLC1-3-21,戦闘員,「そこで一般市民向けのプロパガンダ映像取ってるんだけど…H46号ちゃんこういうの興味ない？」,「我正在拍攝針對一般市民的宣傳影片，H46號對這種事情沒興趣嗎？」,,「そこで一般市民向けのプロパガンダ映像取ってるんだけど…H46号ちゃんこういうの興味ない？」,「在那裡拍攝針對一般市民的宣傳影片…H46號醬對這種事有興趣嗎？」,"""We're shooting propaganda videos for civilians there... Would you be interested in something like that, H46?""",「거기서 일반 시민 대상 프로파간다 영상 찍는데… H46호쨩 이런 거 흥미 없어?」,「在那里拍摄针对一般市民的宣传影片…H46号酱对这种事有兴趣吗？」
,,,,,,,,,
Dialog.DLC1-3-22,,「キィーーーーーーッ！H46号、非常に興味があります！」,「咳——！H46號，非常感興趣！」,,「キィーーーーーーッ！H46号、非常に興味があります！」,「嘰────────！H46號，非常有興趣！」,"""KIIIIIIII! H46 is extremely interested!""","「키이ーーーーーー잇! H46호, 매우 흥미 있습니다!」",「吱────────！H46号，非常有兴趣！」
,,,,,,,,,
Dialog.DLC1-3-23,,「いいね！一般市民を逆レイプする女戦闘員役なんだけど…H46号ちゃんエロい体してるからぴったりだと思うよ」,「好棒！我飾演一名逆強姦一般市民的女戰鬥員角色，H46號擁有性感身材，我覺得非常適合」,,「いいね！一般市民を逆レイプする女戦闘員役なんだけど…H46号ちゃんエロい体してるからぴったりだと思うよ」,「不錯！是女戰鬥員逆強姦一般市民的角色…H46號醬的身材很色，所以很適合哦」,"""Great! It's the role of a female soldier who violates civilians... I think you'd be perfect for it with that sexy body of yours, H46.""",「좋네! 일반 시민을 역강간하는 여성 전투원 역할인데… H46호쨩 야한 몸 하고 있으니까 딱이라고 생각해」,「不错！是女战斗员逆强奸一般市民的角色…H46号酱的身材很色，所以很适合哦」
,,,,,,,,,
Dialog.DLC1-3-24,,「あとエレナさんも撮影に来るから…下級戦闘員が上級幹部に近くで会えることなんてなかなかないよ。」,「而且艾蓮娜小姐也會來參加拍攝，下級戰鬥員很難有機會近距離見到高級幹部的。」,,「あとエレナさんも撮影に来るから…下級戦闘員が上級幹部に近くで会えることなんてなかなかないよ。」,「而且艾蓮娜小姐也會來拍攝…下級戰鬥員能近距離見到上級幹部可是很少有的哦。」,"""Plus, Erena will be at the shoot... It's not often that a junior soldier gets to meet a high-ranking executive up close.""",「그리고 엘레나 씨도 촬영하러 오니까… 하급 전투원이 상급 간부 가까이서 만날 기회는 좀처럼 없어.」,「而且艾莲娜小姐也会来拍摄…下级战斗员能近距离见到上级干部可是很少有的哦。」
,,,,,,,,,
Dialog.DLC1-3-25,,(！…一般市民を逆レイプ…というのは気がかりですが……これはエレナ先輩に近づくチャンスです！),(！…逆強姦一般市民…雖然讓人擔心……但這是接近艾蓮娜前輩的機會！),,(！…一般市民を逆レイプ…というのは気がかりですが……これはエレナ先輩に近づくチャンスです！),（！…逆強姦一般市民…這點讓人擔心，但……這是接近艾蓮娜前輩的機會！）,(Violating civilians is concerning... but this is my chance to get close to Erena!),(!… 일반 시민을 역강간…이라는 건 마음에 걸리지만…… 이건 엘레나 선배에게 접근할 기회입니다!),（！…逆强奸一般市民…这点让人担心，但……这是接近艾莲娜前辈的机会！）
,,,,,,,,,
Dialog.DLC1-3-26,戦闘員,「キィーーーーーーッ！ぜひ撮影に参加させてください！」,「咳——！請務必讓我參加拍攝！」,,「キィーーーーーーッ！ぜひ撮影に参加させてください！」,「嘰────────！請務必讓我參加拍攝！」,"""KIIIIIIII! Please let me participate in the shoot!""",「키이ーーーーーー잇! 부디 촬영에 참가시켜 주십시오!」,「吱────────！请务必让我参加拍摄！」
,,,,,,,,,
,暗転,,,,,,,,
,,,,,,,,,
Dialog.DLC1-3-27,風景(街中),財団撮影室,福倫財團攝影室,,財団撮影室,財團攝影室,Foundation Filming Studio,재단 촬영실,财团摄影室
,,,,,,,,,
Dialog.DLC1-3-28,ヒスイ(敬礼)(戦闘員×３),(……とうとう撮影日ですね…予定通りなら今日ここにエレナ先輩が……！),(……終於到了拍攝日呢…如果按照計劃，今天艾蓮娜前輩應該會在這裡……！),,(……とうとう撮影日ですね…予定通りなら今日ここにエレナ先輩が……！),（……終於到拍攝日了呢…如果照計畫，今天這裡會有艾蓮娜前輩……！）,"(...The filming day has finally arrived... If everything goes as planned, Erena will be here today...!)",(……드디어 촬영일이네요… 예정대로라면 오늘 여기에 엘레나 선배가……!),（……终于到拍摄日了呢…如果照计画，今天这里会有艾莲娜前辈……！）
,,,,,,,,,
Dialog.DLC1-3-29,,(念のためダイヤさんにも連絡しておきましたが…),(為了確保起見，我也已經聯絡了黛雅小姐…),,(念のためダイヤさんにも連絡しておきましたが…),（以防萬一，也聯絡了黛雅小姐…）,(I contacted Daiya just in case...),(만약을 위해 다이아 씨에게도 연락해두었지만…),（以防万一，也联络了黛雅小姐…）
,,,,,,,,,
Dialog.DLC1-3-30,,(……今日が正念場ですっ…絶対にエレナ先輩に会わないと！),(……今天是正念場…一定要見到艾蓮娜前輩！),,(……今日が正念場ですっ…絶対にエレナ先輩に会わないと！),（……今天是關鍵時刻…絕對要見到艾蓮娜前輩！）,(...Today is the big day... I absolutely must meet Erena!),(……오늘이 고비입니다… 반드시 엘레나 선배를 만나야!),（……今天是关键时刻…绝对要见到艾莲娜前辈！）
,,,,,,,,,
Dialog.DLC1-3-31,,その時大勢の戦闘員に囲まれて一人の女性が撮影室に入ってくる,在那時，被眾多戰鬥員包圍的一名女性進入了攝影室。,,その時大勢の戦闘員に囲まれて一人の女性が撮影室に入ってくる,那時，被大群戰鬥員包圍的一名女性走進攝影室。,"At that moment, a woman entered the filming studio, surrounded by numerous soldiers.",그때 많은 전투원에게 둘러싸여 한 여성이 촬영실로 들어온다,那时，被大群战斗员包围的一名女性走进摄影室。
,,,,,,,,,
Dialog.DLC1-3-32,???(エレナ変身黒影),「さて……今日はプロパガンダAVの撮影ですね。」,"""那麼……今天是宣傳影片的拍攝呢。""",,「さて……今日はプロパガンダAVの撮影ですね。」,「好了……今天是宣傳AV的拍攝呢。」,"""Well then... Today we're filming a propaganda AV.""",「자…… 오늘은 프로파간다 AV 촬영이군요.」,「好了……今天是宣传AV的拍摄呢。」
,,,,,,,,,
Dialog.DLC1-3-33,ヒスイ,「………………！！！」,「………………！！！」,,「………………！！！」,「………………！！！」,"""...!!!""",「………………!!!」,「………………！！！」
,,,,,,,,,
Dialog.DLC1-3-34,エレナ,「では撮影に入りましょうか。下級戦闘員、これも財団の大事な任務ですので気を抜かないように。」,「那麼我們就開始拍攝吧。下級戰鬥員，這也是財團的重要任務，不要鬆懈。」,,「では撮影に入りましょうか。下級戦闘員、これも財団の大事な任務ですので気を抜かないように。」,「那麼就開始拍攝吧。下級戰鬥員，這也是財團的重要任務，所以別鬆懈。」,"""Let's get started. Junior soldiers, this is also an important mission for the Foundation, so don't let your guard down.""","「그럼 촬영에 들어가도록 하죠. 하급 전투원, 이것도 재단의 중요한 임무이므로 긴장을 늦추지 않도록.」",「那么就开始拍摄吧。下级战斗员，这也是财团的重要任务，所以别松懈。」
,,,,,,,,,
Dialog.DLC1-3-35,ヒスイ&戦闘員達,「「「キィーーーーーーッ！！！」」」,「「「啊———！！！」」」,,「「「キィーーーーーーッ！！！」」」,「「「嘰────────！！！」」」,"""KIIIIIIII!!!""",「「「키이ーーーーーー잇!!!」」」,「「「吱────────！！！」」」
,,,,,,,,,
Dialog.DLC1-3-36,ヒスイ,(………やっぱり！エレナ先輩っ！),(………果然！艾蓮娜前輩！),,(………やっぱり！エレナ先輩っ！),（………果然！艾蓮娜前輩！）,(...I knew it! Erena!),(………역시! 엘레나 선배!),（………果然！艾莲娜前辈！）
,,,,,,,,,
Dialog.DLC1-3-37,,(それにあの格好……聖核戦姫に変身してる…！？),(而且那身打扮……竟然變身成聖核戰姬了…！？),,(それにあの格好……聖核戦姫に変身してる…！？),（而且那個打扮……是變身成聖核戰姬了…！？）,(And that outfit... She's transformed into a Holy Core Battlemaiden...?!),(게다가 저 모습…… 성핵전희로 변신하고 있어…!?),（而且那个打扮……是变身成圣核战姬了…！？）
,,,,,,,,,
Dialog.DLC1-3-38,,(っ……事情は分かりませんが………エレナ先輩はまだっ……),(咦……雖然不知道情況……艾蓮娜前輩還在……),,(っ……事情は分かりませんが………エレナ先輩はまだっ……),（嘖……雖然不清楚情況………但艾蓮娜前輩還……）,"(...I don't understand the circumstances, but... Erena is still...)",(윽…… 사정은 모르겠지만……… 엘레나 선배는 아직……),（啧……虽然不清楚情况………但艾莲娜前辈还……）
,,,,,,,,,
Dialog.DLC1-3-39,,(………後は隙を見て近づけさえすれば…っ！),(………只要找到機會靠近就好了…！),,(………後は隙を見て近づけさえすれば…っ！),（………之後只要找機會接近就行了…！）,(...Now I just need to find an opening to get close...!),(………이제 틈을 봐서 접근하기만 하면…윽!),（………之后只要找机会接近就行了…！）
,,,,,,,,,
Dialog.DLC1-3-40,エレナ,「……では撮影を始めましょうか。まずは街で一般市民を襲う下級戦闘員達のシーンですね。」,「……那麼我們開始拍攝吧。首先是在城市裡襲擊普通市民的低階戰鬥員們的場景。」,,「……では撮影を始めましょうか。まずは街で一般市民を襲う下級戦闘員達のシーンですね。」,「……那麼就開始拍攝吧。首先是街頭下級戰鬥員襲擊一般市民的場景呢。」,"""...Let's begin filming. First, we'll shoot the scene where junior soldiers attack civilians in the city.""",「……그럼 촬영을 시작하도록 하죠. 우선은 거리에서 일반 시민을 습격하는 하급 전투원들의 씬이군요.」,「……那么就开始拍摄吧。首先是街头下级战斗员袭击一般市民的场景呢。」
,,,,,,,,,
Dialog.DLC1-3-41,戦闘員達,「「「キィーーーーーーッ！」」」,「「「咦——！」」」,,「「「キィーーーーーーッ！」」」,「「「嘰────────！！！」」」,"""KIIIIIIII!""",「「「키이ーーーーーー잇!」」」,「「「吱────────！！！」」」
,,,,,,,,,
Dialog.DLC1-3-42,ヒスイ,「き、キィーーーーーーッ！」,「咦——！」,,「き、キィーーーーーーッ！」,「嘰、嘰────────！！！」,"""K-Kiiiiiiii!""","「키, 키이ーーーーーー잇!」",「吱、吱────────！！！」
,,,,,,,,,
Dialog.DLC1-3-43,,(まずは怪しまれないように…もう少し、頑張りますっ！),首先要確保不會引起懷疑…再努力一點！,,(まずは怪しまれないように…もう少し、頑張りますっ！),（首先不能讓人起疑…再努力一下吧！）,"(First, I need to avoid suspicion... I'll endure just a little longer!)","(우선 의심받지 않도록… 좀 더, 힘내겠습니다!)",（首先不能让人起疑…再努力一下吧！）
,,,,,,,,,
,暗転,,,,,,,,
,Hisui story DLC 4-1,,,,,,,,
Dialog.DLC1-3-44,ヒスイ,「きぃ、きぃーーーーーっ！つ、つかまえました～～～！」,「咦、咦——！抓、抓到了～～～！」,,「きぃ、きぃーーーーーっ！つ、つかまえました～～～！」,「嘰、嘰────────！抓、抓到你了～～～！」,"""Kii, kiiiii! I-I caught you!""","「키이, 키이ーーーーー잇! 자, 잡았습니다~~~!」",「吱、吱────────！抓、抓到你了～～～！」
,,,,,,,,,
Dialog.DLC1-3-45,男戦闘員,「ぐおおっ、く、くそおっ！」,「呜呼、可、可惡！」,,「ぐおおっ、く、くそおっ！」,「咕哦哦、該、該死！」,"""Guooh, d-damn it!""","「크오옷, 제, 제기랄!」",「咕哦哦、该、该死！」
,,,,,,,,,
Dialog.DLC1-3-46,ヒスイ,「ほ、ほら服をぬいでくださ～～い！今からあなたは女戦闘員に、れ、れいぷされちゃいま～～～す！」,「喂、喂，請脫掉衣服啦～～！從現在起，你將成為女戰鬥員，被，被重新塑造～～～！」,,「ほ、ほら服をぬいでくださ～～い！今からあなたは女戦闘員に、れ、れいぷされちゃいま～～～す！」,「喂、喂把衣服脫掉吧～～！現在你要被女戰鬥員、強、強姦了～～～！」,"""C-come on, take off your clothes! You're about to be v-violated by a female soldier!""","「자, 자 옷을 벗으세요~~~! 지금부터 당신은 여성 전투원에게, 레, 레이프당할 거예요~~~!」",「喂、喂把衣服脱掉吧～～！现在你要被女战斗员、强、强奸了～～～！」
,,,,,,,,,
Dialog.DLC1-3-47,,(～～～ああああっ！、死ぬほど恥ずかしいっ！！),(～～～啊啊啊！、羞恥到死！！),,(～～～ああああっ！、死ぬほど恥ずかしいっ！！),（～～～啊啊啊啊！好丟臉！！）,(Aaaaaah! This is so embarrassing I could die!!),"(~~~ 아아아앗!, 죽을 만큼 부끄러워!!)",（～～～啊啊啊啊！好丢脸！！）
,,,,,,,,,
Dialog.DLC1-3-48,男戦闘員,「ううっ、俺には妻と子供がいるのにっ、こんな変態女に無理やり犯されるなんて…っ！！」,「唔唔，我有妻子的，被這樣變態的女人強暴…！！」,,「ううっ、俺には妻と子供がいるのにっ、こんな変態女に無理やり犯されるなんて…っ！！」,「嗚嗚、我明明有老婆和孩子，卻被這種變態女強行侵犯…！！」,"""Uugh, I have a wife and children, yet I'm being forcibly violated by this perverted woman...!!""","「으윽, 나에게는 아내와 자식이 있는데, 이런 변태 여자에게 억지로 범해지다니…윽!!」",「呜呜、我明明有老婆和孩子，却被这种变态女强行侵犯…！！」
,,,,,,,,,
Dialog.DLC1-3-49,ヒスイ,(変態女って！私だってこんなことは…！),(變態女人！就算是我也不會做這種事情…！),,(変態女って！私だってこんなことは…！),（變態女！我也沒想做這種事…！）,(Perverted woman?! I don't want to do this either...!),(변태 여자라니! 나도 이런 짓은…!),（变态女！我也没想做这种事…！）
,,,,,,,,,
Dialog.DLC1-3-50,,(ううっ…下腹部に男の人のが……スーツ越しに伝わってきます…),「唔唔…下腹部感受到了男性的…透過西裝傳來的感覺…」,,(ううっ…下腹部に男の人のが……スーツ越しに伝わってきます…),（嗚嗚…男人的東西透過下腹部…隔著戰鬥服傳過來…）,(Uugh... I can feel his... through the suit against my lower abdomen...),(으윽… 하복부에 남성의 물건이…… 슈트 너머로 느껴져요…),（呜呜…男人的东西透过下腹部…隔着战斗服传过来…）
,,,,,,,,,
Dialog.DLC1-3-51,ヒスイ,「はあっ♥、あなたの力じゃ♥、私には抵抗できませんからぁ…？」,「呼♥，用你的力量♥，我無法抗拒呢…？」,,「はあっ♥、あなたの力じゃ♥、私には抵抗できませんからぁ…？」,「哈啊♥，以你的力氣♥，根本抵抗不了我吧…？」,"""Haah♥ With your strength♥ you can't resist me, can you...?""","「하앗♥, 당신 힘으로는♥, 저에게 저항할 수 없으니까요…?」",「哈啊♥，以你的力气♥，根本抵抗不了我吧…？」
,,,,,,,,,
Dialog.DLC1-3-52,,(っ、あと少しでエレナ先輩の所へ行けるんですっ…最期の踏ん張りどころっ…),(啊，再稍微就能到艾蓮娜前輩那裡了…這是最後的努力…),,(っ、あと少しでエレナ先輩の所へ行けるんですっ…最期の踏ん張りどころっ…),（嘖，離艾蓮娜前輩那裡只差一點了…最後的堅持時刻…）,(...Just a little more and I can reach Erena-senpai... This is the final push...),"(윽, 조금만 더 있으면 엘레나 선배에게 갈 수 있어요… 마지막 힘을 내야…!)",（啧，离艾莲娜前辈那里只差一点了…最后的坚持时刻…）
,,,,,,,,,
Dialog.DLC1-3-53,,「大人しく、あなたのっ、おちんぽっ♥、入れちゃいますよっ♥」,「乖乖地，我會把你的，小弟弟♥，放進去的哦♥」,,「大人しく、あなたのっ、おちんぽっ♥、入れちゃいますよっ♥」,「乖乖地，讓你的♥，陰莖♥，插進去吧♥」,"""Be a good boy and I'll put your cock♥ inside me♥""","「얌전히, 당신의, 자지♥, 넣어버릴 거예요♥」",「乖乖地，让你的♥，阴茎♥，插进去吧♥」
,,,,,,,,,
Dialog.DLC1-3-54,,(……はあっ、今からこれが……私の中に……),(……呼，現在這個……將要進入我的身體中……),,(……はあっ、今からこれが……私の中に……),（……哈啊，現在這個就要……進到我裡面……）,"(...Haah, this is about to go... inside me...)","(……하앗, 이제부터 이게…… 제 안에……)",（……哈啊，现在这个就要……进到我里面……）
,,,,,,,,,
Dialog.DLC1-3-55,,(パイズリは沢山してきましたけど…セックスまでするなんてっ……),(乳交我做過很多次了，但是……居然要做到性交……),,(パイズリは沢山してきましたけど…セックスまでするなんてっ……),（雖然胸部侍奉做過很多次…但做到性交這種事……）,"(I've done plenty of titjobs, but... to actually have sex...)",(파이즈리는 많이 해봤지만… 섹스까지 하다니……),（虽然胸部侍奉做过很多次…但做到性交这种事……）
,,,,,,,,,
Dialog.DLC1-3-56,ヒスイ,「はっ♥、はっ♥……！？」,「呼♥，呼♥……！？」,,「はっ♥、はっ♥……！？」,「哈♥、哈♥……！？」,"""Hah♥ hah♥...?!""","「핫♥, 핫♥……!?」",「哈♥、哈♥……！？」
,,,,,,,,,
Dialog.DLC1-3-57,男戦闘員,「おい、いつまでマンコこすりつけて焦らしてんだ？とっとと本番シーンに移らねえと終わらねえだろうが。」,「喂，你到底要摩擦陰道摩擦到什麼時候才肯進入正題？趕快進入正題，不然就沒完沒了了。」,,「おい、いつまでマンコこすりつけて焦らしてんだ？とっとと本番シーンに移らねえと終わらねえだろうが。」,「喂，你在那磨蹭小穴拖延什麼？不趕快進入！不然這場景是拍不完的！」,"""Hey, how long are you gonna keep rubbing your pussy and teasing? We won't finish if you don't get to the real scene already.""","「어이, 언제까지 보지 문지르며 애태울 거야? 빨리 본방 씬으로 넘어가지 않으면 안 끝나잖아.」",「喂，你在那磨蹭小穴拖延什么？不赶快进入！不然这场景是拍不完的！」
,,,,,,,,,
Dialog.DLC1-3-58,ヒスイ,「っ♥！、わ、わかってますっ！あなたは今からレイプされるんです…からっ♥！」,「呀♥！我、我知道！你現在將被強暴…呀♥！」,,「っ♥！、わ、わかってますっ！あなたは今からレイプされるんです…からっ♥！」,「哈♥、知、知道了！你要被強姦了…所以♥！」,"""♥! I-I know! You're about to be violated... so♥!""","「윽♥!, 아, 알고 있어요! 당신은 지금부터 레이프당할 거예요… 그러니까♥!」",「哈♥！、知、知道了！你要被强奸了…所以♥！」
,,,,,,,,,
Dialog.DLC1-3-59,,そしてヒスイは意を決して自身の割れ目を棒の頂点へとあてがう,然後翡翠鼓起勇氣，將自己的裂縫對準棒的頂點。,,そしてヒスイは意を決して自身の割れ目を棒の頂点へとあてがう,於是翡翠下定決心，將自己的隙縫對準棒子的頂端。,Hisui then steeled herself and positioned her slit at the tip of his shaft.,그리고 히스이는 마음을 굳게 먹고 자신의 음부를 육봉 끝에 맞춘다,于是翡翠下定决心，将自己的隙缝对准棒子的顶端。
,,,,,,,,,
Dialog.DLC1-3-60,ヒスイ,(う～～～っ、私のはじめてがっ、こんな事に……っ♥！),(唔～～～，我的第一次，竟然變成這樣……♥！),,(う～～～っ、私のはじめてがっ、こんな事に……っ♥！),（嗚～～～我的第一次，竟然在這種事上……♥！）,"(Uuuugh, I can't believe this will be my first time♥)","(으~~~윽, 제 처음이, 이런 일에……윽♥!)",（呜～～～，我的第一次，竟然在这种事上……♥！）
,,,,,,,,,
Dialog.DLC1-3-61,,(…でも、よく考えたら戦闘員スーツの上からだから…直接入ってるわけじゃない…はず！),(…但是，仔細想想，因為是穿在戰鬥員服裡面的…應該不是直接接觸到皮膚的…吧！),,(…でも、よく考えたら戦闘員スーツの上からだから…直接入ってるわけじゃない…はず！),（…不過，仔細想想是隔著戰鬥服…應該不是直接進去…吧！）,"(...But if I think about it, it's through the soldier suit... so it's not going in directly... I think!)","(…하지만, 잘 생각해보니 전투원 슈트 위에서니까… 직접 들어오는 건 아니…겠죠!)",（…不过，仔细想想是隔着战斗服…应该不是直接进去…吧！）
,,,,,,,,,
Dialog.DLC1-3-62,,(そう！これはセックスなんかじゃない！それなら……っ♥！),(對！這不是性愛！如果是那樣的話……♥！),,(そう！これはセックスなんかじゃない！それなら……っ♥！),（對！這根本不是性交！那麼……♥！）,(Right! This isn't sex at all! In that case...♥!),(그래! 이건 섹스 따위가 아니야! 그렇다면……윽♥!),（对！这根本不是性交！那么……♥！）
,,,,,,,,,
Dialog.DLC1-3-63,,「はっ♥、はっ♥、じゃあ…入れます……よッ♥♥！」,「呀♥，呀♥，那麼…我要進去了……唷♥♥！」,,「はっ♥、はっ♥、じゃあ…入れます……よッ♥♥！」,「哈♥、哈♥，那麼…要進去了……哦♥♥！」,"""Hah♥ hah♥ then... I'm putting it... in♥♥!""","「핫♥, 핫♥, 자 그럼… 넣겠습니다……욧♥♥!」",「哈♥、哈♥，那么…要进去了……哦♥♥！」
,,,,,,,,,
Dialog.DLC1-3-64,Hisui story DLC 4-2,ずっぷうっ♥♥！！！,哇啊♥♥！！！,,ずっぷうっ♥♥！！！,滋噗♥♥！！！,Schlup!,즛푸웃♥♥!!!,滋噗♥♥！！！
,,,,,,,,,
Dialog.DLC1-3-65,,「きゅううううっ～～～～～～～っっ♥♥！！」,「求求求～～～～～～～～～～～～～～～～♥♥！！」,,「きゅううううっ～～～～～～～っっ♥♥！！」,「咻嗚嗚嗚～～～～～～～♥♥！！」,"""Kyuuuuuuuuu♥♥!!""",「큐우우우웃~~~~~윽♥♥!!」,「咻呜呜呜～～～～～～～♥♥！！」
,,,,,,,,,
Dialog.DLC1-3-66,,ヒスイは腰を下ろして戦闘員のチンポを自身の中へ迎え入れる。,翡翠坐下來，將戰鬥員的雞雞迎接進入自己的身體裡。,,ヒスイは腰を下ろして戦闘員のチンポを自身の中へ迎え入れる。,翡翠放下腰，將戰鬥員的陰莖迎進自己體內。,Hisui lowered her hips and welcomed the combatant's cock inside herself.,히스이는 허리를 내려 전투원의 자지를 자신의 안에 받아들인다.,翡翠放下腰，将战斗员的阴茎迎进自己体内。
,,,,,,,,,
Dialog.DLC1-3-67,ヒスイ,「はあっ♥、あっ♥、太いのっ♥、は、はいって…♥♥！」,「呀♥，呀♥，好粗♥，進、進去了…♥♥！」,,「はあっ♥、あっ♥、太いのっ♥、は、はいって…♥♥！」,「哈啊♥、啊♥、粗的♥、進、進來了…♥♥！」,"""Haah♥ ah♥ it's so thick♥ i-it's going in...♥♥!""","「하앗♥, 앗♥, 굵은 게♥, 드, 들어와서…♥♥!」",「哈啊♥、啊♥、粗的♥、进、进来了…♥♥！」
,,,,,,,,,
Dialog.DLC1-3-68,戦闘員,「おいおい何生娘みたいな反応してんだ？それでもお前下級戦闘員か？」,「喂喂，你這反應像個小女孩一樣嗎？你果然還是個下級戰鬥員嗎？」,,「おいおい何生娘みたいな反応してんだ？それでもお前下級戦闘員か？」,「喂喂，幹嘛反應得像個處女一樣？妳可是下級戰鬥員啊？」,"""Hey hey, what's with the virgin reaction? Are you really a junior soldier?""",「어이어이 무슨 처녀 같은 반응 하고 있어? 그러고도 너 하급 전투원인가?」,「喂喂，干嘛反应得像个处女一样？你可是下级战斗员啊？」
,,,,,,,,,
Dialog.DLC1-3-69,ヒスイ,「んあっ♥、そうでしたっ♥、きぃーーーーーっ♥！私は……悪の戦闘員っ…ですっ♥！」,「嗯啊♥，是的♥，啊啊啊啊啊♥！我是……惡的戰鬥員……♥！」,,「んあっ♥、そうでしたっ♥、きぃーーーーーっ♥！私は……悪の戦闘員っ…ですっ♥！」,「嗯啊♥、沒錯♥，嘰────────♥！我是……邪惡的戰鬥員…哦♥！」,"""Nah♥ that's right♥ kiiiiiii♥! I'm... an evil combatant...♥!""","「응앗♥, 그랬었죠♥, 키이ーーーーー잇♥! 저는…… 악의 전투원…입니다♥!」",「嗯啊♥、没错♥、吱────────♥！我是……邪恶的战斗员…哦♥！」
,,,,,,,,,
Dialog.DLC1-3-70,,(ううっ……最悪っ♥…だけど………),(唔……最糟糕了♥…但是………),,(ううっ……最悪っ♥…だけど………),（嗚嗚……感覺好糟♥…不過……）,(Uugh... this is the worst♥... but...),(으윽…… 최악♥… 하지만………),（呜呜……感觉好糟♥…不过……）
,,,,,,,,,
Dialog.DLC1-3-71,H46号,「はあっ♥、はあっ♥、今からっ♥あなたの可哀そうなおちんぽっ♥、私のおマンコで搾り取っちゃいますっ♥！」,「呀♥，呀♥，從現在開始♥，我會在我的小穴中榨乾你可憐的小弟弟♥！」,,「はあっ♥、はあっ♥、今からっ♥あなたの可哀そうなおちんぽっ♥、私のおマンコで搾り取っちゃいますっ♥！」,「哈啊♥、哈啊♥、現在♥你的可憐陰莖♥，要被我的小穴榨取出來♥！」,"""Haah♥ haah♥ now♥ I'm going to milk your poor cock♥ with my pussy♥!""","「하앗♥, 하앗♥, 지금부터♥ 당신의 불쌍한 자지♥, 제 보지로 짜내버릴게요♥!」",「哈啊♥、哈啊♥、现在♥你的可怜阴茎♥，要被我的小穴榨取出来♥！」
,,,,,,,,,
Dialog.DLC1-3-72,,そしてH46号は戦闘員の上で腰を振り始める。,然後H46號開始在戰鬥員之上擺動腰部。,,そしてH46号は戦闘員の上で腰を振り始める。,於是H46號開始在戰鬥員身上晃動腰部。,H46 then began moving her hips on top of the combatant.,그리고 H46호는 전투원 위에서 허리를 흔들기 시작한다.,于是H46号开始在战斗员身上晃动腰部。
,,,,,,,,,
Dialog.DLC1-3-73,Hisui story DLC 4-3,ヌルッ、パチュッ♥、パチュッ♥、パチュッ♥,滑溜溜、啪啾♥、啪啾♥、啪啾♥,,ヌルッ、パチュッ♥、パチュッ♥、パチュッ♥,啾嚕、啪啾♥、啪啾♥、啪啾♥,"Squelch, plap♥ plap♥ plap♥","누릇, 파츗♥, 파츗♥, 파츗♥",啾噜、啪啾♥、啪啾♥、啪啾♥
,,,,,,,,,
Dialog.DLC1-3-74,H46号,「お゛おっ♥、お゛うっ♥、おお～～～～っ♥♥」,「喔喔♥，喔呼♥，喔～～～～♥♥」,,「お゛おっ♥、お゛うっ♥、おお～～～～っ♥♥」,「哦♥、嗚♥、哦～～～～♥♥」,"""Ooh♥ ouh♥ oooooh♥♥""","「오옷 오옷♥, 오옷 웃♥, 오오~~~~옷♥♥」",「哦♥、呜♥、哦～～～～♥♥」
,,,,,,,,,
Dialog.DLC1-3-75,Hisui story DLC 4-4,(はあっ♥、はあっ♥、このおちんぽっ♥、奥まで届いて…初めてなのにっ…♥),「呀♥，呀♥，這根小弟弟♥，已經到達最深處了…明明是第一次…♥」,,(はあっ♥、はあっ♥、このおちんぽっ♥、奥まで届いて…初めてなのにっ…♥),（哈啊♥、哈啊♥、這個陰莖♥、頂到深處…明明是第一次…♥）,(Haah♥ haah♥ this cock♥ reaches so deep... even though it's my first time...♥),"(하앗♥, 하앗♥, 이 자지♥, 안쪽까지 닿아서… 처음인데…♥)",（哈啊♥、哈啊♥、这个阴茎♥、顶到深处…明明是第一次…♥）
,,,,,,,,,
Dialog.DLC1-3-76,,(おマンコがじんじんしてっ♥、気持ちいいっ…うっ♥、これも全部……変な洗脳されたせいっ……♥),(小穴在發痛♥，感覺很舒服…呜♥，這也全都……都是因為被奇怪洗腦的關係……♥),,(おマンコがじんじんしてっ♥、気持ちいいっ…うっ♥、これも全部……変な教育されたせいっ……♥),（小穴麻麻的♥、好舒服…嗚♥、這也都是…被奇怪教育過的關係……♥）,(My pussy is tingling♥ it feels good... ugh♥ this is all... because of that weird education...♥),"(보지가 징징거려서♥, 기분 좋아… 으윽♥, 이것도 전부…… 이상한 세뇌를 당한 탓이에요……♥)",（小穴麻麻的♥、好舒服…呜♥、这也都是…被奇怪教育过的关系……♥）
,,,,,,,,,
Dialog.DLC1-3-77,Hisui story DLC 4-3,「はあっ♥、はあっ♥、おおっ♥、んあっ♥！」,「呀♥，呀♥，喔♥，嗯啊♥！」,,「はあっ♥、はあっ♥、おおっ♥、んあっ♥！」,「哈啊♥、哈啊♥、哦哦♥、嗯啊♥！」,"""Haah♥ haah♥ ooh♥ nah♥!""","「하앗♥, 하앗♥, 오오옷♥, 응앗♥!」",「哈啊♥、哈啊♥、哦哦♥、嗯啊♥！」
,,,,,,,,,
Dialog.DLC1-3-78,,(はあっ♥、っ、こんな姿をエレナ先輩に見られたら……っ♥),「呀♥，這樣的樣子被艾蓮娜前輩看到的話……♥」,,(はあっ♥、っ、こんな姿をエレナ先輩に見られたら……っ♥),（哈啊♥……這樣的樣子要是被艾蓮娜前輩看到……♥）,(Haah♥ if Erena saw me like this...♥),"(하앗♥, 윽, 이런 모습을 엘레나 선배에게 보이면……윽♥)",（哈啊♥、啧，这样的样子要是被艾莲娜前辈看到……♥）
,,,,,,,,,
Dialog.DLC1-3-79,Hisui story DLC 4-4,(でもっ…これはスーツ越しだから…セックスじゃないっ……♥),(但是…這是穿著西裝的…不是性愛的……♥),,(でもっ…これはスーツ越しだから…セックスじゃないっ……♥),（但是…這是隔著戰鬥服…不是性交……♥）,(But... this is through the suit so... it's not sex...♥),(하지만… 이건 슈트 너머니까… 섹스가 아니야……♥),（但是…这是隔着战斗服…不是性交……♥）
,,,,,,,,,
Dialog.DLC1-3-80,,(怪しまれないようにしっかり演技…しないとっ♥),(要堅持好好表演…不然就會被懷疑喔♥),,(怪しまれないようにしっかり演技…しないとっ♥),（為了不被懷疑要好好的演…才行♥）,(I need to act properly... so I don't look suspicious♥),(의심받지 않도록 제대로 연기… 해야 해♥),（为了不被怀疑要好好的演…才行♥）
,Hisui story DLC 4-7,,,,,,,,
Dialog.DLC1-3-81,H46号,「はあっ♥、どうですかぁ♥、私の戦闘員おマンコっ♥」,「呀♥，怎麼樣啊♥，我的戰鬥員小穴呢♥」,,「はあっ♥、どうですかぁ♥、私の戦闘員おマンコっ♥」,「哈啊♥、怎麼樣♥，戰鬥員我的小穴♥」,"""Haah♥ how is it♥ my soldier pussy♥""","「하앗♥, 어떻습니까아♥, 제 전투원 보지♥」",「哈啊♥、怎么样♥，战斗员我的小穴♥」
,,,,,,,,,
Dialog.DLC1-3-82,,「もうっ、あなたの奥さんのじゃ満足…できないですねッ♥」,「已經啦，只滿足於你的太太的話…是不行的呢♥」,,「もうっ、あなたの奥さんのじゃ満足…できないですねッ♥」,「已經♥，你的老婆滿足不了…了吧♥」,"""You won't be satisfied... with your wife's anymore♥""","「이제, 당신의 아내 것으로는 만족… 못 하겠네요♥」",「已经♥，你的老婆满足不了…了吧♥」
,,,,,,,,,
Dialog.DLC1-3-83,戦闘員,「ぐうっ、くそお！こんな奴にっ…」,「咕嚕、該死！被這種傢伙……」,,「ぐうっ、くそお！こんな奴にっ…」,「咕、該死！被這種傢伙…」,"""Guh, damn it! I don't believe it...""","「크으윽, 젠장! 이런 녀석에게…」",「咕、该死！被这种家伙…」
,,,,,,,,,
Dialog.DLC1-3-84,H46号,「ふふっ♥、ええと…続きをしてほしかったらぁ♥、わかってますよねっ♥！」,「呼呼♥，嗯…如果想要繼續的話♥，你知道該怎麼做吧♥！」,,「ふふっ♥、ええと…続きをしてほしかったらぁ♥、わかってますよねっ♥！」,「呵呵♥，呃…想繼續的話♥，知道該怎麼做吧♥！」,"""Fufu♥ um... if you want me to continue♥ you know what to do♥!""","「후훗♥, 저기… 계속 받고 싶다면♥, 아시겠죠♥!」",「呵呵♥、呃…想继续的话♥，知道该怎么做吧♥！」
,,,,,,,,,
Dialog.DLC1-3-85,戦闘員,「な、なんだっ？」,「什、什麼？」,,「な、なんだっ？」,「什、什麼？」,"""W-what?!""","「뭐, 뭐야?」",「什、什么？」
,,,,,,,,,
Dialog.DLC1-3-86,H46号,「あなたも……我々フォーレン財団の戦闘員になるといいなさいっ♥」,「你也……最好成為我們福倫財團的戰鬥員呢♥」,,「あなたも……我々フォーレン財団の戦闘員になるといいなさいっ♥」,「你也……加入我們墮落財團當戰鬥員吧♥」,"""You should... become a soldier of the Forren Foundation♥""",「당신도…… 우리 폴른 재단의 전투원이 되겠다고 하세요♥」,「你也……加入我们财团当战斗员吧♥」
,,,,,,,,,
Dialog.DLC1-3-87,,「そうしたら…♥、毎日私達……女戦闘員とセックスし放題ですよ…♥」,「這樣的話…♥，每天我們……女戰鬥員都任你放縱地做愛…♥」,,「そうしたら…♥、毎日私達……女戦闘員とセックスし放題ですよ…♥」,「這樣…♥，每天都可以和我們……女戰鬥員隨便做愛哦…♥」,"""If you do...♥ you can have sex with us female combatants... every day...♥""","「그렇게 하면…♥, 매일 우리…… 여성 전투원과 섹스 마음껏 할 수 있어요…♥」",「这样…♥，每天都可以和我们……女战斗员随便做爱哦…♥」
,,,,,,,,,
Dialog.DLC1-3-88,戦闘員,「ううっ、しかし私には妻と娘が…っ！」,「唔唔，但是我有妻子和女兒……！」,,「ううっ、しかし私には妻と娘が…っ！」,「嗚嗚，但是我有老婆和女兒…！」,"""Ugh, but I have a wife and daughter...!""","「으윽, 하지만 나에게는 아내와 딸이…!」",「呜呜，但是我有老婆和女儿…！」
,,,,,,,,,
Dialog.DLC1-3-89,H46号,「キィーーーーッ！はいと言うまでやめてあげませんよッ♥、私は悪の女戦闘員なんですからっ♥！」,「啊啊啊啊啊！在說出『好』之前，我是不會停下來的喔♥，因為我可是邪惡的女戰鬥員喔♥！」,,「キィーーーーッ！はいと言うまでやめてあげませんよッ♥、私は悪の女戦闘員なんですからっ♥！」,「嘰──────！不回答『是』的話我就不停下來哦♥，我可是邪惡的女戰鬥員♥！」,"""KIIIII! I won't stop until you say yes♥ I'm an evil female soldier after all♥!""",「키이ーーーー잇! 네라고 할 때까지 그만두지 않겠습니다! 저는 악의 여성 전투원이니까요♥!」,「吱──────！不说是的话我就不停下来哦♥，我可是邪恶的女战斗员♥！」
,,,,,,,,,
Dialog.DLC1-3-90,戦闘員,「そんなあっ！女戦闘員はなんて卑劣なんだっ！」,「這、這樣的！女戰鬥員真是多卑劣啊！」,,「そんなあっ！女戦闘員はなんて卑劣なんだっ！」,「怎麼這樣！女戰鬥員真是卑鄙！」,"""No! Why are the female soldiers are so despicable!""",「이럴 수가! 여성 전투원은 어쩜 이렇게 비열한가!」,「怎么这样！女战斗员真是卑鄙！」
,,,,,,,,,
Dialog.DLC1-3-91,H46号,「ほらほらっ♥、はいと言うまでパコパコし続けますよっ！どうしますかぁ♥？」,「快來快來♥，在說出『好』之前我會繼續啪啪啪的！你要怎麼辦呢♥？」,,「ほらほらっ♥、はいと言うまでパコパコし続けますよっ！どうしますかぁ♥？」,「喂喂♥，不回答『是』的話就一直啪啪啪下去哦！怎麼辦♥？」,"""Come on♥ I'll keep fucking you until you say yes! What will you do♥?""","「자자♥, 네라고 할 때까지 계속 박을 거예요! 어떻게 하실 건가요♥?」",「喂喂♥、不说是的话就一直啪啪啪下去哦！怎么办♥？」
,,,,,,,,,
Dialog.DLC1-3-92,戦闘員,「…わ、わかった！戦闘員になるッ！だから勘弁してくれっ！」,「…我、我知道了！我要成為戰鬥員！所以請饒了我吧！」,,「…わ、わかった！戦闘員になるッ！だから勘弁してくれっ！」,「…知、知道了！加入戰鬥員！饒了我吧！」,"""...F-fine! I'll become a soldier! So please stop!""","「…아, 알았다! 전투원이 되겠다! 그러니까 용서해줘!」",「…知、知道了！加入战斗员！饶了我吧！」
,,,,,,,,,
Dialog.DLC1-3-93,H46号,「ふふっ♥、よろしいっ♥！……では入隊のご褒美に……気持ちよく射精させてあげますっ♥」,「呼呼♥，好的喔♥！……那麼作為入隊的獎勵……我會讓你舒服地射精的喔♥」,,「ふふっ♥、よろしいっ♥！……では入隊のご褒美に……気持ちよく射精させてあげますっ♥」,「呵呵♥、很好♥！……那麼作為入隊的獎勵……讓你舒服地射精吧♥」,"""Fufu♥ very good♥! ...As a reward for joining... I'll make you come nice and hard♥""","「후훗♥, 좋아요♥!…… 그럼 입대 포상으로…… 기분 좋게 사정시켜드리겠습니다♥」",「呵呵♥、很好♥！……那么作为入队的奖励……让你舒服地射精吧♥」
,,,,,,,,,
Dialog.DLC1-3-94,戦闘員,「そ、そんなあっ！」,「這、這樣的！」,,「そ、そんなあっ！」,「怎、怎麼這樣！」,"""N-no way!""","「이, 이럴 수가!」",「怎、怎么这样！」
,,,,,,,,,
Dialog.DLC1-3-95,,そしてH46号は膣に力を入れ、戦闘員の射精を促すように激しく腰を動かしていく。,然後H46號在陰道用力，猛烈地擺動腰部，促使戰鬥員射精。,,そしてH46号は膣に力を入れ、戦闘員の射精を促すように激しく腰を動かしていく。,於是H46號用力夾緊陰道，為了促使戰鬥員射精而激烈地晃動腰部。,H46 then tightened her vagina and moved her hips vigorously to bring the soldier to orgasm.,"그리고 H46호는 질에 힘을 주어, 전투원의 사정을 재촉하듯 격렬하게 허리를 움직여 간다.",于是H46号用力夹紧阴道，为了促使战斗员射精而激烈地晃动腰部。
,,,,,,,,,
Dialog.DLC1-3-96,,パチュッ♥、パチュッ♥、パチュッ♥！,啪啾♥、啪啾♥、啪啾♥！,,パチュッ♥、パチュッ♥、パチュッ♥！,啪啾♥、啪啾♥、啪啾♥！,Plap♥ plap♥ plap♥!,"파츗♥, 파츗♥, 파츗♥!",啪啾♥、啪啾♥、啪啾♥！
,Hisui story DLC 4-3,,,,,,,,
Dialog.DLC1-3-97,H46号,「はあっ♥、あっ♥、はあっ♥、んっ♥！」,「呼啊♥、啊♥、呼啊♥、嗯♥！」,,「はあっ♥、あっ♥、はあっ♥、んっ♥！」,「哈啊♥、啊♥、哈啊♥、嗯♥！」,"""Haah♥ ah♥ haah♥ nn♥!""","「하앗♥, 앗♥, 하앗♥, 응읏♥!」",「哈啊♥、啊♥、哈啊♥、嗯♥！」
,,,,,,,,,
Dialog.DLC1-3-98,,(んっ♥、おちんぽが良い所にあたって…気持ちいいっ…♥),(嗯♥、陽具碰到好地方了…好舒服…♥),,(んっ♥、おちんぽが良い所にあたって…気持ちいいっ…♥),（嗯♥，陰莖頂到好地方…好舒服…♥）,(Nn♥ his cock is hitting the right spots... it feels good...♥),"(응읏♥, 자지가 좋은 곳에 닿아서… 기분 좋아…♥)",（嗯♥、阴茎顶到好地方…好舒服…♥）
,,,,,,,,,
Dialog.DLC1-3-99,Hisui story DLC 4-4,(これが男戦闘員のちんぽ…♥、大きくて…強くて…普通に…好きになっちゃう…かも♥),這就是男戰鬥員的陽具…♥，又大又…強壯…或許…會喜歡上它…♥,,(これが男戦闘員のちんぽ…♥、大きくて…強くて…普通に…好きになっちゃう…かも♥),（這就是男戰鬥員的陰莖…♥、又大…又強…說不定會…喜歡上…♥）,(This is a male soldier's cock...♥ so big... and strong... I might actually... start to like it♥),"(이것이 남성 전투원의 자지…♥, 크고… 강하고… 평범하게… 좋아하게 될지도…♥)",（这就是男战斗员的鸡鸡…♥、又大…又强…说不定会…喜欢上…♥）
,,,,,,,,,
Dialog.DLC1-3-100,,(はあっ♥、作戦途中なのに…こんな事…だめだけど…でも……),「呼啊♥、作戰途中卻…這樣的事…不行但是…可是……」,,(はあっ♥、作戦途中なのに…こんな事…だめだけど…でも……),（哈啊♥、明明在作戰中…這種事…不行但…可是……）,"(Haah♥ I'm in the middle of an operation, this is wrong... but...)","(하앗♥, 작전 도중인데… 이런 거… 안 되지만… 하지만……)",（哈啊♥、明明在作战中…这种事…不行但…可是……）
,,,,,,,,,
Dialog.DLC1-3-101,,(今は…“下級戦闘員H46号”だから……♥♥ちゃんとやらないと……♥),(現在是…因為是“下級戰鬥員H46號”……♥♥要好好做……♥),,(今は…『下級戦闘員H46号』だから……♥♥ちゃんとやらないと……♥),（現在…是「下級戰鬥員H46號」……♥♥我要好好做……♥）,"(Right now... I'm ""junior soldier H46""...♥♥ so I have to do this properly...♥)",(지금은… “하급 전투원 H46호”니까……♥♥ 제대로 해야 해……♥),（现在…是“下级战斗员H46号”……♥♥我要好好做……♥）
,,,,,,,,,
Dialog.DLC1-3-102,Hisui story DLC 4-7,(平和のためなら…少しくらい“気持ち良くなっても”…♥、いいですよね…っ♥),(為了和平…就算稍微“感到舒適”…♥，也可以吧…♥),,(平和のためなら…少しくらい『気持ち良くなっても』…♥、いいですよね…っ♥),（為了和平…就算「舒服一點」…♥，也沒關係吧…♥）,"(If it's for peace... it's okay to ""feel good"" just a little...♥ right...♥)","(평화를 위해서라면… 조금 정도 “기분 좋아져도”…♥, 괜찮겠죠…♥)",（为了和平…就算“舒服一点”…♥，也没关系吧…♥）
,,,,,,,,,
Dialog.DLC1-3-103,H46号,「はあっ♥、んっ♥、はやくっ♥、せいえきっ♥、だしてくださいっ♥」,「呼啊♥、嗯♥、快一點♥、聖核♥、請讓我出來♥」,,「はあっ♥、んっ♥、はやくっ♥、せいえきっ♥、だしてくださいっ♥」,「哈啊♥、嗯♥、快點♥、精液♥，射出來吧♥」,"""Haah♥ nn♥ hurry♥ I want your semen♥ please come for me♥""","「하앗♥, 응읏♥, 빨리♥, 정액♥, 싸주세요♥」",「哈啊♥、嗯♥、快点♥、精液♥，射出来吧♥」
,,,,,,,,,
Dialog.DLC1-3-104,,(あっ♥、あっ♥、これっ、わたしもっ♥、おなかが…っ♥),「啊♥、啊♥、這個、我也♥、肚子…♥」,,(あっ♥、あっ♥、これっ、わたしもっ♥、おなかが…っ♥),（啊♥、啊♥、這個、我也要♥、肚子…♥）,(Ah♥ ah♥ this is♥ my stomach too♥ is...♥),"(앗♥, 앗♥, 이거, 나도♥, 배가…윽♥)",（啊♥、啊♥、这个、我也要♥、肚子…♥）
,,,,,,,,,
Dialog.DLC1-3-105,,「んっ♥、そうしたらっ♥、ちゃんと財団の戦闘員になれますからっ…♥」,「嗯♥、這樣的話♥，就能好好成為財團的戰鬥員了嘛…♥」,,「んっ♥、そうしたらっ♥、ちゃんと財団の戦闘員になれますからっ…♥」,「嗯♥、這樣♥，就能好好成為財團的戰鬥員了…♥」,"""Nn♥ if you do♥ you'll become a Foundation soldier proper...♥""","「응읏♥, 그렇게 하면♥, 제대로 재단 전투원이 될 수 있으니까요…♥」",「嗯♥、这样♥，就能好好成为财团的战斗员了…♥」
,,,,,,,,,
Dialog.DLC1-3-106,,パチュッ♥、パチュッ♥、パチュッ♥、パチュッ♥！,啪啾♥、啪啾♥、啪啾♥、啪啾♥！,,パチュッ♥、パチュッ♥、パチュッ♥、パチュッ♥！,啪啾♥、啪啾♥、啪啾♥、啪啾♥！,Plap♥ plap♥ plap♥ plap♥!,"파츗♥, 파츗♥, 파츗♥, 파츗♥!",啪啾♥、啪啾♥、啪啾♥、啪啾♥！
,,,,,,,,,
Dialog.DLC1-3-107,H46号,「はっ♥、あんっ♥、はっ♥、はっ♥…」,「呼♥、啊♥、呼♥、呼♥…」,,「はっ♥、あんっ♥、はっ♥、はっ♥…」,「哈♥、啊嗯♥、哈♥、哈♥…」,"""Hah♥ ann♥ hah♥ hah♥...""","「핫♥, 아앙♥, 핫♥, 핫♥…」",「哈♥、啊嗯♥、哈♥、哈♥…」
,,,,,,,,,
Dialog.DLC1-3-108,,「んっ♥、んん～～～～ッ♥♥、はあっ♥、はあっ♥」,「嗯♥、嗯嗯～～～～啊♥♥、呼啊♥、呼啊♥」,,「んっ♥、んん～～～～ッ♥♥、はあっ♥、はあっ♥」,「嗯♥、嗯嗯～～～～♥♥、哈啊♥、哈啊♥」,"""Nn♥ nnn♥♥ haah♥ haah♥""","「응읏♥, 응응~~~~윽♥♥, 하앗♥, 하앗♥」",「嗯♥、嗯嗯～～～～♥♥、哈啊♥、哈啊♥」
,,,,,,,,,
Dialog.DLC1-3-109,戦闘員,「ぐうっ、で、出るっ」,「咕嚕、來、出來了」,,「ぐうっ、で、出るっ」,「咕、要、射了」,"""Guh, I-I'm coming!""","「크윽, 싸, 싼다!」",「咕、要、射了」
,,,,,,,,,
Dialog.DLC1-3-110,,ドブッ、ビュルルルッルッ！,轟隆、呼呼呼呼呼！,,ドブッ、ビュルルルッルッ！,咚噗、嗶嚕嚕嚕！！！,Splurt! Splurt!,"도붓, 뷰르르르릇르릇!",咚噗、哔噜噜噜！！！
,Hisui story DLC 4-5,,,,,,,,
Dialog.DLC1-3-111,H46号,「んあっ♥おおっ♥！！」,「嗯啊♥哦哦♥！！」,,「んあっ♥おおっ♥！！」,「嗯啊♥哦哦♥！！」,"""Nah♥ ooh♥!!""",「응앗♥오오옷♥!!」,「嗯啊♥哦哦♥！！」
,,,,,,,,,
Dialog.DLC1-3-112,,(あっ♥、これ…せいえきが…私のおマンコの中にっ……出されてる……っ♥！！),「啊♥、這…聖核…正在…被放進我的小穴裡……♥！！」,,(あっ♥、これ…せいえきが…私のおマンコの中にっ……出されてる……っ♥！！),（啊♥、這個…精液…在我的小穴裡面……射出來了……♥！！）,(Ah♥ the... semen is... being unloaded inside my pussy...♥!!),"(앗♥, 이거… 정액이… 내 보지 안에… 싸지고 있어……윽♥!!)",（啊♥、这个…精液…在我的小穴里面……射出来了……♥！！）
,,,,,,,,,
Dialog.DLC1-3-113,,(スーツ越しに…♥、子宮の中まで叩きつけてきて…っ♥),(穿透西裝…♥、猛烈地撞擊到子宮裡…♥),,(スーツ越しに…♥、子宮の中まで叩きつけてきて…っ♥),（隔著戰鬥服…♥、直達子宮深處…♥）,(Through the suit...♥ it's slamming into my womb...♥),"(슈트 너머로…♥, 자궁 안까지 두드려 와서…윽♥)",（隔着战斗服…♥、直达子宫深处…♥）
,,,,,,,,,
Dialog.DLC1-3-114,H46号,「んあっ♥、お゛おおっ♥おおっ♥んんっ～～～♥！！」,「嗯啊♥、哦哦♥哦哦♥嗯嗯～～～♥！！」,,「んあっ♥、お゛おおっ♥おおっ♥んんっ～～～♥！！」,「嗯啊♥、哦哦♥哦哦♥嗯嗯～～～♥！！」,"""Nah♥ oooh♥ ooh♥ nnn♥!!""","「응앗♥, 오옷 오오옷♥오오옷♥응응읏~~~♥!!」",「嗯啊♥、哦哦♥哦哦♥嗯嗯～～～♥！！」
,Hisui story DLC 4-8,,,,,,,,
Dialog.DLC1-3-115,H46号,「はあっ♥、あっ♥、あはっ♥、沢山出ましたねっ♥」,「呼啊♥、啊♥、啊哈♥、出來好多呢♥」,,「はあっ♥、あっ♥、あはっ♥、沢山出ましたねっ♥」,「哈啊♥、啊♥、啊哈♥、射了好多呢♥」,"""Haah♥ ah♥ ahah♥ you came so much♥""","「하앗♥, 앗♥, 아핫♥, 잔뜩 나왔네요♥」",「哈啊♥、啊♥、啊哈♥、射了好多呢♥」
,,,,,,,,,
Dialog.DLC1-3-116,,「おめでとうございま～す♥、これであなたも財団の戦闘員ですね…っ♥」,「恭喜恭喜～♥，這樣你也成為財團的戰鬥員了呢…♥」,,「おめでとうございま～す♥、これであなたも財団の戦闘員ですね…っ♥」,「恭喜～您♥、這樣你也成為財團的一員了呢…♥」,"""Congratulations♥ now you're a Foundation soldier too...♥""","「축하드려요~♥, 이걸로 당신도 재단 전투원이네요…윽♥」",「恭喜～您♥、这样你也成为财团的一员了呢…♥」
,,,,,,,,,
Dialog.DLC1-3-117,,「ふふっ♥、私と一緒に…♥、沢山悪い事しちゃいましょう…♥」,「呼呼♥，和我一起…♥，一起做很多壞事吧…♥」,,「ふふっ♥、私と一緒に…♥、沢山悪い事しちゃいましょう…♥」,「呵呵♥、和我一起…♥、做很多壞事吧…♥」,"""Fufu♥ together with me...♥ let's do lots of naughty things...♥""","「후훗♥, 저와 함께…♥, 잔뜩 나쁜 짓 해버리죠…♥」",「呵呵♥、和我一起…♥、做很多坏事吧…♥」
,,,,,,,,,
,暗転,,,,,,,,
,,,,,,,,,
Dialog.DLC1-3-118,ヒスイ,(うぅ～～～～っ、演技…とはいえ…あんな事を…っ♥),(唔～～～～，雖然是表演…但是…做那種事情…♥),,(うぅ～～～～っ、演技…とはいえ…あんな事を…っ♥),（嗚～～～～雖然是演技…但我竟然做了那種事…♥）,"(Uuuugh, even if it was acting... to do something like that...♥)","(으으~~~윽, 연기…라고는 해도… 저런 짓을…윽♥)",（呜～～～～，…虽然是演技…但我竟然做了那种事…♥）
,,,,,,,,,
Dialog.DLC1-3-119,戦闘員,「46号ちゃんいいねえ？初めてのAV撮影とは思えない演技だったよ。」,「46號小姐真厲害呢？表現得一點也不像是第一次參與AV拍攝呢。」,,「46号ちゃんいいねえ？初めてのAV撮影とは思えない演技だったよ。」,「46號醬不錯嘛？不像第一次AV拍攝的演技哦。」,"""Nice work, 46! Hard to believe that was your first AV shoot.""",「46호쨩 괜찮은데? 처음 하는 AV 촬영이라고는 생각되지 않는 연기였어.」,「46号酱不错嘛？不像第一次AV拍摄的演技哦。」
,,,,,,,,,
Dialog.DLC1-3-120,ヒスイ,「き、きぃーーーーーっ！お褒め頂きありがとうございます！」,「啊、啊～～～～～！謝謝您的讚美！」,,「き、きぃーーーーーっ！お褒め頂きありがとうございます！」,「嘰、嘰────────！謝謝您的誇獎！」,"""K-kiiiii! Thank you for the compliment!""","「키, 키이ーーーーー잇! 칭찬해주셔서 감사합니다!」",「吱、吱────────！谢谢您的夸奖！」
,,,,,,,,,
Dialog.DLC1-3-121,戦闘員,「どう？この後スーツ脱いで生ハメセックスでも――――」,「怎麼樣？之後脫掉西裝，來一場生肉體接觸的性愛吧――――」,,「どう？この後スーツ脱いで生ハメセックスでも――――」,「怎麼樣？之後脫掉戰鬥服來個無套內射性交怎麼樣────」,"""How about it? Want to take off the suit and have some raw sex after this...""",「어때? 이 후 슈트 벗고 생으로 섹스라도――――」,「怎么样？之后脱掉战斗服来个无套内射性交怎么样────」
,,,,,,,,,
Dialog.DLC1-3-122,ヒスイ,(！、エレナ先輩があそこに…今なら…！),(！、艾蓮娜前輩在那邊…現在的話…！),,(！、エレナ先輩があそこに…今なら…！),（！艾蓮娜前輩在那裡…現在的話…！）,(Erena is over there... now's my chance...!),"(!, 엘레나 선배가 저기에… 지금이라면…!)",（！、艾莲娜前辈在那里…现在的话…！）
,,,,,,,,,
Dialog.DLC1-3-123,,「キィ――――ッ！申し訳ありません！生ハメセックスをしたいのはやまやまですが、これより別の任務があるので…！」,「啊――――！非常抱歉！雖然非常想要進行生肉體接觸，但是現在有其他任務要處理…！」,,「キィ――――ッ！申し訳ありません！生ハメセックスをしたいのはやまやまですが、これより別の任務があるので…！」,「嘰────────！非常抱歉！雖然我也很想做無套內射性交，但之後有其他任務…！」,"""Kiii! I'm sorry! I'd love to have raw sex, but I have another mission after this...!""","「키이――――잇! 죄송합니다! 생으로 섹스하고 싶은 마음은 굴뚝같지만, 이제부터 다른 임무가 있어서…!」",「吱────────！非常抱歉！虽然我也很想做无套内射性交，但之后有其他任务…！」
,,,,,,,,,
,暗転,,,,,,,,
,,,,,,,,,
Dialog.DLC1-3-124,,ヒスイはエレナが一人でいる隙を見つけ、彼女の元へ駆けつける,翡翠發現艾蓮娜獨自一人，趁機衝向她身旁。,,ヒスイはエレナが一人でいる隙を見つけ、彼女の元へ駆けつける,翡翠趁著艾蓮娜獨自一人的空檔，匆忙趕到她身邊。,Hisui found an opening when Erena was alone and rushed to her.,"히스이는 엘레나가 혼자 있는 틈을 타, 그녀에게 달려간다",翡翠趁着艾莲娜独自一人的空档，匆忙赶到她身边。
,,,,,,,,,
Dialog.DLC1-3-125,ヒスイ,「っ、はあっ、はあっ、……」,「呃、哈啊、哈啊、……」,,「っ、はあっ、はあっ、……」,「哈啊……哈啊……」,"""...haah, haah...""","「윽, 하앗, 하앗, ……」",「哈啊……哈啊……」
,,,,,,,,,
Dialog.DLC1-3-126,エレナ,「………………」,「………………」,,「………………」,「………………」,"""...""",「………………」,「………………」
,,,,,,,,,
Dialog.DLC1-3-127,ヒスイ,(……え、エレナ先輩…だよね？),(……嗯，艾蓮娜前輩…對吧？),,(……え、エレナ先輩…だよね？),（……那、那個，妳是艾蓮娜前輩…沒錯吧？）,"(...Eh, Erena... right?)","(……에, 엘레나 선배… 맞죠?)",（……那、那个，你是艾莲娜前辈…没错吧？）
,,,,,,,,,
Dialog.DLC1-3-128,エレナ,「……？下級戦闘員が私に何の用でしょうか？」,「……？下級戰鬥員對我有何事？」,,「……？下級戦闘員が私に何の用でしょうか？」,「……？下級戰鬥員有什麼事嗎？」,"""You're just a junior soldier. What do you want from me?""",「……? 하급 전투원이 저에게 무슨 용무입니까?」,「……？下级战斗员有什么事吗？」
,,,,,,,,,
Dialog.DLC1-3-129,ヒスイ,「…………………っ。」,「…………………呃。」,,「…………………っ。」,「………………」,"""...""",「…………………윽.」,「………………」
,,,,,,,,,
Dialog.DLC1-3-130,,「私ですっ！エレナ先輩……っ！」,「我就是！艾蓮娜前輩……！」,,「私ですっ！エレナ先輩……っ！」,「是我啊！艾蓮娜前輩！」,"""It's me! Erena...!""",「저예요! 엘레나 선배……윽!」,「是我啊！艾莲娜前辈！」
,,,,,,,,,
Dialog.DLC1-3-131,エレナ,「……………？下級戦闘員が一体何を言っているのですか？」,「……………？下級戰鬥員到底在說什麼？」,,「……………？下級戦闘員が一体何を言っているのですか？」,「…………？一個下級戰鬥員在說什麼呢？」,"""What exactly are you saying?""",「……………? 하급 전투원이 대체 무슨 말을 하는 겁니까?」,「…………？一个下级战斗员在说什么呢？」
,,,,,,,,,
Dialog.DLC1-3-132,ヒスイ,「ヒスイですっ！西園寺ヒスイ……生徒会で貴女の書記をしていた…！」,「我就是！西園寺翡翠……在學生會擔任你的秘書…！」,,「ヒスイですっ！西園寺ヒスイ……レギオン司令で貴女の書記をしていた…！」,「我是翡翠！西園寺翡翠……以前在軍團司令部當妳的書記的那個人！」,"""I'm Hisui! Hisui Saionji... I was your secretary at Legion Command...!""",「히스이예요! 사이온지 히스이…… 레기온 사령부에서 당신의 서기를 했던…!」,「我是翡翠！西园寺翡翠……以前在军团司令部当你的书记的那个人！」
,,,,,,,,,
Dialog.DLC1-3-133,エレナ,「…………！あぁ…なるほど。」,「…………！啊…原來如此。」,,「…………！あぁ…なるほど。」,「…………！啊……原來如此。」,"""...! Ah... I see.""",「…………! 아아… 그렇군요.」,「…………！啊……原来如此。」
,,,,,,,,,
Dialog.DLC1-3-134,,「………思い出しました。ヒスイさんですね。」,「………想起來了。翡翠小姐對吧。」,,「………思い出しました。ヒスイさんですね。」,「……想起來了。妳是翡翠小姐呢。」,"""...I remember now. You're Hisui.""",「………생각났습니다. 히스이 양이었죠.」,「……想起来了。你是翡翠小姐呢。」
,,,,,,,,,
Dialog.DLC1-3-135,ヒスイ,「…はい！やっぱり覚えていてくれたんですね…！」,「…是的！你果然還記得我呢…！」,,「…はい！やっぱり覚えていてくれたんですね…！」,「是！妳果然還記得我……！」,"""...Yes! I knew you'd remember me...!""",「…네! 역시 기억해주셨군요…!」,「是！你果然还记得我……！」
,,,,,,,,,
Dialog.DLC1-3-136,エレナ,「ええ。貴女は昔健気に私に尽くしてくれましたからね。」,「是的。因為您以前曾經對我那麼忠心耿耿。」,,「ええ。貴女は昔健気に私に尽くしてくれましたからね。」,「當然。妳以前很乖巧地為我盡心盡力呢。」,"""Yes. You used to serve me so thoroughly back then.""",「네. 당신은 옛날에 성실하게 저를 섬겨주었으니까요.」,「当然。你以前很乖巧地为我尽心尽力呢。」
,,,,,,,,,
Dialog.DLC1-3-137,ヒスイ,「……エレナ先輩、貴女が財団の幹部なんて…本当は嘘ですよ…ね？」,「……艾蓮娜前輩，您是財團的幹部這件事…其實是假的…對吧？」,,「……エレナ先輩、貴女が財団の幹部なんて…本当は嘘ですよ…ね？」,「……艾蓮娜前輩。妳成為財團幹部這件事……其實是假的對吧？」,"""...Erena, about you being a Foundation executive... that's not real, is it...?""","「……엘레나 선배, 당신이 재단 간부라니… 사실은 거짓말이죠… 그렇죠?」",「……艾莲娜前辈。你成为财团干部这件事……其实是假的对吧？」
,,,,,,,,,
Dialog.DLC1-3-138,,「何か作戦があって……！今も聖核戦姫に変身して…」,「有什麼作戰計劃……！現在也要變身成聖核戰姬…」,,「何か作戦があって……！今も聖核戦姫に変身して…」,「一定是有什麼作戰計畫吧……！現在妳也還是能變身成聖核戰姬的……」,"""There must be some operation...! Even now you're transformed as a Holy Core Battlemaiden...""",「뭔가 작전이 있어서……! 지금도 성핵전희로 변신하고…」,「一定是有什么作战计画吧……！现在你也还是能变身成圣核战姬的……」
,,,,,,,,,
Dialog.DLC1-3-139,エレナ,「……ああ、コレですか」,「……啊，這個嗎」,,「……ああ、コレですか」,「……啊啊。妳是說這個嗎？」,"""...Oh, this?""","「……아아, 이거 말입니까」",「……啊啊。你是说这个吗？」
,,,,,,,,,
Dialog.DLC1-3-140,,「コレは過去の私の“コスプレ”です。私はもう聖核戦姫には変身できないので。」,「這是過去我所扮演的『角色扮演』。我已經無法再變身成聖核戰姬了。」,,「コレは過去の私の“コスプレ”です。私はもう聖核戦姫には変身できないので。」,「這只是我過去的角色扮演罷了。我已經無法再變身成聖核戰姬了。」,"""This is just cosplay of my past self. I can no longer transform into a Holy Core Battlemaiden.""",「이것은 과거의 제 “코스프레”입니다. 저는 이제 성핵전희로는 변신할 수 없으니까요.」,「这只是我过去的角色扮演罢了。我已经无法再变身成圣核战姬了。」
,,,,,,,,,
Dialog.DLC1-3-141,ヒスイ,「………え？」,「………嗯？」,,「………え？」,「………咦？」,"""...Eh?""",「………에?」,「………咦？」
,,,,,,,,,
Dialog.DLC1-3-142,エレナ,「やれやれ……昔から思っていましたが。貴女は本当に愚かで無能ですね。」,「唉，唉……從以前就一直這麼想。您真是愚蠢又無能呢。」,,「やれやれ……昔から思っていましたが。貴女は本当に愚かで無能ですね。」,「真是的……從以前我就這麼覺得了。妳真的又蠢又沒用。」,"""Good grief... I've always thought this. You really are foolish and incompetent.""",「이런이런…… 옛날부터 생각했지만. 당신은 정말 어리석고 무능하군요.」,「真是的……从以前我就这么觉得了。你真的又蠢又没用。」
,,,,,,,,,
Dialog.DLC1-3-143,ヒスイ,「………なっ！？」,「………嗯！？」,,「………なっ！？」,「………什、什麼！？」,"""...What?!""",「………네!?」,「………什、什么！？」
,,,,,,,,,
Dialog.DLC1-3-144,エレナ,「まあ、そのおかげでわざわざ探す手間が省けたのは良い事です。」,「嘛，多虧這樣，省去了特地去尋找的麻煩，這是件好事。」,,「まあ、そのおかげでわざわざ探す手間が省けたのは良い事です。」,「不過多虧妳這麼愚蠢，我也省去了特地去找妳的麻煩，這點倒是值得稱讚呢。」,"""Well, thanks to that, I was spared the trouble of searching for you.""","「뭐, 그 덕분에 굳이 찾을 수고가 덜어진 것은 좋은 일입니다.」",「不过多亏你这么愚蠢，我也省去了特地去找你的麻烦，这点倒是值得称赞呢。」
,,,,,,,,,
Dialog.DLC1-3-145,,その瞬間エレナから紫色の光が立ち昇り、彼女のからだを覆っていく,在那一瞬間，艾蓮娜身上升起了紫色的光芒，漸漸籠罩住她的身體。,,その瞬間エレナから紫色の光が立ち昇り、彼女のからだを覆っていく,下一瞬間，艾蓮娜身上竄起紫色光芒，整個人被光幕包覆。,"At that moment, purple light rose from Erena and enveloped her body.","그 순간 엘레나로부터 보라색 빛이 뿜어져 나오며, 그녀의 몸을 감싸간다",下一瞬间，艾莲娜身上窜起紫色光芒，整个人被光幕包覆。
,,,,,,,,,
Dialog.DLC1-3-146,ヒスイ,「なんで…っ、う、うそ……」,「為什麼…啊、不、不可能……」,,「なんで…っ、う、うそ……」,「為什麼……不、不可能……」,"""Why... n-no way...""","「어째서…윽, 거, 거짓말……」",「为、为什么……不、这不可能……」
,,,,,,,,,
Dialog.DLC1-3-147,エレナ,「………変身完了。さて、哀れで愚かな聖核戦姫には水槽の中に戻ってもらいましょう。」,「………變身完成。那麼，讓可憐又愚蠢的聖核戰姬回到水槽裡吧。」,,「………変身完了。さて、哀れで愚かな聖核戦姫には水槽の中に戻ってもらいましょう。」,「………變身完畢。那麼，這隻可憐又愚蠢的聖核戰姬，請妳乖乖回水槽裡去吧。」,"""...Transformation complete. Now then, let's have the pitiful, foolish Holy Core Battlemaiden return to the tank.""","「………변신 완료. 자, 가엾고 어리석은 성핵전희는 수조 안으로 돌아가도록 하죠.」",「………变身完毕。那么，这只可怜又愚蠢的圣核战姬，请你乖乖回水槽里去吧。」
,,,,,,,,,
Dialog.DLC1-3-148,,「抵抗は無駄ですので大人しく拘束されなさい。わかっていると思いますが…貴女程度の力では私には絶対勝てませんので」,「抵抗是徒勞的，乖乖束手就擒吧。我相信你也明白…以你這種力量，絕對無法戰勝我。」,,「抵抗は無駄ですので大人しく拘束されなさい。わかっていると思いますが…貴女程度の力では私には絶対勝てませんので」,「抵抗是沒用的，請老實接受拘束。妳應該很清楚，以妳這點力量是不可能打贏我的。」,"""Resistance is futile, so please be restrained quietly. I'm sure you understand... with your level of power, you absolutely cannot defeat me.""",「저항은 소용없으니 얌전히 구속되십시오. 아시겠지만… 당신 정도의 힘으로는 저에게 절대 이길 수 없으니까요」,「抵抗是没用的，请老实接受拘束。你应该很清楚，以你这点力量是不可能打赢我的。」
,,,,,,,,,
Dialog.DLC1-3-149,ヒスイ,「…そ、そんな…っ」,「…這、這種…啊」,,「…そ、そんな…っ」,「……怎、怎麼會這樣……」,"""...N-no way...""","「…그, 그런…윽」",「……怎、怎么会这样……」
,,,,,,,,,
Dialog.DLC1-3-150,エレナ,「…どうやら聖核戦姫に変身もしないようですね。では――――！？」,「…看來聖核戰姬似乎也沒有變身的意圖呢。那麼——！？」,,「…どうやら聖核戦姫に変身もしないようですね。では――――！？」,「……看來妳甚至連變身成聖核戰姬的打算都沒有呢。那就――！？」,"""...It seems you won't even transform into a Holy Core Battlemaiden. Well then...""",「…아무래도 성핵전희로 변신도 하지 않을 모양이군요. 그럼――――!?」,「……看来你甚至连变身成圣核战姬的打算都没有呢。那就――！？」
,,,,,,,,,
Dialog.DLC1-3-151,,ガッシャアアアアアンンン！！！,轟隆隆隆隆！！！,,ガッシャアアアアアンンン！！！,哐啷啷啷啷！！！,"""Crash!""",갓샤아아아아안!!!,哐啷啷啷啷！！！
,,,,,,,,,
Dialog.DLC1-3-152,,エレナがヒスイに切りかかろうとした瞬間、天井を突き破り、何かが部屋に侵入してくる,艾蓮娜正要向翡翠發動攻擊的瞬間，天花板被突破，有什麼東西侵入了房間。,,エレナがヒスイに切りかかろうとした瞬間、天井を突き破り、何かが部屋に侵入してくる,艾蓮娜正要朝翡翠斬下去的瞬間，天花板被貫穿，某個東西猛然闖入房間。,"Just when Erena was about to strike Hisui down, something broke through the ceiling and came into the room.","엘레나가 히스이에게 다가가려던 순간, 천장을 뚫고, 무언가가 방으로 침입해 온다",艾莲娜正要朝翡翠斩下去的瞬间，天花板被贯穿，某个东西猛然闯入房间。
,,,,,,,,,
Dialog.DLC1-3-153,エレナ,「――――！！」,「——！！」,,「――――！！」,「――――！！」,"""...!""",「――――!!」,「――――！！」
,,,,,,,,,
Dialog.DLC1-3-154,ヒスイ,「………！ダイヤさん！」,「………！黛雅！」,,「………！ダイヤさん！」,「……！黛雅小姐！」,"""...Daiya!""",「………! 다이아 씨!」,「……！黛雅小姐！」
,,,,,,,,,
Dialog.DLC1-3-155,ダイヤ,「見つけたぞ清藤エレナっ！！はあっ！！」,「找到你了，艾蓮娜！！哈啊！！」,,「見つけたぞ清藤エレナっ！！はあっ！！」,「找到妳了，清藤艾蓮娜！哈啊！」,"""I found you, Erena Seidō!! Haah!!""",「찾았다 세이토 엘레나!! 하앗!!」,「找到你了，清藤艾莲娜！哈啊！」
,,,,,,,,,
Dialog.DLC1-3-156,エレナ,「なっ――――！？」,「哪───！？」,,「なっ――――！？」,「什――――！？」,"""Wha...?!""",「뭣――――!?」,「什――――！？」
,,,,,,,,,
Dialog.DLC1-3-157,エレナ(欠損),ダイヤが剣を翻すとエレナの手首が矛と共に切り落とされ宙に舞う,黛雅揮舞著劍，艾蓮娜的手腕連同槍一起被斬斷，在空中飄舞。,,ダイヤが剣を翻すとエレナの手首が矛と共に切り落とされ宙に舞う,黛雅長劍一揮，艾蓮娜握著長矛的手腕整個被斬飛，在空中旋轉。,"As Daiya swung her sword, Erena's wrist was severed along with her spear and flew through the air.",다이아가 검을 휘두르자 엘레나의 손목이 창과 함께 잘려나가 공중으로 흩날린다,钻石长剑一挥，艾莲娜握着长矛的手腕整个被斩飞，在空中旋转。
,,,,,,,,,
Dialog.DLC1-3-158,エレナ,「――――っ！」,「——！」,,「――――っ！」,「――――！」,"""...!""",「――――윽!」,「――――！」
,,,,,,,,,
Dialog.DLC1-3-159,ダイヤ,「私は聖核戦姫ダイヤモンド！清藤エレナ、貴様を聖核戦姫と平和への裏切りの罪により断罪する！」,「我是聖核戰姬黛雅！艾蓮娜，我將因你作為聖核戰姬對和平的背叛而判你有罪！」,,「私は聖核戦姫ダイヤモンド！清藤エレナ、貴様を聖核戦姫と平和への裏切りの罪により断罪する！」,「我是聖核戰姬――鑽石！清藤艾蓮娜，以妳背叛聖核戰姬與世界和平之罪，在此將妳處刑！」,"""I am Holy Core Battlemaiden Diamond! Erena Seidō, I condemn you for the crime of betraying the Holy Core Battlemaidens and peace!""","「나는 성핵전희 다이아몬드! 세이토 엘레나, 네 녀석을 성핵전희와 평화에 대한 배신의 죄로 단죄한다!」",「我是圣核战姬――钻石！清藤艾莲娜，以你背叛圣核战姬与世界和平之罪，在此将你处刑！」
,,,,,,,,,
,,,,,,,,,
,,,,,,,,,
,,,,,,,,,
,,ストーリーの間に挟まる短いストーリーみたいな感じ,在故事之間夾雜的短小故事感覺。,,ストーリーの間に挟まる短いストーリーみたいな感じ,,,스토리 중간에 끼어드는 짧은 스토리 같은 느낌,
,背景(廃墟),,,,,,,,
Dialog.DLC2-0-1,エレナ(欠損),「っ……………！戦闘員！侵入者を排除しなさい！」,「——！戰鬥員！清除入侵者！」,,「っ……………！戦闘員！侵入者を排除しなさい！」,「……！戰鬥員！把入侵者給我清除掉！」,"""...! Soldiers! Eliminate the intruder!""",「윽……………! 전투원! 침입자를 배제하세요!」,「……！战斗员！把入侵者给我清除掉！」
,,,,,,,,,
Dialog.DLC2-0-2,ダイヤ,「無駄だッ――――！」,「無用的——！」,,「無駄だッ――――！」,「沒用的――――！」,"""It's useless!""",「소용없다――――!」,「没用的――――！」
,,,,,,,,,
Dialog.DLC2-0-3,,ダイヤが剣を振るうとあっという間に部屋の中にいた戦闘員は地面に崩れ落ちる,當黛雅揮舞劍時，瞬間在房間裡的戰鬥員倒在地面上。,,ダイヤが剣を振るうとあっという間に部屋の中にいた戦闘員は地面に崩れ落ちる,黛雅揮劍一掃，房間裡的戰鬥員瞬間全倒在地上。,"As Daiya swung her sword, the soldiers in the room instantly collapsed.",다이아가 검을 휘두르자 순식간에 방 안에 있던 전투원은 바닥에 쓰러진다,钻石挥剑一扫，房间里的战斗员瞬间全倒在地上。
,,,,,,,,,
Dialog.DLC2-0-4,エレナ,「……………！」,「——！」,,「……………！」,「…………！」,"""...""",「……………!」,「…………！」
,,,,,,,,,
Dialog.DLC2-0-5,ダイヤ,「周辺は完全に制圧した。清藤エレナ、抵抗は無駄だ。」,「周邊已完全控制。清藤艾蓮娜，抵抗是徒勞的。」,,「周辺は完全に制圧した。清藤エレナ、抵抗は無駄だ。」,「週邊已經被我完全制壓了。清藤艾蓮娜，妳再抵抗都是徒勞的。」,"""The perimeter is completely secured. Erena Seidō, resistance is futile.""","「주변은 완전히 제압했다. 세이토 엘레나, 저항은 소용없다.」",「周边已经被我完全制压了。清藤艾莲娜，你再抵抗都是徒劳的。」
,,,,,,,,,
Dialog.DLC2-0-6,エレナ,「………これは想定外ですね。」,「……這是出乎意料之外的。」,,「………これは想定外ですね。」,「……這還真是出乎意料呢。」,"""...This is unexpected.""",「………이것은 예상 밖이군요.」,「……这还真是出乎意料呢。」
,,,,,,,,,
Dialog.DLC2-0-7,ダイヤ,「……ご苦労だったヒスイ。おかげで清藤エレナを追い詰めることが出来た。」,「……辛苦了翡翠。多虧你，我們才能逼迫艾蓮娜。」,,「……ご苦労だったヒスイ。おかげで清藤エレナを追い詰めることが出来た。」,「辛苦了，翡翠。多虧有妳，才能把清藤艾蓮娜逼到這個地步。」,"""...Good work, Hisui. Thanks to you, we were able to corner Erena Seidō.""","「……수고했다, 히스이. 덕분에 세이토 엘레나를 궁지에 몰아넣을 수 있었다.」",「辛苦了，翡翠。多亏有你，才能把清藤艾莲娜逼到这个地步。」
,,,,,,,,,
Dialog.DLC2-0-8,ヒスイ,「はっ、はいっ……！」,「咳、咳……！」,,「はっ、はいっ……！」,「是、是的……！」,"""Y-yes...!""","「핫, 네엣……!」",「是、是的……！」
,,,,,,,,,
Dialog.DLC2-0-9,,「………でも…流石に腕を切るのは…やりすぎじゃ……」,「……但是…就算如此，斬斷手臂也太過分了吧……」,,「………でも…流石に腕を切るのは…やりすぎじゃ……」,「……不過，把手砍掉什麼的……會不會太過頭了……」,"""...But... cutting off her arm is... a bit too much...""",「………하지만… 아무리 그래도 팔을 자르는 것은… 너무하지 않나요……」,「……不过，把手砍掉什么的……会不会太过头了……」
,,,,,,,,,
Dialog.DLC2-0-10,ダイヤ,「甘えたことを言うな。コイツは手加減して制圧できるような相手じゃない。」,「不要說溫柔的話。這傢伙不是可以手下留情就能控制的對手。」,,「甘えたことを言うな。コイツは手加減して制圧できるような相手じゃない。」,「別說這種天真的話。她可不是那種能手下留情就制伏的對手。」,"""Don't be naive. She's not an opponent we can subdue by holding back.""",「응석 부리지 마라. 이 녀석은 적당히 봐줘서 제압할 수 있는 상대가 아니다.」,「别说这种天真的话。她可不是那种能手下留情就制伏的对手。」
,,,,,,,,,
Dialog.DLC2-0-11,ヒスイ,「っ、でも…操られているだけかもしれないですしっ！何か事情が…」,「咳、但是…也有可能只是被操控著！可能有什麼情況…」,,「っ、でも…操られているだけかもしれないですしっ！何か事情が…」,「但、但是……說不定她只是被操控了而已！可能有什麼苦衷……」,"""B-but... she might just be controlled! There might be circumstances...""","「윽, 하지만… 조종당하고 있을 뿐일지도 모르고! 뭔가 사정이…」",「但、但是……说不定她只是被操控了而已！可能有什么苦衷……」
,,,,,,,,,
Dialog.DLC2-0-12,ダイヤ,「私情を挟むな！事情がどうあれ今はコイツは私達が倒すべき敵だ！」,「不要牽扯私情！無論情況如何，現在這傢伙是我們應該打倒的敵人！」,,「私情を挟むな！事情がどうあれ今はコイツは私達が倒すべき敵だ！」,「別把私情扯進來！不管理由是什麼，現在她就是我們必須打倒的敵人！」,"""Don't let personal feelings interfere! Whatever the circumstances, she's an enemy we must defeat now!""",「억지로 사정을 끼어넣지 마! 사정이 어떻든 지금 이 녀석은 우리가 쓰러뜨려야 할 적이다!」,「别把私情扯进来！不管理由是什么，现在她就是我们必须打倒的敌人！」
,,,,,,,,,
Dialog.DLC2-0-13,ヒスイ,「…っ…そうですね。」,「…咳…是的。」,,「…っ…そうですね。」,「……是……妳說得沒錯。」,"""...You're right.""",「…윽… 그렇군요.」,「……是……你说得没错。」
,,,,,,,,,
Dialog.DLC2-0-14,,「…清藤エレナ、貴様は捕虜として私達に付いてきてもらう。」,「…清藤艾蓮娜，你作為俘虜，必須跟隨我們。」,,「…清藤エレナ、貴様は捕虜として私達に付いてきてもらう。」,「清藤艾蓮娜，妳接下來要做的事，就是乖乖當俘虜跟我們走。」,"""...Erena Seidō, you will come with us as a prisoner.""","「…세이토 엘레나, 너는 포로로서 우리와 함께 가줘야겠다.」",「清藤艾莲娜，你接下来要做的事，就是乖乖当俘虏跟我们走。」
,,,,,,,,,
Dialog.DLC2-0-15,エレナ,「…………私がこのまま大人しく捕虜になるとでも……？」,「……我就這樣老老實實成為俘虜嗎……？」,,「…………私がこのまま大人しく捕虜になるとでも……？」,「…………妳以為我會就這麼乖乖當俘虜嗎……？」,"""...Do you really think I'll let you capture me without a fight...?""",「…………내가 이대로 얌전히 포로가 될 것 같습니까……?」,「…………你以为我会就这么乖乖当俘虏吗……？」
,,,,,,,,,
Dialog.DLC2-0-16,,その瞬間、エレナの全身が脈動し、切られた腕の断面から肉が盛り上がる,在那一瞬間，艾蓮娜的全身都在跳動，從被切斷的手臂斷面凸起肉塊。,,その瞬間、エレナの全身が脈動し、切られた腕の断面から肉が盛り上がる,下一瞬間，艾蓮娜全身開始脈動，從被斬斷的手腕斷面長出鼓脹的肉塊。,"Erena's entire body pulsated, and flesh bulged from the severed arm's stump.","그 순간, 엘레나의 온몸이 맥동하며, 잘린 팔 단면에서 살이 솟아오른다",下一瞬间，艾莲娜全身开始脉动，从被斩断的手腕断面长出鼓胀的肉块。
,,,,,,,,,
Dialog.DLC2-0-17,エレナ,「ッ、ウ゛ッッ……ッ！アアアアッッ！」,「咕、嗚嗚……啊啊啊啊！」,,「ッ、ウ゛ッッ……ッ！アアアアッッ！」,「呃、呃啊啊啊啊啊！！」,"""Ugh... Ugh...! AAAAAH!""","「윽, 으옷 윽……윽! 아아아아앗!」",「呃、呃啊啊啊啊啊！！」
,,,,,,,,,
Dialog.DLC2-0-18,ヒスイ,「え、エレナ先輩……？！」,「哎、艾蓮娜前輩……？！」,,「え、エレナ先輩……？！」,「艾、艾蓮娜前輩……？！」,"""E-Erena...?!""","「에, 엘레나 선배……?!」",「艾、艾莲娜前辈……？！」
,,,,,,,,,
Dialog.DLC2-0-19,ダイヤ,「……………！」,「……………！」,,「……………！」,「…………！」,"""...!""",「……………!」,「…………！」
,,,,,,,,,
Dialog.DLC2-0-20,,そしてエレナの前身は赤く染まり、無数の触手がエレナの体から現れる,而艾蓮娜的身體變紅，無數觸手從她的身體上冒出。,,そしてエレナの前身は赤く染まり、無数の触手がエレナの体から現れる,緊接著艾蓮娜全身染成猩紅，無數觸手從她的身體伸出。,"Erena's entire body turned red, and countless tentacles emerged from her body.","그리고 엘레나의 전신은 붉게 물들고, 무수한 촉수가 엘레나의 몸에서 나타난다",紧接着艾莲娜全身染成猩红，无数触手从她的身体伸出。
,,,,,,,,,
Dialog.DLC2-0-21,エレナ(怪人),「ア゛アアアアッッ…！アアッ！」,「嗚啊啊啊啊啊！啊啊！」,,「ア゛アアアアッッ…！アアッ！」,「啊啊啊啊啊……啊啊！」,"""Ahhh... Ahhhhhhh!""",「아옷 아아아아앗…! 아앗!」,「啊啊啊啊啊……啊啊！」
,,,,,,,,,
Dialog.DLC2-0-22,ヒスイ,「ひっ！？う、うそ……！」,「咦！？咦、不可能……！」,,「ひっ！？う、うそ……！」,「咿！？這、這不可能……！」,"""Eek?! N-no way...!""","「히익!? 거, 거짓말……!」",「咿！？这、这不可能……！」
,,,,,,,,,
Dialog.DLC2-0-23,エレナ,「……変身完了…いえ、こちらが本当の姿と言った方が正しいですね。」,「……變身完成…不，說這邊才是真正的樣子比較正確吧。」,,「……変身完了…いえ、こちらが本当の姿と言った方が正しいですね。」,「……變身完成。不，應該說，這才是我的真實姿態才對。」,"""...Transformation complete... No, it would be more accurate to say this is my true form.""","「……변신 완료… 아니, 이쪽이 진짜 모습이라고 하는 편이 맞겠군요.」",「……变身完成。不，应该说，这才是我的真实姿态才对。」
,,,,,,,,,
Dialog.DLC2-0-24,ダイヤ,「…ッ、既に怪人になっていたか！」,「…啊、已經變成怪人了嗎！」,,「…ッ、既に怪人になっていたか！」,「……原來已經成怪人了嗎！」,"""...She's already become a fiend!""",「…윽! 이미 괴인이 되어 있었나!」,「……原来已经成怪人了吗！」
,,,,,,,,,
Dialog.DLC2-0-25,エレナ,「ええ、元の体は既に失われてしまったので。この体は私の遺伝子と触手細胞を使って産み出されました。」,「是的，原本的身體已經消失了。這具身體是利用我的基因和觸手細胞所創造出來的。」,,「ええ、元の体は既に失われてしまったので。この体は私の遺伝子と触手細胞を使って産み出されました。」,「沒錯，我原本的身體早就不存在了。這具身體，是用我的基因和觸手細胞重新造出的。」,"""Yes, my original body was already lost. This body was created using my genes and tentacle cells.""","「네, 원래 몸은 이미 잃어버렸으니까요. 이 몸은 제 유전자와 촉수 세포를 사용해 만들어졌습니다.」",「没错，我原本的身体早就不存在了。这具身体，是用我的基因和触手细胞重新造出的。」
,,,,,,,,,
Dialog.DLC2-0-26,ヒスイ,「そ…んな…その体……」,「這…不可能…那具身體……」,,「そ…んな…その体……」,「怎、怎麼會……這副身體竟然……」,"""N-no way... that body...""",「그…런… 그 몸……」,「怎、怎么会……这副身体竟然……」
,,,,,,,,,
Dialog.DLC2-0-27,エレナ,「ふふっ、素晴らしいでしょう？怪人となる事によって私はより美しく完璧な肉体を手に入れました♥」,「呼呼，是不是很棒？透過成為怪人，我獲得了更美麗完美的肉體♥」,,「ふふっ、素晴らしいでしょう？怪人となる事によって私はより美しく完璧な肉体を手に入れました♥」,「呵呵，很棒吧？成為怪人之後，我得到的是更加美麗、完美的肉體♥」,"""Fufu, wonderful, isn't it? By becoming a fiend, I've obtained a more beautiful and perfect body♥""","「후훗, 훌륭하죠? 괴인이 됨으로써 저는 더욱 아름답고 완벽한 육체를 손에 넣었습니다♥」",「呵呵，很棒吧？成为怪人之后，我得到的是更加美丽、完美的肉体♥」
,,,,,,,,,
Dialog.DLC2-0-28,,「さて、愚かな最後の聖核戦姫を仕留めましょうか♥…この力の前では聖核戦姫など取るに足りません。」,「那麼，讓我們結束那愚蠢的最後一位聖核戰姬吧♥…在這股力量面前，聖核戰姬根本不值一提。」,,「さて、愚かな最後の聖核戦姫を仕留めましょうか♥…この力の前では聖核戦姫など取るに足りません。」,「那麼，就讓我來收拾掉最後幾個愚蠢的聖核戰姬吧♥在這股力量面前，聖核戰姬根本一文不值。」,"""Now then, shall we finish off the last foolish Holy Core Battlemaiden♥... When faced with this power, Holy Core Battlemaidens are insignificant.""","「자, 어리석은 마지막 성핵전희를 처리할까요♥… 이 힘 앞에서는 성핵전희 따위 하찮습니다.」",「那么，就让我来收拾掉最后那几个愚蠢的圣核战姬吧♥在这股力量面前，圣核战姬根本一文不值。」
,,,,,,,,,
Dialog.DLC2-0-29,ダイヤ,「………チッ…最初に手ではなく首を切っておくべきだったな。」,「………嘖…一開始應該先砍斷頭部而不是手。」,,「………チッ…最初に手ではなく首を切っておくべきだったな。」,「……啐，早知道就該一開始砍的是妳的脖子，而不是手。」,"""...Tch... I should have cut her neck instead of her hand first.""",「………칫… 처음에 손이 아니라 목을 잘라야 했군.」,「……啐，早知道就该一开始砍的是你的脖子，而不是手。」
,,,,,,,,,
Dialog.DLC2-0-30,,「―――――捕虜は無しだ。こうなった以上ここで仕留める！ヒスイ――――」,「―――――捕虜已經沒有了。既然變成這樣，就在這裡解決掉吧！翡翠――――」,,「―――――捕虜は無しだ。こうなった以上ここで仕留める！ヒスイ――――」,「――既然如此，就不留俘虜了。事到如今只能在這裡做個了斷！翡翠――」,"""No capture. Now that it's come to this, I'll finish her here! Hisui...""",「―――――포로는 없다. 이렇게 된 이상 여기서 처리한다! 히스이――――」,「――既然如此，就不留俘虏了。事到如今只能在这里做个了断！翡翠――」
,,,,,,,,,
Dialog.DLC2-0-31,ヒスイ,「はっ…でも……え、エレナ…先輩？」,「咳…但是……艾蓮娜…前輩？」,,「はっ…でも……え、エレナ…先輩？」,「是……可是……艾、艾蓮娜前輩？」,"""Ah... but... E-Erena...?""","「핫… 하지만…… 에, 엘레나… 선배?」",「是……可是……艾、艾莲娜前辈？」
,,,,,,,,,
Dialog.DLC2-0-32,ダイヤ,「―――戦わないなら隅で大人しくしていろ！戦闘の邪魔だ！」,「―――如果不打算戰鬥的話，就乖乖待在一旁！你只會干擾戰鬥！」,,「―――戦わないなら隅で大人しくしていろ！戦闘の邪魔だ！」,「――要是不打算戰鬥，就給我乖乖躲到一旁去！別妨礙我作戰！」,"""If you won't fight, stay quietly in the corner! You're in the way of our battle!""",「―――싸우지 않을 거면 구석에서 얌전히 있어라! 전투에 방해된다!」,「――要是不打算战斗，就给我乖乖躲到一旁去！别妨碍我作战！」
,,,,,,,,,
Dialog.DLC2-0-33,ヒスイ,「っ……なんでっ……！」,「咦……為什麼呢……！」,,「っ……なんでっ……！」,「……為什麼會變成這樣……！」,"""...Why...!""",「윽…… 어째서……!」,「……为什么会变成这样……！」
,,,,,,,,,
Dialog.DLC2-0-34,エレナ,「おや…？抵抗する気ですか？本気でこの私に勝てるとでも？」,「哦…？你有抵抗的意思嗎？真的以為你能打敗我嗎？」,,「おや…？抵抗する気ですか？本気でこの私に勝てるとでも？」,「喔？妳們還打算抵抗嗎？真的以為打得贏我？」,"""Oh...? You plan to resist? Do you seriously think you can defeat me?""",「어머…? 저항할 생각입니까? 진심으로 이 저에게 이길 수 있다고?」,「喔？你们还打算抵抗吗？真的以为打得赢我？」
,,,,,,,,,
Dialog.DLC2-0-35,ダイヤ,「当たり前だ。――――貴様はここで仕留めるッ！」,「理所當然。――――我會在這裡解決你！」,,「当たり前だ。――――貴様はここで仕留めるッ！」,「那是當然。――我要在這裡終結妳這個叛徒！」,"""Of course. I'll finish you here!""",「당연하다. ――――네놈은 여기서 처리한다!」,「那是当然。――我要在这里终结你这个叛徒！」
,,,,,,,,,
,暗転,,,,,,,,
,,,,,,,,,
Dialog.DLC2-0-36,,――――ダイヤとエレナの戦いが始まって数分後,――――黛雅和艾蓮娜的戰鬥開始幾分鐘後,,――――ダイヤとエレナの戦いが始まって数分後,――黛雅和艾蓮娜的戰鬥開始後過了幾分鐘後,Several minutes after the battle between Daiya and Erena began,――――다이아와 엘레나의 싸움이 시작된 지 몇 분 후,――黛雅和艾莲娜的战斗开始后过了几分钟后
,,,,,,,,,
Dialog.DLC2-0-37,エレナ,「―――このっ！ちょこまかと鬱陶しいっ！」,「―――這個！總是那麼煩人！」,,「―――このっ！ちょこまかと鬱陶しいっ！」,「――可惡！妳這到處亂竄的傢伙真礙眼！」,"""...Damn it! Stop scurrying around, it's annoying!""",「―――에잇! 재빠르고 성가셔요!」,「――可恶！你这到处乱窜的家伙真碍眼！」
,,,,,,,,,
Dialog.DLC2-0-38,ダイヤ,「はあっ、はあっ、どうした？…それが圧倒的な怪人の力か？」,「哈啊、哈啊、怎麼了？……這就是妳口中的壓倒性的怪人之力嗎？」,,「はあっ、はあっ、どうした？…それが圧倒的な怪人の力か？」,「哈啊、哈啊、怎麼了？……這就是妳口中的壓倒性的怪人之力嗎？」,"""Haah, haah, what's wrong?... Is that the overwhelming power of a fiend?""","「하앗, 하앗, 왜 그러지?… 그것이 압도적인 괴인의 힘인가?」",「哈啊、哈啊、怎么了？…...这就是你口中的压倒性的怪人之力吗？」
,,,,,,,,,
Dialog.DLC2-0-39,エレナ,「聖核戦姫風情がっ！怪人を愚弄するなど――――！」,「聖核戰姬風範！不要輕視怪人──！」,,「聖核戦姫風情がっ！怪人を愚弄するなど――――！」,「區區聖核戰姬居然敢看扁怪人――！」,"""You mere Holy Core Battlemaiden! To mock a fiend...!""",「성핵전희 주제에! 괴인을 우롱하다니――――!」,「区区圣核战姬居然敢看扁怪人――！」
,,,,,,,,,
Dialog.DLC2-0-40,ダイヤ,「はっ！パワーとスピードは私以上だが―――、脳の処理が追い付いていないなっ！」,「哈！力量和速度都超過我，但是──，大腦的處理跟不上！」,,「はっ！パワーとスピードは私以上だが―――、脳の処理が追い付いていないなっ！」,「哼！妳的力量和速度確實在我之上――、 不過你的腦袋處理速度卻跟不上啊！」,"""Ha! Your power and speed exceed mine, but your brain can't keep up!""","「핫! 파워와 스피드는 나 이상이지만―――, 뇌의 처리가 따라가지 못하는군!」",「哼！你的力量和速度确实在我之上――、 不过你的脑袋反应跟身体跟不上啊！」
,,,,,,,,,
Dialog.DLC2-0-41,エレナ,「逃げるだけしかできない聖核戦姫がっ！思い上がるな――――ぐうっ！？」,「只會逃跑的聖核戰姬！別自以為是──！？」,,「逃げるだけしかできない聖核戦姫がっ！思い上がるな――――ぐうっ！？」,「只會逃跑的聖核戰姬少給我得意――呃啊！？」,"""A Holy Core Battlemaiden who can only run! Don't get cocky... Guh?!""",「도망치는 것밖에 할 수 없는 성핵전희가! 잘난 척하지 마―――― 크윽!?」,「只会逃跑的圣核战姬少给我得意――呃啊！？」
,,,,,,,,,
Dialog.DLC2-0-42,,エレナの体に矢が刺さり、触手の動きが一瞬止まる,艾蓮娜的身體被箭矢刺中，觸手的動作一瞬間停止。,,エレナの体に矢が刺さり、触手の動きが一瞬止まる,艾蓮娜的身體被箭矢命中，觸手的動作在一瞬間停住。,"An arrow pierced Erena's body, and the tentacles stopped moving for a moment.","엘레나의 몸에 화살이 박히고, 촉수의 움직임이 순간 멈춘다",艾莲娜的身体被箭矢命中，触手的动作在一瞬间停住。
,,,,,,,,,
Dialog.DLC2-0-43,ダイヤ,「――――！はあああっ！」,「―――！哈啊啊！」,,「――――！はあああっ！」,「就是現在！哈啊啊啊！」,"""...! Haaaah!""",「――――! 하아아앗!」,「就是现在！哈啊啊啊！」
,,,,,,,,,
Dialog.DLC2-0-44,,その瞬間を逃さず、ダイヤはエレナの触手を数本切り落とす,在那一瞬間毫不錯過，黛雅切斷了艾蓮娜的幾根觸手。,,その瞬間を逃さず、ダイヤはエレナの触手を数本切り落とす,黛雅毫不放過這個破綻，一口氣砍下數條觸手。,"Seizing the opportunity, Daiya cut off several of Erena's tentacles.","그 순간을 놓치지 않고, 다이아는 엘레나의 촉수 몇 개를 잘라낸다",黛雅毫不放过这个破绽，一口气砍下数条触手。
,,,,,,,,,
Dialog.DLC2-0-45,エレナ,「ぐうううっ！？このっ、小娘がッ！！」,「咕嚕嚕嚕！？這個、小娘竟然！！」,,「ぐうううっ！？このっ、有象無象がッ！！」,「呃啊啊啊！？妳這、渣滓――！！」,"""Guuuuh?! You rabble!!""","「크으으으윽!? 에잇, 잡것들이!!」",「呃啊啊啊！？你这群、渣滓――！！」
,,,,,,,,,
Dialog.DLC2-0-46,ヒスイ,「…はあっ、はあっ…私の矢は絶対に外れません…！」,「...哈啊，哈啊...我的箭絕對不會失手...！」,,「…はあっ、はあっ…私の矢は絶対に外れません…！」,「哈啊...哈啊...我的箭絕對不會射偏...！」,"""...Haah, haah... My arrows never miss...!""","「…하앗, 하앗… 제 화살은 절대로 빗나가지 않습니다…!」",「哈啊...哈啊...我的箭绝对不会射偏...！」
,,,,,,,,,
Dialog.DLC2-0-47,ダイヤ,「……！よくやったヒスイ！」,「......！做得好，翡翠！」,,「……！よくやったヒスイ！」,「做得好！翡翠！」,"""...! Well done, Hisui!""",「……! 잘했다 히스이!」,「做得好！翡翠！」
,,,,,,,,,
Dialog.DLC2-0-48,ヒスイ,「私は……戦いますっ……聖核戦姫だからっ！」,「我會...戰鬥...因為我是聖核戰姬！」,,「私は……戦いますっ……聖核戦姫だからっ！」,「我也會戰鬥的...我可是聖核戰姬！」,"""I... will fight... because I'm a Holy Core Battlemaiden!""",「저는…… 싸우겠습니다…… 성핵전희니까!」,「我也会战斗的...我可是圣核战姬！」
,,,,,,,,,
Dialog.DLC2-0-49,,「エレナ先輩と言えど…今はもうただの怪人……覚悟は決めました！」,「艾蓮娜前輩雖然如何...現在已經成為普通的怪人...我已做好準備！」,,「エレナ先輩と言えど…今はもうただの怪人……覚悟は決めました！」,「就算是艾蓮娜前輩...現在也只是怪人而已……我已經下定決心了！」,"""Even if it's Erena... she's just a fiend now... I've made my resolve!""",「엘레나 선배라고 해도… 지금은 이제 단지 괴인…… 각오는 정했습니다!」,「就算是艾莲娜前辈...现在也只是怪人而已……我已经下定决心了！」
,,,,,,,,,
Dialog.DLC2-0-50,ダイヤ,「ヒスイは触手を狙え！！私が本体を斬る！」,「翡翠瞄準觸手！！我來斬斷本體！」,,「ヒスイは触手を狙え！！私が本体を斬る！」,「翡翠，妳負責把觸手射斷，本體就交給我！」,"""Hisui, aim for the tentacles!! I'll cut down the main body!""",「히스이는 촉수를 노려라!! 내가 본체를 벤다!」,「翡翠，你负责把触手射断，本体就交给我！」
,,,,,,,,,
Dialog.DLC2-0-51,ヒスイ,「はいっ！」,「好的！」,,「はいっ！」,「是！」,"""Yes!""",「네엣!」,「是！」
,,,,,,,,,
Dialog.DLC2-0-52,エレナ,「ぐうっ！聖核戦姫風情が調子に乗るなぁあッ！」,「咕嚕！聖核戰姬風範不要得意忘形啊！」,,「ぐうっ！聖核戦姫風情が調子に乗るなぁあッ！」,「可惡！區區聖核戰姬別給我太囂張啊――！！」,"""Guh! Don't get cocky, you mere Holy Core Battlemaidens!""",「크윽! 성핵전희 주제에 잘난 척하지 마라아앗!」,「可恶！区区圣核战姬别给我太嚣张啊――！！」
,,,,,,,,,
Dialog.DLC2-0-53,,しかしダイヤとヒスイは着実にエレナの触手を切り落としていく,但是黛雅和翡翠穩步地割斷艾蓮娜的觸手。,,しかしダイヤとヒスイは着実にエレナの触手を切り落としていく,然而，黛雅和翡翠穩扎穩打，不斷將艾蓮娜的觸手一條條斬落。,"However, Daiya and Hisui steadily cut off Erena's tentacles.",하지만 다이아와 히스이는 착실하게 엘레나의 촉수를 잘라나간다,然而，钻石和翡翠稳扎稳打，不断将艾莲娜的触手一条条斩落。
,,,,,,,,,
Dialog.DLC2-0-54,ヒスイ,「諦めてくださいっ！聖核戦姫は負けませんっ！」,「放棄吧！聖核戰姬不會輸的！」,,「諦めてくださいっ！聖核戦姫は負けませんっ！」,「請你放棄吧！聖核戰姬是不會輸的！」,"""Please give up! Holy Core Battlemaidens won't be defeated!""",「포기하십시오! 성핵전희는 지지 않아요!」,「请你放弃吧！圣核战姬是不会输的！」
,,,,,,,,,
Dialog.DLC2-0-55,ダイヤ,「勝つのは私達だっ！はああッッ――――！！」,「勝利屬於我們！哈啊啊啊――――！！」,,「勝つのは私達だっ！はああッッ――――！！」,「獲得勝利的一定是我們！哈啊啊――――！！」,"""We've won! Haaaa!""",「이기는 것은 우리다! 하아아앗――――!!」,「获得胜利的一定是我们！哈啊啊――――！！」
,,,,,,,,,
Dialog.DLC2-0-56,エレナ,「――――！」,「――――！」,,「――――！」,「――――！」,"""...!""",「――――!」,「――――！」
,(フラッシュっぽいSE),,,,,,,,
Dialog.DLC2-0-57,ダイヤ,「はあっ――――！――――！？」,「哈啊啊啊――――！――――！？」,,「はあっ――――！――――！？」,「哈啊――――！？……！！」,"""Haah...! ...?!""",「하앗――――!――――!?」,「哈啊――――！？……！！」
,,,,,,,,,
Dialog.DLC2-0-58,,ダイヤはエレナに向けていた剣を止め、後退する,黛雅停下針對艾蓮娜的劍，並後退。,,ダイヤはエレナに向けていた剣を止め、後退する,黛雅在揮向艾蓮娜的劍途中猛然停手，迅速後退。,Daiya stopped her sword aimed at Erena and retreated.,"다이아는 엘레나를 향하던 검을 멈추고, 후퇴한다",钻石在挥向艾莲娜的剑途中猛然停手，迅速后退。
,,,,,,,,,
Dialog.DLC2-0-59,ダイヤ,「……これは――――！？」,「……這是――――！？」,,「……これは――――！？」,「……這股氣息是――――！？」,"""...What is...?!""",「……이것은――――!?」,「……这股气息是――――！？」
,,,,,,,,,
Dialog.DLC2-0-60,ヒスイ,「――？どうしたんですかダイヤさん！？」,「――？黛雅小姐怎麼了！？」,,「――？どうしたんですかダイヤさん！？」,「――咦？黛雅小姐，怎麼了嗎！？」,"""...? What's wrong, Daiya?!""",「――? 왜 그러세요 다이아 씨!?」,「――咦？黛雅小姐，怎么了吗！？」
,,,,,,,,,
Dialog.DLC2-0-61,ダイヤ,「――――！逃げろヒスイッ！ヤツがここに――――！」,「――――！逃走，翡翠！那傢伙在這裡――――！」,,「――――！逃げろヒスイッ！ヤツがここに――――！」,「――――！快逃，翡翠！那傢伙要來了――――！」,"""...! Run, Hisui! She's here...!""",「――――! 도망쳐라 히스이! 놈이 여기에――――!」,「――――！快逃，翡翠！那家伙要来了――――！」
,,,,,,,,,
Dialog.DLC2-0-62,,その瞬間、壁が破壊され、一直線にダイヤの方向へ何かが突っ込んでくる,在那一瞬間，牆壁被破壞，有物體直直地衝向黛雅的方向。,,その瞬間、壁が破壊され、一直線にダイヤの方向へ何かが突っ込んでくる,就在那一瞬間，牆壁被轟然擊碎，某個巨大的東西筆直朝黛雅衝了過來。,Then the wall was destroyed and something charged toward Daiya.,"그 순간, 벽이 파괴되고, 일직선으로 다이아 방향으로 무언가가 돌진해 온다",就在那一瞬间，墙壁被轰然击碎，某个巨大的东西笔直朝钻石冲了过来。
,,,,,,,,,
Dialog.DLC2-0-63,,ガアアンッッ！！！,咕嗷嗷！！！,,ガアアンッッ！！！,嘎啊啊啊——！！！,Crash!,카아앙!!!,嘎啊啊啊——！！！
,,,,,,,,,
Dialog.DLC2-0-64,ヒスイ,「なっ――――！？」,「嗯――――！？」,,「なっ――――！？」,「什、什麼――――！？」,"""Wha...?!""",「뭣――――!?」,「什、什么――――！？」
,,,,,,,,,
Dialog.DLC2-0-65,ダイヤ,「ぐううっっっ！！」,「咕嗷嗷！！！」,,「ぐううっっっ！！」,「呃啊啊啊啊！！」,"""Guuuuh!!""",「크으으윽!!」,「呃啊啊啊啊！！」
,,,,,,,,,
Dialog.DLC2-0-66,那由多(シルエット→),「ふふっ…見つけました…♥」,「呵呵…找到了…♥」,,「ふふっ…見つけました…♥」,「呵呵……被我找到了呢…♥」,"""Fufu... I found you...♥""",「후훗… 찾았습니다…♥」,「呵呵……被我找到了呢…♥」
,,,,,,,,,
Dialog.DLC2-0-67,,「強い聖核戦姫のエネルギーを感じて来たのですが…やはり貴女でしたね。」,「感受到強大的聖核戰姬的能量了呢…果然是您啊。」,,「強い聖核戦姫のエネルギーを感じて来たのですが…やはり貴女でしたね。」,「我感應到強大的聖核戰姬能量才追過來……果然是妳啊。」,"""I came sensing strong Holy Core Battlemaiden energy... It was indeed you.""",「강한 성핵전희의 에너지를 느끼고 왔는데… 역시 당신이었군요.」,「我感应到强大的圣核战姬能量才追过来……果然是你啊。」
,,,,,,,,,
Dialog.DLC2-0-68,,「おや…？後ろにももう一匹…！これは運がいいですね♥」,「哦…？背後還有一隻…！這真是運氣不錯呢♥」,,「おや…？後ろにももう一匹…！これは運がいいですね♥」,「喔呀……？後面還有一隻……！真是好運呢♥」,"""Oh...? There's another one behind... How fortunate♥""",「어머…? 뒤에도 또 한 마리…! 이건 운이 좋군요♥」,「喔呀……？后面还有一只……！真是好运呢♥」
,,,,,,,,,
Dialog.DLC2-0-69,ダイヤ,「――――ッ！早く逃げろ！ここは私が食い止める！」,「――――咕！快逃！這裡由我來阻擋！」,,「――――ッ！早く逃げろ！ここは私が食い止める！」,「――――！快逃！這裡由我來擋住！」,"""! Run quickly! I'll hold her off here!""",「――――윽! 빨리 도망쳐! 여기는 내가 막겠다!」,「――――！快逃！这里由我来挡住！」
,,,,,,,,,
Dialog.DLC2-0-70,那由多,「おやおや？私から逃げられると思っているのですか？」,「哦哦？你以為你能從我逃掉嗎？」,,「おやおや？私から逃げられると思っているのですか？」,「唉呀？妳以為自己逃得掉嗎？」,"""Oh my? Do you think you can escape from me?""",「어머어머? 저에게서 도망칠 수 있다고 생각하는 겁니까?」,「唉呀？你以为自己逃得掉吗？」
,,,,,,,,,
Dialog.DLC2-0-71,ダイヤ,「財団の犬に成り下がった裏切り者が――――！聖核戦姫を舐めるなッ！」,「財團的狗變成的叛徒――――！別小看聖核戰姬！」,,「財団の犬に成り下がった裏切り者が――――！聖核戦姫を舐めるなッ！」,「淪落為財團走狗的叛徒――――！別小看聖核戰姬！」,"""You traitor who's become the Foundation's dog...! Don't underestimate the Holy Core Battlemaidens!""",「재단의 개로 전락한 배신자가――――! 성핵전희를 얕보지 마!」,「沦落为财团走狗的叛徒――――！别小看圣核战姬！」
,,,,,,,,,
,,戦闘開始,戰鬥開始,,戦闘開始,戰鬥開始,Combat Starts,전투 시작,
,,,,,,,,,
,,戦闘終了,戰鬥結束,,戦闘終了,戰鬥結束,Combat Ends,전투 종료,
,Daiya story DLC 1-0,,,,,,,,
Dialog.DLC2-0-72,,戦闘が始まってから10分後――――,戰鬥開始後10分鐘過去――――,,戦闘が始まってから10分後――――,戰鬥開始後約過了10分鐘――――,Ten minutes after the battle began...,전투가 시작된 지 10분 후――――,战斗开始后约过了10分钟――――
,,,,,,,,,
Dialog.DLC2-0-73,那由多,「ふう……やれやれ、弱いくせに無駄にしぶとかったですね…おかげでもう一匹を逃がしてしまいました。」,「呼……唉，真是的，明明這麼弱，還是固執地拖了一會兒…多虧這樣，又讓另一隻逃走了。」,,「ふう……やれやれ、弱いくせに無駄にしぶとかったですね…おかげでもう一匹を逃がしてしまいました。」,「呼……真是的，明明這麼弱，卻意外地挺難纏呢……害我讓另一隻給跑了。」,"""Phew... Good grief, you were unnecessarily persistent for someone so weak... Thanks to that, I let the other one escape.""","「후우…… 이런이런, 약한 주제에 쓸데없이 끈질겼군요… 덕분에 다른 한 마리를 놓쳐버렸습니다.」",「呼……真是的，明明这么弱，却意外地挺难缠呢……害我让另一只给跑了。」
,,,,,,,,,
Dialog.DLC2-0-74,ダイヤ,「ゴフッ……ぐっ……わたし……は…負け…ない…」,「咳……咕……我……不…會輸…」,,「ゴフッ……ぐっ……わたし……は…負け…ない…」,「咕、噗……我……才不會……輸……」,"""Cough... guh... I... won't... lose...""",「콜록…… 크윽…… 나……는… 지지… 않아…」,「咕、噗……我……才不会……输……」
,,,,,,,,,
Dialog.DLC2-0-75,,ダイヤは那由多とエレナに完膚なきまでに敗れ、既に半分意識を失っていた。,黛雅已經被那由多和艾蓮娜擊敗得毫無還手之力，已經失去了一半的意識。,,ダイヤは那由多とエレナに完膚なきまでに敗れ、既に半分意識を失っていた。,黛雅被那由多與艾蓮娜徹底打敗，已經有一半意識陷入朦朧。,"Daiya had been utterly defeated by Nayuta and Erena, and was already half unconscious.","다이아는 나유타와 엘레나에게 완전히 패배하여, 이미 절반은 의식을 잃고 있었다.",黛雅被那由多与艾莲娜彻底打败，已经有一半意识陷入朦胧。
,,,,,,,,,
Dialog.DLC2-0-76,エレナ,「ハアッ……ハアッ……この女ッ！随分と手間をかけさせてくれましたね……！！」,「呼……呼……這個女人！讓我花了不少時間呢……！！」,,「ハアッ……ハアッ……この女ッ！随分と手間をかけさせてくれましたね……！！」,「哈啊……哈啊……這個女人！真是讓人費了好大一番工夫呢……！！」,"""Haah... Haah... This woman! You certainly made me work for it...!!""",「하앗…… 하앗…… 이 여자! 상당히 귀찮게 해줬군요……!!」,「哈啊……哈啊……这个女人！真是让人费了好大一番工夫呢……！！」
,,,,,,,,,
Dialog.DLC2-0-77,,ギチッ、ギチギチッ…！,咯咯，咯咯咯…！,,ギチッ、ギチギチッ…！,咯吱、咯吱咯吱……！,"Squeeze, squeeze...!","기칫, 기치기칫…!",咯吱、咯吱咯吱……！
,,,,,,,,,
Dialog.DLC2-0-78,ダイヤ,「ごっ……カヒュッ………！」,「咕……咳呼………！」,,「ごっ……カヒュッ………！」,「咕……咳、咳嗯……！」,"""Gah... gasp...!""",「컥…… 카흇………!」,「咕……咳、咳嗯……！」
,,,,,,,,,
Dialog.DLC2-0-79,エレナ,「私の美しい触手を何本も…ッ！このまま絞め殺してあげましょうか……！」,「我的美麗觸手有好幾根…！要繼續緊緊纏繞下去嗎……！」,,「私の美しい触手を何本も…ッ！このまま絞め殺してあげましょうか……！」,「我的這些美麗觸手，被妳砍斷了那麼多……！要不要就這樣直接把妳勒死呢……？」,"""So many of my beautiful tentacles...! Shall I strangle you to death like this...!""",「내 아름다운 촉수를 몇 개나…! 이대로 목 졸라 죽여줄까요……!」,「我的这些美丽触手，被你砍断了那么多……！要不要就这样直接把你勒死呢……？」
,,,,,,,,,
Dialog.DLC2-0-80,那由多,「エレナ、捕獲対象を殺すのは命令違反です。」,「艾蓮娜，殺死捕獲目標是違反命令的。」,,「エレナ、捕獲対象を殺すのは命令違反です。」,「艾蓮娜，殺掉捕獲目標可是違反命令的。」,"""Erena, killing capture targets violates orders.""","「엘레나, 포획 대상을 죽이는 것은 명령 위반입니다.」",「艾莲娜，杀掉捕获目标可是违反命令的。」
,,,,,,,,,
Dialog.DLC2-0-81,エレナ,「コレの扱いは私の好きにさせてもらいます！腹の虫がおさまりませんから…ッ！」,「這個我來處理！因為我心裡有點不爽…！」,,「コレの扱いは私の好きにさせてもらいます！腹の虫がおさまりませんから…ッ！」,「這個就讓我想怎麼處理就怎麼處理！不這樣我氣消不下去……！」,"""I'll handle this one as I please! I can't calm my anger...!""",「이것의 처리는 제 마음대로 하겠습니다! 화가 가라앉지 않으니까요…!」,「这个就让我想怎么处理就怎么处理！不这样我气消不下去……！」
,,,,,,,,,
Dialog.DLC2-0-82,那由多,「…いえ、この聖核戦姫は私の管轄で引き取ります。」,「…不，這位聖核戰姬由我來接管。」,,「…いえ、この聖核戦姫は私の管轄で引き取ります。」,「……不，這個聖核戰姬由我接手，她歸我管轄。」,"""...No, I'll take custody of this Holy Core Battlemaiden under my jurisdiction.""","「…아니요, 이 성핵전희는 제 관할로 데려가겠습니다.」",「……不，这个圣核战姬由我接手，她归我管辖。」
,,,,,,,,,
Dialog.DLC2-0-83,エレナ,「…っ！何故ッ！これは私の獲物ですッ！」,「…！為什麼！這是我的獵物！」,,「…っ！何故ッ！これは私の獲物ですッ！」,「……！為什麼！這是我的獵物！」,"""...! Why?! This is my prey!""",「…윽! 어째서! 이건 제 사냥감입니다!」,「……！为什么！这是我的猎物！」
,,,,,,,,,
Dialog.DLC2-0-84,那由多,「私が来なければ結構危なかったでしょう？その貸しだと思ってください。」,「如果不是我來的話，情況可能會很危險吧？請當作是我欠你的一個人情。」,,「私が来なければ結構危なかったでしょう？その貸しだと思ってください。」,「要不是我趕過來，妳的狀況其實相當危險吧？就當是還我這個人情吧。」,"""It would have been quite dangerous if I hadn't come, wouldn't it? Consider it payback for that favor.""",「제가 오지 않았다면 상당히 위험했겠죠? 그 빚이라고 생각하십시오.」,「要不是我赶过来，你的状况其实相当危险吧？就当是还我这个人情吧。」
,,,,,,,,,
Dialog.DLC2-0-85,エレナ,「――――ッ！この程度の敵に私が負けるとでもッ！？」,「―――！這種程度的敵人我會輸嗎！」,,「――――ッ！この程度の敵に私が負けるとでもッ！？」,「――妳是說，我會輸給這種程度的對手嗎！？」,"""...! As if I would lose to an enemy of this level?!""",「――――윽! 이 정도 적에게 제가 질 것 같습니까!?」,「――你是说，我会输给这种程度的对手吗！？」
,,,,,,,,,
Dialog.DLC2-0-86,那由多,「まあまあ、貴女も疲れているようですし…しばらく休んではどうです？」,「嘛嘛，你看起來也有些累了…要不要休息一下？」,,「まあまあ、貴女も疲れているようですし…しばらく休んではどうです？」,「好了好了，妳看起來也累了，不如先休息一下如何？」,"""Now now, you seem tired too... Why don't you rest for a while?""","「뭐뭐, 당신도 지쳐있는 것 같으니… 잠시 쉬는 게 어떻습니까?」",「好了好了，你看起来也累了，不如先休息一下如何？」
,,,,,,,,,
Dialog.DLC2-0-87,,「せっかく怪人に変身したのですから、貴女のご主人様に可愛がってもらっては？」,「既然已經變身成怪人了，何不讓您的主人來疼愛一下呢？」,,「せっかく怪人に変身したのですから、貴女のご主人様に可愛がってもらっては？」,「難得變成怪人了，不去給妳的主人好好疼愛一下嗎？」,"""Since you've transformed into a fiend, why not get some affection from your master?""","「모처럼 괴인으로 변신했으니, 당신의 주인님께 귀여움이라도 받는 게 어떻습니까?」",「难得变成怪人了，不去给你的主人好好疼爱一下吗？」
,,,,,,,,,
Dialog.DLC2-0-88,,「繁殖して強い怪人を産むのも幹部の仕事ですから。私の方から頑張ってたから沢山可愛がってあげてと言っておきますよ？」,「培育強大的怪人也是幹部的工作。我會盡力，所以請多多疼愛她們，可以嗎？」,,「繁殖して強い怪人を産むのも幹部の仕事ですから。私の方から頑張ってたから沢山可愛がってあげてと言っておきますよ？」,「繁殖出更強的怪人，也是幹部的職責之一。我會幫妳跟那位說『艾蓮娜很努力，請好好疼愛她』的。」,"""Breeding and giving birth to strong fiends is also an executive's job. I'll tell him you've been working hard so he should give you lots of affection, shall I?""",「번식하여 강한 괴인을 낳는 것도 간부의 일이니까요. 제 쪽에서 당신이 열심히 했으니 많이 귀여워해 주라고 말해둘게요?」,「繁殖出更强的怪人，也是干部的职责之一。我会帮你跟那位说『艾莲娜很努力，请好好疼爱她』的。」
,,,,,,,,,
Dialog.DLC2-0-89,エレナ,「…………わかりました。提案を受け入れましょう。コレは貴女が持って行ってください。」,「…………我明白了。我接受這個提議。這個請你拿去吧。」,,「…………わかりました。提案を受け入れましょう。コレは貴女が持って行ってください。」,「…………我明白了。就接受妳的提議。這個就交給妳處理吧。」,"""...I understand. I'll accept your proposal. Please take this one with you.""",「…………알겠습니다. 제안을 받아들이죠. 이것은 당신이 가져가십시오.」,「…………我明白了。就接受你的提议。这个就交给你处理吧。」
,,,,,,,,,
Dialog.DLC2-0-90,那由多,「ふふっ、ありがとうございます♥」,「嘻嘻，謝謝你♥」,,「ふふっ、ありがとうございます♥」,「呵呵，感謝妳囉♥」,"""Fufu, thank you♥""","「후훗, 감사합니다♥」",「呵呵，感谢你啰♥」
,,,,,,,,,
Dialog.DLC2-0-91,那由多,「――――さて、残りは一人ですね。」,「———好了，還剩下最後一個人了呢。」,,「――――さて、残りは一人ですね。」,「――那麼，剩下的就只剩一個人了呢。」,"""...Well then, only one remains.""","「――――자, 남은 것은 한 명뿐이군요.」",「――那么，剩下的就只剩一个人了呢。」
,,,,,,,,,
Dialog.DLC2-0-92,,「ダイヤさん？貴女一人なら全力を出せば私から逃げ切れたかもしれないのに…冷静な貴女らしくないですね？」,「黛雅？如果只有你一個人的話，全力以赴的話或許可以從我這裡逃走呢…這樣冷靜的你，有些不像你呢？」,,「ダイヤさん？貴女一人なら全力を出せば私から逃げ切れたかもしれないのに…冷静な貴女らしくないですね？」,「黛雅小姐？如果只剩妳一個人，全力出逃的話，說不定還勉強能從我手中逃掉呢……真不像一向冷靜的妳呢？」,"""Daiya? If you were alone and went all out, you might have escaped from me... This isn't like the cool-headed you, is it?""",「다이아 씨? 당신 혼자라면 전력을 다하면 저에게서 도망칠 수 있었을지도 모르는데… 냉정한 당신답지 않군요?」,「黛雅小姐？如果只剩你一个人，全力出逃的话，说不定还勉强能从我手中逃掉呢……真不像一向冷静的你呢？」
,,,,,,,,,
Dialog.DLC2-0-93,,「あの小娘に何を期待しているのか知りませんが…最後のあがきを楽しませてもらいましょうか。」,「不知道你對那個小娘期待什麼…要我來享受她最後的掙扎嗎？」,,「あの役立たずに何を期待しているのか知りませんが…最後のあがきを楽しませてもらいましょうか。」,「我是不知道妳對那個沒用的傢伙期待什麼……不過，就讓我好好享受妳最後的掙扎吧。」,"""I don't know what you're expecting from that useless one... Let me enjoy your final struggle.""",「그 쓸모없는 것에게 뭘 기대하는지 모르겠지만… 마지막 발악을 즐기도록 하죠.」,「我是不知道你对那个没用的家伙期待什么……不过，就让我好好享受你最后的挣扎吧。」
,,,,,,,,,
DLC2-1,,,,,,,,,
,,,,,,,,,
Dialog.DLC2-1-1,,深夜、都市の路地裏にて,午夜，在都市的巷子裡。,,深夜、都市の路地裏にて,深夜，都市的巷弄裡。,"Late at night, in the city's back alleys","심야, 도시의 뒷골목에서",深夜，都市的巷弄里。
,,,,,,,,,
Dialog.DLC2-1-2,ヒスイ(変身),「はあっ…はあっ……ここまでくれば……。」,「呼…呼……走到這裡了……。」,,「はあっ…はあっ……ここまでくれば……。」,「哈啊……哈啊……到這裡的話……」,"""Haah... haah... Now that I've come this far...""",「하앗… 하앗…… 여기까지 오면…….」,「哈啊……哈啊……到这里的话……」
,,,,,,,,,
Dialog.DLC2-1-3,,「っ……ダイヤさん…私なんかをかばって……！」,「……黛雅…竟然為了像我這樣的人……！」,,「っ……ダイヤさん…私なんかをかばって……！」,「……黛雅小姐，竟然為了我這種人擋在前面……！」,"""Daiya... protecting someone like me...!""",「윽…… 다이아 씨…… 나 따위를 감싸고……!」,「……黛雅小姐，竟然为了我这种人挡在前面……！」
,,,,,,,,,
Dialog.DLC2-1-4,,「いえ…あれだけ強いダイヤさんならきっと逃げ切って――――」,「不…像那麼強大的黛雅，肯定可以逃走的——」,,「いえ…あれだけ強いダイヤさんならきっと逃げ切って――――」,「不對……那麼強大的黛雅小姐，一定能順利脫身――――」,"""No... Someone as strong as Daiya will surely escape...""",「아니… 그렇게나 강한 다이아 씨라면 분명 도망쳤을 거야――――」,「不对……以圣核战姬・钻石那样的实力，一定能顺利脱身――――」
,,,,,,,,,
Dialog.DLC2-1-5,,その時、ヒスイは街中のモニターに映っている映像に気が付く,在那時，翡翠注意到城市中顯示器上的影像。,,その時、ヒスイは街中のモニターに映っている映像に気が付く,就在那時，翡翠注意到街上螢幕裡播放的畫面。,"At that moment, Hisui noticed the video playing on monitors throughout the city.","그때, 히스이는 거리의 모니터에 비치고 있는 영상에 눈치챈다",就在那时，翡翠注意到街上萤幕里播放的画面。
,,,,,,,,,
,,,,,,,,,
,,,,,,,,,
,Daiya 1-1 ,,,,,,,,
Dialog.DLC2-1-6,ダイヤ,「ひうっ、ぎゅううううううっ！？」,「唔呀，緊緊的！？」,,「ひうっ、ぎゅううううううっ！？」,「嗚啊、咕嗚嗚嗚嗚嗚！？」,"""Hiuh, gyuuuuuuu?!""","「히웃, 규우우우우우우웃!?」",「呜啊、咕呜呜呜呜呜！？」
,,,,,,,,,
Dialog.DLC2-1-7,那由多,「ふふっ♥、ダイヤさんもいい声で鳴くようになってきましたね」,「呵呵♥，黛雅也開始發出不錯的聲音了呢」,,「ふふっ♥、ダイヤさんもいい声で鳴くようになってきましたね」,「呵呵♥，黛雅小姐，妳的叫聲越來越動聽了呢。」,"""Fufu♥ Daiya has started making such nice sounds too.""","「후훗♥, 다이아 씨도 좋은 목소리로 울게 되었군요」",「呵呵♥，黛雅小姐，你的叫声越来越动听了呢。」
,,,,,,,,,
Dialog.DLC2-1-8,ダイヤ,「ふざけるっ…なあっ！私はっ…貴様らの思い通りになどっ……！」,「開玩笑的…喂！我…絕不會按照你們的意思去做的……！」,,「ふざけるっ…なあっ！私はっ…貴様らの思い通りになどっ……！」,「別、開……玩笑……！我、我是……絕不會照你們的意思乖乖屈服的……！」,"""Don't... mock me! I won't... do as you bastards want...!""",「웃기지… 마앗! 나는… 네놈들 뜻대로는 되지 않아……!」,「别、开……玩笑……！我、我是……绝不会照你们的意思乖乖屈服的……！」
,,,,,,,,,
Dialog.DLC2-1-9,那由多,「貴女は強い聖核戦姫ですから…そう簡単に堕ちてもらっては困ります」,「你是強大的聖核戰姬…所以讓你輕易倒下是不行的」,,「貴女は強い聖核戦姫ですから…そう簡単に堕ちてもらっては困ります」,「因為妳是強大的聖核戰姬，如果這麼輕易就崩潰，那可就太沒意思了。」,"""You're a strong Holy Core Battlemaiden... It would be troublesome if you fell too easily.""",「당신은 강한 성핵전희니까요… 그렇게 쉽게 타락해서는 곤란합니다」,「因为你是强大的圣核战姬，如果这么轻易就崩溃，那可就太没意思了。」
,,,,,,,,,
Dialog.DLC2-1-10,ダイヤ,「ひぎゅうっ！聖核戦姫の誇りにかけてっ…私は絶対に…負けないっ……！」,「唔緊緊！以聖核戰姬的榮耀為誓…我絕對不會…輸的……！」,,「ひぎゅうっ！聖核戦姫の誇りにかけてっ…私は絶対に…負けないっ……！」,「就算這樣……以聖核戰姬的自尊發誓……我絕對、不會輸……！」,"""Higyuu! On my pride as a Holy Core Battlemaiden... I absolutely won't... lose...!""",「히규웃! 성핵전희의 긍지를 걸고… 나는 절대로… 지지 않아……!」,「就算这样……以圣核战姬的自尊发誓……我绝对、不会输……！」
,,,,,,,,,
Dialog.DLC2-1-11,那由多,「ふふっ、頑張ってくださいね。さて………」,「呵呵，請加油哦。那麼……」,,「ふふっ、頑張ってくださいね。さて………」,「呵呵，那就請妳好好撐住吧。那麼……」,"""Fufu, please do your best. Now then...""","「후훗, 힘내십시오. 자………」",「呵呵，那就请你好好撑住吧。那么……」
,,,,,,,,,
Dialog.DLC2-1-12,京,「え～聞いてるかな？逃げたもう一人の聖核戦姫“西園寺ヒスイ”ちゃん？」,「嗯～你在聽嗎？逃跑的另一位聖核戰姬“西園寺翡翠”小姐？」,,「え～聞いてるかな？逃げたもう一人の聖核戦姫“西園寺ヒスイ”ちゃん？」,「咳咳——有在看嗎？那位逃走的聖核戰姬『西園寺翡翠』小姐？」,"""Hey! Are you listening? The other Holy Core Battlemaiden who ran away, Hisui Saionji?""",「에~ 듣고 있나? 도망친 다른 한 명의 성핵전희 “사이온지 히스이” 쨩?」,「咳咳——有在看吗？那位逃走的圣核战姬『西园寺翡翠』小姐？」
,,,,,,,,,
Dialog.DLC2-1-13,,「ああ、心配しないでくれ。手足は逃げられないように空間転移させてるだけだよ」,「啊，不用擔心。我只是將她的四肢空間轉移，讓她無法逃跑而已。」,,「ああ、心配しないでくれ。手足は逃げられないように空間転移させてるだけだよ」,「啊，放心吧。她的手腳只是被空間轉移到別處，免得她亂動逃跑而已。」,"""Oh, don't worry. Her limbs are just spatially displaced so she can't escape.""","「아아, 걱정하지 마. 팔다리는 도망가지 못하도록 공간 전이시켰을 뿐이야」",「啊，放心吧。她的手脚只是被空间转移到别处，免得她乱动逃跑而已。」
,,,,,,,,,
Dialog.DLC2-1-14,,「ご覧の通り強くて誇り高いダイヤちゃんは完全に負けてしまったわけだが…」,「如您所見，自信而驕傲的黛雅完全輸了…」,,「ご覧の通り強くて誇り高いダイヤちゃんは完全に負けてしまったわけだが…」,「如你所見，強大又驕傲的黛雅小姐，已經徹底敗在我們手上了。」,"""As you can see, the strong and proud Daiya has been completely defeated...""",「보시다시피 강하고 긍지 높은 다이아쨩은 완전히 져버렸는데…」,「如你所见，强大又骄傲的钻石小姐，已经彻底败在我们手上了。」
,,,,,,,,,
Dialog.DLC2-1-15,,「……さて、仲間を見殺しにして逃げ伸びた君はこの後どうするのかな？」,「……那麼，見著夥伴被拋下而逃跑的你接下來要怎麼做呢？」,,「……さて、仲間を見殺しにして逃げ伸びた君はこの後どうするのかな？」,「……那麼，拋下同伴自己逃走的妳，接下來打算怎麼辦呢？」,"""...So, what will you do now, having abandoned your comrade to escape?""","「……자, 동료를 버리고 도망친 너는 이제부터 어떻게 할 건가?」",「……那么，抛下同伴自己逃走的你，接下来打算怎么办呢？」
,,,,,,,,,
Dialog.DLC2-1-16,,「早く出頭しないと無意味にダイヤちゃんを苦しめちゃうかもね？そのまま逃げるのならそれでもいいけど。」,「如果不快點現身，可能會讓黛雅受苦變得毫無意義哦？如果繼續逃跑也無妨。」,,「早く出頭しないと無意味にダイヤちゃんを苦しめちゃうかもね？そのまま逃げるのならそれでもいいけど。」,「要是妳不快點自己現身，說不定我就會讓黛雅小姐白白多受一點苦呢？當然，如果妳打算就這樣一路逃到底也隨妳。」,"""If you don't turn yourself in soon, Daiya might suffer needlessly. Though it's fine if you keep running.""",「빨리 출두하지 않으면 쓸데없이 다이아쨩을 괴롭히게 될지도 몰라? 그대로 도망친다면 그래도 좋지만.」,「要是你不快点自己现身，说不定我就会让钻石小姐白白多受一点苦呢？当然，如果你打算就这样一路逃到底也随你。」
,,,,,,,,,
Dialog.DLC2-1-17,ダイヤ,「ぐうっ、はあっ、はあっ…ヒスイっ…私は大丈夫……だっ！」,「咕嚕、哈啊、哈啊…翡翠…我沒事……的！」,,「ぐうっ、はあっ、はあっ…ヒスイっ…私は大丈夫……だっ！」,「咕……哈啊、哈啊……翡翠……我沒事……的！」,"""Guh, haah, haah... Hisui... I'm fine...!""","「크윽, 하앗, 하앗… 히스이… 나는 괜찮…아!」",「咕……哈啊、哈啊……翡翠……我没事……的！」
,,,,,,,,,
Dialog.DLC2-1-18,,「お前の…やるべきことを……ひぎっ！」,「你應該要做的事情……咕嚕！」,,「お前の…やるべきことを……ひぎっ！」,「去做……妳該做的事……！」,"""Do what... you must do... hggg!""",「너의… 해야 할 일을…… 히긱!」,「去做……你该做的事……！」
,,,,,,,,,
Dialog.DLC2-1-19,那由多,「……だそうです。健気な娘ですね？」,「……看來是這樣。是個可愛的女孩吧？」,,「……だそうです。健気な娘ですね？」,「……她是這麼說的呢，真是個很懂得為同伴著想的女孩。」,"""...So she says. What a brave girl, isn't she?""",「……라고 합니다. 가련한 처자군요?」,「……她是这么说的呢，真是个很懂得为同伴着想的女孩。」
,,,,,,,,,
Dialog.DLC2-1-20,京,「そういうわけだから。私の期待通り動いてくれたまえ。」,「這就是原因。請如我所期待地行動。」,,「そういうわけだから。私の期待通り動いてくれたまえ。」,「總之，就照我期待的那樣好好行動吧。」,"""That being the case, please act according to my expectations.""",「그렇게 되었으니. 나의 기대대로 움직여 주길 바랄게.」,「总之，就照我期待的那样好好行动吧。」
,,,,,,,,,
,,,,,,,,,
,,,,,,,,,
Dialog.DLC2-1-21,ヒスイ,「………………ダイヤさんっ…！」,「………………黛雅小姐……！」,,「………………ダイヤさんっ…！」,「………………黛雅小姐……！」,"""...Daiya!""",「………………다이아 씨…!」,「………………黛雅小姐……！」
,,,,,,,,,
Dialog.DLC2-1-22,,「そんな………ひどい………っ」,「這樣………太過分了………」,,「そんな………ひどい………っ」,「怎麼會……太過分了……」,"""That's... terrible...""",「그런……… 너무해………윽」,「怎么会……太过分了……」
,,,,,,,,,
Dialog.DLC2-1-23,,「いえ…彼らの思い通りになってはいけません……！」,「不……不能按照他們的意思行事……！」,,「いえ…彼らの思い通りになってはいけません……！」,「不行……我不能順著他們的意思走……！」,"""No... I can't do what they want...!""",「아니… 그들의 뜻대로 되어서는 안 돼……!」,「不行……我不能顺着他们的意思走……！」
,,,,,,,,,
Dialog.DLC2-1-24,,「……私に託してくれたダイヤさんのためにも……最期まで戦いますっ！」,「……為了黛雅小姐所託付給我的使命……我將戰鬥到最後一刻！」,,「……私に託してくれたダイヤさんのためにも……最期まで戦いますっ！」,「……為了把希望託付給我的黛雅小姐……我一定要戰鬥到最後！」,"""...Daiya entrusted this to me... I'll fight to the end!""",「……나에게 맡겨준 다이아 씨를 위해서라도…… 마지막까지 싸우겠습니다!」,「……为了把希望托付给我的黛雅小姐……我一定要战斗到最后！」
,,,,,,,,,
,暗転,,,,,,,,
,,,,,,,,,
Dialog.DLC2-1-25,,清藤グループ秘密倉庫,艾蓮娜集團秘密倉庫,,清藤グループ秘密倉庫,清藤集團秘密倉庫,Seidō Group Secret Warehouse,세이토 그룹 비밀 창고,清藤集团秘密仓库
,,,,,,,,,
Dialog.DLC2-1-26,ヒスイ(戦闘員(マスク)),「キィーーーーーーッ！というわけで上級幹部、エレナ様の命令のもと、パワードスーツを秘密裏に点検することとなりました！」,「咦——！所以，根據艾蓮娜様的命令，高級幹部們將秘密地檢查動力裝甲！」,,「キィーーーーーーッ！というわけで上級幹部、エレナ様の命令のもと、パワードスーツを秘密裏に点検することとなりました！」,「嘰ーーーーーー！！奉上級幹部艾蓮娜大人的命令，我們要在秘密狀態下對強化裝甲進行檢修！」,"""KIIIIII! And so, under senior executive Erena's orders, I'm here to secretly inspect the powered suits!""","「키이ーーーーーー잇! 그런 이유로 상급 간부, 엘레나 님의 명령에 따라, 파워드 슈트를 비밀리에 점검하게 되었습니다!」",「吱ーーーーーー！！奉上级干部艾莲娜大人的命令，我们要在秘密状态下对强化装甲进行检修！」
,,,,,,,,,
Dialog.DLC2-1-27,清藤グループ警備員,「そ、そうですか…ご苦労様です。」,「是、是這樣嗎…辛苦了。」,,「そ、そうですか…ご苦労様です。」,「這、這樣啊……辛苦了。」,"""I-I see... Thank you for your work.""","「그, 그렇습니까… 수고하십니다.」",「这、这样啊……辛苦了。」
,,,,,,,,,
Dialog.DLC2-1-28,ヒスイ,「キィーーーーーーッ！それでは鍵を開けてく…」,「咦——！那麼我來打開鎖……」,,「キィーーーーーーッ！それでは鍵を開けてく…」,「嘰ーーーーーー！！那就請您開門——」,"""KIIIIII! Then please unlock the...""",「키이ーーーーーー잇! 그럼 열쇠로 열어서…」,「吱ーーーーーー！！那就请您开门──」
,,,,,,,,,
Dialog.DLC2-1-29,清藤グループ警備員,「おまちください！いくら戦闘員の方といえど簡単に開けるわけにはいきません！」,「請稍等！即使是戰鬥員，也不會輕易就讓你打開！」,,「おまちください！いくら戦闘員の方といえど簡単に開けるわけにはいきません！」,「請等一下！就算是戰鬥員，也不能這麼輕易就打開！」,"""Please wait! Even if you're a soldier, I can't just open it easily!""",「기다려주십시오! 아무리 전투원 분이라고 해도 간단히 열 수는 없습니다!」,「请等一下！就算是战斗员，也不能这么轻易就打开！」
,,,,,,,,,
Dialog.DLC2-1-30,,「せめて何か上級幹部からの指令である事が証明できるものは…」,「至少能證明是來自高級幹部的指令的東西是…」,,「せめて何か上級幹部からの指令である事が証明できるものは…」,「至少得有能證明這是上級幹部指令的東西才行……」,"""At least something that can prove this is an order from a senior executive...""",「적어도 뭔가 상급 간부로부터의 지령이라는 것을 증명할 수 있는 것은…」,「至少得有能证明这是上级干部指令的东西才行……」
,,,,,,,,,
Dialog.DLC2-1-31,ヒスイ,(っ、そうでしたっ！…戦闘員の服を手に入れたから良いものの…あの時バタバタしてて結局エレナ先輩の指令という事を証明するものは持っていません…！),「咦、是這樣啊！…雖然拿到了戰鬥員的服裝，但那時候慌亂中最終沒能證明是艾蓮娜前輩的指令啊…！」,,(っ、そうでしたっ！…戦闘員の服を手に入れたから良いものの…あの時バタバタしてて結局エレナ先輩の指令という事を証明するものは持っていません…！),（……對、對喔！雖然我拿到了戰鬥員的服裝，但當時太混亂了，結果還是沒能準備能證明是艾蓮娜前輩命令的文件……！）,(That's right! ...While I got the soldier uniform... I was in such a rush that I don't have anything to prove this is Erena's order...!),"(윽, 그랬었죠!… 전투원 옷을 손에 넣은 것 다행이지만… 그때 정신없어서 결국 엘레나 선배의 지령이라는 것을 증명할 것은 가지고 있지 않네요…!)",（……对、对喔！虽然我拿到了战斗员的服装，但当时太混乱了，结果还是没能准备能证明是艾莲娜前辈命令的文件……！）
,,,,,,,,,
Dialog.DLC2-1-32,,(ど、どうしましょう…！),(該、該怎麼辦…！),,(ど、どうしましょう…！),（該、該怎麼辦……！）,(W-what should I do...!),"(어, 어떡하죠…!)",（该、该怎么办……！）
,,,,,,,,,
Dialog.DLC2-1-33,清藤グループ警備員,「…無いようでしたらセキュリティ上ここは通すことはできません」,「…如果沒有的話，出於安全考量，這裡是通不過的。」,,「…無いようでしたらセキュリティ上ここは通すことはできません」,「……如果拿不出來，基於安全管制，就不能放妳進去。」,"""...If you don't have any, I cannot let you through for security reasons.""",「…없으시다면 보안상 여기는 통과시킬 수 없습니다」,「……如果拿不出来，基于安全管制，就不能放你进去。」
,,,,,,,,,
Dialog.DLC2-1-34,ヒスイ,(～～～～～っ！ええい！),(～～～～～啊！唉！),,(～～～～～っ！ええい！),（～～～～～！豁出去了！）,(Aaaah! Fine then!),(~~~~~윽! 에잇!),（～～～～～！豁出去了！）
,,,,,,,,,
,暗転,,,,,,,,
,Hisui story DLC3-12,,,,,,,,
Dialog.DLC2-1-35,,ヒスイは警備員の男の服を無理やり脱がせ、そのまま地面に押し倒す,翡翠強行脫下警備員男子的服裝，將其壓倒在地。,,ヒスイは警備員の男の服を無理やり脱がせ、そのまま地面に押し倒す,翡翠強行脫掉保全男子的衣服，就這樣將他推倒在地上。,Hisui forcefully stripped the male guard's clothes and pushed him to the ground.,"히스이는 경비원 남자의 옷을 억지로 벗기고, 그대로 바닥에 밀어 넘어뜨린다",翡翠强行脱掉保全男子的衣服，就这样将他推倒在地上。
,,,,,,,,,
Dialog.DLC2-1-36,警備員,「っ、な、何するんですかっ！？」,「咦、你、你在做什麼啊！？」,,「っ、な、何するんですかっ！？」,「你、你要做什麼！？」,"""W-what are you doing?!""","「윽, 무, 뭐 하는 겁니까!?」",「你、你要做什么！？」
,,,,,,,,,
Dialog.DLC2-1-37,H46号,「キィーーーーーーッ！おっとすみません…体が勝手に…♥」,「啊───！抱歉…身體不受控制地…♥」,,「キィーーーーーーッ！おっとすみません…体が勝手に…♥」,「嘰────────！哎呀抱歉…身體不由自主地…♥」,"""KIIIIII! Oops, sorry... my body moved on its own...♥""",「키이ーーーーーー잇! 아앙 죄송해요… 몸이 멋대로…♥」,「吱────────！哎呀抱歉…身体不由自主地…♥」
,,,,,,,,,
Dialog.DLC2-1-38,H46号,「はあっ♥、はあっ♥…どうやら話合いで証明するのは無理のようなので…こちらで証明させていただきます♥」,「哎呀♥，哎呀♥…看來無法通過溝通來證明了…就讓我在這裡證明吧♥」,,「はあっ♥、はあっ♥…どうやら話合いで証明するのは無理のようなので…こちらで証明させていただきます♥」,「哈啊♥、哈啊♥…看來用談話證明是不可能的了…就讓我用這個來證明吧♥」,"""Haah♥ haah♥... Since it seems impossible to prove it through discussion... I'll prove it this way♥""","「하앗♥, 하앗♥… 아무래도 이야기로 증명하는 것은 무리인 것 같으니… 이쪽으로 증명하겠습니다♥」",「哈啊♥、哈啊♥…看来用谈话证明是不可能的了…就让我用这个来证明吧♥」
,,,,,,,,,
Dialog.DLC2-1-39,警備員,「はあ？何を言って――――」,「啊？你在說什麼───」,,「はあ？何を言って――――」,「哈？妳在說什麼────」,"""Huh? What are you saying...""",「하아? 무슨 말을――――」,「哈？你在说什么────」
,,,,,,,,,
Dialog.DLC2-1-40,Hisui story DLC 3-13,ジュルッ！！,滴答！！,,ジュルッ！！,啾嚕！！,Slurp!,쥬릇!!,啾噜！！
,,,,,,,,,
Dialog.DLC2-1-41,警備員,「―――！？」,「───！？」,,「―――！？」,「───！？」,"""...?!""",「―――!?」,「───！？」
,,,,,,,,,
Dialog.DLC2-1-42,H46号,「キィーーーーーーッ！意外とおチンポおっきいですねぇ♥」,「啊───！意外地好大的♥」,,「キィーーーーーーッ！意外とおチンポおっきいですねぇ♥」,「嘰────────！意外地陰莖還挺大的呢♥」,"""KIIIIII! Your cock is surprisingly big♥""",「키이ーーーーーー잇! 의외로 자지가 크시네요♥」,「吱────────！意外地阴茎还挺大的呢♥」
,,,,,,,,,
Dialog.DLC2-1-43,,(――――っ！……私、とっさにこんな……っ！？),(───！……我、竟然這樣……！？),,(――――っ！……私、とっさにこんな……っ！？),（────！……我，竟然突然做這種……！？）,(...! I instinctively did something like this...?!),"(――――잇!…… 나, 갑자기 이런……!?)",（────！……我，竟然突然做这种……！？）
,,,,,,,,,
Dialog.DLC2-1-44,,「ちゅぽっ、ジュルルッ♥あなたもっ…財団の戦闘員の素質ありますよっ♥」,「啾♥ 滴答滴♥ 你也有...具備財團戰鬥員的潛質呢♥」,,「ちゅぽっ、ジュルルッ♥あなたもっ…財団の戦闘員の素質ありますよっ♥」,「啾啵、啾嚕嚕♥你也…有成為財團戰鬥員的潛質哦♥」,"""Slurp, sluuuurp♥ You also... have the qualities to be a Foundation soldier♥""","「츄폿, 쥬르릇♥ 당신도… 재단 전투원 소질 있네요♥」",「啾啵、啾噜噜♥你也…有成为财团战斗员的潜质哦♥」
,,,,,,,,,
Dialog.DLC2-1-45,,(うっ…任務の為とはいえ……一般の男の人を押し倒して……！？),(唔…為了任務雖然是這樣……卻要推倒普通男性……！？),,(うっ…任務の為とはいえ……一般の男の人を押し倒して……！？),（嗚…雖然是為了任務……但把一般男子推倒……！？）,(Ugh... even if it's for the operation... pushing down a civilian man...?!),(윽… 임무를 위해서라고는 해도…… 일반 남성을 밀어 넘어뜨리다니……!?),（呜…虽然是为了任务……但把一般男子推倒……！？）
,,,,,,,,,
Dialog.DLC2-1-46,警備員,「や、やめてください！私には妻と娘が…ッ！」,「請、請停下！我有妻子和女兒…！」,,「や、やめてください！私には妻と娘が…ッ！」,「停、停手吧！ 我有老婆和女兒…！」,"""P-please stop! I have a wife and daughter...!""","「저, 저리 가세요! 저에겐 아내와 딸이…윽!」",「停、停手吧！ 我有老婆和女儿…！」
,,,,,,,,,
Dialog.DLC2-1-47,H46号,「キィーーーーーーッ！そんなこと今はどうでもいいですよねっ…♥」,「啊───！現在這種事情不重要吧…♥」,,「キィーーーーーーッ！そんなこと今はどうでもいいですよねっ…♥」,「嘰────────！這種事現在怎麼樣都好吧…♥」,"""KIIIIII! That doesn't matter right now...♥""",「키이ーーーーーー잇! 그런 건 지금 아무래도 좋잖아요…♥」,「吱────────！这种事现在怎么样都好吧…♥」
,,,,,,,,,
Dialog.DLC2-1-48,,(こんな時にっ……おまんこがうずいて……っ♥我慢できない……っ♥),這樣的時候……下體好癢……♥ 我無法忍耐……♥,,(こんな時にっ……おまんこがうずいて……っ♥我慢できない……っ♥),（這種時候……小穴在悸動……♥忍不住了……♥）,(At a time like this... my pussy is aching...♥ I can't hold back...♥),(이럴 때에…… 보지가 가려워서……윽♥ 참을 수 없어……윽♥),（这种时候……小穴在悸动……♥忍不住了……♥）
,,,,,,,,,
Dialog.DLC2-1-49,,「早く私が財団の戦闘員だと認めてもらわなきゃいけないのでぇ…♥」,「我必須讓你們快點承認我是財團的戰鬥員呢…♥」,,「早く私が財団の戦闘員だと認めてもらわなきゃいけないのでぇ…♥」,「得快點讓你承認我是財團戰鬥員才行呢…♥」,"""I need you to quickly acknowledge that I'm a Foundation soldier...♥""",「빨리 제가 재단의 전투원이라고 인정받아야 하니까요…♥」,「得快点让你承认我是财团战斗员才行呢…♥」
,,,,,,,,,
Dialog.DLC2-1-50,,(そうっ♥…これは平和のために必要なことだから…♥……しょうがないですっ♥),(是的♥…這是為了和平所必需的事情…♥……沒辦法呢♥),,(そうっ♥…これは平和のために必要なことだから…♥……しょうがないですっ♥),（沒錯♥…這是為了和平而必要的事…♥……沒辦法呢♥）,(That's right♥... this is necessary for peace...♥ ...it can't be helped♥),(그래♥… 이건 평화를 위해 필요한 일이니까…♥…… 어쩔 수 없어요♥),（没错♥…这是为了和平而必要的事…♥……没办法呢♥）
,,,,,,,,,
Dialog.DLC2-1-51,警備員,「ぐっ、ううっ…しかし…！」,「咕、嗚呀…但是…！」,,「ぐっ、ううっ…しかし…！」,「咕、嗚嗚…但是…！」,"""Guh, uugh... but...!""","「크윽, 으윽… 하지만…!」",「咕、呜呜…但是…！」
,,,,,,,,,
Dialog.DLC2-1-52,,「強情なセキュリティですねっ…♥」,「堅持著的安全措施呢…♥」,,「強情なセキュリティですねっ…♥」,「真是頑固的保全呢…♥」,"""You're one stubborn security guard...♥""",「완고한 세큐리티네요…♥」,「真是顽固的保全呢…♥」
,,,,,,,,,
Dialog.DLC2-1-53,,ジュルルッ♥、ジュポッ♥,滴答♥、啾♥,,ジュルルッ♥、ジュポッ♥,啾嚕嚕♥、啾啵♥,Slurrrp♥ slurp♥,"츄릅♥, 쯉♥",啾噜噜♥、啾啵♥
,,,,,,,,,
Dialog.DLC2-1-54,H46号,「どうれすかぁ♥、財団で訓練したパイズリフェラ…♥」,「怎麼樣呢♥，在財團接受的訓練，乳交口交...♥」,,「どうれすかぁ♥、財団で訓練したパイズリフェラ…♥」,「怎麼樣♥，在財團訓練的乳交口交…♥」,"""How ish it♥ The titfuck and blowjob that I trained at the Foundation...♥""","「어떠세요♥, 재단에서 훈련한 파이즈리 펠라…♥」",「怎么样♥，在财团训练的乳交口交…♥」
,,,,,,,,,
Dialog.DLC2-1-55,,(…ううっ、ダイヤさんは今あんなことになってるのに…私はこんな破廉恥なっ♥),(…嗚呀，明明黛雅正在那樣的情況下…我卻變得如此破廉恥♥),,(…ううっ、ダイヤさんは今あんなことになってるのに…私はこんな破廉恥なっ♥),（…嗚嗚，黛雅小姐現在那樣，我卻在做這種無恥的事♥）,"(...Uugh, while Daiya is going through that... I'm doing something so shameless♥)","(…으윽, 다이아 씨는 지금 그런 일을 당하고 있는데… 저는 이렇게 파렴치한 짓을♥)",（…呜呜，黛雅小姐现在那样，我却在做这种无耻的事♥）
,,,,,,,,,
Dialog.DLC2-1-56,,(でも……これをしないとダイヤさんを救えないんです…♥),(但是……如果不這樣做的話，就無法救回黛雅小姐了…♥),,(でも……これをしないとダイヤさんを救えないんです…♥),（但是……不做這個就救不了黛雅小姐…♥）,"(But... if I don't do this, I can't save Daiya...♥)",(하지만…… 이걸 하지 않으면 다이아 씨를 구할 수 없어요…♥),（但是……不做这个就救不了黛雅小姐…♥）
,,,,,,,,,
Dialog.DLC2-1-57,,ジュルルルッ♥、ズゾゾゾッ♥！！、ジュポッ♥、ジュポッ♥！,滴答滴答♥、嘈嘈嘈嘈♥！！、啾♥、啾♥！,,ジュルルルッ♥、ズゾゾゾッ♥！！、ジュポッ♥、ジュポッ♥！,啾嚕嚕嚕♥、滋滋滋♥！！、啾啵♥、啾啵♥！,Slurrrrp♥ sluuuurp♥!! Slurp♥ slurp♥!,"츄르르릅♥, 쭈우욱♥!!, 쯉♥, 쯉♥!",啾噜噜噜♥、滋滋滋♥！！、啾啵♥、啾啵♥！
,,,,,,,,,
Dialog.DLC2-1-58,,(そうっ…本当はこんな事やりたくないけど…これは目的を達成するために“絶対必要な事”…♥),(嗯…其實我不想做這種事情…但這是為了達成目的而“絕對必要的事情”…♥),,(そうっ…本当はこんな事やりたくないけど…これは目的を達成するために“絶対必要な事”…♥),（沒錯…本來不想做這種事，但這是達成目的的“絕對必要的事”…♥）,"(Right... I don't really want to do this but... this is ""absolutely necessary"" to achieve my goal...♥)",(그래요… 사실은 이런 짓 하고 싶지 않지만… 이건 목적을 달성하기 위해 “절대로 필요한 일”…♥),（没错…本来不想做这种事，但这是达成目的的“绝对必要的事”…♥）
,,,,,,,,,
Dialog.DLC2-1-59,,H46号は夢中で警備員のちんぽにむしゃぶりつく。,H46號全神貫注地對警備員的生殖器進行舔舐。,,H46号は夢中で警備員のちんぽにむしゃぶりつく。,H46號專注地猛吸保全的陰莖。,H46 frantically devoured the guard's cock.,H46호는 정신없이 경비원의 자지에 달려든다.,H46号专注地猛吸保全的阴茎。
,,,,,,,,,
Dialog.DLC2-1-60,,ジュルルッ♥ジュプッ♥、ジュルルッ♥、ジュルルルッ♥！！,滴答♥啾♥、滴答♥、滴答滴答♥！！,,ジュルルッ♥ジュプッ♥、ジュルルッ♥、ジュルルルッ♥！！,啾嚕嚕♥啾噗♥、啾嚕嚕♥、啾嚕嚕嚕♥！！,Slurrp♥ slurp♥ slurrp♥ slurrrrp♥!!,"츄르릅♥츄릅♥, 츄르릅♥, 츄르르르릇♥!!",啾噜噜♥啾噗♥、啾噜噜♥、啾噜噜噜♥！！
,,,,,,,,,
Dialog.DLC2-1-61,,「じゅるっ♥、れろおっ…♥ろうれすかぁ♥、私が戦闘員だとっ♥、理解できましたかぁ♥？」,滴答♥、啾啾…♥嗚嗚♥、你知道我是戰鬥員了嗎♥？,,「じゅるっ♥、れろおっ…♥ろうれすかぁ♥、私が戦闘員だとっ♥、理解できましたかぁ♥？」,「啾嚕♥、舔哦…♥這樣可以嗎♥，承認我是戰鬥員了嗎♥？」,"""Slurp♥ lick...♥ How ish it♥ do you understand that I'm a soldier now♥?""","「쥬릅♥, 레로옷…♥ 어떠세요♥, 제가 전투원이라는 것♥, 이해하셨나요♥?」",「啾噜♥、舔哦…♥这样可以吗♥，承认我是战斗员了吗♥？」
,,,,,,,,,
Dialog.DLC2-1-62,,「それともっ♥、じゅるっ♥、れろっ♥、もっとやらなきゃ…ジュルルルッ♥…分からないですかぁ♥？」,「還是呢♥、滴答♥、啾啾♥、還要更努力…滴答滴答♥…你還不明白嗎♥？」,,「それともっ♥、じゅるっ♥、れろっ♥、もっとやらなきゃ…ジュルルルッ♥…分からないですかぁ♥？」,「還是說♥、啾嚕♥、舔♥，不做更多…啾嚕嚕嚕♥…就不明白嗎♥？」,"""Or do I♥ slurp♥ lick♥ need to do more... slurrrrp♥ ...for you to understand♥?""","「아니면♥, 쥬릅♥, 레롯♥, 좀 더 하지 않으면… 쥬르르르릇♥… 모르시겠어요♥?」",「还是说♥、啾噜♥、舔♥，不做更多…啾噜噜噜♥…就不明白吗♥？」
,,,,,,,,,
Dialog.DLC2-1-63,警備員,「わ、わかった！分かりました！あなたが財団の戦闘員ってことは十分わかりました！」,「我、我知道了！我了解了！你是財團的戰鬥員這件事我已經完全明白了！」,,「わ、わかった！分かりました！あなたが財団の戦闘員ってことは十分わかりました！」,「知、知道了！明白了！妳就是財團戰鬥員這點我完全明白了！」,"""I-I get it! I understand! I fully understand you're a Foundation soldier!""","「아, 알겠어요! 알겠습니다! 당신이 재단 전투원이라는 건 충분히 알겠습니다!」",「知、知道了！明白了！你就是财团战斗员这点我完全明白了！」
,,,,,,,,,
Dialog.DLC2-1-64,,「ですので、もうやめてください！倉庫は開けますのでっ！」,「所以，請停止！我們會打開倉庫的！」,,「ですので、もうやめてください！倉庫は開けますのでっ！」,「所以，請停手吧！倉庫我會開的！」,"""So please stop! I'll open the warehouse!""","「그러니, 이제 그만해주세요! 창고는 열 테니까!」",「所以，请停手吧！仓库我会开的！」
,,,,,,,,,
Dialog.DLC2-1-65,,(やった！開けてもらえる…早くいかないと…！),太好了！可以打開了…要趕快去…！,,(やった！開けてもらえる…早くいかないと…！),（太好了！能開了…得快點去才行…！）,(Yes! He'll open it... I need to hurry...!),(해냈다! 열어준다니… 빨리 가지 않으면…!),（太好了！能开了…得快点去才行…！）
,,,,,,,,,
Dialog.DLC2-1-66,,(……………でもお……♥),(……………但是……♥),,(……………でもお……♥),（……………但是哦……♥）,(...But...♥),(……………하지만……♥),（……………但是哦……♥）
,,,,,,,,,
Dialog.DLC2-1-67,,ジュルルッ♥ジュプッ♥、ジュルルッ♥、ジュルッ♥、ズゾゾゾッッッ♥！,滴答滴答♥滴答♥、滴答滴答♥、滴答♥、滴答♥、嘈嘈嘈嘈嘈♥！,,ジュルルッ♥ジュプッ♥、ジュルルッ♥、ジュルッ♥、ズゾゾゾッッッ♥！,啾嚕嚕♥啾噗♥、啾嚕嚕♥、啾嚕♥、滋滋滋！！！,Slurrp♥ slurp♥ slurrp♥ slurp♥ sluuuuurp♥!,"츄르릅♥ 츕♥, 츄르릅♥, 츄릇♥, 쭈우우우우욱♥!",啾噜噜♥啾噗♥、啾噜噜♥、啾噜♥、滋滋滋！！！
,,,,,,,,,
Dialog.DLC2-1-68,H46号,「じゅぷっ♥、らめれすっ♥、……ここまでやったんれすからっ♥」,「噗♥、請停止♥、……已經做到這個程度了喔♥」,,「じゅぷっ♥、らめれすっ♥、……ここまでやったんれすからっ♥」,「啾噗♥、不行♥、……既然都做到這裡了♥」,"""Slurp♥ Nho way♥ ...shince I've gone thish far♥""","「츕♥, 안 돼욧♥,…… 여기까지 했으니까요♥」",「啾噗♥、不行♥、……既然都做到这里了♥」
,,,,,,,,,
Dialog.DLC2-1-69,警備員,「なあっ、そんなっ！」,「喂，不要這樣！」,,「なあっ、そんなっ！」,「啊啊、怎麽這樣！」,"""What, no way!""","「아니, 그런!」",「啊啊、怎么这样！」
,,,,,,,,,
Dialog.DLC2-1-70,H46号,「ふふっ♥私は悪の戦闘員なのれえっ……ジュポッ♥…射精するまれ…付き合ってもらいますよっ♥」,「呼呼♥我是邪惡的戰鬥員呢……滴答♥…直到射精為止…你就陪我到底吧♥」,,「ふふっ♥私は悪の戦闘員なのれえっ……ジュポッ♥…射精するまれ…付き合ってもらいますよっ♥」,「呵呵♥我是邪惡的戰鬥員呢……啾啵♥…在你射精之前…我是不會放開的♥」,"""Fufu♥ I'm an evil soldier, sho... slurp♥ ...you'll keep me company until you come♥""",「후훗♥ 저는 악의 전투원이라서요…… 츕♥… 사정할 때까지… 어울려 주셔야겠어요♥」,「呵呵♥我是邪恶的战斗员呢……啾啵♥…在你射精之前…我是不会放开的♥」
,,,,,,,,,
Dialog.DLC2-1-71,,ジュルルッ♥、ジュプッ♥、ジュルルッ♥、ジュルッ♥,滴答滴答♥、滴答♥、滴答滴答♥、滴答♥,,ジュルルッ♥、ジュプッ♥、ジュルルッ♥、ジュルッ♥,啾嚕嚕♥、啾噗♥、啾嚕嚕♥、啾嚕♥,Slurrp♥ slurp♥ slurrp♥ slurp♥,"츄르릅♥, 츕♥, 츄르릅♥, 츄릇♥",啾噜噜♥、啾噗♥、啾噜噜♥、啾噜♥
,,,,,,,,,
Dialog.DLC2-1-72,,(…私は何を……戦闘員だと認めてもらって開けてもらえるんだから……こんなことやめていいはず……),(…我是認可為戰鬥員的……應該可以讓我開口的……應該停止這樣的事情……),,(…私は何を……戦闘員だと認めてもらって開けてもらえるんだから……こんなことやめていいはず……),（…我在做什麼……既然承認我是戰鬥員會開門了……這種事應該可以停了……）,(...What am I doing... He's acknowledged I'm a soldier and will open it... I should stop this...),(…나는 무슨 짓을…… 전투원이라고 인정받고 열어준다는데…… 이런 짓 그만둬도 될 텐데……),（…我在做什么……既然承认我是战斗员会开门了……这种事应该可以停了……）
,,,,,,,,,
Dialog.DLC2-1-73,,(………いえ♥……今の私は聖核戦姫ではなく下級戦闘員H46号という“設定”ですから……),(……我現在不是聖核戰姬，而是被設定為下級戰鬥員H46號的角色……),,(………いえ♥……今の私は聖核戦姫ではなく下級戦闘員H46号という『設定』ですから……),（………但是♥……現在的我不是聖核戰姬，而是下級戰鬥員H46號這個「設定」……）,"(...No♥ ...right now I'm not a Holy Core Battlemaiden but junior soldier H46 in this ""role""...)",(………아니요♥…… 지금의 저는 성핵전희가 아니라 하급 전투원 H46호라는 “설정”이니까……),（………但是♥……现在的我不是圣核战姬，而是下级战斗员H46号这个“设定”……）
,,,,,,,,,
Dialog.DLC2-1-74,,(H46号として最後まで振舞わないと…怪しまれちゃいますよね………っ♥),(如果不作為H46號到最後一刻的話…會被懷疑的呢………♥),,(H46号として最後まで振舞わないと…怪しまれちゃいますよね………っ♥),（如果不以H46號的身份演到最後…會被懷疑的吧………♥）,(If I don't act as H46 to the end... it'll be suspicious...♥),(H46호로서 마지막까지 제대로 행동하지 않으면… 의심받겠죠………앙♥),（如果不以H46号的身份演到最后…会被怀疑的吧………♥）
,,,,,,,,,
Dialog.DLC2-1-75,警備員,「ぐうっ、や、やめてくださいっ！」,「咕嚕、請、請停下！」,,「ぐうっ、や、やめてくださいっ！」,「咕、停、停手吧！」,"""Guh, p-please stop!""","「크윽, 그, 그만두세요!」",「咕、停、停手吧！」
,,,,,,,,,
Dialog.DLC2-1-76,H46号,「ふふっ♥、やめませんっ♥、私を疑った罰ですっ♥」,「呼呼♥、我不會停下♥、這是懷疑我的懲罰♥」,,「ふふっ♥、やめませんっ♥、私を疑った罰ですっ♥」,「呵呵♥，不停哦♥，這是對於你懷疑我的懲罰♥」,"""Fufu♥ I won't stop♥ This is punishment for doubting me♥""","「후훗♥, 그만두지 않아요♥, 저를 의심한 벌입니다♥」",「呵呵♥、不停哦♥、这是对于你怀疑我的惩罚♥」
,,,,,,,,,
Dialog.DLC2-1-77,,ジュルルッ♥、ジュルッ♥、チュプッ♥、ジュルルッ♥、ジュボボッ♥♥！！,滴答♥、滴答♥、啾♥、滴答♥、噗噗♥♥！！,,ジュルルッ♥、ジュルッ♥、チュプッ♥、ジュルルッ♥、ジュボボッ♥♥！！,啾嚕嚕♥、啾嚕♥、啾噗♥、啾嚕嚕♥、啾啵啵♥♥！！,Slurrp♥ slurp♥ chu♥ slurrp♥ slurrrp♥♥!!,"츄르릅♥, 츄릇♥, 츕♥, 츄르릅♥, 츄보봇♥♥!!",啾噜噜♥、啾噜♥、啾噗♥、啾噜噜♥、啾啵啵♥♥！！
,,,,,,,,,
Dialog.DLC2-1-78,,(んっ♥、男性戦闘員さん達に比べたら微妙だけどっ♥、久しぶりの…おちんぽっ♥、美味しいっ…♥),(嗯♥、雖然比起男性戰鬥員們稍微遜色一點♥、但是久違的…陽具♥、好美味啊…♥),,(んっ♥、男性戦闘員さん達に比べたら微妙だけどっ♥、久しぶりの…おちんぽっ♥、美味しいっ…♥),（嗯♥，比起男性戰鬥員們雖然遜色♥，但久違的…陰莖♥、真好吃…♥）,(Nn♥ compared to the male soldiers it's mediocre but♥ it's been a while... cock♥ tastes good...♥),"(응♥, 남성 전투원들에 비하면 미묘하지만♥, 오랜만의… 자지♥, 맛있어…♥)",（嗯♥，比起男性战斗员们虽然逊色♥，但久违的…阴茎♥、真好吃…♥）
,,,,,,,,,
Dialog.DLC2-1-79,,(夢中になっちゃう…はやくっ♥、精液もっ……欲しいっ……♥),(沉迷其中…快一點♥，精液也……想要……♥),,(夢中になっちゃう…はやくっ♥、精液もっ……欲しいっ……♥),（會沉迷…快點♥、精液也……想要……♥）,(I'm getting absorbed... hurry♥ I want... semen...♥),"(열중하게 되어버려… 빨리♥, 정액도…… 원해……♥)",（会沉迷…快点♥、精液也……想要……♥）
,,,,,,,,,
Dialog.DLC2-1-80,H46号,ジュルルッ♥、ジュルルッ♥、ジュポ♥、ジュポッ♥,滴答♥、滴答♥、啾♥、啾♥,,ジュルルッ♥、ジュルルッ♥、ジュポ♥、ジュポッ♥,啾嚕嚕♥、啾嚕嚕♥、啾啵♥、啾啵♥,Slurrp♥ slurrp♥ slurp♥ slurp♥,"츄르릅♥, 츄르릅♥, 츄폿♥, 츄폿♥",啾噜噜♥、啾噜噜♥、啾啵♥、啾啵♥
,,,,,,,,,
Dialog.DLC2-1-81,警備員,「ううっ、で、出ますっ！」,「唔唔，我，要出來了！」,,「ううっ、で、出ますっ！」,「嗚嗚、要、射了！」,"""Uugh, I-I'm coming!""","「으윽, 싸, 싼다!」",「呜呜、要、射了！」
,,,,,,,,,
Dialog.DLC2-1-82,Hisui story DLC 3-14,ドプッ、ドビュルルルルルッッ！！,啪嗵、哒滴滴滴滴滴滴！！,,ドプッ、ドビュルルルルルッッ！！,咚噗、咚嗶嚕嚕嚕嚕！！！,"Splurt, spuuuuuurt!!","븃, 뷰르르르르릇!!",咚噗、咚哔噜噜噜噜！！！
,,,,,,,,,
Dialog.DLC2-1-83,H46号,「…………♥！！」,「…………♥！！」,,「…………♥！！」,「…………♥！！」,"""...♥!!""",「…………♥!!」,「…………♥！！」
,,,,,,,,,
Dialog.DLC2-1-84,,「んっ♥、じゅるっ♥、じゅぞぞっ♥、ちゅう～～～♥」,「嗯♥、滴答♥、啾啾♥、啾～～～♥」,,「んっ♥、じゅるっ♥、じゅぞぞっ♥、ちゅう～～～♥」,「嗯♥、啾嚕♥、啾滋滋♥、啾～～～♥」,"""Nn♥ slurp♥ sluuurp♥ suuuck♥""","「응♥, 쥬릅♥, 쥬조조♥, 츄우우우~~~♥」",「嗯♥、啾噜♥、啾滋滋♥、啾～～～♥」
,,,,,,,,,
Dialog.DLC2-1-85,,(♥！…精液はっ…♥尿道からしっかり搾り取るように♥…男性戦闘員に教えてもらいましたっ♥),(♥！…精液啊…♥徹底擠取尿道中的精華♥…是男性戰鬥員教會我的♥),,(♥！…精液はっ…♥尿道からしっかり搾り取るように♥…男性戦闘員に教えてもらいましたっ♥),（♥！…精液♥…要從尿道好好榨取♥…是男性戰鬥員教我的♥）,(♥! ...Semen...♥ squeeze it all out from the urethra♥ ...the male soldiers taught me that♥),(♥!… 정액은…♥ 요도에서 확실히 짜내도록♥… 남성 전투원에게 배웠습니다♥),（♥！…精液♥…要从尿道好好榨取♥…是男性战斗员教我的♥）
,Hisui story DLC 　3-15,,,,,,,,
Dialog.DLC2-1-86,,「んむっ♥、じゅるっ♥、じゅぞぞっ♥、んん～～～～っ♥」,「嗯♥、滴答♥、啾啾♥、嗯嗯～～～～♥」,,「んむっ♥、じゅるっ♥、じゅぞぞっ♥、んん～～～～っ♥」,「嗯姆♥、啾嚕♥、啾滋滋♥、嗯嗯～～～～♥」,"""Mmph♥ slurp♥ sluuurp♥ nnn♥""","「읍♥, 쥬릅♥, 쥬조조♥, 응응~~~~읏♥」",「嗯姆♥、啾噜♥、啾滋滋♥、嗯嗯～～～～♥」
,,,,,,,,,
Dialog.DLC2-1-87,,(ふふっ♥、私もパイフェラ上手くなりましたね…っ♥！),(呼呼♥、我也變得擅長口交了呢…♥！),,(ふふっ♥、私もパイフェラ上手くなりましたね…っ♥！),（呵呵♥，我的乳交口交也變厲害了呢…♥！）,(Fufu♥ I've gotten good at this titfuck-blowjob thing...♥!),"(후훗♥, 저도 파이즈리 펠라 잘하게 됐네요…앙♥!)",（呵呵♥、我的乳交口交也变厉害了呢…♥！）
,,,,,,,,,
Dialog.DLC2-1-88,,(これで…私がスパイだってことは絶対ばれないはずです…♥！),這樣…應該絕對不會被發現我是間諜了…♥！,,(これで…私がスパイだってことは絶対ばれないはずです…♥！),（這樣…我絕對不會被發現是間諜…♥！）,(With this... there's no way they'll find out I'm a spy...♥!),(이걸로… 제가 스파이라는 건 절대 들키지 않을 겁니다…♥!),（这样…我绝对不会被发现是间谍…♥！）
,,,,,,,,,
Dialog.DLC2-1-89,警備員,「はあっ、はあっ、もういいでしょうっ！あなたが財団の戦闘員なことはわかりましたから！」,「呼呼、呼呼，已經夠了吧！我知道你是財團的戰鬥員了！」,,「はあっ、はあっ、もういいでしょうっ！あなたが財団の戦闘員なことはわかりましたから！」,「哈啊、哈啊，夠了吧！妳就是財團戰鬥員這點我明白了！」,"""Haah, haah, that's enough! I understand you're a Foundation soldier!""","「하앗, 하앗, 이제 됐겠죠! 당신이 재단 전투원이란 건 알았으니까요!」",「哈啊、哈啊，够了吧！你就是财团战斗员这点我明白了！」
,,,,,,,,,
Dialog.DLC2-1-90,H46号,「！……ふふっ♥、ごちそうさまでしたぁ♥」,「！……呼呼♥、謝謝款待啦♥」,,「！……ふふっ♥、ごちそうさまでしたぁ♥」,「！……呵呵♥，多謝款待♥」,"""Fufu♥ thanks for that♥""","「!……후훗♥, 잘 먹었습니다♥」",「！……呵呵♥、多谢款待♥」
,,,,,,,,,
,,,,,,,,,
,,,,,,,,,
,暗転,,,,,,,,
,背景(),,,,,,,,
Dialog.DLC2-1-91,警備員,「……ううっ…疑って申し訳ありませんでした。………あなたは財団の戦闘員で間違いないでしょう。」,「……唔唔…對不起懷疑你了。………你確實是財團的戰鬥員。」,,「……ううっ…疑って申し訳ありませんでした。………あなたは財団の戦闘員で間違いないでしょう。」,「……嗚……懷疑妳真是不好意思。……妳果然是財團的戰鬥員沒錯。」,"""...Uugh... I'm sorry for doubting you. ...You're definitely a Foundation soldier.""",「……으윽… 의심해서 죄송했습니다.……… 당신은 재단 전투원이 틀림없겠군요.」,「……呜……怀疑你真是不好意思。……你果然是财团的战斗员没错。」
,,,,,,,,,
Dialog.DLC2-1-92,H46号,「ふふっ♥、ありがとうございます。また私にフェラ抜きして欲しかったら…財団で待ってますから…♥」,「呼呼♥，謝謝。如果再想要我為您口交…我會在財團等您…♥」,,「ふふっ♥、ありがとうございます。また私にフェラ抜きして欲しかったら…財団で待ってますから…♥」,「呵呵♥，謝謝你。如果還想再找我「服務一下」的話……我就在財團等你喔♥」,"""Fufu♥ thank you. If you want me to suck you off again... I'll be waiting at the Foundation...♥""","「후훗♥, 감사합니다. 또 저에게 펠라 받고 싶으시면… 재단에서 기다리고 있을게요…♥」",「呵呵♥，谢谢你。如果还想再找我「服务一下」的话……我就在财团等你喔♥」
,,,,,,,,,
Dialog.DLC2-1-93,,(ふふっ♥……完全に騙せましたね♥),「呼呼♥……完全地騙過去了呢♥」,,(ふふっ♥……完全に騙せましたね♥),（呵呵♥……完全被我騙過去了♥）,(Fufu♥ ...I completely fooled him♥),(후훗♥…… 완전히 속였네요♥),（呵呵♥……完全被我骗过去了♥）
,,,,,,,,,
Dialog.DLC2-1-94,,「今扉を開けますので…どうぞお入りください。」,「現在我將打開門…請進。」,,「今扉を開けますので…どうぞお入りください。」,「我現在就把門打開……請進。」,"""I'll open the door now... Please go in.""",「지금 문을 열 테니… 들어오십시오.」,「我现在就把门打开……请进。」
,,,,,,,,,
Dialog.DLC2-1-95,,「……………！は、はい！」,「……………！是、是的！」,,「……………！は、はい！」,「…………！好、好的！」,"""...! Y-yes!""","「……………! 네, 넷!」",「…………！好、好的！」
,,,,,,,,,
Dialog.DLC2-1-96,ヒスイ,(はっ！、そうでした…！騙して終わりじゃなくて…これから作戦を進めないと…！),「啊！是了…！不能只是騙過去…現在要繼續執行計畫…！」,,(はっ！、そうでした…！騙して終わりじゃなくて…これから作戦を進めないと…！),（啊！對了……！不是騙過去就結束了，接下來才是正式開始作戰……！）,(Ah! That's right...! It's not over after fooling him... I need to continue the operation...!),"(핫!, 그랬었죠…! 속이고 끝나는 게 아니라… 이제부터 작전을 진행해야…!)",（啊！对了……！不是骗过去就结束了，接下来才是正式开始作战……！）
,,,,,,,,,
Dialog.DLC2-1-97,,(えっと…そう！ダイヤさんが捕まってるので…早く助けに行かないと…！),「嗯…對！因為黛雅被抓住了…必須趕快去救她…！」,,(えっと…そう！ダイヤさんが捕まってるので…早く助けに行かないと…！),（那個……對了！黛雅小姐現在被抓走……得趕快去救她才行……！）,(Um... right! Daiya is captured so... I need to hurry and rescue her...!),(으음… 그래요! 다이아 씨가 잡혀있으니… 빨리 구하러 가야…!),（那个……对了！黛雅小姐现在被抓走……得赶快去救她才行……！）
,,,,,,,,,
Dialog.DLC2-1-98,,(っ……、ダイヤさんは今も財団でひどい目にあってるのに…何故私はあんな事に夢中に…),(唔……、黛雅現在還在財團受苦…我為什麼會對那種事情如此著迷…),,(っ……、ダイヤさんは今も財団でひどい目にあってるのに…何故私はあんな事に夢中に…),（……明明黛雅小姐現在還在財團裡受著那種對待……為什麼我剛才卻那麼沉迷於那種事……）,(...While Daiya is suffering terribly at the Foundation right now... why did I get so caught up in that...),"(윽……, 다이아 씨는 지금도 재단에서 끔찍한 일을 당하고 있는데… 어째서 나는 그런 일에 정신 팔려서…)",（……明明黛雅小姐现在还在财团里受着那种对待……为什么我刚才却那么沉迷于那种事……）
,,,,,,,,,
,,,,,,,,,
,背景(),,,,,,,,
Dialog.DLC2-1-99,ヒスイ,「これが清藤グループの開発していたパワードスーツ……」,「這就是清藤集團開發的強化戰鬥裝甲……」,,「これが清藤グループの開発していたパワードスーツ……」,「這就是清藤集團開發的強化裝甲……」,"""This is the powered suit the Seidō Group was developing...""",「이것이 세이토 그룹이 개발하고 있던 파워드 슈트……」,「这就是清藤集团开发的强化装甲……」
,,,,,,,,,
Dialog.DLC2-1-100,,「迷っている暇はありません…！早くダイヤさんを！」,「迷失的時間已經沒有了…！趕快去救黛雅！」,,「迷っている暇はありません…！早くダイヤさんを！」,「現在沒有猶豫的時間了……！得趕快去救黛雅小姐！」,"""There's no time to hesitate...! I must save Daiya quickly!""",「망설일 시간은 없습니다…! 빨리 다이아 씨를!」,「现在没有犹豫的时间了……！得赶快去救黛雅小姐！」
,,,,,,,,,
,,,,,,,,,
,Hisui story DLC 5-1,,,,,,,,
Dialog.DLC2-1-101,,「ええと……昔見た設計図通りなら……ここをこうして…」,「嗯……如果按照以前看過的設計圖的話……這裡應該這樣……」,,「ええと……昔見た設計図通りなら……ここをこうして…」,「那個……如果跟以前看過的設計圖一樣的話……這裡這樣操作……」,"""Let's see... If it's according to the blueprints I saw before... I do this here...""",「음…… 옛날에 본 설계도대로라면…… 여기를 이렇게 해서…」,「那个……如果跟以前看过的设计图一样的话……这里这样操作……」
,,,,,,,,,
Dialog.DLC2-1-102,,「聖核エネルギー全開っ！システム起動！」,「聖核能量全開！系統啟動！」,,「聖核エネルギー全開っ！システム起動！」,「聖核能量全開！系統啟動！」,"""Holy Core Energy maximum! System activation!""",「성핵 에너지 전개! 시스템 기동!」,「圣核能量全开！系统启动！」
,,,,,,,,,
Dialog.DLC2-1-103,,「う……動きました…！！」,「嗯……動了起來…！！」,,「う……動きました…！！」,「唔……動起來了……！！」,"""It... it's moving...!!""",「우…… 움직였습니다…!!」,「唔……动起来了……！！」
,,,,,,,,,
Dialog.DLC2-1-104,,「…っ、凄い力……これならあの生徒会長にも負けません…！」,「…咦、這股強大的力量……這樣的話，就算是那位學生會長也不會輸給她……！」,,「…っ、凄い力……これならあの那由他先輩にも負けません…！」,「……好驚人的力量……這樣一來，就算是那位那由多前輩我也能應付……！」,"""...Such incredible power... With this, I can even beat Nayuta...!""","「…윽, 굉장한 힘…… 이거라면 저 나유타 선배에게도 지지 않겠어요…!」",「……好惊人的力量……这样一来，就算是那位那由多前辈我也能应付……！」
,,,,,,,,,
Dialog.DLC2-1-105,,「待っていてくださいダイヤさん！必ず貴女を…いえ、全ての聖核戦姫を開放します！」,「請等一下，黛雅！我一定會…不，會釋放所有聖核戰姬！」,,「待っていてくださいダイヤさん！必ず貴女を…いえ、全ての聖核戦姫を開放します！」,「請等我，黛雅小姐！我一定會把妳……不，會把所有的聖核戰姬都解放出來！」,"""Please wait for me, Daiya! I'll definitely free you... no, all the Holy Core Battlemaidens!""","「기다려주세요 다이아 씨! 반드시 당신을… 아니, 모든 성핵전희를 해방하겠습니다!」",「请等我，黛雅小姐！我一定会把你……不，会把所有的圣核战姬都解放出来！」
DLC2-2,,,,,,,,,
,財団本部,,,,,,,,
Dialog.DLC2-2-1,,財団本部――――,福倫財團總部――――,,財団本部――――,財團本部――――,Foundation Headquarters,재단 본부――――,财团本部――――
,,,,,,,,,
Dialog.DLC2-2-2,京,「というわけで下級戦闘員達は性処理させるもよし、こういう使い捨てる感じで運用するのが――――――――」,「因此，讓下級戰鬥員們進行性處理也可以，像這樣使用和丟棄他們的感覺――――」,,「というわけで下級戦闘員達は性処理させるもよし、こういう使い捨てる感じで運用するのが――――――――」,「總之，下級戰鬥員要拿去當性處理用也好，像這樣當成消耗品丟上戰場用也好――――」,"""So the junior soldiers can be used for sexual relief, or other tasks where they're disposable...""","「그런 이유로 하급 전투원들은 성처리 시키는 것도 좋고, 이런 식으로 쓰고 버리는 느낌으로 운용하는 게――――――――」",「总之，下级战斗员要拿去当性处理用也好，像这样当成消耗品丢上战场用也好――――」
,,,,,,,,,
Dialog.DLC2-2-3,戦闘員(通信),「緊急！緊急で連絡申し上げます！」,「緊急！緊急情況，請接收通知！」,,「緊急！緊急で連絡申し上げます！」,「緊急！有緊急狀況需要通報！」,"""Emergency! This is an emergency report!""",「긴급! 긴급히 연락드립니다!」,「紧急！有紧急状况需要通报！」
,,,,,,,,,
Dialog.DLC2-2-4,京,「うわっ、びっくりした……最近はこういうの多いなあ？」,「哇，嚇了一跳……最近這種事情好像很常見？」,,「うわっ、びっくりした……最近はこういうの多いなあ？」,「哇，嚇了一跳……最近這種事還真多啊？」,"""Whoa, that surprised me... We're getting a lot of these lately, aren't we?""","「우왓, 깜짝이야…… 요즘엔 이런 일이 많네?」",「哇，吓了一跳……最近这种事还真多啊？」
,,,,,,,,,
Dialog.DLC2-2-5,SEL,「……何があった？」,「……發生了什麼事？」,,「……何があった？」,「……發生什麼事了？」,"""...What happened?""",「……무슨 일 있었나?」,「……发生什么事了？」
,,,,,,,,,
Dialog.DLC2-2-6,,「巨大なロボット兵器がこちらへ進行中！怪人や戦闘員を動員して迎え撃っていますが太刀打ちできません！」,「一架巨大機器人正在向這裡進攻！我們已動員奇人和戰鬥員來抵抗，但無法與之抗衡！」,,「巨大なロボット兵器がこちらへ進行中！怪人や戦闘員を動員して迎え撃っていますが太刀打ちできません！」,「有巨大的機械兵器正朝這裡逼近！雖然已經動員怪人和戰鬥員前去迎擊，但完全不是對手！」,"""A giant robot is advancing toward us! We've mobilized fiends and soldiers to intercept, but they're no match for it!""",「거대한 로봇 병기가 이쪽으로 진행 중! 괴인이나 전투원을 동원해서 맞서고 있지만 상대가 되지 않습니다!」,「有巨大的机械兵器正朝这里逼近！虽然已经动员怪人和战斗员前去迎击，但完全不是对手！」
,,,,,,,,,
Dialog.DLC2-2-7,SEL,「どういうことだ？」,「發生了什麼事？」,,「どういうことだ？」,「怎麼回事？」,"""What do you mean?""",「무슨 소리지?」,「怎么回事？」
,,,,,,,,,
Dialog.DLC2-2-8,京,「はてさて、一体何が起きているのやら…？」,「唔，究竟發生了什麼事情呢…？」,,「はてさて、一体何が起きているのやら…？」,「哎呀呀，究竟發生了什麼呢……？」,"""Well well, I wonder what's happening...?""","「글쎄, 대체 무슨 일이 일어나고 있는 걸까…?」",「哎呀呀，究竟发生了什么呢……？」
,,,,,,,,,
Dialog.DLC2-2-9,戦闘員(),「クローン戦闘員や並の怪人では対処できません！幹部の出動を要請します！」,「克隆戰鬥員和普通的奇人我們無法應對！請求幹部出動！」,,「クローン戦闘員や並の怪人では対処できません！幹部の出動を要請します！」,「靠克隆戰鬥員和一般怪人根本沒辦法應付！請求幹部出擊！」,"""Clone soldiers and ordinary fiends can't handle it! We request executive deployment!""",「클론 전투원이나 보통 괴인으로는 대처할 수 없습니다! 간부 출동을 요청합니다!」,「靠克隆战斗员和一般怪人根本没办法应付！请求干部出击！」
,,,,,,,,,
Dialog.DLC2-2-10,那由多,「一体どこにこんな戦力が…？私が直ちに出撃します。」,「究竟這樣的實力是從哪裡來的…？我立刻出擊。」,,「一体どこにこんな戦力が…？私が直ちに出撃します。」,「哪裡來的這種戰力……？我立刻出擊。」,"""Where did such military force come from...? I'll deploy immediately.""",「대체 어디에 이런 전력이…? 제가 즉시 출격하겠습니다.」,「哪里来的这种战力……？我立刻出击。」
,,,,,,,,,
Dialog.DLC2-2-11,京,「…………うん、今回は私も同行させてもらおうか。」,「……嗯，這次我也要一起前往。」,,「…………うん、今回は私も同行させてもらおうか。」,「…………那這次就讓我也陪同好了。」,"""...Hmm, I think I'll accompany you this time.""","「…………음, 이번에는 나도 동행하도록 할까.」",「…………那这次就让我也陪同好了。」
,,,,,,,,,
Dialog.DLC2-2-12,那由多,「…珍しいですね？ものぐさな貴女が戦闘で出動など…」,「…很不尋常吧？懶散的貴女居然參與戰鬥…」,,「…珍しいですね？ものぐさな貴女が戦闘で出動など…」,「……真少見呢，一直懶得出門的妳居然願意親自上戰場。」,"""...That's unusual, isn't it? For someone as lazy as you to deploy for combat...""",「…드문 일이군요? 게으른 당신이 전투에 출동하다니…」,「……真少见呢，一直懒得出门的你居然愿意亲自上战场。」
,,,,,,,,,
Dialog.DLC2-2-13,京,「今回は機械が相手のようだからね。私ももしかしたら役に立てるかもしれないだろ？」,「這次看來是要對付機械對手呢。也許我也能派上用場吧？」,,「今回は機械が相手のようだからね。私ももしかしたら役に立てるかもしれない？」,「這次的敵人好像是機械嘛。說不定我也多少能有些作用？」,"""Since we're dealing with a machine this time. I might be able to be useful?""",「이번에는 기계가 상대인 것 같으니까. 나도 혹시 도움이 될지도?」,「这次的敌人好像是机械嘛。说不定我也多少能有些作用？」
,,,,,,,,,
Dialog.DLC2-2-14,,「まあ戦闘には期待しないで欲しいが……それより面白いものが見られそうだ。」,「嘛，不要期待我在戰鬥上有什麼表現……不過比起這個，似乎會看到更有趣的事情。」,,「まあ戦闘には期待しないで欲しいが……それより面白いものが見られそうだ。」,「雖然希望別對我的戰鬥力抱太大期待……不過，比起這個，我更期待能見到有趣的東西呢。」,"""Well, don't expect much from me in combat... but it looks like we'll see something interesting.""",「뭐 전투에는 기대하지 말아줘…… 그보다 재미있는 걸 볼 수 있을 것 같아.」,「虽然希望别对我的战斗力抱太大期待……不过，比起这个，我更期待能见到有趣的东西呢。」
,,,,,,,,,
,暗転,,,,,,,,
,,,,,,,,,
,,戦闘開始,戰鬥開始,,戦闘開始,戰鬥開始,Combat Starts,전투 시작,战斗开始
,,負けイベ(VS巨大ロボ戦),敗北事件（對抗巨大機器人戰）,,負けイベ(VS巨大ロボ戦),失敗事件（對抗巨大機器人戰）,Defeat Event (VS Giant Robot Battle),패배 장면 (VS 거대 로봇전),失败事件（对抗巨大机器人战）
,,戦闘終了,戰鬥結束,,戦闘終了,戰鬥結束,Combat Ends,전투 종료,战斗结束
,Hisui story DLC 5ｰ1,,,,,,,,
Dialog.DLC2-2-15,ヒスイ,「はあああっ！」,「啊啊啊！」,,「はあああっ！」,「哈啊啊啊！」,"""Haaaah!""",「하아아앗!」,「哈啊啊啊！」
,,,,,,,,,
Dialog.DLC2-2-16,那由多,「っ……これは…！」,「這是……！」,,「っ……これは…！」,「……這是…！」,"""...This is...!""",「윽…… 이건…!」,「……这是…！」
,,,,,,,,,
Dialog.DLC2-2-17,京,「おやおや？那由多ともあろうものが苦戦するなんて珍しいね？」,「哦哦？那由多居然陷入苦戰，這可真是少見的呢？」,,「おやおや？那由多ともあろうものが苦戦するなんて珍しいね？」,「哎呀哎呀？連那由多這種級別都打得這麼吃力，可真少見呢？」,"""Oh my? It's rare to see you struggling.""",「어라어라? 나유타가 고전하다니 드문 일이네?」,「哎呀哎呀？连那由多这种级别都打得这么吃力，可真少见呢？」
,,,,,,,,,
Dialog.DLC2-2-18,那由多,「…そう思ってるなら貴女も何か手伝ってもらえると助かるのですが…！」,「…如果你這麼想的話，如果你也能幫忙一點就太感激了…！」,,「…そう思ってるなら貴女も何か手伝ってもらえると助かるのですが…！」,「…如果妳是這麼想的，那也請妳稍微幫忙點會比較好吧…！」,"""...If you think so, I'd appreciate it if you could help...!""",「…그렇게 생각한다면 당신도 뭔가 도와주면 좋겠습니다만…!」,「…如果你是这么想的，那也请你稍微帮忙点会比较好吧…！」
,,,,,,,,,
Dialog.DLC2-2-19,ヒスイ,「いけますっ！このまま一気に財団の本部までッ！」,「可以了！就這樣一口氣衝向財團的總部！」,,「いけますっ！このまま一気に財団の本部までッ！」,「能行！就這樣一口氣衝到財團本部去！」,"""I can do this! Straight to the Foundation headquarters!""",「할 수 있어요! 이대로 단숨에 재단 본부까지!」,「能行！就这样一口气冲到财团本部去！」
,,,,,,,,,
Dialog.DLC2-2-20,那由多,「ぐっ…！」,「咕…！」,,「ぐっ…！」,「呃…！」,"""Guh...!""",「크윽…!」,「呃…！」
,,,,,,,,,
Dialog.DLC2-2-21,京,「……“そろそろかな”？はじめちゃおうか…。」,"「……""差不多了嗎""？是時候開始了吧…。」",,「……“そろそろかな”？はじめちゃおうか…。」,「……差不多了吧？那就開始吧…。」,"""...'About time'? Let's begin...""",「……“슬슬인가”? 시작해볼까….」,「……差不多了吧？那就开始吧…。」
,,,,,,,,,
Dialog.DLC2-2-22,ヒスイ,「はあああっ！――――ッ！？」,「哈啊啊！——！」,,「はあああっ！――――ッ！？」,「哈啊啊啊！――――咦！？」,"""Haaaah! ...?!""",「하아아앗!――――잇!?」,「哈啊啊啊！――――咦！？」
,,,,,,,,,
Dialog.DLC2-2-23,Hisui story DLC 5-2,京が指先を動かすと巨大ロボットが急停止する,京動了一下手指，巨大機器人突然停止。,,京が指先を動かすと巨大ロボットが急停止する,京只動了動指尖，巨大機器人便急停下來,"As Kei moved her fingertips, the giant robot suddenly stopped.",케이가 손가락 끝을 움직이자 거대 로봇이 급정지한다,京只动了动指尖，巨大机器人便急停下来
,,,,,,,,,
Dialog.DLC2-2-24,ヒスイ,「あれ、な、なんで…？」,「那、那是為什麼…？」,,「あれ、な、なんで…？」,「咦，為、為什麼…？」,"""Huh, w-why...?""","「어라, 뭐죠, 어째서…?」",「咦，为、为什么…？」
,,,,,,,,,
Dialog.DLC2-2-25,,「動かない…何で突然…！？」,「不動了…為什麼突然…！？」,,「動かない…何で突然…！？」,「動不了了…為什麼突然…！？」,"""It won't move... Why suddenly...?!""",「움직이지 않아요… 왜 갑자기…!?」,「动不了了…为什么突然…！？」
,,,,,,,,,
Dialog.DLC2-2-26,京,「第一段階…操縦権限移行……よし、ちゃんと機能してるね。では第二段階…操縦アシスト機能起動…と」,「第一階段…操控權限移轉……好的，功能正常。接著第二階段…操控輔助功能啟動…」,,「第一段階…操縦権限移行……よし、ちゃんと機能してるね。では第二段階…操縦アシスト機能起動…と」,「第一階段…操縱權限移轉……好，運作正常。那第二階段…啟動操縱輔助功能…好了。」,"""Phase one... control authority transfer... Good, it's functioning properly. Now phase two... pilot assist function activation...""","「제1단계… 조종 권한 이행…… 좋아, 제대로 기능하고 있네. 그럼 제2단계… 조종 어시스트 기능 기동…」",「第一阶段…操纵权限移转……好，运作正常。那第二阶段…启动操纵辅助功能…好了。」
,,,,,,,,,
Dialog.DLC2-2-27,,京がそう言うと操縦室から様々な機械が現れ、ヒスイの体に接続される,京說完後，各種機械從操控室中出現，並連接到翡翠的身體上。,,京がそう言うと操縦室から様々な機械が現れ、ヒスイの体に接続される,京一說完，操縱室裡就冒出各種機械，連接到翡翠的身體上,"As Kei said this, various machines emerged from the cockpit and connected to Hisui's body.","케이가 그렇게 말하자 조종실에서 다양한 기계가 나타나, 히스이의 몸에 연결된다",京一说完，操纵室里就冒出各种机械，连接到翡翠的身体上
,,,,,,,,,
Dialog.DLC2-2-28,ヒスイ,「ひぎゅっ…！？なっ…なにっ！？どうなって…！」,「咕咕…！？那…那是什麼！？發生了什麼…！」,,「ひぎゅっ…！？なっ…なにっ！？どうなって…！」,「咿、咿呀！？這、這是怎樣！？發生什麼事了…！」,"""Hggg...?! W-what?! What's happening...!""","「히귯…!? 뭐, 뭐죠!? 어떻게 된 거죠…!」",「咿、咿呀！？这、这是怎样！？发生什么事了…！」
,,,,,,,,,
Dialog.DLC2-2-29,京,「ご苦労さま、生徒会の書記ちゃん。このパワードスーツの操縦権限はもらったよ。」,「辛苦了，學生會的書記小姐。這套強化戰衣的操控權限已經交給你了。」,,「ご苦労さま、司令部の書記ちゃん。このパワードスーツの操縦権限はもらったよ。」,「辛苦囉，司令部的小書記。這套強化裝甲的操縱權限，就由我接收了。」,"""Good work, headquarters secretary. I've taken control of this powered suit.""","「수고했어, 사령부 서기쨩. 이 파워드 슈트 조종 권한은 내가 받았어.」",「辛苦啰，司令部的小书记。这套强化装甲的操纵权限，就由我接收了。」
,,,,,,,,,
Dialog.DLC2-2-30,ヒスイ,「なっ！だれですか…！そ、そうはいきませんっ！こんな機械なんて――――っ！？」,「咦！是誰…！這、這樣可不行！這種機械怎麼會――――！」,,「なっ！だれですか…！そ、そうはいきませんっ！こんな機械なんて――――っ！？」,「什…！妳是誰…！不、不行！這種機器――――咕啊！？ 」,"""What! Who are you...! T-that won't happen! This machine...?!""","「앗! 누구세요…! 그, 그렇게는 안 됩니다! 이런 기계 따위――――윽!?」",「什…！你是谁…！不、不行！这种机器――――咕啊！？ 」
,,,,,,,,,
Dialog.DLC2-2-31,,その瞬間、ヒスイの頭の中に電流が走る,在那一瞬間，翡翠的腦海中電流迅速流動。,,その瞬間、ヒスイの頭の中に電流が走る,下一瞬間，一股電流竄進翡翠的大腦,"At that moment, electricity ran through Hisui's head.","그 순간, 히스이의 머릿속에 전류가 흐른다",下一瞬间，一股电流窜进翡翠的大脑
,,,,,,,,,
Dialog.DLC2-2-32,,【H46号の命令違反を検出。行動は制限されます。】,【檢測到H46號的命令違反。行動將受到限制。】,,【H46号の命令違反を検出。行動は制限されます。】,【偵測到H46號違反命令。行動將受到限制。】,[H46's command violation detected. Actions will be restricted.],【H46호 명령 위반 감지. 행동 제한됩니다.】,【侦测到H46号违反命令。行动将受到限制。】
,,,,,,,,,
Dialog.DLC2-2-33,ヒスイ,「っ…！？なんで…体が…動かせない……！？」,「咕…！？為什麼…身體…動不了……！？」,,「っ…！？なんで…体が…動かせない……！？」,「…！？為、為什麼…身體…動不了……！？」,"""...?! Why... can't I... move my body...?!""",「윽…!? 어째서… 몸이… 움직일 수 없어……!?」,「…！？为、为什么…身体…动不了……！？」
,,,,,,,,,
Dialog.DLC2-2-34,,「これは…この首輪のせい…？」,「這是…這個項圈的原因…？」,,「これは…この首輪のせい…？」,「這是…因為這個項圈…？」,"""Is this... because of this collar...?""",「이건… 이 목걸이 탓…?」,「这是…因为这个项圈…？」
,,,,,,,,,
Dialog.DLC2-2-35,京,「そう、書記ちゃんは今半分戦闘員になってるから…戦闘員の使用権限を持ってる私が遠隔でコントロールできちゃうんだよね。」,「是的，因為書記小姐現在已經成為一名戰鬥員了…所以作為持有戰鬥員使用權限的我可以遠程控制她。」,,「そう、書記ちゃんは今半分戦闘員になってるから…戦闘員の使用権限を持ってる私が遠隔でコントロールできちゃうんだよね。」,「沒錯，小書記妳現在已經算是半個戰鬥員了…所以擁有戰鬥員使用權限的我，就可以遠端控制妳啊。」,"""That's right, you are half a soldier now... So I, who have soldier access permission, can control you remotely.""","「그래, 서기쨩은 지금 절반 전투원이 되어 있으니까… 전투원 사용 권한을 가진 내가 원격으로 컨트롤할 수 있거든.」",「没错，小书记你现在已经算是半个战斗员了…所以拥有战斗员使用权限的我，就可以远端控制你啊。」
,,,,,,,,,
Dialog.DLC2-2-36,ヒスイ,「うっ…そんなっ………！？」,「咕…那樣的………！？」,,「うっ…そんなっ………！？」,「唔…怎麼會………！？」,"""Ugh... no way...?!""",「윽… 그런………!?」,「唔…怎么会………！？」
,,,,,,,,,
Dialog.DLC2-2-37,那由多,「はあっ…はあっ…。良く分かりませんが……上手くいったようですね？ありがとうございます京さん。」,「呼…呼…。雖然不太明白……看起來成功了呢？謝謝你，京。」,,「はあっ…はあっ…。良く分かりませんが……上手くいったようですね？ありがとうございます京さん。」,「哈啊…哈啊…。雖然不是很懂，不過……看來是順利了呢？謝了，京小姐。」,"“Hah… hah… I’m not really sure what happened, but… it seems to have worked. Thank you, Kei.”","「하앗… 하앗…. 잘 모르겠지만…… 잘 된 것 같군요? 감사합니다, 케이 씨.」",「哈啊…哈啊…。虽然不是很懂，不过……看来是顺利了呢？谢了，京小姐。」
,,,,,,,,,
Dialog.DLC2-2-38,,「………しかし出来るなら最初からやってくれればよかったのでは？」,「………不過如果一開始就能做到的話，不是更好嗎？」,,「………しかし出来るなら最初からやってくれればよかったのでは？」,「………不過，如果做得到的話，一開始就這樣做不就好了嗎？」,"""...However, if you could do this, couldn't you have done it from the start?""",「………하지만 가능하다면 처음부터 해줬으면 좋았을 텐데요?」,「………不过，如果做得到的话，一开始就这样做不就好了吗？」
,,,,,,,,,
Dialog.DLC2-2-39,京,「……ああ会長ね……“ちょっと大人しくしてて”」,「……啊啊，會長啊……『稍微安靜一點』」,,「……ああ那由他ね……『ちょっと静かにしてて』」,「……啊啊，那由多啊……『給我安靜一下』。」,"""...Oh, Nayuta... 'Be quiet for a bit.'""",「……아아 나유타네……“좀 조용히 해줘”」,「……啊啊，那由多啊……「给我安静一下」。」
,,,,,,,,,
Dialog.DLC2-2-40,那由多,「…………？！」,「…………？！」,,「…………？！」,「…………？！」,"""...?!""",「…………?!」,「…………？！」
,,,,,,,,,
Dialog.DLC2-2-41,,ロボットから光線を放ち、那由多を吹き飛ばす,從機器人射出光線，將那由多吹飛。,,ロボットから光線を放ち、那由多を吹き飛ばす,機器人發射光線，把那由多整個轟飛出去,"The robot fired a beam, blowing Nayuta away.","로봇에서 광선을 발사하여, 나유타를 날려버린다",机器人发射光线，把那由多整个轰飞出去
,,,,,,,,,
Dialog.DLC2-2-42,那由多,「……っ！？な、なにを――――！？」,「……！？什麼――――！？」,,「……っ！？な、なにを――――！？」,「……！？妳、妳在――――！？」,"""...?! W-what are you...?!""","「……윽!? 무, 무슨 짓을――――!?」",「……！？你、你在――――！？」
,,,,,,,,,
Dialog.DLC2-2-43,京,「まあこれくらいじゃ死なないでしょ。一番めんどくさいのは会長だからね、ここで退場してもらうよ。」,「嘛，這種程度應該不至於死吧。最麻煩的是會長，所以就讓她在這裡退場吧。」,,「まあこれくらいじゃ死なないでしょ。一番めんどくさいのは那由他だからね、ここで退場してもらうよ。」,「嘛，就這點程度她也死不了吧。最麻煩的就是那由多啊，得先讓她在這裡退場。」,"""Well, this won't kill you. But you are is the most troublesome one, so you'll have to be retired here.""","「뭐 이 정도로는 죽지 않겠지. 제일 성가신 건 나유타니까, 여기서 퇴장해 줘야겠어..」",「嘛，就这点程度她也死不了吧。最麻烦的就是那由多啊，得先让她在这里退场。」
,,,,,,,,,
Dialog.DLC2-2-44,ヒスイ,「…なっ！？………あなたは、何が目的なんですか……！？」,「…嗯！？……你，到底是出於什麼目的呢……！？」,,「…なっ！？………あなたは、何が目的なんですか……！？」,「…什麼！？………妳到底有什麼目的……！？」,"""...What?! ...What is your goal...?!""","「…아니!?……… 당신은, 뭐가 목적인가요……!?」",「…什么！？………你到底有什么目的……！？」
,,,,,,,,,
Dialog.DLC2-2-45,京,「あー、最後に説明してあげようか。」,「啊，最後我來解釋一下吧。」,,「あー、最後に説明してあげようか。」,「啊～最後就稍微跟妳說明一下吧。」,"""Ah, let me explain one last time.""","「아ー, 마지막으로 설명해줄까나.」",「啊～最后就稍微跟你说明一下吧。」
,,,,,,,,,
Dialog.DLC2-2-46,,「実は君とダイヤちゃんを財団から逃がしてあげたのは“私”なんだよね。」,「其實是我讓你和黛雅從財團逃出來的呢。」,,「実は君とダイヤちゃんを財団から逃がしてあげたのは『私』なんだよね。」,「其實讓妳跟黛雅醬從財團那邊逃出來的，正是『我』喔。」,"""Actually, I was the one who let you and Daiya escape from the Foundation.""",「실은 너와 다이아쨩을 재단에서 도망치게 해준 건 “나”거든.」,「其实让你跟黛雅酱从财团那边逃出来的，正是「我」喔。」
,,,,,,,,,
Dialog.DLC2-2-47,ヒスイ,「……！そんな…っ！？…なんで！？」,「……！這樣的…！？…為什麼！？」,,「……！そんな…っ！？…なんで！？」,「……！怎、怎麼會…！？…為什麼！？」,"""...! No way...?! ...Why?!""",「……! 그런…윽!?… 어째서!?」,「……！怎、怎么会…！？…为什么！？」
,,,,,,,,,
Dialog.DLC2-2-48,京,「簡単に言うと私がフォーレン財団を乗っ取るためだよ。」,「簡單來說，我是為了佔領福倫財團才這麼做的。」,,「簡単に言うと私がフォーレン財団を乗っ取るためだよ。」,「簡單來說，就是為了讓我自己奪下墮落財團啊。」,"""Simply put, it's so I can take over the Forren Foundation.""",「간단히 말하면 내가 폴른 재단을 장악하기 위해서야.」,「简单来说，就是为了让我自己夺下堕落财团啊。」
,,,,,,,,,
Dialog.DLC2-2-49,,「財団内部は制限があって動きづらかったからね…このロボットの力を借りたってわけ。」,「財團內部有許多限制，行動受到了阻礙…所以才借用了這台機器人的力量。」,,「財団内部は制限があって動きづらかったからね…このロボットの力を借りたってわけ。」,「在財團內部行動處處受限，很難動手嘛…所以才借用了這台機器人的力量。」,"""There were restrictions inside the Foundation that made it hard to move... So I borrowed the power of this robot.""",「재단 내부는 제한이 있어서 움직이기 어려웠으니까… 이 로봇의 힘을 빌렸다는 거지.」,「在财团内部行动处处受限，很难动手嘛…所以才借用了这台机器人的力量。」
,,,,,,,,,
Dialog.DLC2-2-50,,「これを動かすのには聖核戦姫の力が必要。でも聖核戦姫が乗ったら私が外からコントロールできない。」,「要讓這個動起來，需要聖核戰姬的力量。但是一旦聖核戰姬上去，我就無法從外部控制了。」,,「これを動かすのには聖核戦姫の力が必要。でも聖核戦姫が乗ったら私が外からコントロールできない。」,「要啟動這台，需要聖核戰姬的力量。但如果是聖核戰姬本人上去駕駛，我在外面就沒辦法控制。」,"""Holy Core Battlemaiden power is needed to operate this. But if a Holy Core Battlemaiden pilots it, I can't control it from outside.""",「이걸 움직이려면 성핵전희의 힘이 필요해. 하지만 성핵전희가 타면 내가 밖에서 컨트롤할 수 없어.」,「要启动这台，需要圣核战姬的力量。但如果是圣核战姬本人上去驾驶，我在外面就没办法控制。」
,,,,,,,,,
Dialog.DLC2-2-51,,「だから操縦者の書記ちゃんを聖核戦姫の力を持ったまま“下級戦闘員”として思い通りに動かせるようにしたんだよね。」,「所以我讓操縦者的書記小姐以聖核戰姬的力量，成為『下級戰鬥員』，可以隨心所欲地操控。」,,「だから操縦者の書記ちゃんを聖核戦姫の力を持ったまま“下級戦闘員”として思い通りに動かせるようにしたんだよね。」,「所以我就把妳這個操縱者，在保留聖核戰姬力量的情況下，變成「下級戰鬥員」，好讓妳能完全照我的意思行動。」,"""So I planned for you, the controller of the robot, to be a 'junior soldier' while retaining Holy Core Battlemaiden power.""",「그래서 조종자인 서기쨩을 성핵전희의 힘을 가진 채 “하급 전투원”으로서 마음대로 움직일 수 있도록 한 거야.」,「所以我就把你这个操纵者，在保留圣核战姬力量的情况下，变成「下级战斗员」，好让你能完全照我的意思行动。」
,,,,,,,,,
Dialog.DLC2-2-52,,「聖核戦姫としての自意識を持たせながら中途半端に堕として戦闘員にするのはなかなか大変だったよ。」,「要讓她保有聖核戰姬的自我意識，同時又讓她半途墮落成為戰鬥員，實在相當困難。」,,「聖核戦姫としての自意識を持たせながら中途半端に堕として戦闘員にするのはなかなか大変だったよ。」,「一邊保留身為聖核戰姬的自我意識，一邊又半調子地墮落成戰鬥員，這種調教可是不簡單呢。」,"""It was quite difficult to partially turn her into a soldier while maintaining your self-awareness as a Holy Core Battlemaiden.""",「성핵전희로서의 자의식을 가지게 하면서도 어중간하게 타락시켜 전투원으로 만드는 건 꽤 힘들었지만.」,「一边保留身为圣核战姬的自我意识，一边又半调子地堕落成战斗员，这种调教可是不简单呢。」
,,,,,,,,,
Dialog.DLC2-2-53,ヒスイ,「…そんなっ！？……じゃあ私とダイヤさんがやってきたことは……っ！？」,「...這樣嗎！？...那我和黛雅做的事情...！」,,「…そんなっ！？……じゃあ私とダイヤさんがやってきたことは……っ！？」,「…怎麼會！？……那麼我和黛雅小姐做的這一切……！？」,"""...No way?! ...Then everything Daiya and I did was...?!""",「…그런!?…… 그럼 나와 다이아 씨가 해온 일은……윽!?」,「…怎么会！？……那么我和黛雅小姐做的这一切……！？」
,,,,,,,,,
Dialog.DLC2-2-54,京,「そう。全部計画通り。私の手のひらの上ってことだよ。」,「是的。一切按計劃進行。就像是在我手心裡一樣。」,,「そう。全部計画通り。私の手のひらの上ってことだよ。」,「沒錯。全部都在我的計畫之中。妳們兩個一直都在我的掌心裡喔。」,"""That's right. Everything went according to plan. You were just my pawns.""",「그래. 전부 계획대로. 내 손바닥 위라는 거지.」,「没错。全部都在我的计画之中。你们两个一直都在我的掌心里喔。」
,,,,,,,,,
Dialog.DLC2-2-55,,「二人が何処にいるかもずっと把握してた。二人ともコマとして完全に思い通りに動いてくれたね。」,「一直都清楚兩人在哪裡。兩人都完全按照我的意思動作，就像是棋子一樣。」,,「二人が何処にいるかもずっと把握してた。二人ともコマとして完全に思い通りに動いてくれたね。」,「妳們在哪裡，我從頭到尾都掌握得一清二楚。兩個人都乖乖當成棋子，完美地照我的劇本行動。」,"""I always knew where you two were. Both of you moved exactly as I wanted, like pieces on a chessboard.""",「두 사람이 어디 있는지 계속 파악하고 있었어. 두 사람 모두 장기 말로써 완전히 내 뜻대로 움직여줬네.」,「你们在哪里，我从头到尾都掌握得一清二楚。两个人都乖乖当成棋子，完美地照我的剧本行动。」
,,,,,,,,,
Dialog.DLC2-2-56,ヒスイ,「うぅ…っ、そんな………っ……私達……っ！？」,「唔…那樣……我們...！」,,「うぅ…っ、そんな………っ……私達……っ！？」,「嗚…，怎麼會這樣………我、我們……！？」,"""Uugh... no way... we...?!""","「으으…윽, 그런………윽…… 우리는……윽!?」",「呜…，怎么会这样………我、我们……！？」
,Hisui story DLC 5-4,,,,,,,,
Dialog.DLC2-2-57,,「うぅ………うぎゅっ！？」,「唔......咕嚕！」,,「うぅ………うぎゅっ！？」,「嗚……唔咿啊！？」,"""Uugh... ugyu?!""",「으으……… 윽귯!?」,「呜……唔咿啊！？」
,,,,,,,,,
Dialog.DLC2-2-58,京,「そういうわけだから…もうしばらく私の思い通りに動いてくれたまえ。書記ちゃん…いや“下級戦闘員H46号”ちゃん。」,「所以...再讓我控制你們一陣子吧。書記小姐...不，應該說是“下級戰鬥員H46號”小姐。」,,「そういうわけだから…もうしばらく私の思い通りに動いてくれたまえ。書記ちゃん…いや『下級戦闘員H46号』ちゃん。」,「所以說啊…接下來也請妳再乖乖照我的意思動一陣子吧。小書記……不對，是『下級戰鬥員H46號』。」,"""So that's how it is... Keep moving according to my will for a while longer. Secretary... no, 'junior soldier H46'.""",「그런 이유니까… 잠시 더 내 뜻대로 움직여 주도록. 서기쨩… 아니 “하급 전투원 H46호” 쨩.」,「所以说啊…接下来也请你再乖乖照我的意思动一阵子吧。小书记……不对，是『下级战斗员H46号』。」
,,,,,,,,,
Dialog.DLC2-2-59,ヒスイ,「――――っ！？き、キィーーーーーーッ！？、ぐううっ！？」,「――――！？啊、啊啊啊啊啊啊啊啊啊啊啊啊啊啊啊啊啊啊啊啊啊啊啊啊啊啊啊啊啊啊啊啊啊啊啊啊啊啊啊啊啊啊啊啊啊啊啊啊啊啊啊啊啊啊啊啊啊啊啊啊啊啊啊啊啊啊啊啊啊啊啊啊啊啊啊啊啊啊啊啊啊啊啊啊啊啊啊啊啊啊啊啊啊啊啊啊啊啊啊啊,,「――――っ！？き、キィーーーーーーッ！？、ぐううっ！？」,「――――！？嘰────！？呃呃呃！」,"""——?! K-KIIIIII?! Guuuh?!""","「――――잇!? 키, 키이ーーーーーー잇!?, 크으으윽!?」",「――――！？吱────！？、呃呃呃！」
,,,,,,,,,
,,,,,,,,,
,,,,,,,,,
DLC2-3,,,,,,,,,
,アジト,,,,,,,,
Dialog.DLC2-3-1,,財団本部にて,在,,財団本部にて,財團本部——,At Foundation Headquarters,재단 본부에서,财团本部——
,,,,,,,,,
Dialog.DLC2-3-2,女戦闘員,「キィーーーーーーッ！報告します！幹部の那由多様が巨大ロボットに撃破された模様！なおこちらへ接近中です！」,「,,「キィーーーーーーッ！報告します！幹部の那由多様が巨大ロボットに撃破された模様！なおこちらへ接近中です！」,「嘰────！報告！幹部那由多大人似乎被巨大機器人打敗了！另外那台機器人正在朝這邊接近！」,"""KIIIIII! Reporting! Executive Nayuta appears to have been defeated by the giant robot! It's currently coming toward us!""",「키이ーーーーーー잇! 보고합니다! 간부 나유타 님이 거대 로봇에게 격파된 모양! 또한 이쪽으로 접근 중입니다!」,「吱────！报告！干部那由多大人似乎被巨大机器人打败了！另外那台机器人正在朝这边接近！」
,,,,,,,,,
Dialog.DLC2-3-2(1),SEL,「……なんだと？」,「,,「……なんだと？」,「……什麼？」,"""...What?""",「……뭐라고?」,「……什么？」
,,,,,,,,,
Dialog.DLC2-3-3,女戦闘員,「キィーーーーー…イッ…？？…ぎっ！？」,「啊啊啊啊啊...嗚...？？...咕！」,,「キィーーーーー…イッ…？？…ぎっ！？」,「嘰────…咿…？？…咯！？」,"""KIII...i...?? ...gi?!""",「키이ーーーーー…잇…??…큭!?」,「吱────…咿…？？…咯！？」
,,,,,,,,,
Dialog.DLC2-3-3(1),SEL,「………どうした？」,「………怎麼了？」,,「………どうした？」,「………怎麼了？」,"""...What's wrong?""",「………왜 그러지?」,「………怎么了？」
,,,,,,,,,
Dialog.DLC2-3-4,女戦闘員,「キッ…ぎっ…………ドクター、あ、あなたを拘束しますッ！」,「啊...咕……博士，我、我要拘束您！」,,「キッ…ぎっ…………ドクター、あ、あなたを拘束しますッ！」,「嘰…咯…………博士，我、我現在要拘束您！」,"""Ki... gi... Doctor, I-I'll have to restrain you!""","「킷… 큭………… 닥터, 다, 당신을 구속합니다!」",「吱…咯…………博士，我、我现在要拘束您！」
,,,,,,,,,
Dialog.DLC2-3-4(1),SEL,「……なんだと？」,「......什麼？」,,「……なんだと？」,「……什麼？」,"""...What?""",「……뭐라고?」,「……什么？」
,,,,,,,,,
Dialog.DLC2-3-5,京(シルエット),「言葉通りの意味だよ。大人しく拘束されてね？」,「按照字面的意思。你要乖乖束手就擒嗎？」,,「言葉通りの意味だよ。大人しく拘束されてね？」,「就是字面上的意思哦。乖乖讓人拘束吧？」,"""It means exactly what she said. Be a good boy and let yourself be restrained, okay?""",「말 그대로의 의미야. 얌전히 구속되어 줘?」,「就是字面上的意思哦。乖乖让人拘束吧？」
,,,,,,,,,
Dialog.DLC2-3-6,京,「戦闘員の命令権限は私に移しておいた。これで全てのクローンと戦闘員は私の管理下。」,「戰鬥員的命令權限已轉交給我。現在所有的克隆和戰鬥員都在我的掌控之下。」,,「戦闘員の命令権限は私に移しておいた。これで全てのクローンと戦闘員は私の管理下。」,「戰鬥員的指揮權我已經轉到我這邊了。這下所有克隆人和戰鬥員都在我的掌控之下。」,"""I've transferred soldier command authority to myself. Now all clones and soldiers are under my control.""",「전투원 명령 권한은 나에게 옮겨두었어. 이걸로 모든 클론과 전투원은 내 관리 하야.」,「战斗员的指挥权我已经转到我这边了。这下所有克隆体和战斗员都在我的掌控之下。」
,,,,,,,,,
Dialog.DLC2-3-6(1),SEL,「……猫宮京、どういうつもりだ。なぜこんな事をした？」,「......猫宮京，你到底想幹什麼。為什麼要做這種事？」,,「……猫宮京、どういうつもりだ。なぜこんな事をした？」,「……貓宮京，妳打算做什麼。為什麼要這麼做？」,"""...Kei Nekomiya, what are you planning? Why did you do this?""","「……네코미야 케이, 무슨 속셈이냐. 왜 이런 짓을 했지?」",「……猫宫京，你打算做什么。为什么要这么做？」
,,,,,,,,,
Dialog.DLC2-3-7,京,「おや、こんな事になっても冷静だね？流石ドクター。」,「哦，即使變成這樣也能保持冷靜？不愧是博士。」,,「おや、こんな事になっても冷静だね？流石ドクター。」,「哦呀，變成這樣還這麼冷靜？不愧是博士。」,"""Oh my, you're calm even in this situation? As expected of the Doctor.""","「어머, 이런 일이 있어도 냉정하네? 역시 닥터야.」",「哦呀，变成这样还这么冷静？不愧是博士。」
,,,,,,,,,
Dialog.DLC2-3-8,,「別に深い理由なんてないよ。ただ私は思うんだよね……組織は“一番賢い人間”が管理すべきだって。」,「沒有什麼深刻的理由。我只是覺得……組織應該由“最聰明的人”來管理。」,,「別に深い理由なんてないよ。ただ私は思うんだよね……組織は『一番賢い人間』が管理すべきだって。」,「也沒什麼特別深的理由啦。我只是覺得呢……組織就該由『最聰明的人』來管理。」,"""Nothing deep. I just think... organizations should be managed by the 'smartest person.'""",「별로 깊은 이유는 없어. 단지 나는 생각하거든…… 조직은 “가장 똑똑한 인간”이 관리해야 한다고.」,「也没什么特别深的理由啦。我只是觉得呢……组织就该由「最聪明的人」来管理。」
,,,,,,,,,
Dialog.DLC2-3-9,,「私は別に聖核戦姫として平和を守ることも、悪の科学者として世界の支配に加担することにも全く興味が無い。」,「我對作為聖核戰姬守護和平，或者作為邪惡科學家協助支配世界，都完全沒有興趣。」,,「私は別に聖核戦姫として平和を守ることも、悪の科学者として世界の支配に加担することにも全く興味が無い。」,「我既沒興趣以聖核戰姬的身分守護和平，也完全不想以邪惡科學家的身分去參與征服世界。」,"""I have absolutely no interest in protecting peace as a Holy Core Battlemaiden or helping with world domination as an evil scientist.""","「나는 딱히 성핵전희로서 평화를 지키는 것도, 악의 과학자로서 세계 지배에 가담하는 것에도, 전혀 흥미가 없거든.」",「我既没兴趣以圣核战姬的身分守护和平，也完全不想以邪恶科学家的身分去参与征服世界。」
,,,,,,,,,
,,,,,,,,,
,,,,,,,,,
Dialog.DLC2-3-10,,「ただ財団の資金と研究力は捨てがたいからね…私が全部貰頂こうってわけ。」,「只是財團的資金和研究實力實在太過珍貴了...所以我就全部收下了。」,,「ただ財団の資金と研究力は捨てがたいからね…私が全部貰頂こうってわけ。」,「只是財團的資金跟研究能力實在捨不得放掉嘛……所以就全部由我笑納了。」,"""But the Foundation's funding and research capabilities are too good to waste... So I'll be taking it all.""",「단지 재단의 자금과 연구력은 버리기 아까우니까… 내가 전부 받겠다는 거지.」,「只是财团的资金跟研究能力实在舍不得放掉嘛……所以就全部由我笑纳了。」
,,,,,,,,,
,,,,,,,,,
,,,,,,,,,
Dialog.DLC2-3-11,,「他の怪人も幹部も全員私のコマ、戦闘員として再洗脳するつもりだ。」,「其他的怪人和幹部，全部都是我的棋子，我打算將他們重新洗腦成戰鬥員。」,,「他の怪人も幹部も全員私のコマ、戦闘員として再教育するつもりだ。」,「其他的怪人也好幹部也好，我打算通通重新教育成我的棋子、我的戰鬥員。」,"""I plan to re-educate all the other fiends and executives as my pawns and soldiers.""","「다른 괴인도 간부도 전원 나의 장기 말, 전투원으로서 재세뇌할 생각이야.」",「其他的怪人也好干部也好，我打算通通重新教育成我的棋子、我的战斗员。」
,,,,,,,,,
Dialog.DLC2-3-12,,「そういうわけで…今から私が最高権力者だから。ドクター、君も含め財団は十分に活用させてもらうよ。」,「所以...從現在起我是最高權力者。博士，包括你在內，財團將得到充分利用。」,,「そういうわけで…今から私が最高権力者だから。ドクター、君も含め財団は十分に活用させてもらうよ。」,「總之呢…從現在起最高權力就在我手上。博士，包含你在內，這個財團我會好好利用的。」,"""So that's how it is... From now on, I'm the supreme authority. Doctor, I'll make good use of the Foundation, including you.""","「그런 이유로… 지금부터 내가 최고 권력자니까. 닥터, 너를 포함해 재단은 충분히 활용해주겠어.」",「总之呢…从现在起最高权力就在我手上。博士，包含你在内，这个财团我会好好利用的。」
,,,,,,,,,
Dialog.DLC2-3-12(1),DEL,「……そうか。わかった。」,「……原來如此。我知道了。」,,「……そうか。わかった。」,「……這樣啊。我明白了。」,"""...I see. Understood.""",「……그런가. 알겠다.」,「……这样啊。我明白了。」
,,,,,,,,,
Dialog.DLC2-3-13,京,「話が分かるようで助かるよ。それじゃあ私に逆らわないように早速君にも洗脳を――――」,「你這麼懂事真是太好了。那麼，為了不讓你對我反抗，我馬上就要將你重新洗腦―――」,,「話が分かるようで助かるよ。それじゃあ私に逆らわないように早速君にも洗脳を――――」,「你這麽通情達理真是幫大忙了。那麼，為了不要讓你反抗，我就立刻也把你――――」,"""I'm glad you're so understanding. Now then, let me brainwash you too so you won't oppose me...""",「말이 통하는 것 같아 다행이야. 그럼 나에게 거역하지 않도록 즉시 너에게도 세뇌를――――」,「你这么通情达理真是帮大忙了。那么，为了不要让你反抗，我就立刻也把你――――」
,,,,,,,,,
Dialog.DLC2-3-14,,「……………あれ？」,「……………嗯？」,,「……………あれ？」,「…………咦？」,"""...Huh?""",「……………어라?」,「…………咦？」
,,,,,,,,,
Dialog.DLC2-3-15,,「おかしい…何故戦闘員のコントロールが繋がらない…？」,「奇怪…為何無法控制戰鬥員呢…？」,,「おかしい…何故戦闘員のコントロールが繋がらない…？」,「怪了…為什麼無法連上戰鬥員的控制系統…？」,"""Strange... Why isn't the combatant control connecting...?""",「이상하네… 왜 전투원 컨트롤이 연결되지 않지…?」,「怪了…为什么无法连上战斗员的控制系统…？」
,,,,,,,,,
Dialog.DLC2-3-16,,「このシステムを構築したのは私のはず…欠陥なんてあるはずが……？」,「構築這個系統的應該是我…怎麼可能有缺陷……？」,,「このシステムを構築したのは私のはず…欠陥なんてあるはずが……？」,「這個系統明明是我建的…不可能會有缺陷……？」,"""I'm the one who built this system... There shouldn't be any flaws...?""",「이 시스템을 구축한 것은 나일 텐데… 결함 따위 있을 리가……?」,「这个系统明明是我建的…不可能会有缺陷……？」
,,,,,,,,,
Dialog.DLC2-3-16(1),DEL,「貴様が戦闘員管理システムに何もしてないハズがないからな。当然バックアップは取ってある。」,「你對戰鬥員管理系統一定做了些什麼。當然我有備份。」,,「貴様が戦闘員管理システムに何もしてないハズがないからな。当然バックアップは取ってある。」,「我很清楚妳不可能對戰鬥員管理系統什麼都不做。所以我當然有另外備份。」,"""You clearly tampered with the soldier management system. Naturally, I have backups.""",「네놈이 전투원 관리 시스템에 아무 짓도 안 했을 리 없으니. 당연히 백업은 해뒀다.」,「我很清楚你不可能对战斗员管理系统什么都不做。所以我当然有另外备份。」
,,,,,,,,,
Dialog.DLC2-3-17,京,「……っ！想定内だよっ！私の方でもう一回書き換えるだけだっ！」,「……！在預料之內！我這邊只需要再重新修改一次！」,,「……っ！想定内だよっ！私の方でもう一回書き換えるだけだっ！」,「……呣！這也在預料之中！我這邊再改寫一次就好！」,"""...! That's within expectations! I'll just overwrite it again!""",「……윽! 예상 범위 내야! 내 쪽에서 다시 한 번 덮어쓰면 될 뿐이야!」,「……呣！这也在预料之中！我这边再改写一次就好！」
,,,,,,,,,
Dialog.DLC2-3-17(1),SEL,「そうだな…しかし今の時間で数人の戦闘員のコントロール権限は取り戻した。」,「是啊…不過在這個時間內，我已經奪回了幾名戰鬥員的控制權。」,,「そうだな…しかし今の時間で数人の戦闘員のコントロール権限は取り戻した。」,「是啊……但在這段時間裡，我已經奪回了幾名戰鬥員的控制權。」,"""Indeed... But in this time, I've regained control authority over several combatants.""",「그렇군… 하지만 지금 시간으로 몇 명의 전투원 컨트롤 권한은 되찾았다.」,「是啊……但在这段时间里，我已经夺回了几名战斗员的控制权。」
,,,,,,,,,
Dialog.DLC2-3-18,京,「…っ！H46号！今すぐ反逆者を無力化しろっ！」,「…！H46號！立刻讓叛亂者失去行動能力！」,,「…っ！H46号！今すぐ反逆者を無力化しろっ！」,「…！H46號！立刻讓那個叛徒失去戰鬥力！」,"""...! H46! Neutralize the rebel immediately!""",「…윽! H46호! 지금 당장 반역자를 무력화시켜!」,「…！H46号！立刻让那个叛徒失去战斗力！」
,,,,,,,,,
,,戦闘開始,戰鬥開始,,戦闘開始,,Combat Starts,전투 시작,
,,(ヒスイロボ&ケイ(闇落ち)),(翡翠機器人&京(墮落)),,(ヒスイロボ&ケイ(闇落ち)),,(Hisui Robot & Kei (Corrupted)),(히스이 로봇 & 케이(타락)),
,,戦闘終了,戰鬥結束,,戦闘終了,,Combat Ends,전투 종료,
,,,,,,,,,
Dialog.DLC2-3-19,京,「何をしているH46号っ！とっとと反逆者を取り押さえろっ――――ぐふっ！？」,「H46號在做什麼！快抓住叛亂者——咕噗！？」,,「何をしているH46号っ！とっとと反逆者を取り押さえろっ――――ぐふっ！？」,「H46號，妳在做什麼！還不快把反叛者壓制――――呃啊！？」,"""What are you doing, H46?! Hurry up and apprehend the rebel... Gufh?!""","「뭘 하고 있는 거야, H46호! 빨리 반역자를 제압해――――크흑!?」",「H46号，你在做什么！还不快把反逆者压制――――呃啊！？」
,,,,,,,,,
Dialog.DLC2-3-20,,しかし京はパワードスーツの巨大な手で逆に拘束される。,然而京被強化戰衣的巨大手逆向拘束。,,しかし京はパワードスーツの巨大な手で逆に拘束される。,然而，京被強化裝甲那巨大的手臂給制住了。,"However, Kei was instead restrained by the powered suit's giant hand.",하지만 케이는 파워드 슈트의 거대한 손에 오히려 구속된다.,然而，京被强化装甲那巨大的手臂给制住了。
,,,,,,,,,
Dialog.DLC2-3-20(1),SEL,「H46号の管理権限は私が上書きした。」,「H46號的管理權限已被我覆寫。」,,「H46号の管理権限は私が上書きした。」,「H46號的管理權限，已經被我重新寫過了。」,"""I've overwritten H46's control permission.""",「H46호의 관리 권한은 내가 덮어썼다.」,「H46号的管理权限，已经被我重新写过了。」
,,,,,,,,,
Dialog.DLC2-3-21,京,「ぐっ…し、しまった……っ！」,「咕…糟了……！」,,「ぐっ…し、しまった……っ！」,「呃…糟、糟了……！」,"""Guh... D-damn it...!""","「크윽… 이, 이런……윽!」",「呃…糟、糟了……！」
,,,,,,,,,
Dialog.DLC2-3-21(1),SEL,「貴様の行動は組織転覆を試みた重大な背信行為とみなす。」,「你的行動被視為企圖顛覆組織的重大背信行為。」,,「貴様の行動は組織転覆を試みた重大な背信行為とみなす。」,「妳的行動，將被視為企圖顛覆組織的重大背信行為。」,"""You tried to overthrow the organization. That's considered a grave betrayal.""",「네놈의 행동은 조직 전복을 시도한 중대한 배신 행위로 간주한다.」,「你的行动，将被视为企图颠覆组织的重大背信行为。」
,,,,,,,,,
Dialog.DLC2-3-22,京,「………！あれ、これはちょっとまずい……？」,「………！這個，這可有點糟糕……？」,,「………！あれ、これはちょっとまずい……？」,「………！欸，等下，有點不妙……？」,"""...! Oh, this is a bit bad...?""","「………! 어라, 이건 좀 위험한데……?」",「………！欸，等下，有点不妙……？」
,,,,,,,,,
Dialog.DLC2-3-22(1),SEL,「貴様の処遇は私が決めよう。反逆は問答無用で即時処刑だがな。」,「你的處置由我來決定。叛逆者將立即處決，不容置疑。」,,「貴様の処遇は私が決めよう。反逆は問答無用で即時処刑だがな。」,「妳的處置由我來決定。反叛者一律無條件即刻處刑。」,"""I'll determine your fate. Rebellion means immediate execution without question.""",「네놈의 처우는 내가 정하겠다. 반역은 문답무용으로 즉시 처형이지만.」,「你的处置由我来决定。反叛者一律无条件即刻处刑。」
,,,,,,,,,
Dialog.DLC2-3-23,京,「……！い、いやこれはその…反逆とかじゃなくて…ただのセキュリティチェックの演習だ！」,「……！這、這個其實是…並非叛逆之類的…只是一次安全檢查的演習！」,,「……！い、いやこれはその…反逆とかじゃなくて…ただのセキュリティチェックの演習だ！」,「……！不、不是，那個…這不算什麼反叛……只是單純的資安檢測演習而已！」,"""...! N-no, this isn't... rebellion or anything... just a security check exercise!""","「……! 아, 아니 이건 그… 반역 같은 게 아니라… 그냥 보안 점검 훈련이야!」",「……！不、不是，那个…这不算什么反叛……只是单纯的资安检测演习而已！」
,,,,,,,,,
Dialog.DLC2-3-24,,「ほ、ほら！我々のシステムにはこういう脆弱性があるんだって！本番じゃなくてよかっただろ！？」,「喂，喂！我們的系統有這種弱點！還好不是在正式場合下發現吧！？」,,「ほ、ほら！我々のシステムにはこういう脆弱性があるんだって！本番じゃなくてよかっただろ！？」,「你看、你看！我們的系統居然有這種漏洞呢！還好不是實戰狀況，對吧！？」,"""L-look! Our system has these vulnerabilities! Isn't it good this wasn't the real thing?!""","「자, 봐! 우리 시스템에는 이런 취약점이 있다고! 실전이 아니라서 다행이잖아!?」",「你看、你看！我们的系统居然有这种漏洞呢！还好不是实战状况，对吧！？」
,,,,,,,,,
Dialog.DLC2-3-25,,「私には生かしておく価値があるぞっ！チャンスをくれればいくらでも忠誠心を証明するっ！」,「我對你們有著值得保留的價值！只要給我機會，我會盡情證明我的忠誠！」,,「私には生かしておく価値があるぞっ！チャンスをくれればいくらでも忠誠心を証明するっ！」,「我可是有留著一命的價值的！只要給我一次機會，我一定能把我的忠誠心表現給你看！」,"""I am worth being kept alive! Give me a chance and I'll prove my loyalty however much you want!""",「나에게는 살려둘 가치가 있어! 기회를 주면 얼마든지 충성심을 증명할게!」,「我可是有留着一命的价值的！只要给我一次机会，我一定能把我的忠诚心表现给你看！」
,,,,,,,,,
Dialog.DLC2-3-25(1),SEL,「忠誠心とやらは刑罰が終わった後でゆっくりと聞かせてもらおう。」,「忠誠心之類的事情，等刑罰結束後再慢慢談談吧。」,,「忠誠心とやらは刑罰が終わった後でゆっくりと聞かせてもらおう。」,「關於妳自稱的忠誠心，就等刑罰結束之後，再慢慢說給我聽吧。」,"""I'll hear about this loyalty of yours slowly after your punishment is complete.""",「충성심 따위는 형벌이 끝난 후에 천천히 듣도록 하지.」,「关于你自称的忠诚心，就等刑罚结束之后，再慢慢说给我听吧。」
,,,,,,,,,
,暗転,,,,,,,,
,Kei story DLC1ｰ０,,,,,,,,
Dialog.DLC2-3-26,,財団地下施設にて,福倫財團地下設施內,,財団地下施設にて,在財團地下設施中,At the Foundation Underground Facility,재단 지하 시설에서,在财团地下设施中
,,,,,,,,,
Dialog.DLC2-3-27,京,「クソッ……か弱い少女に対してずいぶん大層な拘束じゃないか？」,「該死……對於這麼脆弱的少女，這樣高調的束縛不太過分嗎？」,,「クソッ……か弱い少女に対してずいぶん大層な拘束じゃないか？」,「該死……對一個柔弱少女來說，這拘束也太誇張了吧？」,"""Damn... Quite the excessive restraints for a helpless young girl, isn't it?""",「젠장…… 연약한 소녀에게 꽤 거창한 구속이잖아?」,「该死……对一个柔弱少女来说，这拘束也太夸张了吧？」
,,,,,,,,,
Dialog.DLC2-3-28,,「……しかし幸運なことに即刻処刑は無いようだ。それならいくらでもやりようはある。」,「……但幸運的是，看來並沒有立即處決的打算。這樣的話，還有很多可以做的。」,,「……しかし幸運なことに即刻処刑は無いようだ。それならいくらでもやりようはある。」,「……不過幸運的是，似乎沒有打算立即處刑。那麼我就可以有很多辦法可以解圍。」,"""...But fortunately, it seems there's no immediate execution. In that case, there are plenty of ways to handle this.""",「……하지만 다행스럽게도 즉결 처형은 없는 모양이다. 그렇다면 얼마든지 방법은 있어.」,「……不过幸运的是，似乎没有打算立即处刑。那么我就可以有很多办法可以解围。」
,,,,,,,,,
Dialog.DLC2-3-29,,【対象の意識の覚醒を確認。只今より戦闘員化プログラムを開始します。】,【確認目標意識已覺醒。現在開始戰鬥員化程序。】,,【対象の意識の覚醒を確認。只今より戦闘員化プログラムを開始します。】,【確認目標意識覺醒。現在開始戰鬥員化程式。】,[Subject's consciousness awakening confirmed. Beginning soldier conversion program now.],【대상의 의식 각성 확인. 지금부터 전투원화 프로그램을 개시합니다.】,【确认目标意识觉醒。现在开始战斗员化程序。】
,,,,,,,,,
Dialog.DLC2-3-30,京,「！…そういう事か…？」,「！…原來如此…？」,,「！…そういう事か…？」,「！…原來是這麽一回事…？」,"""...! ...So that's how it is...?""",「!… 그런 건가…?」,「！…原来是这么一回事…？」
,,,,,,,,,
Dialog.DLC2-3-31,,【戦闘員化プログラム中の不要な思考は禁止されます。】,【戰鬥員化程序中不必要的思考被禁止。】,,【戦闘員化プログラム中の不要な思考は禁止されます。】,【戰鬥員化程式中禁止不必要的思考。】,[Unnecessary thoughts during soldier conversion program are prohibited.],【전투원화 프로그램 중 불필요한 사고는 금지됩니다.】,【战斗员化程序中禁止不必要的思考。】
,Kei story DLC1ｰ1,,,,,,,,
Dialog.DLC2-3-32,,バチッ！、バチバチバチッ！！,哔啦！哔哔哔啦！！,,バチッ！、バチバチバチッ！！,啪滋！、啪滋啪滋啪滋！！,"Zap! Bzzzt, bzzzt, bzzzt!","바칫!, 바치바치바칫!!",啪滋！、啪滋啪滋啪滋！！
,,,,,,,,,
Dialog.DLC2-3-33,京,「ぐっ…！なるほどね……。私を戦闘員化装置で洗脳して組織に従せようと。」,「咕…！原來如此……。想要透過戰鬥員化裝置洗腦我，讓我服從組織嗎。」,,「ぐっ…！なるほどね……。私を戦闘員化装置で教育して組織に従せようと。」,「咕…！原來如此……。想用戰鬥員化裝置教育我，讓我服從組織。」,"""Guh...! I see... You're trying to re-educate me with the soldier conversion device to make me obey the organization.""",「크윽…! 과연……. 나를 전투원화 장치로 세뇌해서 조직에 따르게 하려고.」,「咕…！原来如此……。想用战斗员化装置教育我，让我服从组织。」
,,,,,,,,,
Dialog.DLC2-3-34,,【戦闘員化プログラム中の不要な思考は禁止されます。】,【戰鬥員化程序中不必要的思考被禁止。】,,【戦闘員化プログラム中の不要な思考は禁止されます。】,【戰鬥員化程式中禁止不必要的思考。】,[Unnecessary thoughts during soldier conversion program are prohibited.],【전투원화 프로그램 중 불필요한 사고는 금지됩니다.】,【战斗员化程序中禁止不必要的思考。】
,,,,,,,,,
Dialog.DLC2-3-35,,バチッ！、バチバチバチッ！！,哔啦！哔哔哔啦！！,,バチッ！、バチバチバチッ！！,啪滋！啪滋啪滋啪滋！！,"Zap! Bzzzt, bzzzt, bzzzt!","바칫!, 바치바치바칫!!",啪滋！、啪滋啪滋啪滋！！
,,,,,,,,,
Dialog.DLC2-3-36,京,「でも残念だったね…この装置の設計者は私だ。当然システムの穴も知っているっ！」,「可惜了呢…這裝置的設計者是我。當然也知道系統的漏洞！」,,「でも残念だったね…この装置の設計者は私だ。当然システムの穴も知っているっ！」,「但可惜了呢…這個裝置的設計者是我。當然也知道系統的漏洞！」,"""But too bad for you... I designed this device. Of course I know the system's vulnerabilities!""",「하지만 유감이었네… 이 장치 설계자는 나야. 당연히 시스템의 허점도 알고 있어!」,「但可惜了呢…这个装置的设计者是我。当然也知道系统的漏洞！」
,,,,,,,,,
Dialog.DLC2-3-37,,「……逆に思考パターンを調整すればこの洗脳システムをハックできるはず…」,「……反過來調整思考模式，應該可以駭入這洗腦系統…」,,「……逆に思考パターンを調整すればこの洗脳システムをハックできるはず…」,「……反過來調整思考模式的話，應該能駭進這個洗腦系統…」,"""...If I adjust my thought patterns in reverse, I should be able to hack this brainwashing system...""",「……반대로 사고 패턴을 조정하면 이 세뇌 시스템을 해킹할 수 있을 거야…」,「……反过来调整思考模式的话，应该能骇进这个洗脑系统…」
,,,,,,,,,
Dialog.DLC2-3-38,,「そうと分かればまずは精神を集中させて……」,「既然如此，首先要集中精神……」,,「そうと分かればまずは精神を集中させて……」,「既然知道，首先集中精神……」,"""Now I'll concentrate...""",「그렇다면 우선 정신을 집중시켜서……」,「既然知道，首先集中精神……」
,,,,,,,,,
Dialog.DLC2-3-39,,【対象者の身体をスキャン中。筋肉量及び胸部値の戦闘員平均値に対し大幅な不足を確認】,【正在掃描目標者的身體。確認肌肉量和胸部值明顯低於戰鬥員平均值】,,【対象者の身体をスキャン中。筋肉量及び胸部値の戦闘員平均値に対し大幅な不足を確認】,【掃描目標身體中。確認肌肉量及胸部值大幅低於戰鬥員平均值】,[Scanning target's body. Significant deficiency in muscle mass and chest measurements compared to soldier average confirmed.],【대상자 신체 스캔 중. 근육량 및 흉부 수치가 전투원 평균치에 비해 현저히 부족함 확인】,【扫描目标身体中。确认肌肉量及胸部值大幅低于战斗员平均值】
,,,,,,,,,
Dialog.DLC2-3-40,,【戦闘員化プログラムの前に胸部の改造を行います】,【在戰鬥員化計畫之前進行胸部改造】,,【戦闘員化プログラムの前に胸部の改造を行います】,【戰鬥員化程式前進行胸部改造】,[Chest modification will be performed before soldier conversion program.],【전투원화 프로그램 전에 흉부 개조를 실시합니다】,【战斗员化程序前进行胸部改造】
,,,,,,,,,
Dialog.DLC2-3-41,京,「なっ…！何だとっ失礼な…！？」,「嗯…！什麼意思啊…失禮！」,,「なっ…！何だとっ失礼な…！？」,「啥…！什麼啊太失禮了…！？」,"""What...! How rude...?!""",「뭣…! 뭐라고 실례잖아…!?」,「啥…！什么啊太失礼了…！？」
,,,,,,,,,
Dialog.DLC2-3-42,Kei story DLC1-3,チィイイン……ビシュッッ！！！！！,清藤 艾蓮娜……嘭！！！！,,チィイイン……ビシュッッ！！！！！,滋────……啪咻！！！！！,Whirrrr... Bzzzap!,치이잉…… 비슛!!!!!,滋────……啪咻！！！！！
,,,,,,,,,
Dialog.DLC2-3-43,京,「ひぎゅうっ！？」,「嗚咕！？」,,「ひぎゅうっ！？」,「嗚咕！？」,"""Hgggg!""",「히규웃!?」,「呜咕！？」
,,,,,,,,,
Dialog.DLC2-3-44,京,「んあっ♥、そうかっ…！本来私ぐらいの体重と身長だと戦闘員としては規格に合わない……ッ！」,「嗯啊♥，原來如此…！以我這樣的體重和身高，作為戰鬥員不符合規格……！」,,「んあっ♥、そうかっ…！本来私ぐらいの体重と身長だと戦闘員としては規格に合わない……ッ！」,「嗯啊♥，原來如此…！原本像我這種體重和身高，作為戰鬥員不符合規格……！」,"""Nah♥ I see...! Originally someone with my weight and height doesn't meet combatant specifications...!""","「응앗♥, 그런가…! 원래 나 정도 체중과 신장으로는 전투원으로서 규격에 맞지 않아……윽!」",「嗯啊♥，原来如此…！原本像我这种体重和身高，作为战斗员不符合规格……！」
,,,,,,,,,
Dialog.DLC2-3-45,,「それを無理やり改造しようとしているから……っ！？」,「因為試圖強行改造她……！」,,「それを無理やり改造しようとしているから……っ！？」,「所以才要強行改造……！？」,"""So it's trying to forcibly modify me...?!""",「그걸 억지로 개조하려고 하니까……윽!?」,「所以才要强行改造……！？」
,,,,,,,,,
Dialog.DLC2-3-46,,ジュッ！ジュウウウウウウウッ！！,猫宮 京！猫宮 京！！,,ジュッ！ジュウウウウウウウッ！！,滋！滋滋滋滋滋滋！！,Bzzzzz... Bzzzz...,쥿! 쥬우우우우우우웃!!,滋！滋滋滋滋滋滋！！
,,,,,,,,,
Dialog.DLC2-3-47,京,「お゛っ♥、おっぱいがっ…焼けるっ♥！！！」,「喔♥，胸部…燒焦了♥！！！」,,「お゛っ♥、おっぱいがっ…焼けるっ♥！！！」,「噢♥，胸部…燒起來了♥！！！」,"""Ooh♥ my breasts are... burning♥!!!""","「오옷 옷♥, 가슴이… 타들어가♥!!!」",「噢♥，胸部…烧起来了♥！！！」
,,,,,,,,,
Dialog.DLC2-3-48,,【改造進行度３％、引き続き肉体改造を進行します。】,【改造進行度３％，將繼續進行肉體改造。】,,【改造進行度３％、引き続き肉体改造を進行します。】,【改造進行度３％，繼續進行肉體改造。】,"[Modification progress 3%, continuing physical modification.]","【개조 진행도 ３％, 계속해서 육체 개조를 진행합니다.】",【改造进行度３％、继续进行肉体改造。】
,,,,,,,,,
Dialog.DLC2-3-49,,「ま、まずいっ♥、このままでは頭が無事でも体が終わってしまうっ♥！！」,「糟糕了♥，這樣下去即使頭腦完好，身體也會完蛋的♥！！」,,「ま、まずいっ♥、このままでは頭が無事でも体が終わってしまうっ♥！！」,「不、不妙♥，這樣下去就算腦袋沒事身體也完了♥！！」,"""T-this is bad♥ At this rate, even if my mind survives, my body will be finished♥!!""","「자, 잘못하면♥, 이대로는 머리가 무사해도 몸이 끝장나버려♥!!」",「不、不妙♥，这样下去就算脑袋没事身体也完了♥！！」
,,,,,,,,,
Dialog.DLC2-3-50,,「早く装置をハックして止めなければっ！！」,「快點駭入裝置停止它！！」,,「早く装置をハックして止めなければっ！！」,「得快點駭進裝置停下來！！」,"""I need to hack the device and stop it quickly!!""",「빨리 장치를 해킹해서 멈춰야 해!!」,「得快点骇进装置停下来！！」
,,,,,,,,,
Dialog.DLC2-3-51,,そして京は精神を集中させ洗脳装置への接続を試みるが――――,然後京集中精神，試圖連接洗腦裝置——,,そして京は精神を集中させ教育装置への接続を試みるが――――,於是京集中精神試圖連接教育裝置，但────,"Kei then focused and attempted to connect to the re-educating device, but...",그렇게 케이는 정신을 집중시켜 세뇌 장치에 접속을 시도하지만――――,于是京集中精神试图连接教育装置，但────
,,,,,,,,,
Dialog.DLC2-3-52,,【対象者の脳波を測定中。規定数値を大幅に上回るIQを検出しました。】,【正在測量目標者的腦波。檢測到遠超規定數值的高智商。】,,【対象者の脳波を測定中。規定数値を大幅に上回るIQを検出しました。】,【測量目標腦波中。檢測到大幅超過規定數值的IQ。】,[Measuring target's brainwaves. IQ significantly exceeding standard values detected.],【대상자 뇌파 측정 중. 규정 수치를 현저히 상회하는 IQ를 검출했습니다.】,【测量目标脑波中。检测到大幅超过规定数值的IQ。】
,,,,,,,,,
Dialog.DLC2-3-53,京,「…………っ！！」,「…………！！」,,「…………っ！！」,「…………！！」,"""...!!""",「…………윽!!」,「…………！！」
,,,,,,,,,
Dialog.DLC2-3-54,,【胸部改造と並行してIQ低下改造を実施します。】,【在進行胸部改造的同時，將進行智商下降改造。】,,【胸部改造と並行してIQ低下改造を実施します。】,【將在進行胸部改造的同時，一併實施智商降低改造。】,[IQ reduction modification will be implemented in parallel with chest modification.],【흉부 개조와 병행하여 IQ 저하 개조를 실시합니다.】,【将在进行胸部改造的同时，一并实施智商降低改造。】
,,,,,,,,,
Dialog.DLC2-3-55,京,「なっ…！IQ低下っ！？」,「嗯…！智商下降！？」,,「なっ…！IQ低下っ！？」,「啥…！智商降低！？」,"""What...! IQ reduction?!""",「뭣…! IQ 저하!?」,「啥…！智商降低！？」
,,,,,,,,,
Dialog.DLC2-3-56,,「そんな機能はつけていなかったはずだっ！ドクターか？余計な機能を――――っ！？」,「應該沒有加上那種功能！博士？多餘的功能——！」,,「そんな機能はつけていなかったはずだっ！ドクターか？余計な機能を――――っ！？」,「本來應該沒有這種功能的！是博士嗎？加了多餘的功能────！？」,"""I didn't add that function! Was it the Doctor? Adding unnecessary features...?!""",「그런 기능은 달아두지 않았을 텐데! 닥터인가? 쓸데없는 기능을――――잇!?」,「本来应该没有这种功能的！是博士吗？加了多馀的功能────！？」
,,,,,,,,,
Dialog.DLC2-3-57,,バチッ、バチバチバチッッ！！！,「嘭、嘭嘭嘭嘭嘭！！！」,,バチッ、バチバチバチッッ！！！,啪滋、啪滋啪滋啪滋！！！,"Zap! Bzzzt, bzzzt, bzzzt!","바칫, 바치바치바칫!!",啪滋、啪滋啪滋啪滋！！！
,,,,,,,,,
Dialog.DLC2-3-58,京,「お゛ほっ！？、お゛っ♥、お゛お～～っ♥？！あ゛、あたまがっ…！？！！」,「噢呵！？ 噢♥ 噢噢～～♥？！啊、頭腦…！？！！」,,「お゛ほっ！？、お゛っ♥、お゛お～～っ♥？！あ゛、あたまがっ…！？！！」,「喔、嗚！？喔♥、喔喔～～♥？！啊、我、我的腦袋…！？！！」,"""Ohoh?! Oh♥ oooh♥?! Ah, my head...?!!!""","「오옷 홋!?, 오옷 옷♥, 오옷 오~~옷♥?! 아옷 , 머리가…!?!!」",「喔、呜！？、喔♥、喔喔～～♥？！啊、我、我的脑袋…！？！！」
,,,,,,,,,
Dialog.DLC2-3-59,,「や、やばいっ…♥！？、ただでさえおっぱいを改造されてるというのにっ♥！？」,「糟糕了…♥！？明明已經被改造過胸部了♥！？」,,「や、やばいっ…♥！？、ただでさえおっぱいを改造されてるというのにっ♥！？」,「不、不妙…♥！？光是胸部被改造就夠我受的了♥！？」,"""T-this is bad...♥?! Even though my breasts are already being modified♥?!""","「위, 위험해…♥!?, 가슴 개조당하는 것만으로도 이런데♥!?」",「不、不妙…♥！？、光是胸部被改造就够我受的了♥！？」
,,,,,,,,,
Dialog.DLC2-3-60,,「脳みそまで同時に改造されたらぁ…っ♥、抗えなくなってしまうっ……♥！！？」,「腦袋同時被改造的話…♥，就無法抗拒了……♥！！？」,,「脳みそまで同時に改造されたらぁ…っ♥、抗えなくなってしまうっ……♥！！？」,「腦袋也同時被改造的話…♥，就抵抗不了了……♥！！？」,"""If my brain is modified at the same time...♥ I won't be able to resist anymore...♥!!?""","「뇌까지 동시에 개조당하면…윽♥, 저항할 수 없게 돼버려……♥!!?」",「脑袋也同时被改造的话…♥，就抵抗不了了……♥！！？」
,,,,,,,,,
Dialog.DLC2-3-61,,バチッ、バチバチバチッッ！！！,「嘭、嘭嘭嘭嘭嘭！！！」,,バチッ、バチバチバチッッ！！！,啪滋、啪滋啪滋啪滋！！！,"Zap! Bzzzt, bzzzt, bzzzt!","바칫, 바치바치바칫!!",啪滋、啪滋啪滋啪滋！！！
,,,,,,,,,
Dialog.DLC2-3-62,,「お゛っほっ！？、ま、まずいっ♥、乳首に快楽光線を発射されているせいでっ…♥思考がまとまらないっ…♥」,「噢呵！？ 糟、糟糕了♥，因為乳頭被發射快感光線的緣故…♥思緒無法集中…♥」,,「お゛っほっ！？、ま、まずいっ♥、乳首に快楽光線を発射されているせいでっ…♥思考がまとまらないっ…♥」,「噢吼！？不、不妙♥，因為乳頭被快樂光線射擊…♥思考集中不了…♥」,"""Ohoh?! T-this is bad♥ Because pleasure rays are being shot at my nipples...♥ I can't organize my thoughts...♥""","「오옷 옷홋!?, 위, 위험해♥, 유두에 쾌락 광선 발사되고 있어서…♥ 생각이 정리되지 않아…♥」",「噢吼！？、不、不妙♥，因为乳头被快乐光线射击…♥思考集中不了…♥」
,,,,,,,,,
Dialog.DLC2-3-63,,「あたまも改造されてっ…♥、IQがさがるっ♥、ばかになっちゃううぅぅ♥！？！？」,「頭腦也被改造了…♥，智商下降了♥，變笨了呜呜呜♥！？！？」,,「あたまも改造されてっ…♥、IQがさがるっ♥、ばかになっちゃううぅぅ♥！？！？」,「腦袋也被改造…♥、IQ降低了♥、會變笨啊啊啊♥！？！？」,"""My head is being modified too...♥ My IQ is dropping♥ I'm becoming stuuupid♥?!?!""","「머리도 개조당해서…♥, IQ가 내려가♥, 바보가 되어버려어어어♥!?!?」",「脑袋也被改造…♥、IQ降低了♥、会变笨啊啊啊♥！？！？」
,,,,,,,,,
Dialog.DLC2-3-64,,「お゛っ♥、やばっ♥、えへっ♥、乳首ッ♥、ビクビクしてるっ♥！？」,「噢呵♥，糟糕♥，嘿嘿♥，乳頭♥，在抖動呢♥！？」,,「お゛っ♥、やばっ♥、えへっ♥、乳首ッ♥、ビクビクしてるっ♥！？」,「哦♥，不妙♥、欸嘿♥、乳頭♥的顫抖停不下來♥！？」,"""Oh♥ oh no♥ eheh♥ my nipples♥ are twitching♥?!""","「오옷 옷♥, 위험해♥, 에헷♥, 유두♥, 움찔움찔하고 있어♥!?」",「哦♥，不妙♥、欸嘿♥、乳头♥的颤抖停不下来♥！？」
,,,,,,,,,
Dialog.DLC2-3-65,,【脳改造進行度8%。改造は順調に進行中です。】,【腦改造進行度8%。改造順利進行中。】,,【脳改造進行度8%。改造は順調に進行中です。】,【腦改造進行度8%。改造順利進行中。】,[Brain modification progress 8%. Modification proceeding smoothly.],【뇌 개조 진행도 8%. 개조는 순조롭게 진행 중입니다.】,【脑改造进行度8%。改造顺利进行中。】
,,,,,,,,,
Dialog.DLC2-3-66,,「ほ゛おっ♥！？ひぎぃいぃいっ♥！？」,「噢呵♥！？嘿吱吱呀♥！？」,,「ほ゛おっ♥！？ひぎぃいぃいっ♥！？」,「哦♥！？嗚咕────♥！？」,"""Hooh♥?! Hgggg♥?!""",「호옷 오옷♥!? 히기이이이잇♥!?」,「哦♥！？呜咕────♥！？」
,,,,,,,,,
Dialog.DLC2-3-67,,「ぐっ♥、わらしはっ♥、あらがうぞっ♥、えへっ♥、この私がっ♥、あんな惨めなクソ雑魚戦闘員なんぞにっ♥、なってたまるかっ♥、お゛っ！？」,「咕♥，我是♥，要與你對抗了♥，嘿嘿♥，我這樣的♥，怎麼可能成為那種可憐的爛泥戰鬥員♥，絕不會允許♥，噢呵！？」,,「ぐっ♥、わらしはっ♥、あらがうぞっ♥、えへっ♥、この私がっ♥、あんな惨めなクソ雑魚戦闘員なんぞにっ♥、なってたまるかっ♥、お゛っ！？」,「咕♥，我♥、要抵抗♥、欸嘿♥、我♥、怎麼可能變成那種可憐的廢柴戰鬥員♥喔！？」,"""Guh♥ I'll reshisht♥ eheh♥ As if I♥ would become shuch a pathetic soldier... No way♥ Oh?!""","「크윽♥, 나는♥, 저항하겠어♥, 에헷♥, 감히 내가♥, 저런 비참한 망할 잡것 전투원 따위로♥, 될 리가 없잖아♥, 오옷 옷!?」",「咕♥，我♥、要抵抗♥、欸嘿♥、我♥、怎么可能变成那种可怜的废柴战斗员♥喔！？」
,,,,,,,,,
Dialog.DLC2-3-68,,バチッ、バチバチバチッッ！！！,「嘣、嘣嘣嘣嘣嘣！！！」,,バチッ、バチバチバチッッ！！！,啪滋、啪滋啪滋啪滋！！！,"Zap! Bzzzt, bzzzt, bzzzt!","바칫, 바치바치바칫!!",啪滋、啪滋啪滋啪滋！！！
,,,,,,,,,
Dialog.DLC2-3-69,,「ひっぎゅうううっ♥、やばいいいぃっ♥、頭のなかこねこねされてっ♥、ばかになるぅうううっ♥！？」,「嘿吼吼♥，糟糕啊啊啊啊♥，腦被捏捏弄弄的♥，變笨啦啊啊啊啊♥！？」,,「ひっぎゅうううっ♥、やばいいいぃっ♥、頭のなかこねこねされてっ♥、ばかになるぅうううっ♥！？」,「嗚咕────♥、不妙────♥、腦袋裡被攪拌♥、要變笨了────♥！？」,"""Higyuuuu♥ this is baaad♥ My brain is being kneaded♥ I'm becoming stuuupid♥?!""","「히익규우우웃♥, 위험해애애애잇♥, 머릿속 휘저어져서♥, 바보가 되어버렷♥!?」",「呜咕────♥、不妙────♥、脑袋里被搅拌♥、要变笨了────♥！？」
,,,,,,,,,
Dialog.DLC2-3-70,,「ちくびもぉっ♥、れーじゃーやめろっ♥、私は上級幹部様だぞっ！！くしょがあああっ♥！！」,「乳頭也♥，雷槍別停♥，我可是高級幹部大人！！咕嗄啊啊啊♥！！」,,「ちくびもぉっ♥、れーじゃーやめろっ♥、私は上級幹部様だぞっ！！くしょがあああっ♥！！」,「乳頭也♥、雷射停下來♥、我可是上級幹部大人啊！！該死的啊啊啊♥！！」,"""My nipplesh too♥ shtop the lasersh♥ I'm a shenior executive!! Dammiiit♥!!""","「젖꼭지도오♥, 레이저 멈춰♥, 나는 상급 간부님이라고!! 젠자아아아앙!!」",「乳头也♥、雷射停下来♥、我可是上级干部大人啊！！该死的啊啊啊♥！！」
,,,,,,,,,
Dialog.DLC2-3-71,,【改造は順調に進行中。規定数値に達するまで改造を継続します。】,【改造進行順利。將繼續進行改造直到達到規定數值。】,,【改造は順調に進行中。規定数値に達するまで改造を継続します。】,【改造順利進行中。將持續改造直到達到規定數值。】,[Modification progressing smoothly. Modification will continue until standard values are reached.],【개조는 순조롭게 진행 중. 규정 수치에 도달할 때까지 개조를 계속합니다.】,【改造顺利进行中。将持续改造直到达到规定数值。】
,,,,,,,,,
,暗転,,,,,,,,
,,,,,,,,,
Dialog.DLC2-3-72,Kei story DLC1-4,京への改造が始まってから数十時間後,京的改造開始數十小時後。,,京への改造が始まってから数十時間後,自從開始對京進行改造後，過了數十個小時——,Several dozen hours after Kei’s modification began...,케이에 대한 개조가 시작된 지 수십 시간 후,自从开始对京进行改造后，过了数十个小时——
,,,,,,,,,
Dialog.DLC2-3-73,,ビクッ！……ビクッ！……ぷしゃああっっっ！,「嘁！……嘁！……噗夏啊啊啊啊！」,,ビクッ！……ビクッ！……ぷしゃああっっっ！,京的身體傳來劇烈痙攣的聲響。,Twitch!... Twitch!... Spurrrt!,비큿!…… 비큿!…… 푸샤아앗!!,京的身体传来剧烈痉挛的声响。
,,,,,,,,,
Dialog.DLC2-3-74,京,「ほお゛っ…？お゛っ……ほえっ？？」,「嗯…？噢……嘿？」,,「ほお゛っ…？お゛っ……ほえっ？？」,「呃……？啊……這、這是怎麼…？？」,"""Hooh...? Oh... hooooooh??""",「호오옷 옷…? 오옷 옷…… 호엣??」,「呃……？啊……这、这是怎么…？？」
,,,,,,,,,
Dialog.DLC2-3-75,,「あえ～～っ♥、お゛おっ♥、おっ♥、んあっ♥」,「啊～～♥，噢噢♥，喔♥，嗯啊♥」,,「あえ～～っ♥、お゛おっ♥、おっ♥、んあっ♥」,「啊欸～～♥、喔喔♥、喔♥、嗯啊♥」,"""Aeh♥ ooh♥ oh♥ nah♥""","「아에~~엣♥, 오옷 오옷♥, 옷♥, 응앗♥」",「啊欸～～♥、喔喔♥、喔♥、嗯啊♥」
,,,,,,,,,
Dialog.DLC2-3-76,,【胸部の肥大化と知能の低下が規定値に達しました。】,【胸部的肥大和智力下降已達到規定值。】,,【胸部の肥大化と知能の低下が規定値に達しました。】,【胸部的肥大化與知能的降低已達到規定值。】,[Chest enlargement and intelligence reduction have reached standard values.],【흉부 비대화와 지능 저하가 규정치에 도달했습니다.】,【胸部的肥大化与知能的降低已达到规定值。】
,,,,,,,,,
Dialog.DLC2-3-77,京,「あえっ…♥？、おっ♥？、お♥？？お゛ほっ！？」,「啊啊…♥？、喔♥？、喔♥？？噢♥嘿！？」,,「あえっ…♥？、おっ♥？、お♥？？お゛ほっ！？」,「喔、嗚！？喔♥、喔喔～～♥？！」,"""Aeh...♥? Oh♥? O♥?? Ohoh?!""","「아엣…♥?, 오옷♥?, 오♥?? 오옷 홋!?」",「喔、呜！？、喔♥、喔喔～～♥？！」
,,,,,,,,,
Dialog.DLC2-3-78,Kei story DLC 1-5,ビュルルルッルッ！ドビュッ！！,「嗡嗡嗡嗡！咚嗖！！」,,ビュルルルッルッ！ドビュッ！！,「噗滋滋！噗滋滋滋滋！！」,Spurrrrrt! Splurrrrt!,뷰르르르릇르릇! 도븃!!,「噗滋滋！噗滋滋滋滋！！」
,,,,,,,,,
Dialog.DLC2-3-79,,京の改造されて肥大化した乳房から大量に母乳が噴き出る。,猫宮京的改造後肥大的乳房噴射出大量母乳。,,京の改造されて肥大化した乳房から大量に母乳が噴き出る。,京被改造後誇張膨大的胸部劇烈抽搐，身體失控般噴出大量的母乳。,Large amounts of breast milk spurted from Kei's enlarged breasts.,케이의 개조되어 비대화된 유방에서 대량의 모유가 뿜어져 나온다.,京被改造后夸张膨大的胸部剧烈抽搐，身体失控般喷出大量的母乳。
,,,,,,,,,
Dialog.DLC2-3-80,,「ん゛おおおっ！？、お゛ほおおっ♥！！？にゃにが…おきてええっっっ♥？！！？」,「嗯噢噢噢！？、噢噢噢♥！！？什麼…發生了呀♥？！！？」,,「ん゛おおおっ！？、お゛ほおおっ♥！！？にゃにが…おきてええっっっ♥？！！？」,「哦哦哦...！究竟發生了什麽....！！！」,"""Noooh?! Ohooh♥!!? Whash... happeniiing♥?!!""","「응옷 오오오옷!?, 오옷 호오오옷♥!!? 무언가… 오고 있어♥♥?!!?」",「哦哦哦...！究竟发生了什么....！！！」
,,,,,,,,,
Dialog.DLC2-3-81,,【対象からの母乳の噴出を確認。調整失敗。戦闘員には適合しません。】,【確認到從目標身上噴出的母乳。調整失敗。不適合作戰人員。】,,【対象からの母乳の噴出を確認。調整失敗。戦闘員には適合しません。】,【確認到對象身上出現異常分泌與反應。調整失敗。不適合作為戰鬥員。】,[Breast milk discharge from target confirmed. Adjustment failed. Not suitable for soldier.],【대상으로부터 모유 분출 확인. 조정 실패. 전투원으로는 적합하지 않습니다.】,【确认到对象身上出现异常分泌与反应。调整失败。不适合作为战斗员。】
,,,,,,,,,
Dialog.DLC2-3-82,,【不良品につき、対象は廃棄処分されます。】,【因為是次品，目標將被廢棄處置。】,,【不良品につき、対象は廃棄処分されます。】,【由於被判定為不良品，對象原定作廢棄處分。】,"[Due to defect, target will be disposed of.]","【불량품이므로, 대상은 폐기 처분됩니다.】",【由于被判定为不良品，对象原定作废弃处分。】
,,,,,,,,,
Dialog.DLC2-3-83,京,「お゛っ！？にゃ、にゃんでぇっ！？お゛おおっ♥」,「噢！？為、為什麼呀！？噢噢♥」,,「お゛っ！？にゃ、にゃんでぇっ！？お゛おおっ♥」,「咦！？為、為什麼！？噢噢哦哦！」,"""Oh?! W-why?! Oooh♥""","「오옷 옷!? 어, 어째서!? 오옷 오오옷♥」",「咦！？为、为什么！？噢噢哦哦！」
,,,,,,,,,
Dialog.DLC2-3-84,,【――――追加のコードにより命令が変更されました。不良品ですが、引き続き戦闘員化プログラムを開始します。】,【---因額外代碼而更改命令。雖然是次品，將繼續啟動戰鬥員化計畫。】,,【――――追加のコードにより命令が変更されました。不良品ですが、引き続き戦闘員化プログラムを開始します。】,【――――由於臨時追加的程式碼的介入，指令已被變更。目標雖為不良品，但仍將繼續啟動戰鬥員化程式。】,"[Command changed by additional code. Despite being defective, soldier conversion program will continue.]","【――――추가 코드로 명령이 변경되었습니다. 불량품이지만, 계속해서 전투원화 프로그램을 개시합니다.】",【――――由于临时追加的程式码的介入，指令已被变更。目标虽为不良品，但仍将继续启动战斗员化程序。】
,,,,,,,,,
Dialog.DLC2-3-85,京,「えあっ♥！？にゃにをっ……！？ひぎゅっ！？」,「咦♥！？發生了什麼……！？咕咿！」,,「えあっ♥！？にゃにをっ……！？ひぎゅっ！？」,「咦！？你、你們要做什麼……！？」,"""Eah♥?! What are...?! Hggggg?!""",「에앗♥!? 무슨……!? 히귯!?」,「咦！？你、你们要做什么……！？」
,,,,,,,,,
Dialog.DLC2-3-86,,【以後対象者を“下級戦闘員K22号”と呼称します。以後自身の事はK22号と呼称するように。】,【從現在起將目標稱為“下級戰鬥員K22號”。從現在起，自己也請稱為K22號。】,,【以後対象者を『下級戦闘員K22号』と呼称します。以後自身の事はK22号と呼称するように。】,【今後將把對象稱為「下級戰鬥員K22號」。之後也必須以K22號自稱。】,"[Target will henceforth be designated ""junior soldier K22."" You must refer to yourself as K22.]",【이후 대상자를 “하급 전투원 K22호”로 호칭합니다. 이후 자신을 K22호로 호칭하도록.】,【今后将把对象称为“下级战斗员K22号”。之后也必须以K22号自称。】
,,,,,,,,,
Dialog.DLC2-3-87,京,「はっ…！？や、やらっ！！私は下級戦闘員なんてっ、あんな惨めな存在に…ひぎゅっ！？」,「咦…！？做、做什麼！！我竟然成為下級戰鬥員這種…那麼可悲的存在…咕咿！？」,,「はっ…！？や、やらっ！！私は下級戦闘員なんてっ、あんな惨めな存在に…ひぎゅっ！？」,「哈…！？不、不要！我才不要當什麼下級戰鬥員，那種悲慘的存在…！」,"""Ha...?! N-no!! I won't become a junior soldier... Such a pathetic existence... Hgggg?!""","「핫…!? 시, 싫엇!! 나는 하급 전투원 따위, 저런 비참한 존재에게… 히귯!?」",「哈…！？不、不要！我才不要当什么下级战斗员，那种悲惨的存在…！」
,,,,,,,,,
Dialog.DLC2-3-88,,【K22号、下級戦闘員の返事は全て絶対の肯定を表す“キィーーーーーッ”です。それ以外の発声は許可なしでは禁止されます。】,【K22號，下級戰鬥員的回答皆以絕對肯定的“咿———”表示。其他發聲未經允許則禁止。】,,【K22号、下級戦闘員の返事は全て絶対の肯定を表す『キィーーーーーッ』です。それ以外の発声は許可なしでは禁止されます。】,【K22號，下級戰鬥員在回話時，一律只能發出代表絕對肯定的「嘰────」。未經許可不准做出其他發聲。】,"[K22, a junior soldier, can only reply with ""Kiiii"", which indicates absolute affirmation. They are not allowed to make other sounds.]","【K22호, 하급 전투원의 답변은 모두 절대 긍정을 나타내는 “키이ーーーーー잇”입니다. 그 외 발성은 허가 없이 금지됩니다.】",【K22号，下级战斗员在回话时，一律只能发出代表绝对肯定的「吱────」。未经许可不准做出其他发声。】
,,,,,,,,,
Dialog.DLC2-3-89,京,「ふざけっ…るなあっ♥！！私は絶対…ひぎいっ♥！？」,「開玩笑…別這樣♥！！我絕對…咿咿♥！？」,,「ふざけっ…るなあっ♥！！私は絶対…ひぎいっ♥！？」,「別、別鬧了！！我絕對……！」,"""Don't... screw with me♥!! I absolutely... higii♥?!""",「웃기지… 마앗♥!! 나는 절대… 히기잇♥!?」,「别、别闹了！！我绝对……！」
,,,,,,,,,
Dialog.DLC2-3-90,,京は必死に抵抗するが、知能の低下した今では思考することすらままならない。,京拼命抵抗，但由於智力下降，現在連思考都變得困難。,,京は必死に抵抗するが、知能の低下した今では思考することすらままならない。,京拼命想要反抗，但在知能被大幅削減的現在，連好好思考都變得困難。,"Kei desperately resists, but with her intelligence diminished, she can barely even think anymore.","케이는 필사적으로 저항하지만, 지능이 저하된 지금은 사고하는 것조차 마음대로 되지 않는다.",京拼命想要反抗，但在知能被大幅削减的现在，连好好思考都变得困难。
,,,,,,,,,
Dialog.DLC2-3-91,,バチバチバチッ！！,咻咻咻！！,,バチバチバチッ！！,「劈啪劈啪！！」,Zap zap zap!!,바치바치바칫!!,「劈啪劈啪！！」
,,,,,,,,,
Dialog.DLC2-3-92,,【K22号、下級戦闘員の返事は全て絶対の肯定を表す“キィーーーーーッ”です。それ以外の発声は許可なしでは禁止されます。】,【K22號，下級戰鬥員的回答皆以絕對肯定的“咿———”表示。其他發聲未經允許則禁止。】,,【K22号、下級戦闘員の返事は全て絶対の肯定を表す『キィーーーーーッ』です。それ以外の発声は許可なしでは禁止されます。】,【K22號，下級戰鬥員在回話時，一律只能發出代表絕對肯定的「嘰────」。未經許可不准做出其他發聲。】,"[K22, a junior soldier, can only reply with ""Kiiii"", which indicates absolute affirmation. They are not allowed to make other sounds.]","【K22호, 하급 전투원의 답변은 모두 절대 긍정을 나타내는 “키이ーーーーー잇”입니다. 그 외 발성은 허가 없이 금지됩니다.】",【K22号，下级战斗员在回话时，一律只能发出代表绝对肯定的「吱────」。未经许可不准做出其他发声。】
,,,,,,,,,
Dialog.DLC2-3-93,京,「お゛お゛っ、ぎっ、ぎぃいぃいっ、言わないっ…！私はっ…！」,「喔喔、咿、咿咿咿咿、不說…！我是…！」,,「お゛お゛っ、ぎっ、ぎぃいぃいっ、言わないっ…！私はっ…！」,「呃、呃啊、咿、咿…我才不要…！我是…！」,"""Ooh, gi, giiiii, I won't say it...! I am...!""","「오옷 오옷 옷, 큭, 키이이이잇, 말하지 않아…! 나는…!」",「呃、呃啊、咿、咿…我才不要…！我是…！」
,,,,,,,,,
Dialog.DLC2-3-94,,バチバチバチッ！！,咻咻咻！！,,バチバチバチッ！！,「劈啪劈啪！！」,Zap zap zap!!,바치바치바칫!!,「劈啪劈啪！！」
,,,,,,,,,
Dialog.DLC2-3-95,,【K22号、下級戦闘員の返事は全て絶対の肯定を表す“キィーーーーーッ”です。それ以外の発声は許可なしでは禁止されます。】,【K22號，下級戰鬥員的回答皆以絕對肯定的“咿———”表示。其他發聲未經允許則禁止。】,,【K22号、下級戦闘員の返事は全て絶対の肯定を表す『キィーーーーーッ』です。それ以外の発声は許可なしでは禁止されます。】,【K22號，下級戰鬥員在回話時，一律只能發出代表絕對肯定的「嘰────」。未經許可不准做出其他發聲。】,"[K22, a junior soldier, can only reply with ""Kiiii"", which indicates absolute affirmation. They are not allowed to make other sounds.]","【K22호, 하급 전투원의 답변은 모두 절대 긍정을 나타내는 “키이ーーーーー잇”입니다. 그 외 발성은 허가 없이 금지됩니다.】",【K22号，下级战斗员在回话时，一律只能发出代表绝对肯定的「吱────」。未经许可不准做出其他发声。】
,,,,,,,,,
Dialog.DLC2-3-96,京,「お゛ほっ！？、き、き、…っ、ぐうっ！！！」,「喔喔！？、咿、咿、…、咕！！！」,,「お゛ほっ！？、き、き、…っ、ぐうっ！！！」,「啊！？嘰、嘰…呃…！！！」,"""Ohoh?! K-ki... guu!!!""","「오옷 홋!?, 키, 키, …윽, 크으윽!!!」",「啊！？吱、吱…呃…！！！」
,,,,,,,,,
Dialog.DLC2-3-97,,バチバチバチッ！！,咻咻咻！！,,バチバチバチッ！！,「劈啪劈啪！！」,Zap zap zap!!,바치바치바칫!!,「劈啪劈啪！！」
,,,,,,,,,
Dialog.DLC2-3-98,,【K22号、下級戦闘員の返事は全て絶対の肯定を表す“キィーーーーーッ”です。それ以外の発声は許可なしでは禁止されます。】,【K22號，下級戰鬥員的回答皆以絕對肯定的“咿———”表示。其他發聲未經允許則禁止。】,,【K22号、下級戦闘員の返事は全て絶対の肯定を表す『キィーーーーーッ』です。それ以外の発声は許可なしでは禁止されます。】,【K22號，下級戰鬥員在回話時，一律只能發出代表絕對肯定的「嘰────」。未經許可不准做出其他發聲。】,"[K22, a junior soldier, can only reply with ""Kiiii"", which indicates absolute affirmation. They are not allowed to make other sounds.]","【K22호, 하급 전투원의 답변은 모두 절대 긍정을 나타내는 “키이ーーーーー잇”입니다. 그 외 발성은 허가 없이 금지됩니다.】",【K22号，下级战斗员在回话时，一律只能发出代表绝对肯定的「吱────」。未经许可不准做出其他发声。】
,,,,,,,,,
Dialog.DLC2-3-99,京,「き、きいっ…！？ぐうううっ！！」,「咿、咿…！？咕噫！！」,,「き、きいっ…！？ぐうううっ！！」,「嘰、嘰…！？呃啊啊啊！！」,"""K-kii...?! Guuuuh!!""","「키, 키잇…!? 크으으으윽!!」",「吱、吱…！？呃啊啊啊！！」
,,,,,,,,,
Dialog.DLC2-3-100,,バチバチバチッ！！,咻咻咻！！,,バチバチバチッ！！,「劈啪劈啪！！」,Zap zap zap!!,바치바치바칫!!,「劈啪劈啪！！」
,,,,,,,,,
Dialog.DLC2-3-101,,【K22号、下級戦闘員の返事は全て絶対の肯定を表す“キィーーーーーッ”です。それ以外の発声は許可なしでは禁止されます。】,【K22號，下級戰鬥員的回答皆以絕對肯定的“咿———”表示。其他發聲未經允許則禁止。】,,【K22号、下級戦闘員の返事は全て絶対の肯定を表す『キィーーーーーッ』です。それ以外の発声は許可なしでは禁止されます。】,【K22號，下級戰鬥員在回話時，一律只能發出代表絕對肯定的「嘰────」。未經許可不准做出其他發聲。】,"[K22, a junior soldier, can only reply with ""Kiiii"", which indicates absolute affirmation. They are not allowed to make other sounds.]","【K22호, 하급 전투원의 답변은 모두 절대 긍정을 나타내는 “키이ーーーーー잇”입니다. 그 외 발성은 허가 없이 금지됩니다.】",【K22号，下级战斗员在回话时，一律只能发出代表绝对肯定的「吱────」。未经许可不准做出其他发声。】
,,,,,,,,,
Dialog.DLC2-3-102,,「お゛おおっ♥、お゛ほっ♥！？」,「噢、噢♥，噢♥！？」,,「お゛おおっ♥、お゛ほっ♥！？」,「呃啊、哈、哈！？」,"""Oooh♥ ohoh♥?!""","「오옷 오오옷♥, 오옷 홋♥!?」",「呃啊、哈、哈！？」
,,,,,,,,,
Dialog.DLC2-3-103,京,【K22号、下級戦闘員の返事は全て絶対の肯定を表す“キィーーーーーッ”です。それ以外の発声は許可なしでは禁止されます。】,【K22號，下級戰鬥員的回答皆以絕對肯定的“咿———”表示。其他發聲未經允許則禁止。】,,【K22号、下級戦闘員の返事は全て絶対の肯定を表す『キィーーーーーッ』です。それ以外の発声は許可なしでは禁止されます。】,【K22號，下級戰鬥員在回話時，一律只能發出代表絕對肯定的「嘰────」。未經許可不准做出其他發聲。】,"[K22, a junior soldier, can only reply with ""Kiiii"", which indicates absolute affirmation. They are not allowed to make other sounds.]","【K22호, 하급 전투원의 답변은 모두 절대 긍정을 나타내는 “키이ーーーーー잇”입니다. 그 외 발성은 허가 없이 금지됩니다.】",【K22号，下级战斗员在回话时，一律只能发出代表绝对肯定的「吱────」。未经许可不准做出其他发声。】
,,,,,,,,,
Dialog.DLC2-3-104,,「ひぎゅううううっ♥！？やめ、やめへっっ♥お゛っ♥、いぎゅうううっ！？！？」,「噫噫噫噫♥！？停、停♥噢♥、咿噫噫噫！？！？」,,「ひぎゅううううっ♥！？やめ、やめへっっ♥お゛っ♥、いぎゅうううっ！？！？」,「不要、住手…住手…呃、啊啊啊！？！？」,"""Higyuuuuu♥?! Shtop, shtop iit♥ oh♥ igyuuuu?!?!""","「히규우우우웃♥!? 멈춰 그만둿♥ 오옷 옷♥, 이규우우웃!?!?」",「不要、住手…住手…呃、啊啊啊！？！？」
,,,,,,,,,
Dialog.DLC2-3-105,,バチバチバチバチバチバチッ！！,咻咻咻咻咻咻！！,,バチバチバチバチバチバチッ！！,「劈啪劈啪劈啪劈啪！！」,Bzzzzzzzzzzzzzzzzzt!,바치바치바치바치바치바칫!!,「劈啪劈啪劈啪劈啪！！」
,,,,,,,,,
Dialog.DLC2-3-106,,【K22号、下級戦闘員の返事は全て絶対の肯定を表す“キィーーーーーッ”です。それ以外の発声は許可なしでは禁止されます。】,【K22號，下級戰鬥員的回答皆以絕對肯定的“咿———”表示。其他發聲未經允許則禁止。】,,【K22号、下級戦闘員の返事は全て絶対の肯定を表す『キィーーーーーッ』です。それ以外の発声は許可なしでは禁止されます。】,【K22號，下級戰鬥員在回話時，一律只能發出代表絕對肯定的「嘰────」。未經許可不准做出其他發聲。】,"[K22, a junior soldier, can only reply with ""Kiiii"", which indicates absolute affirmation. They are not allowed to make other sounds.]","【K22호, 하급 전투원의 답변은 모두 절대 긍정을 나타내는 “키이ーーーーー잇”입니다. 그 외 발성은 허가 없이 금지됩니다.】",【K22号，下级战斗员在回话时，一律只能发出代表绝对肯定的「吱────」。未经许可不准做出其他发声。】
,,,,,,,,,
Dialog.DLC2-3-107,,【K22号、下級戦闘員の返事は全て絶対の肯定を表す“キィーーーーーッ”です。それ以外の発声は許可なしでは禁止されます。】,【K22號，下級戰鬥員的回答皆以絕對肯定的“咿———”表示。其他發聲未經允許則禁止。】,,【K22号、下級戦闘員の返事は全て絶対の肯定を表す『キィーーーーーッ』です。それ以外の発声は許可なしでは禁止されます。】,【K22號，下級戰鬥員在回話時，一律只能發出代表絕對肯定的「嘰────」。未經許可不准做出其他發聲。】,"[K22, a junior soldier, can only reply with ""Kiiii"", which indicates absolute affirmation. They are not allowed to make other sounds.]","【K22호, 하급 전투원의 답변은 모두 절대 긍정을 나타내는 “키이ーーーーー잇”입니다. 그 외 발성은 허가 없이 금지됩니다.】",【K22号，下级战斗员在回话时，一律只能发出代表绝对肯定的「吱────」。未经许可不准做出其他发声。】
,,,,,,,,,
Dialog.DLC2-3-108,,【K22号、下級戦闘員の返事は全て絶対の肯定を表す“キィーーーーーッ”です。それ以外の発声は許可なしでは禁止されます。】,【K22號，下級戰鬥員的回答皆以絕對肯定的“咿———”表示。其他發聲未經允許則禁止。】,,【K22号、下級戦闘員の返事は全て絶対の肯定を表す『キィーーーーーッ』です。それ以外の発声は許可なしでは禁止されます。】,【K22號，下級戰鬥員在回話時，一律只能發出代表絕對肯定的「嘰────」。未經許可不准做出其他發聲。】,"[K22, a junior soldier, can only reply with ""Kiiii"", which indicates absolute affirmation. They are not allowed to make other sounds.]","【K22호, 하급 전투원의 답변은 모두 절대 긍정을 나타내는 “키이ーーーーー잇”입니다. 그 외 발성은 허가 없이 금지됩니다.】",【K22号，下级战斗员在回话时，一律只能发出代表绝对肯定的「吱────」。未经许可不准做出其他发声。】
,,,,,,,,,
Dialog.DLC2-3-109,,―――――――――――,―――――――――――,,―――――――――――,―――――――――――,―――――――――――,―――――――――――,―――――――――――
,,,,,,,,,
Dialog.DLC2-3-110,,――――――――,――――――――,,――――――――,――――――――,――――――――,――――――――,――――――――
,,,,,,,,,
Dialog.DLC2-3-111,,――――,――――,,――――,――――,――――,――――,――――
,,,,,,,,,
,暗転,,,,,,,,
Dialog.DLC2-3-112,財団アジト,数十時間後――――,數十小時後――――,,数十時間後――――,數十小時後――――,Several dozen hours later...,수십 시간 후――――,数十小时后――――
,,,,,,,,,
Dialog.DLC2-3-113,明穂,「どうしたのドクター？面白いものが見れるって？」,「怎麼了，博士？有趣的東西可以看到嗎？」,,「どうしたのドクター？面白いものが見れるって？」,「怎麼了，博士？不是說有好玩的東西可以看嗎？」,"""What is it, Doctor? You said there's something interesting to see?""",「왜 그래 닥터? 재미있는 걸 볼 수 있다니?」,「怎么了，博士？不是说有好玩的东西可以看吗？」
,,,,,,,,,
Dialog.DLC2-3-113(1),SEL,「すぐにわかる。――――命令だK22号、今すぐ指令室まで来い。」,「立刻明白了。――――K22號，立即前往指令室。」,,「すぐにわかる。――――命令だK22号、今すぐ指令室まで来い。」,「馬上就知道了。――――命令，K22號，立刻到指令室來。」,"""You'll see soon. It's an order, K22. Come to the command room immediately.""","「곧 알게 될 거다.―――― 명령이다 K22호, 지금 당장 지령실로 와라.」",「马上就知道了。――――命令，K22号，立刻到指令室来。」
,,,,,,,,,
Dialog.DLC2-3-114,,そしてしばらくすると――――,過了一會兒――――,,そしてしばらくすると――――,之後過沒多久――――,And after a while...,그리고 잠시 후――――,之后过没多久――――
,,,,,,,,,
Dialog.DLC2-3-115,K22号(シルエット),「……………っ！！！」,「……………啊！！！」,,「……………っ！！！」,「……………！！！」,"""...!!!""",「……………잇!!!」,「……………！！！」
,,,,,,,,,
Dialog.DLC2-3-116,K22号,「きっ、キィーーーーーーッ！K22号、無事改造完了し、命令通り参上いたしました！」,「啊、啊啊啊啊啊啊啊啊！K22號，改造已經完成，按照命令到達了！」,,「きっ、キィーーーーーーッ！K22号、無事改造完了し、命令通り参上いたしました！」,「嘰、嘰────！K22號，改造順利完成，已依命令前來報到！」,"""K-KIIIIII! K22, modification successfully completed, reporting as ordered!""","「킷, 키이ーーーーーー잇! K22호, 무사히 개조 완료하여, 명령대로 참상했습니다!」",「吱────！K22号，改造顺利完成，已依命令前来报到！」
,,,,,,,,,
Dialog.DLC2-3-117,,K22号がピシッと敬礼を決め指令室に現れる。,K22號整齊地敬禮，出現在指令室。,,K22号がピシッと敬礼を決め指令室に現れる。,K22號挺直身子行了一個俐落的敬禮，出現在指令室裡。,K22 appeared in the command room with a crisp salute.,K22호가 빳빳하게 경례를 하며 지령실에 나타난다.,K22号挺直身子行了一个俐落的敬礼，出现在指令室里。
,,,,,,,,,
Dialog.DLC2-3-118,明穂,「……え？………まさか、京ちゃん？何やってるの？」,「……嗯？……難道是，京？你在做什麼？」,,「……え？………まさか、京ちゃん？何やってるの？」,「……咦？………不會吧，京醬？妳在幹嘛？」,"""...Eh? ...No way, Kei? What are you doing?""","「……에?……… 설마, 케이쨩? 뭐 하고 있어?」",「……咦？………不会吧，京酱？你在干嘛？」
,,,,,,,,,
Dialog.DLC2-3-119,K22号,「っ、見ての通りでありますっ！猫宮京は組織への反逆の罪により下級戦闘員K22号へと改造されましたっ！」,「啊、正如您所見！猫宮京因反叛組織的罪行而被改造成下級戰鬥員K22號！」,,「っ、見ての通りでありますっ！猫宮京は組織への反逆の罪により下級戦闘員K22号へと改造されましたっ！」,「如、如各位所見！貓宮京因犯下對組織的反逆之罪，已被改造為下級戰鬥員K22號！」,"""As you can see! Kei Nekomiya has been converted to junior soldier K22 for the crime of rebellion against the organization!""","「윽, 보시는 바와 같습니다! 네코미야 케이는 조직에 대한 반역죄로 하급 전투원 K22호로 개조되었습니다!」",「如、如各位所见！猫宫京因犯下对组织的反逆之罪，已被改造为下级战斗员K22号！」
,,,,,,,,,
Dialog.DLC2-3-120,,「上級幹部から12階級降格し、現在は最下級の戦闘員でありますっ！」,「從高級幹部降級到第12級，現在是最低級的戰鬥員！」,,「上級幹部から12階級降格し、現在は最下級の戦闘員でありますっ！」,「由上級幹部一口氣降了十二階，現在是最低階級的戰鬥員！」,"""Demoted 12 ranks from senior executive, currently the most junior soldier!""","「상급 간부에서 12계급 강등되어, 현재는 최하급 전투원입니다!」",「由上级干部一口气降了十二阶，现在是最低阶级的战斗员！」
,,,,,,,,,
Dialog.DLC2-3-121,,その瞬間、明穂は堰を切ったように笑いだす。,在那一瞬間，明穗像打開了堤壩般放聲大笑。,,その瞬間、明穂は堰を切ったように笑いだす。,那一瞬間，明穗像潰堤一樣笑了出來。,"At that moment, Akiho burst out laughing like a dam had broken.","그 순간, 아키호는 둑이 터진 듯 웃기 시작한다.",那一瞬间，明穗像溃堤一样笑了出来。
,,,,,,,,,
Dialog.DLC2-3-122,明穂,「えっww、…うそでしょっ！？あのいつもすまし顔のケイちゃんがっwww、アハハハハッ！！！」,「咦ww，...不會吧！？那個總是一副正經臉的京小姐竟然ww，啊哈哈哈哈！！！」,,「えっww、…うそでしょっ！？あのいつもすまし顔のケイちゃんがっwww、アハハハハッ！！！」,「欸ww…騙人吧！？那個老是一臉酷樣的京醬竟然變成這樣www，啊哈哈哈哈！！！」,"“Eh? Haha… no way! Kei-chan, who’s always acting so cool, ended up like this? Ahahahaha!”","「엣ㅋㅋ, …거짓말이지!? 저 항상 새침한 얼굴의 케이쨩이ㅋㅋㅋ, 아하하하하!!!」",「欸ww、…骗人吧！？那个老是一脸酷样的京酱竟然变成这样www、啊哈哈哈哈！！！」
,,,,,,,,,
Dialog.DLC2-3-123,,「キィーーーーーーッ！って？あははっ、wwwキィーーーーーーッ！だってwww」,「咦ーーーーー！嗯？啊哈哈，www咦ーーーーー！因為嘛www」,,「キィーーーーーーッ！って？あははっ、wwwキィーーーーーーッ！だってwww」,「『嘰────！』什麼的？啊哈哈、www居然是嘰────！www」,"""KIIIIII! she says? Ahaha! Kiiiiii! She said Kiiiiii!""","「키이ーーーーーー잇!이라고? 아하핫, ㅋㅋㅋ 키이ーーーーーー잇!이라니ㅋㅋㅋ」",「「吱────！」什么的？啊哈哈、www居然是吱────！www」
,,,,,,,,,
Dialog.DLC2-3-124,,「あはっ、しかも何！？そのバカみたいなおっぱいっwww、そんなので戦闘員できるのっwww？」,「啊哈，而且還有什麼！？那種愚蠢的胸部ww，這樣的人能當戰鬥員嗎ww？」,,「あはっ、しかも何！？そのバカみたいなおっぱいっwww、そんなので戦闘員できるのっwww？」,「啊哈，而且那是什麼啊！？那對蠢得要命的奶子www，這樣也能當戰鬥員嗎www？」,"""Aha, and what?! Those stupid-looking boobs... Can you even be a soldier with those?""","「아핫, 게다가 뭐야!? 그 바보 같은 가슴 ㅋㅋㅋ, 그런 걸로 전투원 할 수 있어ㅋㅋㅋ?」",「啊哈，而且那是什么啊！？那对蠢得要命的奶子www，这样也能当战斗员吗www？」
,,,,,,,,,
Dialog.DLC2-3-125,K22号,「ぐうっ…！、わ、笑いすぎだっ！！」,「咕嚕…！嗚，笑得太過火了！！」,,「ぐうっ…！、わ、笑いすぎだっ！！」,「咕…！妳、妳笑太過分了！！」,"""Guh...! Y-you're laughing too much!!""","「크으윽…!, 너, 너무 웃잖아!!」",「咕…！你、你笑太过分了！！」
,,,,,,,,,
Dialog.DLC2-3-126,明穂,「あははっ！？え、下級戦闘員の京ちゃんが上級幹部様にそんなこと言っていいのwww？」,「啊哈哈！？咦，下級戰鬥員的京小姐對上級幹部大人說這種話也可以嗎www？」,,「あははっ！？え、下級戦闘員の京ちゃんが上級幹部様にそんなこと言っていいのwww？」,「啊哈哈！？欸，下級戰鬥員的京醬可以這樣對上級幹部大人說話嗎www？」,"""Ahaha?! Is it okay for a junior soldier to talk to a senior executive like that?""","「아하핫!? 음, 하급 전투원 케이쨩이 상급 간부님께 그런 말 해도 되는 거야ㅋㅋㅋ?」",「啊哈哈！？欸，下级战斗员的京酱可以这样对上级干部大人说话吗www？」
,,,,,,,,,
Dialog.DLC2-3-127,,「あっ、今は戦闘員K22号だったね、アハハハハッwwww」,「啊，現在是戰鬥員K22號呢，啊哈哈哈哈哈wwww」,,「あっ、今は戦闘員K22号だったね、アハハハハッwwww」,「啊，對喔，現在該叫戰鬥員K22號才對，啊哈哈哈哈wwww」,"""Oh, it's soldier K22 now, right? AHAHAHAHA!""","「앗, 지금은 전투원 K22호였지, 아하하하하ㅋㅋㅋㅋ」",「啊，对喔，现在该叫战斗员K22号才对，啊哈哈哈哈wwww」
,,,,,,,,,
Dialog.DLC2-3-128,K22号,「き、キィーーーーーーッ！上級幹部様に失礼な物言い、誠に申し訳ございませんでした……っ！」,「咦、咦ーーーーーーッ！對上級幹部大人失禮的言論，誠心誠意地道歉……！」,,「き、キィーーーーーーッ！上級幹部様に失礼な物言い、誠に申し訳ございませんでした……っ！」,「嘰────！對上級幹部大人出言無狀，實在萬分抱歉……！」,"""K-KIIIIII! I apologize for my disrespectful utterance toward a senior executive!""","「키, 키이ーーーーーー잇! 상급 간부님께 실례되는 말투, 진심으로 죄송합니다……잇!」",「吱────！对上级干部大人出言无状，实在万分抱歉……！」
,,,,,,,,,
Dialog.DLC2-3-129,明穂,「あははははっっwww、またキィーーッ！だってwww、面白過ぎでしょっwww」,「啊哈哈哈哈哈www，又是咦ーーーーーーッ！因為嘛www，太有趣了吧www」,,「あははははっっwww、またキィーーッ！だってwww、面白過ぎでしょっwww」,「啊哈哈哈哈www，又來嘰────！www，真的好好笑www」,"""Ahahaha, that kiiii again! This is too funny!""","「아하하하하ㅋㅋㅋㅋ, 또 키이--잇!이라니ㅋㅋㅋ, 너무 웃겨ㅋㅋㅋ」",「啊哈哈哈哈www，又来吱────！www，真的好好笑www」
,,,,,,,,,
Dialog.DLC2-3-129(1),SEL,「……どうやら気に入ってもらえたようだな。」,「……看來你很滿意呢。」,,「……どうやら気に入ってもらえたようだな。」,「……看來你挺滿意這成果的。」,"""At least you find it funny.""",「……아무래도 마음에 든 모양이군.」,「……看来你挺满意这成果的。」
Dialog.DLC2-3-130,連続の選択肢ができないので妥協,...,請提供更多上下文以便翻譯。,,...,,...,...,
Dialog.DLC2-3-130(1),SEL,「情けで自意識は残してある。知能もバックアップは取ってあるから復元も可能だ。」,「出於憐憫，自我意識仍然存在。智能也有備份，因此可以進行復原。」,,「情けで自意識は残してある。知能もバックアップは取ってあるから復元も可能だ。」,「看在情面上，我有把她的自我意識留下來。智力也有做備份，隨時也可以進行復原。」,"""I spared her self-awareness. Her intelligence is backed up, so she can be restored.""",「자비로 자의식은 남겨두었다. 지능도 백업은 해두었으니 복원도 가능하다.」,「看在情面上，我有把她的自我意识留下来。智力也有做备份，随时也可以进行复原。」
,,,,,,,,,
Dialog.DLC2-3-131(1),SEL,「下級戦闘員として戦果を挙げ、組織への忠誠心を示せばまた幹部に戻るチャンスを与えよう。」,「作為下級戰鬥員取得戰果，展現對組織的忠誠，將有機會再次成為幹部。」,,「下級戦闘員として戦果を挙げ、組織への忠誠心を示せばまた幹部に戻るチャンスを与えよう。」,「只要她以下級戰鬥員的身分立下戰功，證明對組織的忠誠，我就會再給她升回幹部的機會。」,"""If she proves loyal as a junior soldier, I'll let her return as an executive.""","「하급 전투원으로서 전과를 올리고, 조직에 대한 충성심을 보이면 다시 간부로 돌아갈 기회를 주겠다.」",「只要她以下级战斗员的身分立下战功，证明对组织的忠诚，我就会再给她升回干部的机会。」
,,,,,,,,,
Dialog.DLC2-3-132,K22号,「ぐうっ…キィーーーーーーッ！寛大な処遇にしていただき…誠にありがとうございます……ッ！」,「咕……咦ーーーーーーッ！受到如此寬大的對待…誠心感謝……！」,,「ぐうっ…キィーーーーーーッ！寛大な処遇にしていただき…誠にありがとうございます……ッ！」,「咕…嘰────！承蒙給予這般寬大處置……實在萬分感謝……！」,"""Guh... KIIIIII! Thank you very much for your mercy!""",「크윽… 키이ーーーーーー잇! 관대한 처우를 내려주셔서… 진심으로 감사합니다……윽!」,「咕…吱────！承蒙给予这般宽大处置……实在万分感谢……！」
,,,,,,,,,
Dialog.DLC2-3-132(1),SEL,「配置は…そうだな、さっき新設したクローン戦闘員072号の部隊でいいだろう。」,「配置是…沒錯，就用剛剛新設立的克隆戰鬥員072號的部隊吧。」,,「配置は…そうだな、さっき新設したクローン戦闘員072号の部隊でいいだろう。」,「關於配置的話…這樣吧，就丟去剛成立的克隆戰鬥員072號部隊好了。」,"""For placement... right, the newly established unit led by 072 should do.""","「배치는… 그래, 방금 신설한 클론 전투원 072호의 부대가 좋겠군.」",「关于配置的话…这样吧，就丢去刚成立的克隆战斗员072号部队好了。」
,,,,,,,,,
Dialog.DLC2-3-133,072号(隣に3人位戦闘員の立ち絵),「―――了解いたしました。下級戦闘員K22号を我が隊の隊員として受け入れます。」,「——了解了。我們將接納下級戰鬥員K22號為我們隊的隊員。」,,「―――了解いたしました。下級戦闘員K22号を我が隊の隊員として受け入れます。」,「――了解。我方部隊將接收下級戰鬥員K22號成為隊員。」,"""Understood. I accept junior soldier K22 as a member of my unit.""",「―――알겠습니다. 하급 전투원 K22호를 저희 부대원으로 받아들이겠습니다.」,「――了解。我方部队将接收下级战斗员K22号成为队员。」
,,,,,,,,,
Dialog.DLC2-3-134,,「K22号、挨拶を。」,「K22號，請問好。」,,「K22号、挨拶を。」,「K22號，打聲招呼。」,"""K22, greet them.""","「K22호, 인사를.」",「K22号，打声招呼。」
,,,,,,,,,
Dialog.DLC2-3-135,K22号,「キィーーーーーーッ！新たに配属されましたK22号です！よろしくお願いいたします！」,「咦ーーーーーーッ！我是新配屬的K22號！請多多指教！」,,「キィーーーーーーッ！新たに配属されましたK22号です！よろしくお願いいたします！」,「嘰────！我是新調配過來的K22號！今後請多多指教！」,"""KIIIIII! I'm the newly assigned K22! Nice to meet you!""",「키이ーーーーーー잇! 새로 배속된 K22호입니다! 잘 부탁드립니다!」,「吱────！我是新调配过来的K22号！今后请多多指教！」
,,,,,,,,,
Dialog.DLC2-3-136,,(くうううううっ！！！何故私がクローンなんぞに頭を下げなければいけないんだっ……！),「咕嗚嗚嗚嗚嗚！！！為什麼我要向克隆人低頭呢……！」,,(くうううううっ！！！何故私がクローンなんぞに頭を下げなければいけないんだっ……！),（嗚啊啊啊啊！！！為什麼我竟然還得向區區克隆人低頭……！）,(Kuuuuuh!!! Why do I have to bow my head to a mere clone...!),(크으으으으윽!!! 왜 내가 클론 따위에게 머리를 숙여야 하는 거야……!),（呜啊啊啊啊！！！为什么我竟然还得向区区克隆体低头……！）
,,,,,,,,,
Dialog.DLC2-3-137,072号,「よろしい。データによると戦闘力はかなり低いので…最初は簡単な基礎訓練からですね。」,「好的。根據資料顯示戰鬥力相當低，所以…一開始就從簡單的基礎訓練開始吧。」,,「よろしい。データによると戦闘力はかなり低いので…最初は簡単な基礎訓練からですね。」,「很好。根據資料顯示妳的戰鬥力相當低落……一開始就先從簡單的基礎訓練開始吧。」,"""Very well. According to the data, your combat ability is quite low... We'll start with simple training.""",「좋습니다. 데이터에 따르면 전투력은 상당히 낮으므로… 처음에는 간단한 기초 훈련부터겠죠.」,「很好。根据资料显示你的战斗力相当低落……一开始就先从简单的基础训练开始吧。」
,,,,,,,,,
Dialog.DLC2-3-138,明穂,「あははっ、頑張ってね～～～デカパイおバカ戦闘員K22号ちゃん♥」,「哈哈，加油哦～～～笨蛋大奶戰鬥員K22號小姐♥」,,「あははっ、頑張ってね～～～デカパイおバカ戦闘員K22号ちゃん♥」,「啊哈哈，加油囉～～～大奶笨蛋戰鬥員K22號醬♥」,"""Ahaha, good luck! Big-boobed stupid combatant K22!""","「아하핫, 힘내라~~~ 왕가슴 바보 전투원 K22호쨩♥」",「啊哈哈，加油啰～～～大奶笨蛋战斗员K22号酱♥」
,,,,,,,,,
Dialog.DLC2-3-139,,「あっ、そうだ、K22号ちゃん肝心なもの忘れてるよ！」,「啊，對了，K22號小姐，重要的事情忘記了！」,,「あっ、そうだ、K22号ちゃん肝心なもの忘れてるよ！」,「啊，對了，K22號醬妳忘了很重要的東西喔！」,"""Oh, that's right, K22, you're forgetting something important!""","「앗, 맞다, K22호쨩 중요한 거 잊었어!」",「啊，对了，K22号酱你忘了很重要的东西喔！」
,,,,,,,,,
Dialog.DLC2-3-140,,そう言うと明穂はK22号に戦闘員の仮面を被せる,這樣說著，明穗將戰鬥員面具戴在K22號的臉上。,,そう言うと明穂はK22号に戦闘員の仮面を被せる,說完，明穗就把戰鬥員的面具給K22號戴上。,"With that, Akiho placed a soldier mask on K22.",그렇게 말하며 아키호는 K22호에게 전투원 가면을 씌운다,说完，明穗就把战斗员的面具给K22号戴上。
,,,,,,,,,
Dialog.DLC2-3-141,K22号(戦闘員仮面付き),「キィーーーーーーッ！あ、ありがとうございますっ………！」,「咦——！啊，謝謝您………！」,,「キィーーーーーーッ！あ、ありがとうございますっ………！」,「嘰────！啊，謝、謝謝您………！」,"""KIIIIII! T-thank you...!""","「키이ーーーーーー잇! 가, 감사합니다………!」",「吱────！啊，谢、谢谢您………！」
,,,,,,,,,
Dialog.DLC2-3-142,明穂,「あははははっっwww、お面つけると完全に戦闘員じゃんwww」,「哈哈哈哈哈哈www，戴上面具完全就是戰鬥員了www」,,「あははははっっwww、お面つけると完全に戦闘員じゃんwww」,「啊哈哈哈哈www，戴上面具之後完全就是貨真價實的戰鬥員嘛www」,"""With the mask on, you're totally a soldier!""","「아하하하하ㅋㅋㅋㅋ, 가면 쓰니까 완전 전투원이잖아ㅋㅋㅋ」",「啊哈哈哈哈www，戴上面具之后完全就是货真价实的战斗员嘛www」
,,,,,,,,,
Dialog.DLC2-3-143,072号,「ふむ…。その貧弱な体に不釣り合いな胸部で戦闘が出来るか非常に疑問ではありますが…」,「嗯...。雖然對於那副瘦弱的身軀擁有如此不協調的胸部進行戰鬥感到非常懷疑...」,,「ふむ…。その貧弱な体に不釣り合いな胸部で戦闘が出来るか非常に疑問ではありますが…」,「嗯……。那副孱弱的身體配上如此不成比例的胸部，究竟能不能戰鬥實在非常值得懷疑……」,"""Hmm... I seriously doubt you can fight with that chest so disproportionate to your frail body...""",「흠…. 그 빈약한 몸에 어울리지 않는 흉부로 전투가 가능할지 매우 의문입니다만…」,「嗯……。那副孱弱的身体配上如此不成比例的胸部，究竟能不能战斗实在非常值得怀疑……」
,,,,,,,,,
Dialog.DLC2-3-144,,(っ！、うううううっ！！！好き勝手言いやがって！！！),(っ！、唔唔唔唔！！！隨便說些什麼！！！),,(っ！、うううううっ！！！好き勝手言いやがって！！！),（呃！呃呃呃呃呃！！！這些人的發言真的完全不留情面！！！）,(Uuuuuh!!! She's just saying whatever she wants!),"(윽!, 으으으으윽!!! 마음대로 지껄이다니!!!)",（呃！呃呃呃呃呃！！！这些人的发言真的完全不留情面！！！）
,,,,,,,,,
Dialog.DLC2-3-144(1),SEL,「……下級戦闘員K22号。財団への忠誠心を示せるように072号の下で任務遂行に全力を尽くせ。」,「......下級戰鬥員K22號。請在072號的指揮下，全力以赴完成任務，展現對財團的忠誠。」,,「……下級戦闘員K22号。財団への忠誠心を示せるように072号の下で任務遂行に全力を尽くせ。」,「……下級戰鬥員K22號。為了證明對財團的忠誠，在072號麾下執行任務時給我全力以赴。」,"""...Junior Soldier K22. Serve under 072 and prove your loyalty to the Foundation.""",「……하급 전투원 K22호. 재단에 대한 충성심을 보일 수 있도록 072호 아래에서 임무 수행에 전력을 다해라.」,「……下级战斗员K22号。为了证明对财团的忠诚，在072号麾下执行任务时给我全力以赴。」
,,,,,,,,,
Dialog.DLC2-3-145,K22号,「キィーーーーーーッ！下級戦闘員K22号、財団のため、全力で取り組んでまいりますっ！！」,「咦——！下級戰鬥員K22號，將全力以赴為了財團而努力！！」,,「キィーーーーーーッ！下級戦闘員K22号、財団のため、全力で取り組んでまいりますっ！！」,「嘰────！下級戰鬥員K22號，今後必將為財團全力以赴！！」,"""KIIIIII! Junior soldier K22 will work with do everything I can for the Foundation!!""","「키이ーーーーーー잇! 하급 전투원 K22호, 재단을 위해, 전력으로 임하겠습니다!!」",「吱────！下级战斗员K22号，今后必将为财团全力以赴！！」
,,,,,,,,,
Dialog.DLC2-3-146,,改造されたK22号は命令に対して反射的に完璧な戦闘員の敬礼で応じてしまう,改造後的K22號對命令反射性地以完美的戰鬥員敬禮回應。,,改造されたK22号は命令に対して反射的に完璧な戦闘員の敬礼で応じてしまう,被改造過的K22號，對於命令會下意識地用完美的戰鬥員敬禮作出回應。,The modified K22 instinctively responded to orders with a perfect soldier salute.,개조된 K22호는 명령에 대해 반사적으로 완벽한 전투원의 경례로 응답해 버린다,被改造过的K22号，对于命令会下意识地用完美的战斗员敬礼作出回应。
,,,,,,,,,
Dialog.DLC2-3-146(1),SEL,「……ふう、これで事件もひと段落だな。」,「......呼，這樣事件也算告一段落了。」,,「……ふう、これで事件もひと段落だな。」,「……呼，這樣一來，這起事件也算告一段落了。」,"""...Phew, this incident is now settled.""","「……후우, 이걸로 사건도 일단락됐군.」",「……呼，这样一来，这起事件也算告一段落了。」
,,,,,,,,,
Dialog.DLC2-3-147,,その後、財団はさらに勢力を広げる中で、K22号は下級戦闘員として072号の部隊で任務に従事するのだった,在此之後，福倫財團不斷擴大勢力的同時，K22號作為下級戰鬥員，加入072號部隊參與任務。,,その後、財団はさらに勢力を広げる中で、K22号は下級戦闘員として072号の部隊で任務に従事するのだった,之後，在財團持續擴張勢力的同時，K22號也以下級戰鬥員的身分，在072號的部隊中投入各項任務。,"Afterward, as the Foundation expanded its influence further while K22 served on missions as a junior soldier in 072's unit.","그 후, 재단이 더욱 세력을 넓혀가는 가운데, K22호는 하급 전투원으로서 072호의 부대에서 임무에 종사하게 되었다",之后，在财团持续扩张势力的同时，K22号也以下级战斗员的身分，在072号的部队中投入各项任务。
,,,,,,,,,
Dialog.DLC2-3-148,,――――――――,――――――――,,――――――――,――――――――,――――――――,――――――――,――――――――
,,,,,,,,,
Dialog.DLC2-3-149,,――――,――――――――,,――――,――――,――――,――――,――――
,,,,,,,,,
Dialog.DLC2-3-150,,ー,ー,,ー,ー,ー,ー,ー