Key,Comment,Japanese,Japanese_Steam,Traditional Chinese_Steam,English_Steam,Korean_Steam
Erena Fallen Scene,注釈,闇堕ちシーン,闇堕ちシーン,,闇堕ちシーン,타락 이벤트
Erena.Fallen1-1,Erena darkness1ｰ1,――――財団地下研究施設,――――財団地下研究施設,――――財團地下研究設施,At the Foundation's underground research facility,――――재단 지하 연구 시설
,,,,,,
Erena.Fallen1-2,,グジュッ♥、ジュルッ♥、グチュッ、グチュッ、ズプッ、ジュルルルッ！♥,グジュッ♥、ジュルッ♥、グチュッ、グチュッ、ズプッ、ジュルルルッ！♥,咕嘰！、咕嚕！、咕啾、咕啾、噗滋、咕嚕嚕嚕！,"Gush, squelch, gush, squelch, splash...","구츗♥, 쥬릇♥, 구츗, 구츗, 즈풋, 쥬르르르릇!♥"
,,,,,,
Erena.Fallen1-3,エレナ,「ん゛んっ！♥、う゛ん゛ん゛ん゛っ！ん゛ん～～～っっ♥♥！！」,「ん゛んっ！♥、う゛ん゛ん゛ん゛っ！ん゛ん～～～っっ♥♥！！」,「嗯嗯！、嗚嗯嗯嗯嗯！嗯嗯～～～！」,"""Nnnnnn♥ Uhhhnnnnnnnnnnn♥""","「응옷 응윽!♥, 으옷 응옷 응옷 응옷 윽! 응옷 응~~~읏♥♥!!」"
,,,,,,
Erena.Fallen1-4,,清藤エレナは触手怪人によって地下深くの研究室に拘束されていた,清藤エレナは触手怪人によって地下深くの研究室に拘束されていた,清藤艾蓮娜被觸手怪人拘束在地下深處的研究室裡。,"Elena Kiyofuji was confined to a research lab deep underground, courtesy of the Tentacle Man.",세이토 엘레나는 촉수 괴인에 의해 지하 깊숙한 연구실에 구속되어 있었다
,,,,,,
Erena.Fallen1-5,,グッチュッ、グチュッ、グチュッ♥,グッチュッ、グチュッ、グチュッ♥,咕啾、咕啾、咕啾！,Squelch♥ Squelch♥ Squelch♥,"굿츗, 구츗, 구츗♥"
,,,,,,
Erena.Fallen1-6,触手怪人,「触手を動かすごとにキュウキュウと締め付けおって。エレナ君はかわいいなあ？」,「触手を動かすごとにキュウキュウと締め付けおって。エレナ君はかわいいなあ？」,「每次觸手一動就緊緊地勒住妳。艾蓮娜小姐真是可愛啊？」,"""The tentacles are stuck to you. You're cute.""",「촉수를 움직일 때마다 큣큣하고 조여오고. 엘레나 군은 귀엽구나?」
,Erena darkness 1ｰ2,,,,,
Erena.Fallen1-7,エレナ,「ん゛ん゛ん゛っ！！う゛ん～～～！！」,「ん゛ん゛ん゛っ！！う゛ん～～～！！」,「嗯嗯嗯！！嗚嗯～～～！！」,"""Nnnnn... Nnnnnn... Uhnnnn...""",「응옷 응옷 응옷 윽!! 으옷 응~~~!!」
,,,,,,
Erena.Fallen1-8,触手怪人,「ぐぐふっ、どうだ？私は16本の生殖用触手を持っているからな。君も飽きないだろう？」,「ぐぐふっ、どうだ？私は16本の生殖用触手を持っているからな。君も飽きないだろう？」,「呵呵呵，怎麼樣？我可是有十六根生殖用觸手喔。妳也不會感到無聊吧？」,"""How are they? I mean, I have sixteen tentacles for reproductive purposes... You won't ever get tired of them.""","「크크큭, 어떠냐? 나는 16개의 생식용 촉수를 가지고 있으니. 너도 질리지 않겠지?」"
,,,,,,
Erena.Fallen1-9,エレナ,「ん゛ん゛ん゛っ♥！ん゛っ～～！！」,「ん゛ん゛ん゛っ♥！ん゛っ～～！！」,「嗯嗯嗯！嗯～～！！」,"""Nnnnnnn♥ Nnnnnnn♥""",「응옷 응옷 응옷 윽♥! 응옷 윽~~!!」
,,,,,,
Erena.Fallen1-10,触手怪人,「ああ、口にも突っ込んでいたから喋れなかったのか。これは失礼した」,「ああ、口にも突っ込んでいたから喋れなかったのか。これは失礼した」,「啊，原來是嘴巴裡也被塞著，所以說不出話來嗎。這可失禮了。」,"""Ah, sorry. You can't talk while one of those is in your mouth.""","「아아, 입에도 쑤셔 넣고 있어서 말할 수 없었나. 이건 실례했다」"
,,,,,,
Erena.Fallen1-11,,そしてエレナの口からズルリと触手が抜かれる,そしてエレナの口からズルリと触手が抜かれる,接著觸手從艾蓮娜的嘴裡緩緩抽出。,The Tentacle Man removed a tentacle from Elena's mouth.,그리고 엘레나의 입에서 즈르륵 하고 촉수가 빠져나온다
,Erena darkness 1-3,,,,,
Erena.Fallen1-12,エレナ,「ぷはっ！、はあっ、はあっ、はあっ！！」,「ぷはっ！、はあっ、はあっ、はあっ！！」,「呸哈！、哈、哈、哈！！」,"""Pfffffa! Haaaa... Haaaa...""","「푸핫!, 하앗, 하앗, 하앗!!」"
,,,,,,
Erena.Fallen1-13,Erena darkness 1-4,「ぐうっ♥、このっ！聖核戦姫に変身さえできればあなたなんてっ！」,「ぐうっ♥、このっ！聖核戦姫に変身さえできればあなたなんてっ！」,「嗚！、可惡！只要能變身成聖核戰姫，妳根本算什麼！」,"""Ughhhh... You would be nothing if I could transform...""","「크윽♥, 이! 성핵전희로 변신만 할 수 있다면 당신 따위!」"
,,,,,,
Erena.Fallen1-14,触手怪人,「おやおや？まだ反抗的だなあ？こんなに濡らしてるのに気持ちよく無かったのか？」,「おやおや？まだ反抗的だなあ？こんなに濡らしてるのに気持ちよく無かったのか？」,「哎呀哎呀？還這麼反抗啊？明明被弄得這麼濕，難道一點都不舒服嗎？」,"""Still trying to resist? But you're so wet! Didn't it feel good?""",「어이어이? 아직 반항적인가? 이렇게 젖어있는데 기분 좋지 않았나?」
,,,,,,
Erena.Fallen1-15,エレナ,「っ、……そんなわけがないでしょうっ！？」,「っ、……そんなわけがないでしょうっ！？」,「可惡、……怎麼可能會舒服！？」,"""...Not possible!""","「윽, ……그럴 리가 없잖아요!?」"
,,,,,,
Erena.Fallen1-16,,(――――私は清藤エレナっ！聖月生徒会副会長で聖核戦姫！こんな所で終わるわけがないっ！),(――――私は清藤エレナっ！ホーリーコア・レギオン副司令で聖核戦姫！こんな所で終わるわけがないっ！),(――――我是清藤艾蓮娜！聖核軍團副司令兼聖核戰姫！絕不會在這裡就結束！),(I am Elena Kiyofuji! The deputy commander of the Holy Core Legion and a Holy Core Battlemaiden! I can't die here!),(――――나는 세이토 엘레나! 홀리코어 레기온 부사령관이자 성핵전희! 이런 곳에서 끝날 리 없어!)
,,,,,,
Erena.Fallen1-17,,「いつまでもこの私を拘束できると思わないでくださいっ！すぐに脱出してあなたを細切れにします！」,「いつまでもこの私を拘束できると思わないでくださいっ！すぐに脱出してあなたを細切れにします！」,「別以為可以永遠拘束住我！我會馬上脫逃，將你碎屍萬段！」,"""Don't think you can confine me forever! I'm going to get out of this and cut you into a million pieces!""",「언제까지고 이 나를 구속할 수 있다고 생각하지 마세요! 즉시 탈출해서 당신을 갈기갈기 찢어버리겠습니다!」
,,,,,,
Erena.Fallen1-18,触手怪人,「ぐふふっ、この期に及んでまだ脱出できると思っているのか」,「ぐふふっ、この期に及んでまだ脱出できると思っているのか」,「呵呵呵，事到如今還以為自己能逃得出去嗎？」,"""You're still thinking about getting out, huh?""","「크흐흐, 이 지경에 이르러서도 아직 탈출할 수 있다고 생각하는가」"
,,,,,,
Erena.Fallen1-19,,「まったく…だがそんな勇ましいだけで浅慮なところもエレナ君らしい」,「まったく…だがそんな勇ましいだけで浅慮なところもエレナ君らしい」,「真是的……不過妳這種雖然勇猛卻又淺慮的地方，才像艾蓮娜小姐啊。」,"""Valiant but reckless. Very much like you, Elena.""",「정말… 하지만 그런 용맹스러울 뿐인 천박한 점도 엘레나 군답다」
,,,,,,
Erena.Fallen1-20,エレナ,「――――っ、私が浅慮だとっ？！」,「――――っ、私が浅慮だとっ？！」,「――――、說我淺慮？！」,"""Reckless? Me?""","「――――윽, 내가 천박하다고!?」"
,,,,,,
Erena.Fallen1-21,触手怪人,「だが、いくらかわいいエレナ君でも立場を理解してもらわんとなぁ？」,「だが、いくらかわいいエレナ君でも立場を理解してもらわんとなぁ？」,「不過，再怎麼可愛的艾蓮娜小姐，也該讓妳認清自己的立場了啊？」,"""But no matter how cute you are, you need to understand your situation.""","「하지만, 아무리 귀여운 엘레나 군이라도 입장을 이해시켜야겠군?」"
,,,,,,
Erena.Fallen1-22,,「エレナ君、君はこれから私の愛玩ペットになるのだ」,「エレナ君、君はこれから私の愛玩ペットになるのだ」,「艾蓮娜小姐，從現在起妳就要成為我的玩賞寵物了。」,"""You are going to become my pet.""","「엘레나 군, 너는 이제부터 나의 애완 펫이 되는 것이다」"
,,,,,,
Erena.Fallen1-23,エレナ,「っ、何を言っているのですか？！誰があなたなんかにっ！」,「っ、何を言っているのですか？！誰があなたなんかにっ！」,「可惡、你在說什麼？！誰會成為你這種傢伙的寵物！」,"""What are you talking about? You?""","「윽, 무슨 말을 하는 겁니까?! 누가 당신 따위에게!」"
,,,,,,
Erena.Fallen1-24,触手怪人,「グフフッ、それでこそエレナ君だ！気が強くてしつけがいがある！」,「グフフッ、それでこそエレナ君だ！気が強くてしつけがいがある！」,「呵呵呵，就是要這樣艾蓮娜小姐！個性強硬的才值得好好調教！」,"""Ah, yes, that's why I like you. Always so dominating!""","「크흐흐, 그래야 엘레나 군이지! 기가 세서 길들이는 보람이 있어!」"
,,,,,,
Erena.Fallen1-25,Erena darkness 1-5,触手怪人の口から触手が伸び、エレナの上半身を覆いつくすように飲み込む,触手怪人の口から触手が伸び、エレナの上半身を覆いつくすように飲み込む,觸手怪人的嘴裡伸出觸手，像要覆蓋艾蓮娜的上半身般將她吞噬。,A tentacle extended from the Tentacle Man's mouth and wrapped itself around Elena's upper body.,"촉수 괴인의 입에서 촉수가 뻗어 나와, 엘레나의 상반신을 덮듯이 삼킨다"
,,,,,,
Erena.Fallen1-26,エレナ,「――――なっ！、モゴッ！！」,「――――なっ！、モゴッ！！」,「――――什麼！、唔！！」,"""Huh? Mmmgmgg!""","「――――뭣!, 으읍!!」"
,,,,,,
Erena.Fallen1-27,,(視界がっ！？何が起きてっ？！),(視界がっ！？何が起きてっ？！),(視線被遮住了！？發生了什麼事！？),(My vision! What's going on?),(시야가!? 무슨 일이!?)
,,,,,,
Erena.Fallen1-28,触手怪人,「安心したまえ、君を捕食するつもりはない」,「安心したまえ、君を捕食するつもりはない」,「別擔心，我不是要吃掉妳。」,"""Don't worry, I'm not going to eat you.""","「안심해라, 너를 포식할 생각은 없다」"
,,,,,,
Erena.Fallen1-29,,「エレナ君を直接味わってみたくてね。口の中で味見させてもらうのだ」,「エレナ君を直接味わってみたくてね。口の中で味見させてもらうのだ」,「只是很想親自品嚐艾蓮娜小姐。讓我先在嘴裡嚐嚐妳的味道吧。」,"""But I want to taste you, so I'm going to give it a try. In my mouth.""",「엘레나 군을 직접 맛보고 싶어서 말이야. 입안에서 맛보도록 하지」
,,,,,,
Erena.Fallen1-30,エレナ,「―――――――――ッ！！ん゛ん゛―――――――――ッ！？！」,「―――――――――ッ！！ん゛ん゛―――――――――ッ！？！」,「―――――――――！！嗯嗯―――――――――？！」,"""Nnnnnnnnn!""",「―――――――――윽!! 응옷 응옷 ―――――――――윽!?!」
,,,,,,
Erena.Fallen1-31,,そして触手怪人は口の中でエレナをしゃぶり始める,そして触手怪人は口の中でエレナをしゃぶり始める,接著觸手怪人開始在嘴裡舔弄艾蓮娜。,The Tentacle Man started sucking on Elena.,그리고 촉수 괴인은 입안에서 엘레나를 빨기 시작한다
,,,,,,
Erena.Fallen1-32,,ジュルッ、ジュルッ、ジュルルルッ、ジュプッ！,ジュルッ、ジュルッ、ジュルルルッ、ジュプッ！,咕嚕、咕嚕、咕嚕嚕嚕、咕啵！,"Slurp, slurp, slurrrrrrp, slurp!","쥬릇, 쥬릇, 쥬르르릇, 쥬풋!"
,,,,,,
Erena.Fallen1-33,エレナ,「？！、ん゛ん゛っ！！、んんっ♥！」,「？！、ん゛ん゛っ！！、んんっ♥！」,「？！、嗯嗯！！嗯嗯！」,"""Nnnnnnn! Hnnnnnnn!""","「?!, 응옷 응옷 윽!!, 응응윽♥!」"
,,,,,,
Erena.Fallen1-34,Erena darkness1-6,(上半身丸呑みされてっ！？捕食っ…じゃないっ！？、…舐められてるっ！？),(上半身丸呑みされてっ！？捕食っ…じゃないっ！？、…舐められてるっ！？),(上半身被整個吞進去了！？不是捕食……是在舔我嗎！？),(He put my upper body in his mouth! But he didn't eat me... He's just... licking me?),"(상반신 통째로 삼켜져서!? 포식…이 아니야!?, …핥아지고 있어!?)"
,,,,,,
Erena.Fallen1-35,,ジュルルルッ、グプッ！ジュププッ,ジュルルルッ、グプッ！ジュププッ,咕嚕嚕嚕、咕啵！咕噗噗！,"Slurrrrrrrrp, pssshhhh...","쥬르르르릇, 그풋! 쥬풋풋"
,,,,,,
Erena.Fallen1-36,,(～～～っ！！臭いっ！、気持ち悪いっ！不快すぎるっ！),(～～～っ！！臭いっ！、気持ち悪いっ！不快すぎるっ！),(～～～！好臭！、好噁心！太不舒服了！),(This smells so bad! Gross! Disgusting!),"(~~~윽!! 냄새나!, 기분 나빠! 너무 불쾌해!)"
Erena.Fallen1-37,,(ん゛あっ！？ぐうっ！、下半身にも触手がっ？！ん゛っ♥),(ん゛あっ！？ぐうっ！、下半身にも触手がっ？！ん゛っ♥),(嗯啊！？嗚！、下半身也被觸手……？！嗯！),"(Nnnnn... Guhhh, I can feel a tentacle in my lower body too...)","(응옷 앗!? 크윽!, 하반신에도 촉수가!? 응옷 윽♥)"
Erena.Fallen1-38,,(あっ♥♥、ん゛ん゛っ♥、見えなくて感覚が敏感にっ♥！),(あっ♥♥、ん゛ん゛っ♥、見えなくて感覚が敏感にっ♥！),(啊！、嗯嗯！、因為看不見所以感覺變得更敏感了！),"(Ahhhhnnnn, I'm becoming so sensitive because I can't see...)","(앗♥♥, 응옷 응옷 윽♥, 보이지 않아서 감각이 민감해졌어♥!)"
,,,,,,
Erena.Fallen1-39,触手怪人,「グフフッ、学園にいたころはいつも君にしゃぶって貰ってばかりだったからね。それのお返しだよ」,「グフフッ、レギオンにいたころはいつも君にしゃぶって貰ってばかりだったからね。それのお返しだよ」,「呵呵呵，以前妳總是在軍團裡幫我口交。這是回禮啊。」,"""Hehehe... You sucked me off all the time back at the Legion, I'm just repaying the favor.""","「크흐흐, 레기온에 있을 때는 언제나 너에게 빨게 했을 뿐이었으니 말이야. 그 보답이다」"
,,,,,,
Erena.Fallen1-40,,ジュルッ、ズルルルッ、ジュププッ！,ジュルッ、ズルルルッ、ジュププッ！,咕嚕、咕嚕嚕嚕、咕噗噗！,"Slurrrrrp, slurrrrrrp, ssssssppppuuurt!","쥬릇, 즈르르릇, 쥬풋풋!"
,,,,,,
Erena.Fallen1-41,,エレナは全身に触手触れていない所が無いほど絡みつかれ、粘液が体中に塗りたくられる,エレナは全身に触手触れていない所が無いほど絡みつかれ、粘液が体中に塗りたくられる,艾蓮娜全身沒有一處沒被觸手纏住，黏液塗滿了全身。,"The tentacles ran themselves all over her, covering her entire body with slime.","엘레나는 온몸에 촉수가 닿지 않는 곳이 없을 정도로 휘감기고, 점액이 온몸에 발라진다"
,,,,,,
Erena.Fallen1-42,エレナ,「ん゛ん゛ん゛！！ん゛ん゛～～～～！！」,「ん゛ん゛ん゛！！ん゛ん゛～～～～！！」,「嗯嗯嗯！！嗯嗯～～～～！！」,"""Nnnnn! Nnnnnnnnn!""",「응옷 응옷 응옷 !! 응옷 응옷 ~~~~!!」
,,,,,,
Erena.Fallen1-43,,(うああっ♥！っ、やめろっ！ん゛あっ♥♥、気持ち悪いぃっっ！！！),(うああっ♥！っ、やめろっ！ん゛あっ♥♥、気持ち悪いぃっっ！！！),(嗚啊啊！可惡、住手！嗯啊！、好噁心啊！！！),(Ahhhhh! Stop! This is so gross!),"(으아앗♥! 윽, 그만둬! 응옷 앗♥♥, 기분 나빠앗!!!)"
,,,,,,
Erena.Fallen1-44,,ジュププッ！ズルッ！ジュルルルッ！,ジュププッ！ズルッ！ジュルルルッ！,咕噗噗！咕嚕！咕嚕嚕嚕！,"Slurrrrrp, slurrrrrrp, ssssssppppuuurt!",쥬풋풋! 즈릇! 쥬르르릇!
,,,,,,
Erena.Fallen1-45,エレナ,(この私がっ♥、おしゃぶりみたいにっ♥♥、ん゛あっ♥？！),(この私がっ♥、おしゃぶりみたいにっ♥♥、ん゛あっ♥？！),(我竟然、像個奶嘴一樣被舔弄！、嗯啊！？),(I... I'm being suck on...),"(이 내가♥, 장난감처럼♥♥, 응옷 앗♥?!)"
,,,,,,
Erena.Fallen1-46,,(――――――っ、変身できなくともこの私がこのままやられると思わないでくださいっ！),(――――――っ、変身できなくともこの私がこのままやられると思わないでくださいっ！),(――――可惡、就算不能變身，也別想我會就這樣被你們得逞！),"(...I can't transform, but doesn't mean there's nothing else I can do!)","(――――――윽, 변신할 수 없더라도 이 내가 이대로 당할 거라고 생각하지 마세요!)"
,,,,,,
Erena.Fallen1-47,,エレナは身体を激しく動かして抵抗し、触手の内側に噛みつく,エレナは身体を激しく動かして抵抗し、触手の内側に噛みつく,艾蓮娜激烈地扭動身體抵抗，並咬向觸手的內側。,Elena wiggled violently to resist and bit on a tentacle.,"엘레나는 몸을 격렬하게 움직여 저항하고, 촉수의 안쪽을 깨문다"
,,,,,,
Erena.Fallen1-48,触手怪人,「ムッ！？、……こいつめ元気がいいのは結構なことだが飼い主に噛みつくとは…」,「ムッ！？、……こいつめ元気がいいのは結構なことだが飼い主に噛みつくとは…」,「嗯！？、……這傢伙很有活力是好事，但竟然敢咬主人……」,"""Huh? It's nice that you're so energetic, but biting your owner...""","「음!?, ……이 녀석 기운이 좋은 건 좋지만 주인을 깨물다니…」"
,,,,,,
Erena.Fallen1-49,エレナ,「ん゛ん゛っ！ん゛ん゛っ！！」,「ん゛ん゛っ！ん゛ん゛っ！！」,「嗯嗯！嗯嗯！！」,"""Nnnnn! Nnnnn!""",「응옷 응옷 윽! 응옷 응옷 윽!!」
,,,,,,
Erena.Fallen1-50,触手怪人,「無駄な抵抗をするのも可愛らしいが…これはしつけが必要だな」,「無駄な抵抗をするのも可愛らしいが…これはしつけが必要だな」,「做無謂的抵抗也很可愛……但看來需要好好調教一下了。」,"""I love the useless struggle... But this needs to be punished.""",「쓸데없는 저항을 하는 것도 귀엽지만… 이건 길들이기가 필요하겠군」
,,,,,,
Erena.Fallen1-51,,「少し刺激が強いかもしれないが…ほれっ！」,「少し刺激が強いかもしれないが…ほれっ！」,「刺激可能會有點強……來吧！」,"""It might be a bit too stimulating, but... here goes!""",「조금 자극이 강할지도 모르지만… 자!」
,,,,,,
Erena.Fallen1-52,Erena darkness 1-7,プシュウウウウウウウウッッッ！,プシュウウウウウウウウッッッ！,噗咻嗚嗚嗚嗚嗚嗚嗚！！ ,Pssssssshhhhhhh!,푸슈우우우우우우우우웃!!!
Erena.Fallen1-53,,触手怪人の口の奥からピンク色のガスが吐き出される,触手怪人の口の奥からピンク色のガスが吐き出される,粉紅色的氣體從觸手怪人的嘴裡深處噴出。 ,Pink gas poured out from deep within the tentacle monster's mouth.,촉수 괴인의 입속 깊은 곳에서 분홍색 가스가 토해진다
Erena.Fallen1-54,エレナ,「――――っ！！！？ゴフッ、ゴフッ！？」,「――――っ！！！？ゴフッ、ゴフッ！？」,「――――！！！？咳、咳！」,"""?! Cough, cough?!""","「――――윽!!!? 고훗, 고훗!?」"
,,,,,,
Erena.Fallen1-55,,(―――これはっ！？、煙っ！？一体何が起きてっ！？),(―――これはっ！？、煙っ！？一体何が起きてっ！？),(―――這是！？、煙霧！？到底發生了什麼事！？),(What is this?! Smoke?! What the hell is happening?!),"(―――이건!?, 연기!? 대체 무슨 일이!?)"
,,,,,,
Erena.Fallen1-56,,(ん゛あっ♥！？この煙っ、まさか――――――),(ん゛あっ♥！？この煙っ、まさか――――――),(嗯啊！？這個煙霧、難道――――――),(Nngh♥?! This smoke... Could it be...),"(응옷 앗♥!? 이 연기, 설마――――――)"
,,,,,,
Erena.Fallen1-57,Erena darkness 1-8,「ん゛ん゛～～～～～っ♥♥！？お゛お゛お゛っ♥♥♥！？」,「ん゛ん゛～～～～～っ♥♥！？お゛お゛お゛っ♥♥♥！？」,「嗯嗯～～～～～！！喔喔喔喔喔！！？」,"""Nnngh♥♥?! Ooohhhh♥♥♥?!""",「응옷 응옷 ~~~~~윽♥♥!? 오옷 오옷 오옷 옷♥♥♥!?」
,,,,,,
Erena.Fallen1-58,触手怪人,「グフフ…どうかね私の媚薬ガスは？脳にガツンと届くだろう？」,「グフフ…どうかね私の媚薬ガスは？脳にガツンと届くだろう？」,「呵呵呵……我的媚藥氣體怎麼樣？是不是直擊腦髓？」,"""Hehehe, how do you like my aphrodisiac gas? It hits the brain hard, doesn't it?""",「크흐흐… 어떠냐 나의 미약 가스는? 뇌에 강하게 와 닿을 텐데?」
,,,,,,
Erena.Fallen1-59,エレナ,(んあ゛ぁ！っ♥、力がっ♥…抜けるっ！？体がぁ♥、熱くなって…！？),(んあ゛ぁ！っ♥、力がっ♥…抜けるっ！？体がぁ♥、熱くなって…！？),(嗯啊啊！、力氣！…在流失！？身體、在發燙……！？),(Nnahhh♥! My strength♥... is draining away♥ My body♥ is getting hot...?!),"(응아옷 아!윽♥, 힘이♥… 빠져!? 몸이♥, 뜨거워져서…!?)"
,,,,,,
Erena.Fallen1-60,,プシュウウッッ、プシュッッ,プシュウウッッ、プシュッッ,噗咻嗚！、噗咻！,Pssssssshhhhhhh!,"푸슈우우웃, 푸슛"
,,,,,,
Erena.Fallen1-61,エレナ,「む゛ん゛ん゛～～～♥！？ん゛ん゛っ♥」,「む゛ん゛ん゛～～～♥！？ん゛ん゛っ♥」,「嗯嗯～～～！嗯嗯！」,"""Mnnghhhhhh♥?! Nngh♥""",「읍옷 읍옷 ~~~~~♥!? 응옷 응옷 윽♥」
,,,,,,
Erena.Fallen1-62,,(んお゛お゛っ♥、むりっ♥、なにもっ♥…考えられないぃっ…っ♥♥),(んお゛お゛っ♥、むりっ♥、なにもっ♥…考えられないぃっ…っ♥♥),(嗯喔喔！、不行！、什麼都！…思考不了了……！),"(Nnnnnnn♥, impossible♥, I can't♥... think of anything...♥♥)","(응오옷 오옷 옷♥, 무리♥, 아무것도♥… 생각할 수 없어…윽♥♥)"
,,,,,,
Erena.Fallen1-63,触手怪人,「ぐふふ、すっかりおとなしくなりおって、しばらく口の中を楽しんでもらおう」,「ぐふふ、すっかりおとなしくなりおって、しばらく口の中を楽しんでもらおう」,「呵呵呵，變得這麼乖巧，就讓妳在我的嘴裡享受一會兒吧。」,"""Hehehe, you've become completely docile. Let me have you enjoy the inside of my mouth for a while.""","「크흐흐, 완전히 얌전해졌군, 잠시 입안을 즐기도록 해라」"
,,,,,,
Erena.Fallen1-64,,ジュルルルッ、プシュウウッッッ、ズルッ、ジュポッ、ドチュッ、ズルルルッ！,ジュルルルッ、プシュウウッッッ、ズルッ、ジュポッ、ドチュッ、ズルルルッ！,咕嚕嚕嚕、噗咻嗚嗚嗚！！、咕溜、咕啵、咚、咕嚕嚕嚕！,"Slurrrp, pssshhhhh, slip, slurp, splurt, slurrrrp!","쥬르르르릇, 푸슈우우웃, 즈릇, 쥬폿, 도츗, 즈르르릇!"
,,,,,,
Erena.Fallen1-65,Erena darkness 1-9,エレナは意識が朦朧とする中、全身をくまなく触手と粘液で蹂躙される,エレナは意識が朦朧とする中、全身をくまなく触手と粘液で蹂躙される,艾蓮娜在意識朦朧中，全身被觸手和黏液徹底蹂躪。,"While Elena's consciousness grew hazy, her entire body was thoroughly violated by tentacles and slime.","엘레나는 의식이 몽롱한 가운데, 온몸을 구석구석 촉수와 점액으로 유린당한다"
,,,,,,
Erena.Fallen1-66,エレナ,「ん゛ん゛～～～～♥♥？？、ん゛お゛っ？？ん゛ん゛！」,「ん゛ん゛～～～～♥♥？？、ん゛お゛っ？？ん゛ん゛！」,「嗯嗯～～～～？？、嗯喔？嗯嗯！」,"""Nnnghhhhhh♥♥?? Ngggghhh?? Nngh!""","「응옷 응옷 ~~~~♥♥??, 응옷 오옷 옷?? 응옷 응옷 !」"
,,,,,,
Erena.Fallen1-67,,(私は今どうなってっ♥……？？んあっ♥？),(私は今どうなってっ♥……？？んあっ♥？),(我現在發生了什麼事……？？嗯啊？),What's happening to me right now♥...?? Nnngaaaa♥?),(나는 지금 어떻게 된 거지♥……?? 응앗♥?)
,,,,,,
Erena.Fallen1-68,,(しっかりしてっ♥♥！、私は清藤エレナ！こんな雑魚に屈することなどっ！),(しっかりしてっ♥♥！、私は清藤エレナ！こんな雑魚に屈することなどっ！),(振作點！、我是清藤艾蓮娜！怎麼能屈服於這種小嘍囉！) ,(Get it together♥♥! I'm Elena Kiyofuji! I won't yield to some weakling like this!),"(정신 차려♥♥!, 나는 세이토 엘레나! 이런 잡것에게 굴복할 수는 없어!)"
Erena.Fallen1-69,,プシュウウッッ、プシュッッッ！！！！,プシュウウッッ、プシュッッッ！！！！,噗咻嗚！！、噗咻！！！！！ ,"Pssshhhhh, psssshhh!!!!","푸슈우우웃, 푸슛!!!"
Erena.Fallen1-70,,「ん゛お゛っ♥♥、むりいぃぃぃっ♥、ぐちゅぐちゅされてっ♥、何も考えられないぃっ♥」,「ん゛お゛っ♥♥、むりいぃぃぃっ♥、ぐちゅぐちゅされてっ♥、何も考えられないぃっ♥」,「嗯喔！、不行了！、被弄得黏糊糊的！什麼都思考不了了！」,"""Nnnnggghhhhh, impossibleeee♥ Being squished and squelched♥ I can't think of anythiiing♥""","「응옷 오옷 옷♥♥, 무리이이이잇♥, 구츗구츗 당해서♥, 아무 생각도 할 수 없어♥」"
,,,,,,
Erena.Fallen1-71,暗転,数時間後―――――,数時間後―――――,數小時後―――――,Several hours later...,수 시간 후―――――
,,,,,,
Erena.Fallen1-72,,ジュプッ、ジュプッ、ゲポッ、ジュルル、キュポンッ、グパァッ…,ジュプッ、ジュプッ、ゲポッ、ジュルル、キュポンッ、グパァッ…,咕啵、咕啵、呃、咕嚕、咕啵、嘩啦……,"Slurp, slurp, gag, slurp, pop, gasp...","쥬풋, 쥬풋, 게폿, 쥬르릇, 큐퐁, 크파앗…"
,,,,,,
Erena.Fallen1-73,,遂にエレナが触手怪人の口から解放され、数時間ぶりに外の空気と光にさらされる,遂にエレナが触手怪人の口から解放され、数時間ぶりに外の空気と光にさらされる,艾蓮娜終於從觸手怪人的嘴裡被解放，數小時以來首次暴露在外界的空氣和光線中。,Elena was finally released from the tentacle monster's mouth and exposed to outside air and light for the first time in hours.,"마침내 엘레나가 촉수 괴인의 입에서 해방되어, 수 시간 만에 바깥 공기와 빛에 노출된다"
,,,,,,
Erena.Fallen1-74,エレナ,「…………んぁ♥？……………お゛お♥？」,「…………んぁ♥？……………お゛お♥？」,「…………嗯啊？……………喔？」,"""...Nggggahh♥ Ohhhhh♥?""",「…………응앗♥?……………오옷 오♥?」
,,,,,,
Erena.Fallen1-75,触手怪人,「グフフッ、どうだったかね？私の中は」,「グフフッ、どうだったかね？私の中は」,「呵呵呵，感覺如何？我的體內。」,"""Heheh, how was it? Inside me?""","「크흐흐, 어땠나? 내 안은」"
,,,,,,
Erena.Fallen1-76,エレナ,「ん゛ん゛っ？…………♥！」,「ん゛ん゛っ？…………♥！」,「嗯嗯？…………！」,"""Nngh? ...♥!""",「응옷 응옷 윽?…………♥!」
,,,,,,
Erena.Fallen1-77,触手怪人,「ずっと触手入れっぱなしだったからマンコもアナルもすっかりガバガバになってしまったな」,「ずっと触手入れっぱなしだったからマンコもアナルもすっかりガバガバになってしまったな」,「因為觸手一直塞在裡面，鮑魚和屁眼都變得非常寬鬆了呢。」,"""Since I kept tentacles inside you the whole time, both your pussy and ass have become completely loose.""",「계속 촉수 넣어뒀더니 보지랑 애널도 완전히 헐렁해져 버렸군」
,,,,,,
Erena.Fallen1-78,エレナ,「んあっ♥……っ？、お゛おっ♥？」,「んあっ♥……っ？、お゛おっ♥？」,「嗯啊！……？、喔？」,"""Nnnnhh♥? Oohh♥?""","「응앗♥……윽?, 오옷 오옷♥?」"
,,,,,,
Erena.Fallen1-79,触手怪人,「おやおや、あのエレナ君がすっかり馬鹿になってしまったな」,「おやおや、あのエレナ君がすっかり馬鹿になってしまったな」,「哎呀哎呀，那位艾蓮娜小姐竟然變得這麼呆滯了呢。」,"""Oh my, Elena has become completely stupid.""","「어이어이, 그 엘레나 군이 완전히 바보가 되어버렸군」"
Erena.Fallen1-80,,「グフフッ、まだ先は長いというのに、これでは落ちるのも時間の問題だな」,「グフフッ、まだ先は長いというのに、これでは落ちるのも時間の問題だな」, 「呵呵呵，接下來你還有很長的路要走，看來淪陷也只是時間問題了。」,"""Well, we still have a long way to go, but at this rate her fall is just a matter of time.""","「크흐흐, 아직 갈 길이 멀다는 데, 이러면 타락하는 것도 시간 문제겠군」"
,,,,,,
,,,,,,
Erena darkness 2,,,,,,
Erena.Fallen2-1,Erena darkness 2-1,――――財団地下研究施設,――――財団地下研究施設,――――財團地下研究設施,At the Foundation's underground research facility,――――재단 지하 연구 시설
,,,,,,
Erena.Fallen2-2,,エレナが捕まってから数日後,エレナが捕まってから数日後,艾蓮娜被捕後數日,Several days after Erena was caught,엘레나가 붙잡힌 지 며칠 후
,,,,,,
Erena.Fallen2-3,エレナ,「―――――――――っ♥！！ん゛ん゛♥―――――――――ッ！？！」,「―――――――――っ♥！！ん゛ん゛♥―――――――――ッ！？！」,「―――――――――！嗯嗯！―――――――――？！」,"""Nnnnnnn! Nnnnnnnnnnnn!""",「―――――――――윽♥!! 응옷 응옷 ♥―――――――――윽!?!」
,,,,,,
Erena.Fallen2-4,,プシューッ、ジュプッ、ジュルルッ、グチュッ、ジュルルッ,プシューッ、ジュプッ、ジュルルッ、グチュッ、ジュルルッ,噗咻、咕啵、咕嚕、咕啾、噗滋、咕嚕嚕嚕！,"Psshhhhhhh! Squelch, slurp... Squelch...","푸슈-웃, 쥬풋, 쥬르릇, 구츗, 쥬르릇"
,,,,,,
Erena.Fallen2-5,,広い部屋の中にジュルジュルと水音が響き渡る,広い部屋の中にジュルジュルと水音が響き渡る,水聲在寬敞的房間裡咕嚕咕嚕地迴盪。,The sound of water reverberated through the room.,넓은 방 안에 쥬르륵 쥬르륵 하는 물소리가 울려 퍼진다
,,,,,,
Erena.Fallen2-6,,―――――グパッ、ズルッ、ズルルルッ,―――――グパッ、ズルッ、ズルルルッ,―――――嘩啦、咕溜、咕嚕嚕嚕,Zrrrr... Zrrr...,"―――――크팟, 즈릇, 즈르르릇"
,Erena darkness 2-2,,,,,
Erena.Fallen2-7,エレナ,「――――プハッ、ハアッ、ハアッ、ハアッ！」,「――――プハッ、ハアッ、ハアッ、ハアッ！」,「――――呸哈、哈、哈、哈！」,"""Pffffaaa! Haaaa...""","「――――푸핫, 하앗, 하앗, 하앗!」"
,,,,,,
Erena.Fallen2-8,触手怪人,「おはようエレナ君。私の中で過ごすのも慣れてきたかな？」,「おはようエレナ君。私の中で過ごすのも慣れてきたかな？」,「早安啊艾蓮娜小姐。妳是否已經習慣在我體內度過了呢？」,"""Good morning, Elena. Have you gotten used to spending time inside me?""",「안녕 엘레나 군. 내 안에서 지내는 것도 익숙해졌나?」
,,,,,,
Erena.Fallen2-9,エレナ,「―――っ、はあっ♥、ん゛っ♥、こんなのに慣れるわけがないでしょう！？、最悪です！」,「―――っ、はあっ♥、ん゛っ♥、こんなのに慣れるわけがないでしょう！？、最悪です！」,「―――可惡！、哈！、嗯！、怎麼可能習慣得了！？太糟糕了！」,"""Haaaa♥ No way! It's disgusting!""","「―――윽, 하앗♥, 응옷 윽♥, 이런 것에 익숙해질 리가 없잖아요!?, 최악입니다!」"
,,,,,,
Erena.Fallen2-10,触手怪人,「グフフ、そうは言っても体は私の触手と粘液を受け入れ始めているようだぞ？」,「グフフ、そうは言っても体は私の触手と粘液を受け入れ始めているようだぞ？」,「呵呵呵，話雖如此，但妳的身體似乎已經開始接受我的觸手和黏液了呢？」,"""Heh, but your body is starting to accept my tentacles and slime.""","「크흐흐, 그렇게 말해도 몸은 내 촉수와 점액을 받아들이기 시작한 것 같군?」"
,,,,,,
Erena.Fallen2-11,,「はあっ♥、はあっ♥勝手な……ことをっ♥！」,「はあっ♥、はあっ♥勝手な……ことをっ♥！」,「哈、哈、胡亂……說什麼！」,"""Haaaaaa♥ Stop♥ With that... nonsense♥""","「하앗♥, 하앗♥ 제멋대로……인 말을♥!」"
,,,,,,
Erena.Fallen2-12,エレナ,(―――――っしかし、この聖核エネルギーを阻害する体液にも慣れてきました),(―――――っしかし、この聖核エネルギーを阻害する体液にも慣れてきました),(―――――可惡、但我已經逐漸習慣這種阻礙聖核能量的體液了。),(...But I'm starting to get used to the bodily fluid that's blocking the Holy Core energy.),"(―――――윽 하지만, 이 성핵 에너지를 저해하는 체액에도 익숙해졌습니다)"
,,,,,,
Erena.Fallen2-13,,(……少しずつですが体内に聖核エネルギーを蓄積できています),(……少しずつですが体内に聖核エネルギーを蓄積できています),(……雖然只有一點點，但聖核能量正在體內積蓄。),(I'm accumulating Holy Core energy little by little.),(…… 조금씩이지만 체내에 성핵 에너지를 축적할 수 있습니다)
,,,,,,
Erena.Fallen2-14,,(……私なら数秒変身してしまえばこの程度の怪人なら倒せるはずです),(……私なら数秒変身してしまえばこの程度の怪人なら倒せるはずです),(……如果是我，只要變身幾秒鐘，應該就能打倒這種程度的怪人。),"(If I could transform for just a few seconds, I can defeat a fiend like him.)",(…… 저라면 몇 초 변신하면 이 정도 괴인 따위 쓰러뜨릴 수 있을 겁니다)
,,,,,,
Erena.Fallen2-15,,(早ければ明日、――――いえ、今日中にでもこの怪人を倒し、脱出します！),(早ければ明日、――――いえ、今日中にでもこの怪人を倒し、脱出します！),(最快明天、――――不，今天之內就要打倒這個怪人，逃出去！),"(As early as tomorrow... No, even today, I'll defeat this monster and escape!)","(빠르면 내일, ―――― 아니, 오늘 중이라도 이 괴인을 쓰러뜨리고, 탈출합니다!)"
,Erena darkness 2-3,,,,,
Erena.Fallen2-16,触手怪人,「グフフッ、そうだった、今日はエレナ君に見せたいものがあるんだ」,「グフフッ、そうだった、今日はエレナ君に見せたいものがあるんだ」,「呵呵呵，對了，今天有樣東西想讓艾蓮娜小姐看看。」,"""By the way, hehehe, I have something I want to show you today, Elena.""","「크흐흐, 그랬지, 오늘은 엘레나 군에게 보여주고 싶은 것이 있다」"
,,,,,,
Erena.Fallen2-17,エレナ,「ん゛っ♥、―――っ見せたいものっ？」,「ん゛っ♥、―――っ見せたいものっ？」,「嗯！、―――想看的東西？」,"""Nngh♥ Something you want to show me?""","「응옷 윽♥, ―――윽 보여주고 싶은 것?」"
,,,,,,
Erena.Fallen2-18,触手怪人,「―――君は巨大財閥グループの清藤家の御令嬢だったな？」,「―――君は巨大財閥グループの清藤家の御令嬢だったな？」,「―――妳是巨大財閥集團清藤家的千金吧？」,"""You were the young heir of the Kiyofuji family, part of a giant conglomerate group, weren't you?""",「―――자네는 거대 재벌 그룹 세이토 가의 영애였지?」
,,,,,,
Erena.Fallen2-19,エレナ,「――――――っ！？」,「――――――っ！？」,「――――――！？」,"""...?!""",「――――――윽!?」
,,,,,,
Erena.Fallen2-20,,「―――まさかっ、私の家族に何を！？」,「―――まさかっ、私の家族に何を！？」,「―――難道！、妳對我的家人做了什麼！？」,"""Don't tell me you did something to my family?!""","「―――설마, 제 가족에게 무슨 짓을!?」"
,,,,,,
Erena.Fallen2-21,触手怪人,「安心したまえ、我々は平和的な組織だ。市民に手を出すようなことはしないさ」,「安心したまえ、我々は平和的な組織だ。市民に手を出すようなことはしないさ」,「請放心，我們是和平的組織。不會對市民動手的。」,"""Don't worry, we're a peaceful organization. We don't lay hands on civilians.""","「안심하게, 우리는 평화적인 조직이다. 시민에게 손을 댈 리는 없지」"
,,,,,,
Erena.Fallen2-22,エレナ,「……いったい、何を…っ！」,「……いったい、何を…っ！」,「……到底、做了什麼……！」,"""...What exactly did you...!""","「……대체, 무엇을…윽!」"
,,,,,,
Erena.Fallen2-23,触手怪人,「グフフッ、先日財団の職員が清藤グループ会長とエレナ君について話をしてね」,「グフフッ、先日財団の職員が清藤グループとエレナ君について話をしてね」,「呵呵呵，前幾天財團的職員去和清藤集團談了關於艾蓮娜小姐的事情。」,"""Hehehe, recently Foundation personnel had a talk with the Kiyofuji Group about you, Elena.""","「크흐흐, 얼마 전 재단 직원이 세이토 그룹과 엘레나 군에 대해 이야기를 했는데 말이야」"
,,,,,,
Erena.Fallen2-24,エレナ,「――――、なっ、………まさ、か……！？」,「――――、なっ、………まさ、か……！？」,「――――、什麼、………難、道……！？」,"""No...don't tell me...?!""","「――――, 앗, ………설마, ……!?」"
,,,,,,
Erena.Fallen2-25,触手怪人,「結論から言おう。清藤グループは我々財団の下部組織となった」,「結論から言おう。清藤グループは我々財団の下部組織となった」,「我就直接說結論吧。清藤集團已經成為我們財團的附屬組織了。」,"""Let me get to the point. The Kiyofuji Group has become a subsidiary organization of our Foundation.""",「결론부터 말하지. 세이토 그룹은 우리 재단의 하부 조직이 되었다」
,Erena darkness 2-4,,,,,
Erena.Fallen2-26,エレナ,「――――なっ！？――――まさかっ、そんなっ？！」,「――――なっ！？――――まさかっ、そんなっ？！」,「――――什麼！？――――怎麼、怎麼會這樣？！」,"""...What?! It can't be...""","「――――앗!?――――설마, 그럴… 수가?!」"
,,,,,,
Erena.Fallen2-27,,「清藤グループは聖核戦姫を特に支援していたのにっ、なぜそんなに急に？！」,「清藤グループは聖核戦姫を特に支援していたのにっ、なぜそんなに急に？！」,「清藤集團明明特別支持聖核戰姫，為什麼會這麼突然就答應了？！」,"""The Kiyofuji Group was especially supportive of the Holy Core Battlemaidens, so why all of a sudden?""","「세이토 그룹은 성핵전희를 특히 지원했는데, 왜 그렇게 갑자기?!」"
,,,,,,
Erena.Fallen2-28,触手怪人,「グフフッ、我々がエレナ君を捕獲したと伝えたらすぐに了承してくれたよ」,「グフフッ、我々がエレナ君を捕獲したと伝えたらすぐに了承してくれたよ」,「呵呵呵，當我們告知已經捕獲艾蓮娜小姐後，他們立刻就同意了。」,"""Heh, when we told them we had captured you, Elena, they agreed immediately.""","「크흐흐, 우리가 엘레나 군을 포획했다고 전하자 바로 승낙하더군」"
,,,,,,
Erena.Fallen2-29,,「エレナ君には可哀そうだが…今の我々の力を考えれば非常に賢い選択だ」,「エレナ君には可哀そうだが…今の我々の力を考えれば非常に賢い選択だ」,「雖然對艾蓮娜小姐很抱歉……但考慮到我們現在的力量，這是非常明智的選擇。」,"""I feel sorry for you, Elena...but considering our current power, it was a very wise choice.""",「엘레나 군에게는 안됐지만… 지금 우리의 힘을 생각하면 매우 현명한 선택이다」
,,,,,,
Erena.Fallen2-30,エレナ,「―――――っ、あなた達はっ！」,「―――――っ、あなた達はっ！」,「―――――可惡、你們！」,"""You people...!""","「―――――윽, 당신들은!」"
,,,,,,
Erena.Fallen2-31,Erena darkness 2-3,(―――いえ、相手のペースに飲まれてはいけません),(―――いえ、相手のペースに飲まれてはいけません),(―――不，不能被對方牽著鼻子走。),"(No, I mustn't let myself be drawn into their plot.)","(―――아뇨, 상대의 페이스에 말려들면 안 됩니다)"
,,,,,,
Erena.Fallen2-32,,(生徒会と清藤グループは私が深い関係を維持してきました…私が生徒会へ戻れば清藤グループは再び聖核戦姫を支援してくれるはずです),(レギオンと清藤グループは私が深い関係を維持してきました…私が司令部へ戻れば清藤グループは再び聖核戦姫を支援してくれるはずです),(我與軍團和清藤集團一直保持著深厚的關係……只要我回到司令部，清藤集團應該就會再次支持聖核戰姫。),"(I've maintained deep relations between the Legion and the Kiyofuji Group. If I return to headquarters, the Kiyofuji Group should support the Holy Core Battlemaidens again.)",(레기온과 세이토 그룹은 제가 깊은 관계를 유지해왔습니다… 제가 사령부로 돌아가면 세이토 그룹은 다시 성핵전희를 지원해 줄 겁니다!)
,,,,,,
Erena.Fallen2-33,触手怪人,「グフフッ、エレナ君、君まだ生徒会へ戻れると思っているのかね？」,「グフフッ、エレナ君、君まだレギオンへ戻れると思っているのかね？」,「呵呵呵，艾蓮娜小姐，妳還以為自己能回到軍團嗎？」,"""Elena, do you still think you can return to the Legion?""","「크흐흐, 엘레나 군, 자네 아직 레기온으로 돌아갈 수 있다고 생각하는 건가?」"
,,,,,,
Erena.Fallen2-34,エレナ,「当たり前です！あなた程度の怪人がいつまでも私を拘束できると思わないでください！」,「当たり前です！あなた程度の怪人がいつまでも私を拘束できると思わないでください！」,「那是當然的！別以為妳這種程度的怪人能永遠拘束住我！」,"""Of course! Don't think a monster of your level can keep me here forever!""",「당연합니다! 당신 정도의 괴인이 언제까지고 저를 구속할 수 있다고 생각하지 마십시오!」
,,,,,,
Erena.Fallen2-35,,「それに生徒会にはまだ沢山の聖核戦姫がいます！戦力では私達の方が遥かに上です！」,「それにレギオンにはまだ沢山の聖核戦姫がいます！戦力では私達の方が遥かに上です！」,「而且軍團裡還有很多聖核戰姫！我們的戰力遠在你之上！」,"""Besides, the Legion still has many Holy Core Battlemaidens! In terms of combat prowess, we're far superior!""",「게다가 레기온에는 아직 많은 성핵전희가 있습니다! 전력으로는 저희 쪽이 훨씬 위입니다!」
,,,,,,
Erena.Fallen2-36,触手怪人,「まだ理解できていないようだが…君がもう学園に戻れない理由を説明しよう」,「まだ理解できていないようだが…君がもうレギオンに戻れない理由を説明しよう」,「看來妳還沒理解……我來解釋一下妳再也回不去軍團的理由吧。」,"""You still don't seem to understand... Let me explain why you can no longer return to the Legion.""",「아직 이해하지 못한 것 같지만… 자네가 더 이상 레기온으로 돌아갈 수 없는 이유를 설명해주지」
,,,,,,
Erena.Fallen2-37,エレナ,「――――っ、そんな事あるわけがっ！」,「――――っ、そんな事あるわけがっ！」,「――――怎麼可能有這種事！」,"""There's no way such a thing could happen!""","「――――윽, 그럴 리가!」"
,,,,,,
Erena.Fallen2-38,触手怪人,「一つ目の理由だが…君のご両親に執務室で撮影した写真の数々を見てもらったのだ」,「一つ目の理由だが…君のご両親に執務室で撮影した写真の数々を見てもらったのだ」,「第一個理由是……我讓妳的父母看了幾張在辦公室裡拍攝的照片。」,"""First, we had your parents look at all the photos taken in the office.""",「첫 번째 이유지만… 자네의 부모님께 집무실에서 촬영한 사진들을 보여주었지」
,,,,,,
Erena.Fallen2-39,Erena darkness 2-4,「―――――っ！！！！！、そん……なっ！？、なんでっ！あれは秘密だと！」,「―――――っ！！！！！、そん……なっ！？、なんでっ！あれは秘密だと！」,「―――――！！！！！！、怎……麼會！？為什麼！我不是說那是秘密嗎！」,"""...! No?! Why?! That was supposed to be a secret!""","「―――――윽!!!!!, 그럴……수가!?, 왜! 그건 비밀이라고!」"
,,,,,,
Erena.Fallen2-40,触手怪人,「そしてエレナ君の今後の扱いについてだが…」,「そしてエレナ君の今後の扱いについてだが…」,「至於艾蓮娜小姐今後的處置……」,"""And regarding your treatment from now on...""",「그리고 엘레나 군의 향후 처우에 대해서지만…」
,,,,,,
Erena.Fallen2-41,,「君は戸籍を抹消された。もう清藤家の人間ではない」,「君は戸籍を抹消された。もう清藤家の人間ではない」,「妳的戶籍已經被註銷了。妳不再是清藤家的人。」,"""Your resident registration has been erased. You're no longer a member of the Kiyofuji family.""",「자네는 호적이 말소되었다. 더 이상 세이토 가의 사람이 아니다」
,,,,,,
Erena.Fallen2-42,エレナ,「……なっ！？…っ！…！？」,「……なっ！？…っ！…！？」,「……什麼！？…可惡！…！？」,"""...What?!""",「……앗!?…윽!…!?」
,,,,,,
Erena.Fallen2-43,触手怪人,「あの動画を君の父親に見せた所大変憤慨していたようでね。今後清藤の名を名乗ることは許さないそうだ」,「あの動画を君の父親に見せた所大変憤慨していたようでね。今後清藤の名を名乗ることは許さないそうだ」,「妳的父親看了那些影片後似乎非常憤怒。他說今後不允許妳再以清藤之名自居。」,"""When we showed that video to your father, he was quite enraged. He said he won't allow you to use the Kiyofuji name anymore.""",「그 영상을 자네 아버지께 보여드렸더니 매우 분개하시더군. 앞으로 세이토 이름을 쓰는 것을 용납하지 않겠다고 하셨다」
,,,,,,
Erena.Fallen2-44,エレナ,「―――っ、なんでっ…！」,「―――っ、なんでっ…！」,「―――可惡、為什麼……！」,"""...Why?!""","「―――윽, 왜…!」"
,,,,,,
Erena.Fallen2-45,触手怪人,「既に手続きも済ませ君の名前は戸籍から抹消された。これがその証拠だ」,「既に手続きも済ませ君の名前は戸籍から抹消された。これがその証拠だ」,「手續已經辦妥，妳的名字已從戶籍上註銷。這是證據。」,"""The procedures have already been completed and your name has been erased from the family registry. This is the proof.""",「이미 수속도 마치고 자네 이름은 호적에서 말소되었다. 이것이 그 증거다」
,,,,,,
Erena.Fallen2-46,,そしてモニターにはエレナの戸籍情報が映し出された,そしてモニターにはエレナの戸籍情報が映し出された,接著，監視器上顯示出艾蓮娜的戶籍資料。,Elena's family registration information was displayed on the monitor.,그리고 모니터에 엘레나의 호적 정보가 비춰졌다
,,,,,,
Erena.Fallen2-47,エレナ,「………え…？そん…な？……違う……！こんなの…偽造に決まって…！」,「………え…？そん…な？……違う……！こんなの…偽造に決まって…！」,「………咦…？怎…麼會？……不對……！這種東西……一定是偽造的！」,"""...Huh...? No way...? ...That's wrong! This must be... forged...!""",「………에…? 그럴…수가?……아냐……! 이런 건… 위조임이 틀림없어…!」
,,,,,,
Erena.Fallen2-48,触手怪人,「……もう一つ。君が学園にいない間生徒会は機能していなかったからね。学園の職員と直接君の今後について会議をしたのだが…」,「……もう一つ。君が我々に囚われている間、司令部は機能していなかったからね。レギオンの職員と直接君の今後について会議をしたのだが…」,「……還有另一件事。在妳被我們囚禁期間，司令部一直沒有運作。我們直接與軍團的職員開會討論了妳的後續……」,"""...One more thing. While you were in our captivity, the Command Center was not operating. I did have a meeting with a Legion staff about your future...""","「……또 하나. 자네가 우리에게 잡혀있는 동안, 사령부는 기능하지 못했으니. 레기온 직원과 직접 자네의 향후에 대해 회의를 했는데…」"
,,,,,,
Erena.Fallen2-49,,「賛成多数で君は学園を退学処分となった。もちろん生徒会副会長も解任だ」,「賛成多数で君はレギオンから抹消処分となった。もちろんレギオン司令部副司令も解任だ」,「在多數同意下，妳被軍團除名了。當然，軍團司令部副司令的職位也被解除了。」,"""By majority vote, you've been expelled from the Legion. Of course, you've also been dismissed as Deputy Commander of Legion headquarters.""",「찬성 다수로 자네는 레기온에서 말소 처분되었다. 물론 레기온 사령부 부사령관도 해임이다」
,,,,,,
Erena.Fallen2-50,エレナ,「…………は？」,「…………は？」,「…………什麼？」,"""Huh?""",「…………하?」
,,,,,,
Erena.Fallen2-51,触手怪人,「ほれ、これがその書類だ。」,「ほれ、これがその書類だ。」,「看，這是相關文件。」,"""Here, see for yourself.""","「자, 이것이 그 서류다.」"
,,,,,,
Erena.Fallen2-52,エレナ,「…………いや、……違うッ！こんなのっ！偽造でっ！」,「…………いや、……違うッ！こんなのっ！偽造でっ！」,「…………不對，……是假的！這種東西！是偽造的！」,"""...No! This can't be! Something like this! It's forged!""","「…………아냐,……아냐! 이런 건! 위조야!」"
,,,,,,
Erena.Fallen2-53,触手怪人,「グフフッ、これが本物だという事は副生徒会長をしていた君が一番良く分かっているだろう？」,「グフフッ、これが本物だという事はレギオン副司令をしていた君が一番良く分かっているだろう？」,「呵呵呵，這是不是真的，身為軍團副司令的妳應該最清楚吧？」,"""Hehehe, you, who served as Legion Deputy Commander, should know that this is real, shouldn't you?""","「크흐흐, 이것이 진짜라는 것은 레기온 부사령관이었던 자네가 가장 잘 알고 있겠지?」"
,Erena darkness 2-5,,,,,
Erena.Fallen2-54,エレナ,「―――――いやっ、こんなのっ！信じないっ！」,「―――――いやっ、こんなのっ！信じないっ！」,「―――――不要、我才不信！」,"""No! I don't believe this!""","「―――――아냐, 이런 건! 믿지 않아!」"
,,,,,,
Erena.Fallen2-55,,「―――――これまでっ！、学園のためにっ！清藤グループのためにっ！聖核戦姫のためにっ！頑張って来たのにっ！」,「―――――これまでっ！、平和のためにっ！清藤グループのためにっ！聖核戦姫のためにっ！頑張って来たのにっ！」,「―――――我一直以來！、為了和平！為了清藤集團！為了聖核戰姫！這麼努力奮鬥！」,"""All this time! For peace! For the Kiyofuji Group! For the Holy Core Battlemaidens! I worked so hard!""",「―――――지금까지! 평화를 위해! 세이토 그룹을 위해! 성핵전희를 위해! 열심히 해왔는데!」
,,,,,,
Erena.Fallen2-56,,「その結果がこんなのっ！ありえないっ！」,「その結果がこんなのっ！ありえないっ！」,「結果竟然是這樣！不可能！」,"""And it ended up like this... Impossible!""",「그 결과가 이런 거라니! 말도 안 돼!」
,,,,,,
Erena.Fallen2-57,触手怪人,「おーおー、可哀そうなエレナ君。信頼していた人達に裏切られるのはつらいなぁ」,「おーおー、可哀そうなエレナ君。信頼していた人達に裏切られるのはつらいなぁ」,「唉唷唉唷，可憐的艾蓮娜小姐。被自己信任的人背叛一定很難受吧。」,"""Oh my, poor Elena. It's painful to be betrayed by people you trusted.""","「오ー오ー, 불쌍한 엘레나 군. 신뢰했던 사람들에게 배신당하는 건 괴롭겠군」"
,,,,,,
Erena.Fallen2-58,エレナ,「ずっと我慢してっ！皆のために…っ！」,「ずっと我慢してっ！皆のために…っ！」,「我一直忍耐著！為了大家……！」,"""I endured it all! For everyone's sake...!""",「계속 참고! 모두를 위해서…윽!」
,,,,,,
Erena.Fallen2-59,,「ひぐっ、…これまでっ、…何のために…私はっ！」,「ひぐっ、…これまでっ、…何のために…私はっ！」,「嗚嗚、……一直以來、…我到底為了什麼……！」,"""Hic... all this time... what was it for... I...!""","「흑,… 지금까지,… 무엇을 위해… 나는!」"
,,,,,,
Erena.Fallen2-60,触手怪人,「おやおや、あの気の強いエレナちゃんが泣いてしまった！」,「おやおや、あの気の強いエレナちゃんが泣いてしまった！」,「哎呀呀，那位個性強勢的艾蓮娜小姐竟然哭了！」,"""Oh my, that strong-willed Elena is crying!""","「오오, 저 강인한 엘레나 양이 울어버렸군!」"
,,,,,,
Erena.Fallen2-61,,「可哀そうに、今や君の帰る場所はどこにもないのだから」,「可哀そうに、今や君の帰る場所はどこにもないのだから」,「真可憐，現在妳已經沒有任何可以回去的地方了。」,"""How pitiful, now you have nowhere to return to.""","「불쌍하게도, 이제 자네가 돌아갈 곳은 어디에도 없으니」"
,,,,,,
Erena.Fallen2-62,エレナ,「ひぐっ、これまでっ、ずっと頑張って来たのにっ！なんでっ！」,「ひぐっ、これまでっ、ずっと頑張って来たのにっ！なんでっ！」,「嗚嗚、明明一直以來都這麼努力！為什麼！」,"""All this time... I worked so hard! Why?!""","「흑, 지금까지, 계속 열심히 해왔는데! 왜!」"
,,,,,,
Erena.Fallen2-63,,「一体これまで…私は何を…っ！」,「一体これまで…私は何を…っ！」,「我到底一直以來……做了些什麼……！」,"""What on earth have I... been doing all this time...!""",「대체 지금까지… 나는 무엇을…윽!」
,,,,,,
Erena.Fallen2-64,触手怪人,「惨めで、弱くて、何も成し遂げられない。全てエレナ君のせいだ」,「惨めで、弱くて、何も成し遂げられない。全てエレナ君のせいだ」,「悲慘、軟弱、一事無成。這都是艾蓮娜小姐妳的錯。」,"""Miserable, weak, unable to accomplish anything. It's all your fault.""","「비참하고, 약하고, 아무것도 이루지 못하는. 전부 엘레나 군 탓이다」"
,,,,,,
Erena.Fallen2-65,,「っ！、全部っ、私のっ、せい…で」,「っ！、全部っ、私のっ、せい…で」,「可惡！、全部、都是我的、錯……」,"""All.. My fault...""","「윽!, 전부, 내, 탓…으로」"
,,,,,,
Erena.Fallen2-66,触手怪人,「グフフッ、君の帰る場所はもうないわけだが……」,「グフフッ、君の帰る場所はもうないわけだが……」,「呵呵呵，妳已經沒有回去的地方了……」,"""Hehe, you no longer have anywhere to return to...""","「크흐흐, 자네가 돌아갈 곳은 이제 없지만……」"
,,,,,,
Erena.Fallen2-67,Erena darkness 2-2,「君に選択肢をあげよう。」,「君に選択肢をあげよう。」,「我給妳一個選擇。」,"""I'll give you a choice.""",「자네에게 선택지를 주지.」
,,,,,,
Erena.Fallen2-68,エレナ,「えぐっ…な…なにっ…」,「えぐっ…な…なにっ…」,「嗚、說……說什麼……」,"""Ugg... wh... what...""",「흐끅… 무…엇을…」
,,,,,,
Erena.Fallen2-69,,「ここから出た所で君の居場所はどこにもない。」,「ここから出た所で君の居場所はどこにもない。」,「就算妳從這裡出去，也沒有妳的容身之處。」,"""Even if you leave here, you have nowhere to go.""",「여기서 나가봤자 자네의 있을 곳은 어디에도 없다.」
,,,,,,
Erena.Fallen2-70,,「惨めな最期を迎えると分かっていながら最後まで抗うか」,「惨めな最期を迎えると分かっていながら最後まで抗うか」,「是選擇明知會迎接悲慘的結局，卻要反抗到底。」,"""Will you resist to the end, knowing you'll meet a miserable fate?""",「비참한 최후를 맞이할 것을 알면서도 끝까지 저항할 것인가」
,,,,,,
Erena.Fallen2-71,,「それとも―――――」,「それとも―――――」,「還是―――――」,"""Or...""",「아니면―――――」
,,,,,,
Erena.Fallen2-72,,グチュッ、ズルズルッ、ドチュッ！,グチュッ、ズルズルッ、ドチュッ！,咕啾、咕嚕嚕、咚！,"Squelch, slurp, splurt!","구츄욱, 스르륵, 도츄욱!"
,,,,,,
Erena.Fallen2-73,,「ん゛お゛っ！、おまんこっ♥、なんでっ！！」,「ん゛お゛っ！、おまんこっ♥、なんでっ！！」,「嗯喔！、鮑魚！、為什麼！」,"""Ngh! My pussy♥ Why?!""",「응읏! 보지…! 왜!!」
,,,,,,
Erena.Fallen2-74,,「それとも全てを諦め、財団に忠誠を誓い、私のペットとなり永遠の快楽に身を委ねるか」,「それとも全てを諦め、財団に忠誠を誓い、私のペットとなり永遠の快楽に身を委ねるか」,「還是選擇放棄一切，向財團宣誓忠誠，成為我的寵物，永遠沉溺於快感中。」,"""Or will you give up everything, pledge loyalty to the Foundation, become my pet, and surrender yourself to eternal pleasure?""","「아니면 모든 것을 포기하고, 재단에 충성을 맹세하며, 나의 애완동물이 되어 영원한 쾌락에 몸을 맡길 것인가」"
,,,,,,
Erena.Fallen2-75,,グチュッ、グチュッ、ズルッ、ズルルルッ！,グチュッ、グチュッ、ズルッ、ズルルルッ！,咕啾、咕啾、咕溜、咕嚕嚕嚕！,"Squelch, squelch, slip, slurrrp!","구츄욱, 구츄욱, 스르륵, 주르르륵!"
,,,,,,
Erena.Fallen2-76,エレナ,「ひぐっ♥！、誰がぁ♥！」,「ひぐっ♥！、誰がぁ♥！」,「嗚嗚！、誰要啊！」,"""Hggggh♥! As if I would♥!""",「흐끅! 누가아♥!」
,,,,,,
Erena.Fallen2-77,,(だめっ、たとえ全て失ってもっ！こんなのに耳を貸したらっ♥),(だめっ、たとえ全て失ってもっ！こんなのに耳を貸したらっ♥),(不行、就算失去了一切！也不能聽信這種話！),"(No, even if I lose everything! If I listen to this♥...)","(안 돼, 비록 모든 것을 잃었어도! 이런 것에 귀 기울이면♥)"
,,,,,,
Erena.Fallen2-78,Erenadarkne2-4(2),「でもっ♥、子宮グチュグチュしながら聞くなんてッ♥、ずるいっ♥！」,「でもっ♥、子宮グチュグチュしながら聞くなんてッ♥、ずるいっ♥！」,「但是！、在子宮被攪得黏糊糊的時候問我、太狡猾了！」,"""But♥ listening while my womb is being squished around♥ That's not fair♥!""","「하지만♥, 자궁을 구츄구츄하면서 묻다니!, 비겁해♥!」"
,,,,,,
Erena.Fallen2-79,触手怪人,「グフフッ、私のペットになれエレナ君。そうすれば君は何も考えなくていい！」,「グフフッ、私のペットになれエレナ君。そうすれば君は何も考えなくていい！」,「呵呵呵，成為我的寵物吧艾蓮娜小姐。這樣妳就什麼都不用想了！」,"""Become my pet, Elena. Then you won't have to think about anything!""","「크흐흐, 나의 애완동물이 되어라 엘레나 군. 그러면 자네는 아무것도 생각할 필요 없다!」"
,,,,,,
Erena.Fallen2-80,,グチュッ、ドチュッ、ズルルっ！,グチュッ、ドチュッ、ズルルっ！,咕啾、咚、咕嚕！,"Squelch, splurt, slurp!","구츄욱, 도츄욱, 스르륵!"
,,,,,,
Erena.Fallen2-81,エレナ,「ん゛お゛お゛っ♥！、ん゛ッ♥、そんなのっ♥絶対ッ♥！」,「ん゛お゛お゛っ♥！、ん゛ッ♥、そんなのっ♥絶対ッ♥！」,「嗯喔喔！、嗯！、那種事！絕對！」,"""Nghooohhhh♥! Nggggh♥ I would never♥ Absolutely not♥!""",「응읏! 응읏! 그런 건! 절대♥!」
,,,,,,
Erena.Fallen2-82,触手怪人,「ゆっくり考えたまえ。君に危害は加えん」,「ゆっくり考えたまえ。君に危害は加えん」,「妳慢慢考慮吧。我不會傷害妳的。」,"""Think about it some more. I won't harm you.""",「천천히 생각하게. 자네에게 해를 가하진 않으리니」
,,,,,,
Erena.Fallen2-83,,コリッ、コリコリッ、グチュッ♥,コリッ、コリコリッ、グチュッ♥,喀哩、喀哩喀哩、咕啾！,"Rub, rub rub, squelch♥","코릿, 코리코릿, 구츄욱♥"
,,,,,,
Erena.Fallen2-84,エレナ,「んあっ♥、いぎっ♥、だからってぇ♥、わたしはっ♥負けないッ」,「んあっ♥、いぎっ♥、だからってぇ♥、わたしはっ♥負けないッ」,「嗯啊！、噫！、就算這樣！、我也不會！認輸的！」,"""Nha♥ Eek♥ Even so♥ I won't♥ lose!""","「응앗♥, 이깃♥, 그렇다고♥, 나는♥지지 않아」"
,,,,,,
Erena.Fallen2-85,Erena darkness 2ｰ5,(――――負けない？……何のために？),(――――負けない？……何のために？),(――――不認輸？……為了什麼？),(Won't lose? ...For what purpose?),(――――지지 않아?……무엇을 위해?)
,,,,,,
Erena.Fallen2-86,,(私がこれまで耐えて、頑張ったのに、全部無意味だったっ♥),(私がこれまで耐えて、頑張ったのに、全部無意味だったっ♥),(我一直以來的忍耐和努力，全部都白費了！),"(I endured and tried so hard until now, but it was all meaningless♥)","(내가 지금까지 참고, 노력했는데, 전부 무의미했어♥)"
,,,,,,
Erena.Fallen2-87,,(……こんなに頑張ったのにっ♥裏切られてっ),(……こんなに頑張ったのにっ♥裏切られてっ),(……明明這麼努力了、卻被背叛了。),(...I tried so hard♥ but I was betrayed),(……이렇게 노력했는데♥배신당하고)
,,,,,,
Erena.Fallen2-88,,(この怪人を倒して清藤家…生徒会戻ったとして…私の居場所はっ…),(この怪人を倒して清藤家…レギオンに戻ったとして…私の居場所はっ…),(就算打倒這個怪人回到清藤家……回到軍團……我的容身之處在哪裡……),(Even if I defeat this fiend and return to the Kiyofuji family... the Legion... do I have a place there?),(이 괴인을 쓰러뜨리고 세이토 가에… 레기온에 돌아간들… 나의 있을 곳은…)
,,,,,,
Erena.Fallen2-89,触手怪人,「グフフッ、エレナ君、どうだね、私の触手は？」,「グフフッ、エレナ君、どうだね、私の触手は？」,「呵呵呵，艾蓮娜小姐，怎麼樣呢，我的觸手？」,"""Hehe, Elena, how are my tentacles?""","「크흐흐, 엘레나 군, 어떤가, 나의 촉수는?」"
,,,,,,
Erena.Fallen2-90,,グチュッ、ドチュッ、ズルルッ！,グチュッ、ドチュッ、ズルルッ！,咕啾、咚、咕嚕！,"Squelch, splurt, slurp!","구츄욱, 도츄욱, 스르륵!"
,,,,,,
Erena.Fallen2-91,エレナ,「ん゛あっ♥、お゛お゛っ♥！ん゛ん゛～～～っ♥♥」,「ん゛あっ♥、お゛お゛っ♥！ん゛ん゛～～～っ♥♥」,「嗯啊！、喔喔！嗯嗯～～～！」,"""Ngggahhhh♥ Ohh♥! Nghnnnngh♥♥""","「응옷 앗♥, 오옷 오옷 옷♥!응옷 응옷 ~~~읏♥♥」"
,,,,,,
Erena.Fallen2-92,,(……でもっ、この怪人はっ、私の事を考えてくれているっ♥？私が気持ち良くなることをっ♥),(……でもっ、この怪人はっ、私の事を考えてくれているっ♥？私が気持ち良くなることをっ♥),(……但是、這個怪人、是在為我著想嗎？是想讓我舒服嗎？),(...But this fiend is thinking about me♥? About making me feel good♥),"(……하지만, 이 괴인은, 나를 생각해 주고 있어♥? 내가 기분 좋아지는 것을♥)"
,,,,,,
Erena.Fallen2-93,,(私はただこの触手に身を任せていればいいのっ♥？それだけで認めてくれるっ♥),(私はただこの触手に身を任せていればいいのっ♥？それだけで認めてくれるっ♥),(我只要將身體交給這根觸手就好嗎？只要這樣就能得到認可嗎？),(I just need to surrender myself to these tentacles♥? Just that and he'll accept me♥),(나는 그저 이 촉수에 몸을 맡기고 있으면 되는 거야♥? 그것만으로 인정해 주는 거야♥)
,,,,,,
Erena.Fallen2-94,,(ここなら、何も考えなくていいっ♥),(ここなら、何も考えなくていいっ♥),(在這裡，我就什麼都不用思考了！),"(Here, I don't have to think about anything♥)","(여기라면, 아무것도 생각하지 않아도 돼♥)"
,,,,,,
Erena.Fallen2-95,,(ぐちゅぐちゅされてるだけでっ♥気持ちいだけでっ♥),(ぐちゅぐちゅされてるだけでっ♥気持ちいだけでっ♥),(只是被攪得黏糊糊的、只是覺得舒服！),(Just being squished around♥ Just feeling good♥),(구츄구츄 당하기만 해도♥ 기분 좋기만 해도♥)
,,,,,,
Erena.Fallen2-96,触手怪人,「どうするエレナ君？私のペットになるか…それともそれとも無意味な抵抗を続けるか…」,「どうするエレナ君？私のペットになるか…それともそれとも無意味な抵抗を続けるか…」,「怎麼辦艾蓮娜小姐？是成為我的寵物……還是繼續無意義的抵抗……」,"""What will you do, Elena? Will you become my pet... or continue your meaningless resistance?""",「어떻게 할 건가 엘레나 군? 나의 애완동물이 될 건가… 아니면 무의미한 저항을 계속할 건가…」
,,,,,,
Erena.Fallen2-97,エレナ,「…………なります」,「…………なります」,「…………我願意。」,"""...I'll become one.""",「…………되겠습니다」
,Erena darkness 2-6,,,,,
Erena.Fallen2-98,エレナ,「もう聖核戦姫じゃなくていいっ！あなたのっ、ご主人様のペットになりますっ！」,「もう聖核戦姫じゃなくていいっ！あなたのっ、ご主人様のペットになりますっ！」,「我不要再當聖核戰姫了！我要成為你、成為主人的寵物！」,"""I don't need to be a Holy Core Battlemaiden anymore! I'll become your pet, Master!""",「이제 성핵전희가 아니어도 좋아요! 당신의… 주인님의 애완동물이 되겠습니다!」
,,,,,,
Erena.Fallen2-99,,「もう…もう全部どうでもいいっ、何も考えたくない！気持ちよくしてくれるならっ！それでいいですっ！」,「もう…もう全部どうでもいいっ、何も考えたくない！気持ちよくしてくれるならっ！それでいいですっ！」,「我已經……我已經什麼都無所謂了、什麼都不想再想了！只要能讓我舒服！這樣就好了！」,"""I... I don't care about anything anymore! I don't want to think about anything! If you'll make me feel good! That's enough!""",「이제… 이제 전부 아무래도 좋아요! 아무것도 생각하고 싶지 않아요! 기분 좋게 해준다면! 그걸로 됐어요!」
,,,,,,
Erena.Fallen2-100,触手怪人,「グフフッ、そうか！これでエレナ君の全ては私の物だ！」,「グフフッ、そうか！これでエレナ君の全ては私の物だ！」,「呵呵呵，是嗎！這樣艾蓮娜小姐的一切就都屬於我了！」,"""Is that so! Now everything about you belongs to me, Elena!""","「크흐흐, 그런가! 이걸로 엘레나 군의 모든 것은 나의 것이다!」"
,,,,,,
Erena.Fallen2-101,エレナ,「はいっ♥、エレナはっ、ご主人様に負けてご主人様の愛玩ペットになりましたっ♥」,「はいっ♥、エレナはっ、ご主人様に負けてご主人様の愛玩ペットになりましたっ♥」,「是！、艾蓮娜、輸給了主人，成為了主人的玩賞寵物了！」,"""Yes♥ Elena lost to Master and became Master's beloved pet♥""","「네엣♥, 엘레나는, 주인님께 져서 주인님의 애완동물이 되었습니다♥」"
,,,,,,
Erena.Fallen2-102,,「ではエレナ君陥落記念に記念撮影をしておこうか。君が永遠に私の所有物になった証明だ」,「ではエレナ君陥落記念に記念撮影をしておこうか。君が永遠に私の所有物になった証明だ」,「那麼，為了紀念艾蓮娜小姐的淪陷，我們來拍張紀念照吧。這是妳永遠成為我所有物的證明。」,"""Then let's take a commemorative photo to celebrate your fall. Proof that you've become my possession forever.""",「그러면 엘레나 군 함락 기념으로 기념 촬영을 해둘까. 자네가 영원히 나의 소유물이 되었다는 증명이다」
,,,,,,
Erena.Fallen2-103,エレナ,「えへっ、ありがとうございま～すっ！」,「えへっ、ありがとうございま～すっ！」,「欸嘿、謝謝主人！」,"""Ehehe, thank you so much!""","「에헷, 감사합니~다!」"
,,,,,,
Erena.Fallen2-104,,エレナは向けられたモニターに向かって壊れた笑顔を向ける,エレナは向けられたモニターに向かって壊れた笑顔を向ける,艾蓮娜朝向鏡頭，露出了破碎的笑容。,Elena turned a broken smile toward the monitor aimed at her.,엘레나는 향한 모니터를 향해 망가진 미소를 짓는다
,,,,,,
Erena.Fallen2-105,,「―――私っ、清藤……いえ、エレナはっ！今ご主人様の愛玩ペットになりましたっ！」,「―――私っ、清藤……いえ、エレナはっ！今ご主人様の愛玩ペットになりましたっ！」,「―――我、清藤……不對，艾蓮娜！現在成為了主人的玩賞寵物了！」,"""I, Kiyofuji... no, Elena has just become Master's beloved pet!""","「―――저, 세이토……아뇨, 엘레나는! 지금 주인님의 애완동물이 되었습니다!」"
,,,,,,
Erena.Fallen2-106,,「もう聖核戦姫も生徒会もどうでもいいっ！ずっとご主人様にご奉仕してっ沢山可愛がってもらうのっ♥！」,「もう聖核戦姫なんてどうでもいいっ！ずっとご主人様にご奉仕してっ沢山可愛がってもらうのっ♥！」,「聖核戰姫什麼的已經無所謂了！我要永遠服侍主人、得到主人的疼愛！」,"""To hell with Holy Core Battlemaidens! I'm going to serve my master so he will be nice to me!""","「이제 성핵전희 따위 아무래도 좋아요! 계속 주인님께 봉사하고, 잔뜩 귀여움 받을 거예요♥!」"
,,,,,,
Erena.Fallen2-107,触手怪人,「グフッ、よく言えた！流石私のかわいいペットちゃんだ！」,「グフッ、よく言えた！流石私のかわいいペットちゃんだ！」,「呵呵，說得好！不愧是我可愛的寵物！」,"""Well said! I knew you'd make a good pet!""","「크흣, 잘 말했다! 역시 나의 귀여운 애완동물이로군!」"
,,,,,,
Erena.Fallen2-108,エレナ,「えへっ、えへっ、ありがとうございますっ！、だからっ！今すぐぐちゃぐちゃにしてくださいっ！」,「えへっ、えへっ、ありがとうございますっ！、だからっ！今すぐぐちゃぐちゃにしてくださいっ！」,「欸嘿、欸嘿、謝謝主人！所以！請現在就將我攪得亂七八糟吧！」,"""Hehehe, thank you! Now, please fuck me!""","「에헷, 에헷, 감사합니다! 그러니까! 지금 당장 엉망진창으로 만들어주세요!」"
,,,,,,
Erena.Fallen2-109,,「もう何も考えたくないっ、頭のなか快楽でいっぱいにしてっ！」,「もう何も考えたくないっ、頭のなか快楽でいっぱいにしてっ！」,「我什麼都不想再想了、將我的腦袋裡塞滿快感吧！」,"""I don't want to think anymore, I just want to feel the pleasure!""","「이제 아무것도 생각하고 싶지 않아요, 머릿속을 쾌락으로 가득 채워주세요!」"
,,,,,,
Erena.Fallen2-110,触手怪人,「グフフッ、もちろんだ、しっかりおねだりできたペットちゃんにはご褒美をあげんとなぁ？」,「グフフッ、もちろんだ、しっかりおねだりできたペットちゃんにはご褒美をあげんとなぁ？」,「呵呵呵，那是當然的，乖乖聽話撒嬌的寵物，是該給予獎勵了啊？」,"""Of course. I will give you all the praises you deserve, my dear pet.""","「크흐흐, 물론이다, 제대로 졸라댄 애완동물에게는 포상을 줘야지?」"
,,,,,,
Erena.Fallen2-111,Erena darkness 2ｰ1,そしてエレナは一切の抵抗をせず、触手怪人の中に取り込まれる,そしてエレナは一切の抵抗をせず、触手怪人の中に取り込まれる,接著艾蓮娜毫無抵抗地被觸手怪人吞噬進去。,Elena was taken in by the tentacle man without resisting.,"그리고 엘레나는 일체의 저항 없이, 촉수 괴인 속으로 받아들여진다"
,,,,,,
Erena.Fallen2-112,,ジュルッ、ズポッ、ジュルルルッ、,ジュルッ、ズポッ、ジュルルルッ、,咕嚕、噗通、咕嚕嚕嚕、,"Slurrrrrp, pop, slurrrrrrp.","주르륵, 즈폿, 주르르륵,"
,,,,,,
Erena.Fallen2-113,エレナ,「～～～～～～♥♥！！、きたっ、真っ暗でっ、ヌルヌルでっ、気持ちいいだけの場所っ！」,「～～～～～～♥♥！！、きたっ、真っ暗でっ、ヌルヌルでっ、気持ちいいだけの場所っ！」,「～～～～～～！！、來了、這個一片漆黑、滑溜溜的、只有舒服的地方！」,"""Here it is! The dark and slippery place that has nothing but pleasure!""","「~~~~~~♥♥!!, 왔다, 새까맣고, 질척하고, 기분 좋은 것만 있는 곳!」"
,,,,,,
Erena.Fallen2-114,,ズボッ、ズチュッ、グチュッ、ドチュッ、ズブブッ、ジュルルルッ！,ズボッ、ズチュッ、グチュッ、ドチュッ、ズブブッ、ジュルルルッ！,噗通、噗啾、咕啾、咚、噗滋滋、咕嚕嚕嚕！,"Gush, squelch, gush, squelch, splash...","즈봇, 즈츄앙, 구츄앙, 도츄앙, 즈브브앙, 주르르륵!"
,,,,,,
Erena.Fallen2-115,,「ん゛おっ♥、おまんこもっ♥、お尻の穴もっ♥、もっとぐちゃぐちゃにしてっ♥！頭おかしくなるくらいっ♥！」,「ん゛おっ♥、おまんこもっ♥、お尻の穴もっ♥、もっとぐちゃぐちゃにしてっ♥！頭おかしくなるくらいっ♥！」,「嗯喔！、鮑魚！、還有屁眼！、再攪得更亂七八糟吧！直到失去理智為止！」,"""Mmmm♥ My pussy♥ My asshole♥ Fuck me more! Fuck me until I lose my mind!""","「응읏♥, 보지도♥, 엉덩이 구멍도♥, 좀 더 엉망진창으로 만들어줘요♥! 머리가 이상해질 정도로♥!」"
,,,,,,
Erena.Fallen2-116,触手怪人,「グフフッ、もちろんだとも。エレナ君、君は何も考えなくていい。私の中でひたすら快楽を貪り続けるだけでいいんだ」,「グフフッ、もちろんだとも。エレナ君、君は何も考えなくていい。私の中でひたすら快楽を貪り続けるだけでいいんだ」,「呵呵呵，那是當然的。艾蓮娜小姐，妳什麼都不用想。只要在我體內一味地沉溺於快感中就好。」,"""Of course, Elena. You don't have to think about anything. You just need to enjoy the endless pleasure inside me!""","「크흐흐, 물론이고말고. 엘레나 군, 자네는 아무것도 생각할 필요 없다. 내 안에서 오로지 쾌락을 탐닉하기만 하면 되는 것이다」"
,,,,,,
Erena.Fallen2-117,,ズボッ、ジュルルル♥、グチュッ、ジュルルルッ！,ズボッ、ジュルルル♥、グチュッ、ジュルルルッ！,噗通、咕嚕嚕嚕！、咕啾、咕嚕嚕嚕！,"Squelch, slurrrrrp, squelch, slurrrrrp!","즈봇, 주르르르♥, 구츄앙, 주르르륵!"
,,,,,,
Erena.Fallen2-118,エレナ,「えへへぇ♥、きもちいっ♥、ご主人様っ♥、エレナッ、ご主人様に飼われて幸せですっ♥♥！」,「えへへぇ♥、きもちいっ♥、ご主人様っ♥、エレナッ、ご主人様に飼われて幸せですっ♥♥！」,「欸嘿嘿！、好舒服！、主人！艾蓮娜、能被主人飼養好幸福！」,"""It feels so good, master. I'm so lucky to have you!""","「에헤헤♥, 기분 조아♥, 주인님♥, 엘레나, 주인님께 길러져서 행복해요♥♥!」"
,,,,,,
Erena.Fallen2-119,,清藤エレナはどろどろとした暗闇の中、媚びるように触手を舐め続ける,清藤エレナはどろどろとした暗闇の中、媚びるように触手を舐め続ける,清藤艾蓮娜在黏糊糊的黑暗中，不斷諂媚地舔舐著觸手。,Elena Kiyofuji kept licking the tentacles in the dark with admiration.,"세이토 엘레나는 질척이는 어둠 속에서, 아양 떨듯 촉수를 핥아댄다"
,,,,,,
Erena.Fallen2-120,,グチュッ、ズルルッ、ジュルッ、グチュッ！,グチュッ、ズルルッ、ジュルッ、グチュッ！,咕啾、咕溜、咕嚕、咕啾！,"Squelch, zrrrrr, slurp, spurt!","구츄앙, 스르륵, 주르륵, 구츄앙!"
,,,,,,
Erena.Fallen2-121,,「ん゛っ♥、ん゛ん゛～～～～っ♥♥」,「ん゛っ♥、ん゛ん゛～～～～っ♥♥」,「嗯！、嗯嗯～～～～～」,"""Nnnn♥ Nnnnnn♥""","「응옷 윽♥, 응옷 응옷 ~~~~읏♥♥」"
,,,,,,
Erena.Fallen2-122,,(ここなら何もしなくていいっ♥、ただペットとして気持ちよくなってるだけっ♥),(ここなら何もしなくていいっ♥、ただペットとして気持ちよくなってるだけっ♥),(在這裡什麼都不用做！、只要作為寵物享受舒服就好！),"(I don't have to do anything here, I just have to enjoy being a pet♥)","(여기라면 아무것도 안 해도 돼♥, 그저 애완동물로서 기분 좋아지기만 하면 돼♥)"
,,,,,,
Erena.Fallen2-123,,(ずっとここでいいっ♥、ご主人様に可愛がってもらうのっ♥♥),(ずっとここでいいっ♥、ご主人様に可愛がってもらうのっ♥♥),(永遠待在這裡就好了！、一直被主人疼愛著！),(I want to be here forever♥ And be praised by my master♥),"(계속 여기서 좋아♥, 주인님께 귀여움 받을 거야♥♥)"
,,,,,,
Erena.Fallen2-124,,暗闇の中、エレナの思考はどろどろとした邪悪な快楽に溶けていくのだった,暗闇の中、エレナの思考はどろどろとした邪悪な快楽に溶けていくのだった,在黑暗中，艾蓮娜的思緒融化在黏糊糊的邪惡快感中。,"In the dark, Elena's mind melted under the sinister pleasure that she was drowning in.","암흑 속에서, 엘레나의 사고는 질척이는 사악한 쾌락에 녹아내리는 것이었다"
,,,,,,
,,,,,,
,,,,,,
Erena darkness 3,,,,,,
Erena.Fallen3-1,Erena darkness 3ｰ1,――――財団地下研究施設,――――財団地下研究施設,――――財團地下研究設施,At the Foundation's underground research facility,――――재단 지하 연구 시설
,,,,,,
Erena.Fallen3-2,,ジュパッ、ジュルッ、ズルッ、ジュプッ,ジュパッ、ジュルッ、ズルッ、ジュプッ,咕啵、咕嚕、咕溜、咕啵,"Slurrrrrp, slurrrrrrp, ssssssppppuuurt!","쥬팟, 쥬릇, 즈릇, 쥬풋"
,,,,,,
Erena.Fallen3-3,,熱帯雨林のような熱気と湿度と、むせかえるような臭いが部屋に充満する,熱帯雨林のような熱気と湿度と、むせかえるような臭いが部屋に充満する,房間裡充滿了熱帶雨林般的熱氣和濕氣，以及令人窒息的氣味。,"The room was filled with a stinging smell from the heat and the humidity, which bordered on a rainforest.","열대우림 같은 열기와 습도와, 숨 막힐 듯한 냄새가 방에 가득하다"
,,,,,,
Erena.Fallen3-4,エレナ,「んん゛ん゛～～～♥♥、チュパッ♥、チュパッ♥、チュパッ♥」,「んん゛ん゛～～～♥♥、チュパッ♥、チュパッ♥、チュパッ♥」,「嗯嗯嗯～～～、啾吧、啾吧、啾吧！」,"""Nnnnnn♥ Chup, chup, chup""","「응응옷 응옷 ~~~♥♥, 츄팟♥, 츄팟♥, 츄팟♥」"
,,,,,,
Erena.Fallen3-5,,エレナの胎は触手怪人に粘液を注がれた続けた結果、妊婦のように膨らんでいた,エレナの胎は触手怪人に粘液を注がれた続けた結果、妊婦のように膨らんでいた,艾蓮娜的肚子不斷被觸手怪人注入黏液，結果膨脹得像個孕婦。,Elena's abdomen expanded like a pregnant woman after the Tentacle Man kept pumping slime into her for a long time.,"엘레나의 배는 촉수 괴인에게 점액을 계속 주입받은 결과, 임산부처럼 부풀어 있었다"
,,,,,,
Erena.Fallen3-6,,ジュルッ♥、ズルッ♥、グブッ♥、ジュルルッ♥！,ジュルッ♥、ズルッ♥、グブッ♥、ジュルルッ♥！,咕嚕、咕溜、咕嘟、咕嚕嚕嚕！,"Gush, squelch, gush, squelch, splash...","쥬릇♥, 즈릇♥, 그붑♥, 쥬르릇♥!"
,,,,,,
Erena.Fallen3-7,触手怪人,「グフフッ、必死に触手にしゃぶりつきおって。まるで赤ちゃんだな」,「グフフッ、必死に触手にしゃぶりつきおって。まるで赤ちゃんだな」,「呵呵呵，死命地吸吮著觸手。簡直就像個嬰兒啊。」,"""Heh, you're sucking on the tentacles so hard... Almost like a baby.""","「크흐흐, 필사적으로 촉수에 달라붙어 빨아대다니. 귀엽구나」"
,,,,,,
Erena.Fallen3-8,エレナ,「ん゛ん゛～～♥、ジュルルッ♥、チュパッ♥」,「ん゛ん゛～～♥、ジュルルッ♥、チュパッ♥」,「嗯嗯～～、咕嚕嚕、啾吧！」,"""Nnnnnn♥ Slurp, chup...""","「응옷 응옷 ~~♥, 쥬르릇♥, 츄팟♥」"
,,,,,,
Erena.Fallen3-9,Erena darkness 3ｰ2,「ん゛っ♥、ん゛っ♥！！」,「ん゛っ♥、ん゛っ♥！！」,「嗯！、嗯！」,"""Nnnnn♥ Nnnnnn♥""","「응옷 윽♥, 응옷 윽♥!!」"
,,,,,,
Erena.Fallen3-10,触手怪人,「ん？ああそろそろ餌付けの時間か、少し早いがエレナ君にご飯をあげないとな」,「ん？ああそろそろ餌付けの時間か、少し早いがエレナ君にご飯をあげないとな」,「嗯？啊，差不多到餵食的時間了，雖然早了點，但得給艾蓮娜小姐餵飯了。」,"""Time for food, I guess. A little early, but I'll feed you first.""","「응? 아아 슬슬 먹이 줄 시간인가, 조금 이르지만 엘레나 군에게 밥을 줘야겠군」"
,,,,,,
Erena.Fallen3-11,,そしてエレナの口に突っ込まれた触手の先端から栄養の入ったドロッした粘液が喉奥に流し込まれる,そしてエレナの口に突っ込まれた触手の先端から栄養の入ったドロッした粘液が喉奥に流し込まれる,接著，充滿營養的黏稠液體，從塞進艾蓮娜口中的觸手尖端被灌入她的喉嚨深處。,"A nutritious slime came out from the tip of the tentacle that was in Elena's mouth, and flowed down her throat.",그리고 엘레나의 입에 쑤셔 넣어진 촉수 끝에서 영양이 들어간 끈적한 점액이 목구멍 안으로 흘러 들어온다
,,,,,,
Erena.Fallen3-12,エレナ,「ん゛ん゛っ♥♥！ジュルッ、ジュルルッ、ゴキュッ♥、ゴキュッ♥」,「ん゛ん゛っ♥♥！ジュルッ、ジュルルッ、ゴキュッ♥、ゴキュッ♥」,「嗯嗯！咕嚕、咕嚕嚕、咕咚、咕咚！」,"""Nnnnnn♥ Squelch♥ Gush♥""","「응옷 응옷 윽♥♥! 쥬릇, 쥬르릇, 꿀꺽♥, 꿀꺽♥」"
,,,,,,
Erena.Fallen3-13,,「ん゛っ♥、ん゛っ♥」,「ん゛っ♥、ん゛っ♥」,「嗯！、嗯！」,"""Nnnnnn♥""","「응옷 윽♥, 응옷 윽♥」"
,,,,,,
Erena.Fallen3-14,触手怪人,「グフフッ、今回のご飯はどうだね？タンパク液と隠し味にエレナ君の好きな性分泌液のミックスだ」,「グフフッ、今回のご飯はどうだね？タンパク液と隠し味にエレナ君の好きな性分泌液のミックスだ」,「呵呵呵，這次的飯菜怎麼樣啊？是蛋白質液體，加上艾蓮娜小姐最喜歡的性分泌液混合而成的。」,"""How is it this time? It's a mix of protein, with a shot of the sexual secretion that you like.""","「크흐흐, 이번 밥은 어떤가? 단백질 액과 숨겨진 맛으로 엘레나 군이 좋아하는 성분비액의 믹스다」"
,,,,,,
Erena.Fallen3-15,,ゴキュッ♥、ゴキュッ♥、プハッ！,ゴキュッ♥、ゴキュッ♥、プハッ！,咕咚、咕咚、呸哈！,Gush♥ Gush♥ Pfffa!,"꿀꺽♥, 꿀꺽♥, 푸핫!"
,Erena darkness3-3,,,,,
Erena.Fallen3-16,エレナ,「えへへぇ～～おいしいっ♥、ご主人様ぁ、もっとちょうだ～い♥」,「えへへぇ～～おいしいっ♥、ご主人様ぁ、もっとちょうだ～い♥」,「欸嘿嘿～～好好吃！主人，再多給我一點～」,"""Hehe... Yum! More please, master♥""","「에헤헤~~맛있어♥, 주인님, 더 주세요~♥」"
,,,,,,
Erena.Fallen3-17,触手怪人,「グフフッ、欲しがりなペットちゃんだ。だがかわいいエレナ君の頼みならしょうがないな」,「グフフッ、欲しがりなペットちゃんだ。だがかわいいエレナ君の頼みならしょうがないな」,「呵呵呵，真是個貪心的寵物啊。不過既然是可愛的艾蓮娜小姐的請求，那就沒辦法了。」,"""You always want more. But you're so cute, I'll have to oblige.""","「크흐흐, 욕심 많은 펫이로군. 하지만 귀여운 엘레나 군의 부탁이라면 어쩔 수 없지」"
,,,,,,
Erena.Fallen3-18,エレナ,「ジュルルッ♥、ゴキュッ、ゴキュッ♥、ジュププッ♥」,「ジュルルッ♥、ゴキュッ、ゴキュッ♥、ジュププッ♥」,「咕嚕嚕！、咕咚、咕咚、咕噗噗！」,"""Squelch, grr, grrr, slurrrrp.""","「쥬르릇♥, 꿀꺽, 꿀꺽♥, 쥬풋풋♥」"
,,,,,,
Erena.Fallen3-19,,「プハッ、えへへっ♥、ごちそうさま～～♥」,「プハッ、えへへっ♥、ごちそうさま～～♥」,「呸哈、欸嘿嘿！、謝謝款待～～」,"""That was yum!""","「푸핫, 에헤헷♥, 잘 먹었습니~다♥」"
,,,,,,
Erena.Fallen3-20,,触手怪人はエレナの頭を触手で優しくなでる,触手怪人はエレナの頭を触手で優しくなでる,觸手怪人溫柔地撫摸著艾蓮娜的頭。,The Tentacle Man petted Elena's head.,촉수 괴인은 엘레나의 머리를 촉수로 부드럽게 쓰다듬는다
,,,,,,
Erena.Fallen3-21,触手怪人,「グフフッ、偉いぞエレナ君。しっかりごちそうさまが言えたな」,「グフフッ、偉いぞエレナ君。しっかりごちそうさまが言えたな」,「呵呵呵，艾蓮娜小姐真乖。知道要說謝謝。」,"""Good job, Elena. You have good manners.""","「크흐흐, 장하다 엘레나 군. 제대로 잘 먹었습니다라고 말할 수 있게 되었군」"
,,,,,,
Erena.Fallen3-22,エレナ,「えへへっ、褒めてくれてありがとうございますっ♥」,「えへへっ、褒めてくれてありがとうございますっ♥」,「欸嘿嘿、謝謝主人誇獎我！」,"""Thank you for the praise!""","「에헤헷, 칭찬해주셔서 감사합니다♥」"
,,,,,,
Erena.Fallen3-23,Erena darkness3-4,ズルッ、ズルッ、ビクッ！！,ズルッ、ズルッ、ビクッ！！,咕溜、咕溜、嚇！！,"Zrrrr, zrrrr, twitch.","즈릇, 즈릇, 비큿!!"
,,,,,,
Erena.Fallen3-24,,「んあっ♥？お゛っ♥？ご主人様ぁ、なんかお腹が変ですぅ」,「んあっ♥？お゛っ♥？ご主人様ぁ、なんかお腹が変ですぅ」,「嗯啊？喔？主人，肚子好像怪怪的。」,"""Hnnnnn? Oh♥ Master, my stomach feels funny.""","「응앗♥? 오옷 옷♥? 주인님아, 뭔가 배가 이상해요」"
,,,,,,
Erena.Fallen3-25,触手怪人,「ああ、どうやら赤ちゃんが生まれるようだな」,「ああ、どうやら赤ちゃんが生まれるようだな」,「啊，看來是小寶寶要出生了。」,"""Oh, I suppose the baby is coming.""","「아아, 아무래도 촉수가 태어날 모양이군」"
,,,,,,
Erena.Fallen3-26,エレナ,「赤ちゃん！、ご主人様との♥！？やったあ、うれしいですっ♥！」,「赤ちゃん！、ご主人様との♥！？やったあ、うれしいですっ♥！」,「小寶寶！、跟主人的！太棒了，好開心！」,"""The baby! Between us? Yay!""","「촉수쨩!, 주인님과의♥!? 해냈다, 기뻐요♥!」"
,,,,,,
Erena.Fallen3-27,触手怪人,「グフフッ、そうだな。どれ、出やすいように産道を広げてやろう」,「グフフッ、そうだな。どれ、出やすいように産道を広げてやろう」,「呵呵呵，是啊。來，我來幫妳擴張產道，讓它更容易出來。」,"""That's right, let's expand your pussy to make the delivery easier.""","「크흐흐, 그렇군. 어디, 나오기 쉽게 산도를 넓혀주지」"
,,,,,,
Erena.Fallen3-28,,グポッ、グポッ、ジュルッ、ズルルッ、ドチュッ！,グポッ、グポッ、ジュルッ、ズルルッ、ドチュッ！,咕啵、咕啵、咕嚕、咕溜、咚！,"Kwa, kwa, squelch, zrrrrr, slurp!","구폿, 구폿, 쥬릇, 즈르릇, 도츗!"
,,,,,,
Erena.Fallen3-29,エレナ,「お゛お゛ッ、！ん゛っ♥！、ご主人様っ♥！お腹がぎゅるぎゅるするっ！」,「お゛お゛ッ、！ん゛っ♥！、ご主人様っ♥！お腹がぎゅるぎゅるするっ！」,「喔！、嗯！、主人！肚子咕嚕咕嚕的！」,"""Ohhhh♥ Nnnnnn♥ Master, my stomach is... squeezing!""","「오옷 오옷 옷,! 응옷 윽♥!, 주인님♥! 배가 꾸르륵거려요!」"
,,,,,,
Erena.Fallen3-30,触手怪人,「頑張れエレナ君！君は苗床として沢山の聖核エネルギーを引き継いだ怪人を産むのだっ！」,「頑張れエレナ君！君は苗床として沢山の聖核エネルギーを引き継いだ怪人を産むのだっ！」,「加油艾蓮娜小姐！妳將會產下繼承大量聖核能量的怪人，作為苗床！」,"""You can do it, Elena! You will give birth to a fiend that has inherited a lot of Holy Core energy!""",「힘내라 엘레나 군! 너는 묘상으로서 많은 성핵 에너지를 계승한 괴인을 낳는 것이다!」
,,,,,,
Erena.Fallen3-31,,ズボッ、ズボッ、グチュッ、グチュッ！,ズボッ、ズボッ、グチュッ、グチュッ！,噗通、噗通、咕啾、咕啾！,"Squelch, pop!","즈봇, 즈봇, 구츗, 구츗!"
,,,,,,
Erena.Fallen3-32,エレナ,「ん゛ん゛っ♥！良く分からないけどっ♥、ご主人様のために頑張りますっ♥♥」,「ん゛ん゛っ♥！良く分からないけどっ♥、ご主人様のために頑張りますっ♥♥」,「嗯嗯！雖然不太明白！但為了主人我會努力的！」,"""Nnnnn♥ I don't really know what's going on♥ But I'll do my best♥""","「응옷 응옷 윽♥! 잘 모르겠지만♥, 주인님을 위해 힘낼게요♥♥」"
,,,,,,
Erena.Fallen3-33,,「ん゛ん゛っ！出るっ、ん゛あ゛ああっ！！」,「ん゛ん゛っ！出るっ、ん゛あ゛ああっ！！」,「嗯嗯！要出來了、嗯啊啊啊！！」,"""Nnnnnnn♥ It's coming! Ahhhhhhhhh!""","「응옷 응옷 윽! 나온다, 응옷 아옷 아앗!!」"
,,,,,,
Erena.Fallen3-34,Erena darkness3-5,ビチッ、ビチビチビチッ！,ビチッ、ビチビチビチッ！,啪滋、啪滋啪滋啪滋！,"Squelch, squeezes...","비칫, 비치비치비칫!"
,,,,,,
Erena.Fallen3-35,エレナ,「ん゛お゛お゛っ！♥何これぇっ♥、おまんこからっ♥、出てるっ♥？！」,「ん゛お゛お゛っ！♥何これぇっ♥、おまんこからっ♥、出てるっ♥？！」,「嗯喔！這、這是什麼！從鮑魚、出來了！」,"""Nnnnnnn♥ What is this? It's coming out of my... pussy♥""","「응옷 오옷 오옷 옷!♥ 뭐예요♥, 보지에서♥, 나오고 있어♥?!」"
,,,,,,
Erena.Fallen3-36,触手怪人,「頑張れエレナ君！もう少しで全部出るぞ！」,「頑張れエレナ君！もう少しで全部出るぞ！」,「加油艾蓮娜小姐！再一下下就會全部出來了！」,"""Elena, you're almost there! Just a little more and it'll be out fully!""",「힘내라 엘레나 군! 조금만 더 있으면 전부 나온다!」
,,,,,,
Erena.Fallen3-37,エレナ,「ん゛ん゛っ♥！はいいっ！、がんばりましゅうううぅううっ♥♥！」,「ん゛ん゛っ♥！はいいっ！、がんばりましゅうううぅううっ♥♥！」,「嗯嗯！好！我會努力的啦啦啦啦啦！！」,"""Nnnnnn♥ Yes! I can do it♥♥♥""","「응옷 응옷 윽♥! 네엣!, 힘낼게요오오오오옷♥♥!」"
,,,,,,
Erena.Fallen3-38,,「ご主人様のためにっ♥！沢山触手の赤ちゃん産むのおおぉっ♥！」,「ご主人様のためにっ♥！沢山触手の赤ちゃん産むのおおぉっ♥！」,「為了主人！我要生出很多觸手寶寶！」,"""For you, master! I will give birth to a baby with lots of tentacles♥""",「주인님을 위해♥! 잔뜩 촉수쨩들을 낳을게요오오옷♥!」
,,,,,,
Erena.Fallen3-39,,「お゛お゛っ♥？！お゛お゛お゛お゛お゛おおぉっっ♥♥♥！！！！！」,「お゛お゛っ♥？！お゛お゛お゛お゛お゛おおぉっっ♥♥♥！！！！！」,「喔！喔喔喔喔喔喔喔喔喔！！！」,"""Ohhhhhhh♥ Ohhhhhhh♥♥♥""",「오옷 오옷 옷♥?! 오옷 오옷 오옷 오옷 오옷 오오오옷♥♥♥!!!!!」
,,,,,,
Erena.Fallen3-40,,ドバッ、ズルルルッ！、ズルッ！,ドバッ、ズルルルッ！、ズルッ！,嘩啦、咕嚕嚕嚕！、咕溜！,"Zrrrr, baaaa, zrrrr!","도밧, 즈르르르릇!, 즈릇!"
,,,,,,
Erena.Fallen3-41,,「ん゛ん゛んっ♥、お゛お゛っ……♥♥」,「ん゛ん゛んっ♥、お゛お゛っ……♥♥」,「嗯嗯嗯！、喔喔……」,"""Nnnnnn♥ Ohhhhhh♥""","「응옷 응옷 응윽♥, 오옷 오옷 옷……♥♥」"
,Erena darkness3-6,,,,,
Erena.Fallen3-42,エレナ,「はーーーーー………♥、はーーー…………♥」,「はーーーーー………♥、はーーー…………♥」,「哈—————……、哈—————…………」,"""Haaaaaa♥ Haaaaaa♥""","「하아ーーーーー………♥, 하아ーーー…………♥」"
,,,,,,
Erena.Fallen3-43,触手怪人,「素晴らしいぞエレナ君！よく頑張った！」,「素晴らしいぞエレナ君！よく頑張った！」,「太棒了艾蓮娜小姐！妳做得很好！」,"""Elena, this is amazing! Well done!""",「훌륭하다 엘레나 군! 잘 해냈다!」
,,,,,,
Erena.Fallen3-44,,「生まれた触手も素晴らしいオーラだ！育てば強力な怪人となるだろう」,「生まれた触手も素晴らしいオーラだ！育てば強力な怪人となるだろう」,「生出來的觸手也散發著驚人的光芒！長大後會成為強力的怪人。」,"""The tentacles look incredible! It'll be a powerful fiend if we raise it properly!""",「태어난 촉수도 훌륭한 오라다! 자라면 강력한 괴인이 될 것이다」
,,,,,,
Erena.Fallen3-45,エレナ,「えヘッ、えへッ♥良く分からないけどっ…ご主人様に褒められてエレナうれしいですぅ！」,「えヘッ、えへッ♥良く分からないけどっ…ご主人様に褒められてエレナうれしいですぅ！」,「欸嘿、欸嘿！雖然不太明白……但被主人誇獎，艾蓮娜好開心！」,"""Hehehe, I don't know what's going on, but I'm glad you're praising me, master!""","「에헷, 에헷♥ 잘 모르겠지만… 주인님께 칭찬받아서 엘레나 기뻐요!」"
,,,,,,
Erena.Fallen3-46,触手怪人,「グフフッ、よく頑張ったエレナ君。しかし休んでいる暇はないぞ」,「グフフッ、よく頑張ったエレナ君。しかし休んでいる暇はないぞ」,「呵呵呵，妳做得很好艾蓮娜小姐。但是沒有時間休息喔。」,"""You did great, Elena. But this is no time to rest.""","「크흐흐, 잘 해냈다 엘레나 군. 하지만 쉬고 있을 틈은 없다」"
,,,,,,
Erena.Fallen3-47,,「君は世界を征服する怪人の苗床としてこれから無数の触手を産むのだ」,「君は世界を征服する怪人の苗床としてこれから無数の触手を産むのだ」,「妳作為征服世界的怪人的苗床，接下來將會產下無數觸手。」,"""You will be the mother to many more tentacle fiends that will conquer the world.""",「너는 세계를 정복할 괴인의 묘상으로서 이제부터 무수한 촉수를 낳는 것이다」
,,,,,,
Erena.Fallen3-48,,「さあ、さっそく次の怪人出産のための種を仕込んでやろう！」,「さあ、さっそく次の怪人出産のための種を仕込んでやろう！」,「來，我馬上就為妳種下下一個怪人寶寶的種子！」,"""Now, let's plant the seeds for the next fiend!""","「자, 즉시 다음 괴인 출산을 위한 씨앗을 심어주지!」"
,,,,,,
Erena.Fallen3-49,エレナ,「エヘッ♥？、やったぁ！よくわからないけどっ♥、ご主人様に種付けしてもらえてエレナ幸せですっ♥！」,「エヘッ♥？、やったぁ！よくわからないけどっ♥、ご主人様に種付けしてもらえてエレナ幸せですっ♥！」,「欸嘿？、太棒了！雖然搞不清楚！能被主人播種，艾蓮娜好幸福！」,"""Huh? Yay! I don't really know what will happen, but I'm so happy you're planting your seeds in me!""","「에헷♥?, 해냈다! 잘 모르겠지만♥, 주인님께서 씨앗 심어주셔서 엘레나 행복해요♥!」"
,,,,,,
Erena.Fallen3-50,Erena darkness 3-7,そしてエレナは触手怪人の暗くドロドロした口の中に入れられる,そしてエレナは触手怪人の暗くドロドロした口の中に入れられる,接著艾蓮娜被放進觸手怪人黑暗、黏稠的嘴裡。,And then Elena was taken into the dark and slimy mouth of the fiend.,그리고 엘레나는 촉수 괴인의 어둡고 질척한 입속으로 들어간다
,,,,,,
Erena.Fallen3-51,エレナ,「ん゛ん゛～～～～♥♥、ジュプッ、ジュルルッ♥」,「ん゛ん゛～～～～♥♥、ジュプッ、ジュルルッ♥」,「嗯嗯～～～～、咕啵、咕嚕嚕！」,"""Nnnnn♥ Nnnnn♥ Slurp♥""","「응옷 응옷 ~~~~♥♥, 쥬풋, 쥬르릇♥」"
,,,,,,
Erena.Fallen3-52,エレナ,(――――ここすきっ、真っ暗でっ♥、気持ちよくなってるだけで褒めてもらえるっ♥),(――――ここすきっ、真っ暗でっ♥、気持ちよくなってるだけで褒めてもらえるっ♥),(――――我喜歡這裡、一片漆黑、滑溜溜的、只要舒服就能被誇獎！),"(I love this place. It's so dark, and I get praised for just enjoying the pleasure.)","(――――여기 좋아, 새까맣고♥, 기분 좋아지는 것만으로 칭찬받을 수 있어♥)"
,,,,,,
Erena.Fallen3-53,,ジュルルッ、ズルッ、ジュプッ♥,ジュルルッ、ズルッ、ジュプッ♥,咕嚕嚕、咕溜、咕啵！,"Slurrrrrp, slurrrrrrp, ssssssppppuuurt!","쥬르릇, 즈릇, 쥬풋♥"
,,,,,,
Erena.Fallen3-54,,(世界征服とか良く分からないけどっ♥！ご主人様が喜んでくれてるっ♥♥),(世界征服とか良く分からないけどっ♥！ご主人様が喜んでくれてるっ♥♥),(征服世界什麼的雖然不太懂！但主人很高興！),"(I don't understand all that talk about world domination, but my master is happy♥)",(세계 정복 같은 건 잘 모르겠지만♥! 주인님이 기뻐해주고 있어♥♥)
,,,,,,
Erena.Fallen3-55,,(それにさっき沢山褒めてもらえたし…♥),(それにさっき沢山褒めてもらえたし…♥),(而且剛才還被誇獎了好多次……),(And I got a lot of praises♥),(게다가 아까 잔뜩 칭찬받았고…♥)
,,,,,,
Erena.Fallen3-56,,(やっとわかったっ♥…私がこれまで頑張ってきたことはっ♥この時のためっ♥♥),(やっとわかったっ♥…私がこれまで頑張ってきたことはっ♥この時のためっ♥♥),(我終於明白了！……我一直以來的努力！就是為了這個時候！),(Now I know... I've been working so hard for this♥),(겨우 알았어♥… 내가 지금까지 열심히 해 온 것은♥ 이 때를 위해♥♥)
,,,,,,
Erena.Fallen3-57,,(愚かで無能で馬鹿な私をご主人様は全部受け入れてくれるっ♥),(愚かで無能で馬鹿な私をご主人様は全部受け入れてくれるっ♥),(愚蠢無能又笨拙的我，主人卻全部都接受了！),"(I'm a useless fool, yet the master took me in♥)",(어리석고 무능하고 바보인 나를 주인님은 전부 받아들여줘♥)
,,,,,,
Erena.Fallen3-58,,(わたしっ♥ご主人様のペットになれてっ♥、苗床になれてっ♥、幸せですっ♥),(わたしっ♥ご主人様のペットになれてっ♥、苗床になれてっ♥、幸せですっ♥),(我！身爲主人的寵物！身爲苗床！我感到好幸福！),(I am his pet♥ And I'm so happy that I can give birth for him♥),"(나♥ 주인님의 펫이 되어서♥, 묘상이 되어서♥, 행복해요♥)"
,,,,,,
Erena Debauchery Scene1,注釈,淫乱化シーン　エレナのAV女優デビュー,淫乱化シーン　エレナのAV女優デビュー,,,음란화 이벤트　엘레나 AV 배우 데뷔
Erena.Debauchery1-1,例のプール(夜),エレナが敗北し、財団に調教され始めてからしばらく経ったころ,エレナが敗北し、財団に調教され始めてからしばらく経ったころ,艾蓮娜戰敗、被財團調教了一段時間後。,A while after Elena was defeated and trained by the Foundation,"엘레나가 패배하고, 재단에 조교당하기 시작한 지 얼마 지나지 않은 때"
,,,,,,
Erena.Debauchery1-2,エレナ(制服),「っ、何ですか？こんな所に連れ出して」,「っ、何ですか？こんな所に連れ出して」,「可惡、這是怎麼回事？帶我來這種地方。」,"""What is this? Where are you taking me?""","「윽, 무엇입니까? 이런 곳에 끌고 와서」"
,,,,,,
Erena.Debauchery1-4,,(外に出れたのにっ…力が…聖核エネルギーが全く使えない…),(外に出れたのにっ…力が…聖核エネルギーが全く使えない…), (明明出來了……力量……聖核能量完全無法使用……),"(We're outside, yet I can't use any of my Holy Core energy...)",(밖에 나왔는데… 힘이… 성핵 에너지가 전혀 사용할 수 없어…)
,,,,,,
Erena.Debauchery1-5,触手怪人(人間体),「ぐふふっ、じきにわかるさ…」,「ぐふふっ、じきにわかるさ…」,「呵呵呵，妳很快就會知道了……」,"""You'll find out soon enough.""","「크흐흐, 곧 알게 될 거야…」"
,,,,,,
Erena.Debauchery1-6,,「そうだ、それよりこの衣装に着替えてくれ」,「そうだ、それよりこの衣装に着替えてくれ」,「對了，妳先換上這套衣服。」,"""Right, you also need to put this on.""","「그래, 그보다 이 의상으로 갈아입어줘」"
,,,,,,
Erena.Debauchery1-7,エレナ(制服),「……？」,「……？」,「……？」,"""...?""",「……?」
,暗転,,,,,
Erena.Debauchery1-8,エレナ(淫乱化立ち絵),「っ…この衣装…！」,「っ…この衣装…！」,「什麽……這套衣服是……！」,"""These clothes...""",「윽… 이 의상…!」
,,,,,,
Erena.Debauchery1-9,,「またこの衣装に着替えさせて…いったい何をさせるつもりですか！？」,「またこの衣装に着替えさせて…いったい何をさせるつもりですか！？」,「又讓我換上這套衣服……你到底想做什麼！？」,"""You're making me wear this again... What are you going to ask me to do?""",「또 이 의상으로 갈아입히고… 대체 뭘 시킬 셈입니까!?」
,,,,,,
Erena.Debauchery1-10,触手怪人,「グフフッ、君のビデオをある筋の方に見せた所、大変興味を持ってもらえてね」,「グフフッ、君のビデオをある筋の方に見せた所、大変興味を持ってもらえてね」,「呵呵呵，我們將妳的影片給某方面的人士看了之後，他們對妳非常感興趣呢。」,"""Heh, I showed your video to someone and he was very interested.""","「크흐흐, 너의 비디오를 어떤 분에게 보여드렸더니, 매우 흥미를 가지셨거든」"
,,,,,,
Erena.Debauchery1-11,,「君のその淫猥な体…私だけしか知らないのは勿体ない。もっと多くの人に見てもらうべきだ」,「君のその淫猥な体…私だけしか知らないのは勿体ない。もっと多くの人に見てもらうべきだ」,「妳這淫蕩的身體……只有我知道實在太可惜了。應該讓更多人看看才對。」,"""It's a waste of I'm the only one who knows about your perverted body. It needs to be seen by more people.""",「너의 그 음탕한 몸… 나만 아는 것은 아깝다. 더 많은 사람에게 보여줘야 해」
,,,,,,
Erena.Debauchery1-12,,その時、ドアを開けて機材を持った複数の男が部屋に入ってくる,その時、ドアを開けて機材を持った複数の男が部屋に入ってくる,這時，門被打開，幾名拿著器材的男子走進房間。,"The door then opened, and several men came in with equipment.","그때, 문을 열고 장비를 든 여러 남자가 방으로 들어온다"
,,,,,,
Erena.Debauchery1-13,エレナ,「なっ…なにっ？」,「なっ…なにっ？」,「什……什麼？」,"""W-What's going on?""",「뭣… 뭐야?」
,,,,,,
Erena.Debauchery1-14,触手怪人,「おお監督、お待ちしておりました」,「おお監督、お待ちしておりました」,「喔，導演，久等了。」,"""Director! I've been waiting for you.""","「오오 감독, 기다리고 있었습니다」"
,,,,,,
Erena.Debauchery1-15,監督(駅員の立ち絵),「いえいえこちらこそ…おおっ、実物は更に素晴らしい！」,「いえいえこちらこそ…おおっ、実物は更に素晴らしい！」,「不不，我才該說久等了……喔！實物比影片中更棒！」,"""No, the pleasure is all mine. She's even more beautiful in person!""","「아뇨아뇨 이쪽이야말로… 오옷, 실물은 더욱 훌륭하군!」"
,,,,,,
Erena.Debauchery1-16,監督,「じゃあエレナちゃん…早速撮影を始めようか」,「じゃあエレナちゃん…早速撮影を始めようか」,「那麼艾蓮娜小姐……我們馬上開始拍攝吧。」,"""Let's get started for the shoot, Elena.""",「자 그럼 엘레나쨩… 즉시 촬영을 시작할까」
,,,,,,
Erena.Debauchery1-17,エレナ,「は？撮影…きゃっ、ちょっと、何っ！？」,「は？撮影…きゃっ、ちょっと、何っ！？」,「蛤？拍攝……呀！等一下，做什麼！！？」,"""A shoot? Wait, what?""","「하? 촬영… 꺄악, 잠깐, 뭐!?」"
,暗転,,,,,
Erena.Debauchery1-18,Erena debauchery1-1,エレナは一人の男によって床に敷かれた空気マットに押し倒される,エレナは一人の男によって床に敷かれた空気マットに押し倒される,艾蓮娜被一名男子推倒在地上的氣墊上。,One of the men pushed Elena down onto the inflatable mat on the floor.,엘레나는 한 남자에 의해 바닥에 깔린 에어 매트에 밀쳐진다
,,,,,,
Erena.Debauchery1-19,監督,「初々しい良い反応だ。素人モノだからね、撮影に理解があるようで助かるよ」,「初々しい良い反応だ。素人モノだからね、撮影に理解があるようで助かるよ」,「反應很青澀，真不錯。畢竟是素人，妳對拍攝能理解真是幫大忙了。」,"""Great amateur reaction. This is going to be an amateur vid, so it's great that she's acting like this.""","「풋풋하고 좋은 반응이야. 아마추어 물이니까 말이야, 촬영에 이해가 있는 것 같아 다행이야」"
,,,,,,
Erena.Debauchery1-20,エレナ,「さ、撮影？そんな機材持って何をっ…？」,「さ、撮影？そんな機材持って何をっ…？」,「拍、拍攝？拿著這種器材想做什麼……？」,"""A shoot? What are you doing with the equipment?""","「차, 촬영? 그런 장비 들고 뭘…?」"
,,,,,,
Erena.Debauchery1-21,監督,「本当に知らないのかい？AVだよ、アダルトビデオ」,「本当に知らないのかい？AVだよ、アダルトビデオ」,「妳真的不知道嗎？A片啊，成人影片。」,"""You really don't know? We're shooting porn. Pornography.""","「정말 모르는 거야? AV야, 어덜트 비디오」"
,,,,,,
Erena.Debauchery1-22,エレナ,「あ、アダルトビデオっ！？…それって…え？！」,「あ、アダルトビデオっ！？…それって…え？！」,「成、成人影片！？……那個是……咦？！」,"""Pornography? That's... What?!""","「어, 어덜트 비디오!?… 그거… 에?!」"
,,,,,,
Erena.Debauchery1-23,,エレナはその意味を理解し、顔が真っ赤に紅潮する,エレナはその意味を理解し、顔が真っ赤に紅潮する,艾蓮娜理解了這話的意思，臉頰脹得通紅。,"Elena finally understood, and blushed.","엘레나는 그 의미를 이해하고, 얼굴이 새빨갛게 달아오른다"
,,,,,,
Erena.Debauchery1-24,触手怪人,「いえ、気にしないでください、そういう演技ですので。エレナ君も同意のうえでここに来ていますから」,「いえ、気にしないでください、そういう演技ですので。エレナ君も同意のうえでここに来ていますから」,「不、不用在意，這是劇情需要的演技。艾蓮娜小姐也是同意後才來到這裡的。」,"""Don't worry, it's exactly that kind of acting we need. And you agreed to come, right?""","「아뇨, 신경 쓰지 마세요, 그런 연기니까요. 엘레나 군도 동의 하에 여기에 와 있습니다」"
,,,,,,
Erena.Debauchery1-25,監督,「そうですか！それは良かった」,「そうですか！それは良かった」,「原來如此！那就好辦了。」,"""Is that the case? Then that's good.""",「그런가요! 그거 잘됐군」
,,,,,,
Erena.Debauchery1-26,Erena debauchery1-2,そして監督の男はエレナの股関節に手を伸ばす,そして監督の男はエレナの股関節に手を伸ばす,接著，導演的男子將手伸向艾蓮娜的胯間。,The director then extended a hand toward her hips.,그리고 감독 남자는 엘레나의 사타구니에 손을 뻗는다
,,,,,,
Erena.Debauchery1-27,エレナ,「ひあっ！？や、やめてっ、触らないで！」,「ひあっ！？や、やめてっ、触らないで！」,「呀！不、不要！不要碰我！」,"""Huh? Wait, no! Don't touch me!""","「히앗!? 야, 그만해요, 만지지 마세요!」"
,,,,,,
Erena.Debauchery1-28,監督,「う～む、肉厚なのに綺麗なピンク色で素晴らしいおマンコだ！」,「う～む、肉厚なのに綺麗なピンク色で素晴らしいおマンコだ！」,「嗯～，肉感十足卻又是漂亮的粉紅色，真是個極品的鮑魚！」,"""Mmmm. A nice thick and pink pussy.""","「으음, 두툼한데 예쁜 분홍색으로 훌륭한 보지로군!」"
,,,,,,
Erena.Debauchery1-29,,ムニュムニュッ！ギュッ！ギュッ！,ムニュムニュッ！ギュッ！ギュッ！,捏捏！擠！擠！,"Rub, rub, squeeze, squeeze...",뮤뉴뮤늇! 귯! 귯!
,,,,,,
Erena.Debauchery1-30,,監督の男はエレナの股関節周りをこねくり回し、念入りにマッサージする,監督の男はエレナの股関節周りをこねくり回し、念入りにマッサージする,導演的男子揉捏著艾蓮娜的胯間周圍，仔細地進行按摩。,The director fondled her hips and massaged the muscles.,"감독 남자는 엘레나의 사타구니 주변을 주물럭거리며, 꼼꼼하게 마사지한다"
,Erena debauchery1-3,,,,,
Erena.Debauchery1-31,エレナ,「ひゃっ！？そんなとこっ、くすぐったい！」,「ひゃっ！？そんなとこっ、くすぐったい！」,「呀！那種地方、好癢！」,"""Gah! It tickles!""","「히얏!? 그런 데, 간지러워요!」"
,,,,,,
Erena.Debauchery1-32,,ムニュッ、クパッ、ムニュッ、クパッ！,ムニュッ、クパッ、ムニュッ、クパッ！,捏、張開、捏、張開！,"Rub, rub, squeeze, slap!","뮤늇, 쿠팟, 뮤늇, 쿠팟!"
,,,,,,
Erena.Debauchery1-33,エレナ,「ちょ、ちょっと！何してっ！そこ見ないでっ！」,「ちょ、ちょっと！何してっ！そこ見ないでっ！」,「等、等一下！你在做什麼！不要看那裡！」,"""Hey, wait! Not there!""","「저, 잠깐! 뭐해요! 거기 보지 마세요!」"
,,,,,,
Erena.Debauchery1-34,監督,「う～んこの感じ…エレナちゃん結構オナニーしてるでしょ。見かけによらずむっつりだね」,「う～んこの感じ…エレナちゃん結構オナニーしてるでしょ。見かけによらずむっつりだね」,「嗯～這種感覺……艾蓮娜小姐平時做了不少自慰吧。跟外表不同，是個悶騷鬼呢。」,"""From the looks of it... You touch yourself often, don't you? You're the quiet kind, right?""",「음 이 느낌… 엘레나쨩 꽤 자위하고 있지. 겉보기와 다르게 음흉하네」
,Erena debauchery1-2,,,,,
Erena.Debauchery1-35,エレナ,「はあっ！？そ、そんなわけないでしょう！」,「はあっ！？そ、そんなわけないでしょう！」,「蛤！？才、才沒有這種事！」,"""Huh? What are you talking about?""","「하앗!? 그, 그럴 리 없잖아요!」"
,,,,,,
Erena.Debauchery1-36,監督,「ふっふっふ、隠しても無駄だよ。私は何人もの女の子を見てきたからね」,「ふっふっふ、隠しても無駄だよ。私は何人もの女の子を見てきたからね」,「哼哼哼，隱藏也沒用喔。我可是看過很多女孩子了。」,"""There's no use hiding it, I've seen my share of women to be able to tell.""","「훗훗훗, 숨겨도 소용없어. 나는 수많은 여자를 봐왔으니까」"
,,,,,,
Erena.Debauchery1-37,エレナ,「っ、うぅ～～～っ！」,「っ、うぅ～～～っ！」,「可惡、嗚嗚～～～！」,"""Ughh...""","「윽, 우우~~~윽!」"
,,,,,,
Erena.Debauchery1-38,エレナ,(くぅっ……いえ、落ち着きましょう…まだやりようはあります！),(くぅっ……いえ、落ち着きましょう…まだやりようはあります！),(可惡……不，冷靜下來……還有辦法！),(I need to calm down. There must be another way!),"(크윽…… 아뇨, 진정해요… 아직 방법은 있습니다!)"
,,,,,,
Erena.Debauchery1-39,エレナ,(私が大げさな反応をせず、つまらない撮影になればビデオとして意味がなくなります),(私が大げさな反応をせず、つまらない撮影になればビデオとして意味がなくなります),(只要我的反應不誇張，拍出來的片子很無聊，那這部影片就沒有意義了。),(I just need to not give any huge reactions and make the video really boring!),"(제가 과장된 반응을 하지 않고, 재미없는 촬영이 되면 비디오로서 의미가 없어집니다)"
,,,,,,
Erena.Debauchery1-40,エレナ,(私は聖核戦姫！…最後の尊厳だけは守り切ります！),(私は聖核戦姫！…最後の尊厳だけは守り切ります！),(我是聖核戰姫！……至少要守住最後的尊嚴！),(I am a Holy Core Battlemaiden! I have to protect my last line of dignity!),(저는 성핵전희!… 마지막 존엄만은 지켜내겠습니다!)
,,,,,,
Erena.Debauchery1-41,監督,「よし、じゃあちょっと中にお邪魔するよ」,「よし、じゃあちょっと中にお邪魔するよ」,「好，那我就稍微進去打擾一下囉。」,"""All right, time to go inside.""","「좋아, 그럼 잠깐 안에 실례할게」"
,,,,,,
Erena.Debauchery1-42,Erena debauchery1-4,監督の男はエレナの膣内に中指と薬指を挿入する,監督の男はエレナの膣内に中指と薬指を挿入する,導演的男子將中指和無名指插進艾蓮娜的陰道內。,The director put his index and middle finger inside Elena's vagina.,감독 남자는 엘레나의 질 내에 중지와 약지를 삽입한다
,,,,,,
Erena.Debauchery1-43,エレナ,「ひうっ！？、な、何してっ！？」,「ひうっ！？、な、何してっ！？」,「嗚！、你、你在做什麼！？」,"""H-Hey! What are you doing?""","「히웃!?, 무, 뭐해요!?」"
,,,,,,
Erena.Debauchery1-44,監督,「おお、肉厚でプリプリだ」,「おお、肉厚でプリプリだ」,「喔，肉感十足，而且很緊實。」,"""Wow, thick and juicy.""","「오오, 두툼하고 탱탱하군」"
,,,,,,
Erena.Debauchery1-45,エレナ,「や、やめなさいっ！何勝手に―――――」,「や、やめなさいっ！何勝手に―――――」,「住、住手！妳憑什麼隨便―――――」,"""Stop! Why...""","「여, 그만하세요! 왜 멋대로―――――」"
,,,,,,
Erena.Debauchery1-46,,コリッ、コリコリッ！,コリッ、コリコリッ！,喀哩、喀哩喀哩！,"Rub, rub...","코릿, 코리코릿!"
,Erena debauchery1-５,,,,,
Erena.Debauchery1-47,エレナ,「ひぐううううっ！？」,「ひぐううううっ！？」,「噫嗚嗚嗚嗚嗚！？」,"""Hnnnn!""",「히극우우우웃!?」
,,,,,,
Erena.Debauchery1-48,,監督の男は何かを探すようにエレナの膣内を指で刺激する,監督の男は何かを探すようにエレナの膣内を指で刺激する,導演的男子像在尋找什麼一樣，用手指刺激著艾蓮娜的陰道內部。,The director stimulated Elena's vagina as if he was looking for something.,감독 남자는 무언가를 찾듯 엘레나의 질 내를 손가락으로 자극한다
,,,,,,
Erena.Debauchery1-49,監督,「おお、ここかな？」,「おお、ここかな？」,「喔，是這裡嗎？」,"""Is it here?""","「오오, 여기인가?」"
,Erena debauchery1-4,,,,,
Erena.Debauchery1-50,エレナ,「な、何っ！？ちょっと待って――――」,「な、何っ！？ちょっと待って――――」,「什、什麼！？等一下――――」,"""W-Wait!""","「뭐, 뭣!? 잠깐 기다려――――」"
,,,,,,
Erena.Debauchery1-51,,コリュッ！クチュチュ！,コリュッ！クチュチュ！,喀、咕啾咕啾！,"Rub, squeeze!",코릇! 쿠츄츗!
,Erena debauchery1-５,,,,,
Erena.Debauchery1-52,エレナ,「ひっぐうううっ♥♥！お゛っ♥お゛っ♥」,「ひっぐうううっ♥♥！お゛っ♥お゛っ♥」,「噫嗚嗚嗚嗚！喔！喔！」,"""Hnnnnnn♥ Ohhhhh♥""",「히익극우우우웃♥♥! 오옷 옷♥오옷 옷♥」
,,,,,,
Erena.Debauchery1-53,監督,「おや、ここでも簡単に感じるのか…エレナちゃんは感じやすいんだね」,「おや、ここでも簡単に感じるのか…エレナちゃんは感じやすいんだね」,「哎呀，這裡也會這麼容易有感覺嗎……艾蓮娜小姐是個很容易高潮的人呢。」,"""Ah, that's it. You must get turned on easily.""","「어머, 여기서도 쉽게 느끼는 건가… 엘레나쨩은 느끼기 쉽구나」"
,,,,,,
Erena.Debauchery1-54,エレナ,「お゛お゛っ♥♥、そ、そんなわけがっ♥」,「お゛お゛っ♥♥、そ、そんなわけがっ♥」,「喔喔！、才、才沒有這種事！」,"""Ohhhhh♥ N-No....♥""","「오옷 오옷 옷♥♥, 그, 그럴 리가♥」"
,Erena debauchery1-4,,,,,
Erena.Debauchery1-55,エレナ,(反応してはいけませんっ！、私はこんなので感じてなんかいないっ！),(反応してはいけませんっ！、私はこんなので感じてなんかいないっ！),(不能有反應！我才沒有因為這種事感到舒服！),(I can't react! I don't have any sexual feelings!),"(반응하면 안 됩니다!, 저는 이런 걸로 느끼지 않아!)"
,,,,,,
Erena.Debauchery1-56,監督,「ほれっ！」,「ほれっ！」,「看招！」,"""How about this?""",「자!」
,,,,,,
Erena.Debauchery1-57,,コリッ、コリコリッ！,コリッ、コリコリッ！,喀哩、喀哩喀哩！,"Rub, rub!","코릿, 코리코릿!"
,Erena debauchery1-5,,,,,
Erena.Debauchery1-58,エレナ,「ひっぐうううっ♥♥！んあっ♥、おお゛っ♥」,「ひっぐうううっ♥♥！んあっ♥、おお゛っ♥」,「噫嗚嗚嗚！嗯啊！喔！」,"""Hnnnnnnnnnnnn♥ Nnnnngggggg♥ Ohhhhhhhh♥""","「히익극우우우웃♥♥! 응앗♥, 오오옷 옷♥」"
,,,,,,
Erena.Debauchery1-59,監督,「はははっ、このむちむちな体でこの感じやすさ！エレナちゃんはAV女優が天職だなっ！」,「はははっ、このむちむちな体でこの感じやすさ！エレナちゃんはAV女優が天職だなっ！」,「哈哈哈，這肉感的身體搭配這種敏感度！艾蓮娜小姐真是天生的A片女優啊！」,"""Look at that plump and sensitive body! You're a natural for a porn star!""",「하하하! 이 통통한 몸으로 이 느끼는 모습! 엘레나쨩은 AV 배우가 천직이야!」
,,,,,,
Erena.Debauchery1-60,エレナ,「ひぁっ♥、そんなわけっ♥んお゛っ♥！」,「ひぁっ♥、そんなわけっ♥んお゛っ♥！」,「呀！才沒有！嗯喔！」,"""Aggghhhhh♥ No wayyyyy♥""","「히앗♥, 그럴 리가♥응오옷 옷♥!」"
,,,,,,
Erena.Debauchery1-61,,(駄目ッ♥、私が知らない所に的確にっ♥簡単にイかされるっ♥♥),(駄目ッ♥、私が知らない所に的確にっ♥簡単にイかされるっ♥♥),(不行！針對我不知道的地方準確地！太容易被弄高潮了！),"(Ugh, I didn't even know about that spot♥ I'm going to come♥)","(안돼♥, 내가 모르는 곳을 정확하게♥, 쉽게 가게 돼♥♥)"
,,,,,,
Erena.Debauchery1-62,監督,「よしじゃあエレナちゃん潮吹いてみようか！潮吹きのツボはこの辺かな？」,「よしじゃあエレナちゃん潮吹いてみようか！潮吹きのツボはこの辺かな？」,「好，那艾蓮娜小姐來潮吹看看吧！潮吹的穴道大概在這裡嗎？」,"""Let's try to get you to squirt! I wonder if it's around here?""",「좋아 그럼 엘레나쨩 분수 싸볼까! 분수 스팟은 이 근처인가?」
,,,,,,
Erena.Debauchery1-63,,コリュッ、コリュッ、コリュッ,コリュッ、コリュッ、コリュッ,喀、喀、喀,"Rub, rub, rub","코릇, 코릇, 코릇"
,,,,,,
Erena.Debauchery1-64,エレナ,「お゛お゛っ♥♥、ま、まってぇ♥」,「お゛お゛っ♥♥、ま、まってぇ♥」,「喔喔！、等、等一下！」,"""Ohhhhh♥ W-Wait♥""","「오옷 오옷 옷♥♥, 자, 잠깐만요오♥」"
,,,,,,
Erena.Debauchery1-65,エレナ,(私がこんな簡単にっ♥！イかされるっ♥、無理やり絶頂させられちゃうっ♥♥！！),(私がこんな簡単にっ♥！イかされるっ♥、無理やり絶頂させられちゃうっ♥♥！！),(我竟然這麼輕易地！就被弄高潮！會被強迫達到絕頂了！！),(I can't believe this♥ I'm coming♥ He's making me come just like that♥),"(내가 이렇게 간단히♥! 가게 되다니♥, 억지로 절정당해버려♥♥!!)"
,,,,,,
Erena.Debauchery1-66,エレナ,「おお゛お゛っ♥♥！お゛お゛っ♥！」,「おお゛お゛っ♥♥！お゛お゛っ♥！」,「喔喔！喔！」,"""Ohhhhhhhh♥ Ohhhhhhhhhhhh♥""",「오오옷 오옷 옷♥♥! 오옷 오옷 옷♥!」
,,,,,,
Erena.Debauchery1-67,Erena debauchery1-6,プシュッ、プシイイイイイッ！,プシュッ、プシイイイイイッ！,噗咻、噗嘶嘶嘶嘶！,"Squirt, squirrrrrrrrt","푸슛, 푸시이이이잇!"
,,,,,,
Erena.Debauchery1-68,監督,「潮吹きもすごい迫力だ！まるで動物を相手にしてるようだよ」,「潮吹きもすごい迫力だ！まるで動物を相手にしてるようだよ」,「潮吹的氣勢也很驚人！簡直像在跟動物交配一樣。」,"""That was some serious squirting! Like I'm playing with an animal.""",「분수도 굉장한 박력이네! 마치 동물을 상대하는 것 같아」
,,,,,,
Erena.Debauchery1-69,エレナ,「お゛っ♥お゛っ♥、～～お゛っ♥」,「お゛っ♥お゛っ♥、～～お゛っ♥」,「喔！喔！、～～喔！」,"""Ohhhhhhhh♥ Ohhhh♥ ...Ohhhhhhhhhhhh♥""","「오옷 옷♥오옷 옷♥, ~~오옷 옷♥」"
,,,,,,
Erena.Debauchery1-70,Erena debauchery1-7,エレナの膣内から指が引き抜かれる,エレナの膣内から指が引き抜かれる,手指從艾蓮娜的陰道裡拔出。,The director pulled his fingers out from Elena.,엘레나의 질 내에서 손가락이 뽑혀 나온다
,,,,,,
Erena.Debauchery1-71,エレナ,「はあっ♥、はあっ♥、ん゛っ♥」,「はあっ♥、はあっ♥、ん゛っ♥」,「哈、哈、嗯！」,"""Haaaa♥ Haaaa♥ Nnnnn♥""","「하앗♥, 하앗♥, 응옷 윽♥」"
,,,,,,
Erena.Debauchery1-72,監督,「いや～しかしエレナちゃん良いねえ！こんな思い通りの反応してくれる娘なかなかいないよ！」,「いや～しかしエレナちゃん良いねえ！こんな思い通りの反応してくれる娘なかなかいないよ！」,「唉呀～不過艾蓮娜小姐真的很棒呢！能做出這種反應的女孩子可不多見！」,"""Great! Not a lot of women will react exactly how I wanted them to!""",「이야~ 하지만 엘레나쨩 좋네! 이렇게 마음대로 반응해주는 애는 좀처럼 없어!」
,,,,,,
Erena.Debauchery1-73,監督,「やっぱり君AV女優向いてるよ！うちの事務所入らない？業界トップ狙えるよ！」,「やっぱり君AV女優向いてるよ！うちの事務所入らない？業界トップ狙えるよ！」,「妳果然很適合當A片女優！要不要加入我們公司？可以挑戰業界頂尖喔！」,"""You'd make a great porn star. Do you want to sign with us? You can be the best!""",「역시 너 AV 배우 어울려! 우리 사무실 들어오지 않을래? 업계 톱 노릴 수 있어!」
,Erena debauchery1-2,,,,,
Erena.Debauchery1-74,エレナ,「はぁ、はあっ、なっ！？、入るわけがありませんっ！」,「はぁ、はあっ、なっ！？、入るわけがありませんっ！」,「哈、哈、什麼！？我才不會加入！」,"""Huh? No, no way!""","「하아, 하앗, 뭣!?, 들어갈 리가 없습니다!」"
,,,,,,
Erena.Debauchery1-75,エレナ,「私にはやるべきことがありますっ！こんなことをしている場合じゃないんです！」,「私にはやるべきことがありますっ！こんなことをしている場合じゃないんです！」,「我有必須要做的事！不是在做這種事情的時候！」,"""There are things I have to do... This is definitely not it!""",「저에게는 해야 할 일이 있습니다! 이런 걸 하고 있을 때가 아닙니다!」
,,,,,,
Erena.Debauchery1-76,監督,「まあまあ、まだ決めるのは早いぞ」,「まあまあ、まだ決めるのは早いぞ」,「嘛嘛，現在決定還太早了。」,"""You speak too soon.""","「뭐뭐, 아직 결정하기엔 일러」"
,,,,,,
Erena.Debauchery1-77,Erena debauchery1-8,監督の男はチンポを取り出し、エレナの股間の前に差し出す,監督の男はチンポを取り出し、エレナの股間の前に差し出す,導演的男子拿出陽具，伸到艾蓮娜的胯間前。,The director pulled out his cock and shoved it toward her crotch.,"감독 남자는 자지를 꺼내, 엘레나의 사타구니 앞에 내민다"
,,,,,,
Erena.Debauchery1-78,エレナ,「ひっ！？」,「ひっ！？」,「呀！」,"""Huh?!""",「히익!?」
,,,,,,
Erena.Debauchery1-79,監督,「エレナちゃんがあんまりいい反応をするからこんなになっちゃってね」,「エレナちゃんがあんまりいい反応をするからこんなになっちゃってね」,「因為艾蓮娜小姐的反應太棒了，害我變成這樣了呢。」,"""Your reactions were good, and it got me all worked up.""",「엘레나쨩이 너무 좋은 반응을 보여줘서 이렇게 되어버렸네」
,Erena debauchery1-9,,,,,
Erena.Debauchery1-80,,監督の男はチンポでエレナの股間をペシペシとはたく,監督の男はチンポでエレナの股間をペシペシとはたく,導演的男子用陽具輕輕拍打著艾蓮娜的胯間。,The director slapped Elena's crotch with his cock.,감독 남자는 자지로 엘레나의 사타구니를 찰싹찰싹 때린다
,,,,,,
Erena.Debauchery1-81,エレナ,「ひゃうっ♥、なっ、何するんですかっ！そんな汚いもの…やめなさいっ！」,「ひゃうっ♥、なっ、何するんですかっ！そんな汚いもの…やめなさいっ！」,「呀嗚！、你、你在做什麼！這種髒東西……住手！」,"""Hnnnnn♥ What are you doing? Take that dirty thing away from me!""","「히야웃♥, 무, 뭐 하는 겁니까! 그런 더러운 걸… 그만하세요!」"
,,,,,,
Erena.Debauchery1-82,監督,「そんなこと言って、エレナちゃんもおマンコとろとろにして準備万端でしょ？」,「そんなこと言って、エレナちゃんもおマンコとろとろにして準備万端でしょ？」,「別這麼說嘛，艾蓮娜小姐的鮑魚也濕漉漉的，準備萬全了吧？」,"""You say that, but your wet pussy is more than ready!""","「그런 말 하면서, 엘레나쨩도 보지 질척질척하게 준비 완료잖아?」"
,,,,,,
Erena.Debauchery1-83,エレナ,「なっ、そんなわけがっ、やめっ、こすりつけないでっ！」,「なっ、そんなわけがっ、やめっ、こすりつけないでっ！」,「才、才沒有這回事、住手、不要蹭我！」,"""Don't mess with me! Don't rub it on me!""","「뭣, 그럴 리가, 그만, 문지르지 마세요!」"
,,,,,,
Erena.Debauchery1-84,監督,「まあまあ、大丈夫、しっかりほぐしたから痛くないよ」,「まあまあ、大丈夫、しっかりほぐしたから痛くないよ」,「嘛嘛，沒關係，我剛才已經充分按摩過了，不會痛的。」,"""Don't worry, it's not going to hurt.""","「뭐뭐, 괜찮아, 제대로 풀었으니까 아프지 않아」"
,,,,,,
Erena.Debauchery1-85,エレナ,「ちがっ、痛いとかの問題じゃなくて―――――」,「ちがっ、痛いとかの問題じゃなくて―――――」,「不對、不是痛不痛的問題―――――」,"""It's not about that...""","「다르, 아프다거나 그런 문제가 아니라―――――」"
,,,,,,
Erena.Debauchery1-86,監督,「よっ！」,「よっ！」,「嘿！」,"""Here it is!""",「자!」
,,,,,,
Erena.Debauchery1-87,Erenadebauchery1-10,ズブウッッッ！！！！,ズブウッッッ！！！！,噗通！！！,Sppppp!,즈부우웃!!!
,,,,,,
Erena.Debauchery1-88,エレナ,「ひっぎゅうううっっっっ♥♥♥！」,「ひっぎゅうううっっっっ♥♥♥！」,「噫嗚嗚嗚嗚嗚！！！」,"""Hnnnnnnnn♥""",「히익규우우우웃♥♥♥!」
,,,,,,
Erena.Debauchery1-89,監督,「あれエレナちゃん、入れただけでイッちゃった？」,「あれエレナちゃん、入れただけでイッちゃった？」,「咦，艾蓮娜小姐，才剛插進去就高潮了嗎？」,"""Wow, did you come from me just putting it in?""","「어라 엘레나쨩, 넣자마자 가버렸어?」"
,,,,,,
Erena.Debauchery1-90,エレナ,「ひあっ♥、そんなわけっ♥！」,「ひあっ♥、そんなわけっ♥！」,「呀！才沒有！」,"""Ahhhhh♥ N-No♥""","「히앗♥, 그럴 리라♥!」"
,,,,,,
Erena.Debauchery1-91,監督,「そうだよね、じゃあさっき見つけた弱い所沢山責めてあげようねぇ」,「そうだよね、じゃあさっき見つけた弱い所沢山責めてあげようねぇ」,「說得也是，那麼我來好好責備一下剛才找到的弱點吧。」,"""I see. Well, I'm going to work on that sensitive spot of yours I just found...""","「그렇지, 그럼 아까 찾은 약한 곳 잔뜩 괴롭혀줄게」"
,,,,,,
Erena.Debauchery1-92,,そう言うと監督の男は腰を振り始める,そう言うと監督の男は腰を振り始める,說完，導演的男子開始擺動腰部。,The director started moving his hips.,그렇게 말하며 감독 남자는 허리를 흔들기 시작한다
,,,,,,
Erena.Debauchery1-93,エレナ,「ひあっ♥、お゛お゛っ♥、お゛っ♥」,「ひあっ♥、お゛お゛っ♥、お゛っ♥」,「呀！喔！喔！」,"""Aggggghhh♥ Ohhhh♥ Ohhhhhh♥""","「히앗♥, 오옷 오옷 옷♥, 오옷 옷♥」"
,,,,,,
Erena.Debauchery1-94,,パンッ、パンッ、パンッ、パンッ！,パンッ、パンッ、パンッ、パンッ！,啪、啪、啪、啪！,Slap... Slap... Slap...,"팡, 팡, 팡, 팡!"
,,,,,,
Erena.Debauchery1-95,監督,「どうかな？弱い所を繰り返し擦られるのはキクだろう？」,「どうかな？弱い所を繰り返し擦られるのはキクだろう？」,「怎麼樣？弱點被反覆摩擦的感覺很刺激吧？」,"""How is it? Feels great when I keep rubbing your sensitive spot, doesn't it?""",「어때? 약한 곳을 반복해서 문지르는 건 효과가 있겠지?」
,,,,,,
Erena.Debauchery1-96,エレナ,「お゛っ♥、まっ、まってぇ♥！」,「お゛っ♥、まっ、まってぇ♥！」,「喔！、等、等一下！」,"""Ohhhhh♥ W-Wait♥""","「오옷 옷♥, 자, 잠깐만요오♥!」"
,Erena debauchery1-11,,,,,
Erena.Debauchery1-97,エレナ,(気持ちいい所責めら続けてれてっ、思考がまとまらないっ),(気持ちいい所責めら続けてれてっ、思考がまとまらないっ),(舒服的地方被不斷責備、思緒完全混亂了。),(I can't think when he's playing with my sensitive spot...),"(기분 좋은 곳 계속 괴롭혀져서, 생각이 정리되지 않아)"
,,,,,,
Erena.Debauchery1-98,監督,「エレナちゃんは弱い所を突くと面白いようにイってくれるねっ」,「エレナちゃんは弱い所を突くと面白いようにイってくれるねっ」,「艾蓮娜小姐的弱點一被攻擊，就會有趣地高潮呢。」,"""You sure come a lot when I keep hitting that spot.""",「엘레나쨩은 약한 곳을 찌르면 재밌을 정도로 가버리네」
,,,,,,
Erena.Debauchery1-99,Erena debauchery1-10,パンッ、パンッ、パンッ、パンッ！,パンッ、パンッ、パンッ、パンッ！,啪、啪、啪、啪！,Slap... Slap... Slap...,"팡, 팡, 팡, 팡!"
,,,,,,
Erena.Debauchery1-100,エレナ,「ん゛っ♥、お゛おっ♥！、ひあっ♥、お゛っ♥！」,「ん゛っ♥、お゛おっ♥！、ひあっ♥、お゛っ♥！」,「嗯！、喔喔！、呀！喔！」,"""Ohhhh♥ Ahhhhh♥ Ohhhhhhhhhh♥""","「응옷 윽♥, 오옷 오옷♥!, 히앗♥, 오옷 옷♥!」"
,,,,,,
Erena.Debauchery1-101,,(おマンコ突かれてっ、全部コイツの掌の上でっイかされてるっ♥！),(おマンコ突かれてっ、全部コイツの掌の上でっイかされてるっ♥！),(鮑魚被捅、一切都在這傢伙的掌握中被弄高潮了！),(He's making me come like crazy...),"(보지 찔려서, 전부 이놈 손바닥 위에서 가게 되어버렷♥!)"
,,,,,,
Erena.Debauchery1-102,,エレナは腰を動かして快楽を逃がそうとするが、チンポは執拗に弱点を正確に攻め続ける,エレナは腰を動かして快楽を逃がそうとするが、チンポは執拗に弱点を正確に攻め続ける,艾蓮娜扭動腰部想逃避快感，但陽具依然執著且精確地攻擊著她的弱點。,"Whenever Elena moved to get away from the pleasure, the man's cock found the spot again and relentlessly attacked it.","엘레나는 허리를 움직여 쾌락을 피하려 하지만, 자지는 집요하게 약점을 정확히 계속 공격한다"
,,,,,,
Erena.Debauchery1-103,エレナ,「お゛っ♥、お゛っ♥、お゛っ♥、お゛っ♥」,「お゛っ♥、お゛っ♥、お゛っ♥、お゛っ♥」,「喔！、喔！、喔！、喔！」,"""Oh, oh, oh... Ohhh♥ Ohhhh♥ Ohhhh♥""","「오옷 옷♥, 오옷 옷♥, 오옷 옷♥, 오옷 옷♥」"
,,,,,,
Erena.Debauchery1-104,監督,「逃げようなんて無駄だよ～、エレナちゃんは特に分かりやすいんだから」,「逃げようなんて無駄だよ～、エレナちゃんは特に分かりやすいんだから」,「想逃跑是沒用的喔～，艾蓮娜小姐特別容易看穿弱點。」,"""It's no use running away. I know your body now...""","「도망치려는 건 소용없어~, 엘레나쨩은 특히 알기 쉬우니까」"
,,,,,,
Erena.Debauchery1-105,エレナ,「ん゛っ♥、まってぇ♥、イクッ♥、イッちゃうっ♥！」,「ん゛っ♥、まってぇ♥、イクッ♥、イッちゃうっ♥！」,「嗯！、等一下！、我要高潮了！要高潮了！」,"""Wait♥ Nnnn♥ I'm♥ I'm coming!""","「응옷 윽♥, 기다려요오♥, 가버렷♥, 가버렷♥!」"
,,,,,,
Erena.Debauchery1-106,,「ん゛っ♥お゛っ♥、お゛っ♥お゛お゛っ♥♥」,「ん゛っ♥お゛っ♥、お゛っ♥お゛お゛っ♥♥」,「嗯！喔！喔！喔喔！」,"""Oh, oh, oh... Ohhh♥ Ohhhh♥ Ohhhh♥""","「응옷 윽♥오옷 옷♥, 오옷 옷♥오옷 오옷 옷♥♥」"
,,,,,,
Erena.Debauchery1-107,監督,「よし良いだろう、イカせてやるっ」,「よし良いだろう、イカせてやるっ」,「好，沒問題，讓妳高潮！」,"""All right, I'll make you come.""","「좋아 그럼, 가게 해주지」"
,,,,,,
Erena.Debauchery1-108,,チンポがエレナの膣内を深く出入りし、エレナの弱点をこすり上げる,チンポがエレナの膣内を深く出入りし、エレナの弱点をこすり上げる,陽具深深地進出艾蓮娜的陰道，摩擦著艾蓮娜的弱點。,His cock went in deep and rubbed hard against Elena's most sensitive spot.,"자지가 엘레나의 질 내를 깊숙이 드나들며, 엘레나의 약점을 문질러 올린다"
,,,,,,
Erena.Debauchery1-109,,ジュポッ、パチュッ、パチュッ、パチュッ！,ジュポッ、パチュッ、パチュッ、パチュッ！,咕啵、啪啾、啪啾、啪啾！,"Squelch, squelch, squelch...","쥬폿, 파츗, 파츗, 파츗!"
,,,,,,
Erena.Debauchery1-110,エレナ,「ひぎゅっ♥、ん゛おっ♥、イクッ、イクッ♥♥！」,「ひぎゅっ♥、ん゛おっ♥、イクッ、イクッ♥♥！」,「噫嗚！、嗯喔！、高潮、高潮了！」,"""Hnnnngggg♥ Nnnnnn♥ Ohhhhhh♥ I'm...♥ Coming!♥""","「히귯♥, 응옷 오옷♥, 가버렷, 가버렷♥♥!」"
,,,,,,
Erena.Debauchery1-111,監督,「これでとどめだっ！イケっ！」,「これでとどめだっ！イケっ！」,「這是最後一擊！去吧！」,"""This is it!""",「이걸로 끝이다! 가랏!」
,Erena debauchery1-12,,,,,
Erena.Debauchery1-112,エレナ,「ひっぎゅううううっ♥♥！イクッ♥！イクウウウウウッッッ♥！」,「ひっぎゅううううっ♥♥！イクッ♥！イクウウウウウッッッ♥！」,「噫嗚嗚嗚嗚！！高潮！高潮啊！！」,"""Hhhhhhhhnnnnnnnn! Coming! I'm comingggggggggg♥""",「히익규우우우웃♥♥! 가버렷♥! 가버려어어어어엇♥♥!」
,,,,,,
Erena.Debauchery1-113,,エレナが激しく潮を吹くと同時に、膣内に精液が流し込まれる,エレナが激しく潮を吹くと同時に、膣内に精液が流し込まれる,在艾蓮娜激烈潮吹的同時，精液也射進了陰道內。,He shot his load inside her while she squirted hard.,"엘레나가 격렬하게 조수를 뿜음과 동시에, 질 내에 정액이 흘러 들어온다"
,,,,,,
Erena.Debauchery1-114,エレナ,「お゛っ♥…お゛っ♥……」,「お゛っ♥…お゛っ♥……」,「喔……喔……」,"""Ohhhhhhhh♥ Ohhhh♥""",「오옷 옷♥… 오옷 옷♥……」
,,,,,,
Erena.Debauchery1-115,監督,「いやあ、柄にもなく搾り取られちゃったよ」,「いやあ、柄にもなく搾り取られちゃったよ」,「唉呀，連我也情不自禁地被榨乾了呢。」,"""Ahhh, your pussy milked me dry.""","「이야, 나답지 않게 짜내졌네」"
,Erena debauchery1-13,,,,,
Erena.Debauchery1-116,,ちゅぽんという音と共にチンポが引き抜かれる,ちゅぽんという音と共にチンポが引き抜かれる,陽具伴隨著噗通一聲被拔出。,His cock pulled out with a loud pop.,츄퐁 하는 소리와 함께 자지가 뽑혀 나온다
,,,,,,
Erena.Debauchery1-117,エレナ,「ひあ゛っ…♥、お゛っ♥」,「ひあ゛っ…♥、お゛っ♥」,「呀……喔！」,"""Haaaaaa♥ Ohhhhhh♥""","「히아옷 앗…♥, 오옷 옷♥」"
,,,,,,
Erena.Debauchery1-118,監督,「エレナちゃん、やはり君は天才だ！この娘をしばらく借りていいですかな？私ならNo1女優に育ててみせます！」,「エレナちゃん、やはり君は天才だ！この娘をしばらく借りていいですかな？私ならNo1女優に育ててみせます！」,「艾蓮娜小姐，妳果然是天才！我可以借用這位小姐一段時間嗎？我能把她培養成No.1女演員！」,"""You are a genius, Elena! Can I borrow her for a while please? I will make sure she becomes the number one porn star!""","「엘레나쨩, 역시 너는 천재다! 그녀를 잠시 빌려도 되겠습니까? 저라면 그녀를 No1 배우로 키워 보이겠습니다!」"
,,,,,,
Erena.Debauchery1-119,触手怪人,「ええ、問題ないですよ。私もエレナ君の輝く姿が見て見たくなりました」,「ええ、問題ないですよ。私もエレナ君の輝く姿が見て見たくなりました」,「當然沒問題。我也想看看艾蓮娜小姐閃耀的樣子。」,"""Sure. I would love to see her leaving her mark on the industry.""","「네, 문제없습니다. 저도 엘레나 군의 빛나는 모습을 보고 싶어졌습니다」"
,,,,,,
Erena.Debauchery1-120,監督,「そういうことでエレナちゃん！明日から沢山撮影だ！最高のAVを撮影しよう！」,「そういうことでエレナちゃん！明日から沢山撮影だ！最高のAVを撮影しよう！」,「既然如此艾蓮娜小姐！明天開始就要大量拍攝了！我們要拍出最棒的A片！」,"""In that case, we start tomorrow! We're going to make amazing porn!""",「그런 이유로 엘레나쨩! 내일부터 잔뜩 촬영이다! 최고의 AV를 촬영하자!」
,,,,,,
Erena.Debauchery1-121,エレナ,「お゛っ♥、はっ…？はひっ♥？」,「お゛っ♥、はっ…？はひっ♥？」,「喔！、哈……？是！？」,"""Ohhhhh♥ Huh♥""","「오옷 옷♥, 핫…? 하힛♥?」"
,,,,,,
Erena Debauchery Scene２,注釈,淫乱化シーン　エレナのAV女優デビュー,淫乱化シーン　エレナのAV女優デビュー,,,음란화 이벤트　엘레나 AV 배우 데뷔
Erena.Debauchery2-1,暗転,街のとあるビルの一室にて,街のとあるビルの一室にて,在某街道的一間辦公室裡,In a building on the street,거리의 어느 빌딩 한 방에서
,Erena debauchery2ｰ1,,,,,
Erena.Debauchery2-2,監督,「エレナちゃん準備はいいかな？そろそろ撮影を始めるよ」,「エレナちゃん準備はいいかな？そろそろ撮影を始めるよ」,「艾蓮娜小姐準備好了嗎？差不多要開始拍攝囉。」,"""Are you ready? We're starting.""",「엘레나쨩 준비됐어? 슬슬 촬영 시작할게」
,,,,,,
Erena.Debauchery2-3,エレナ,「はいっ♥、エレナのおマンコ準備万端ですっ♥！」,「はいっ♥、エレナのおマンコ準備万端ですっ♥！」,「好了！艾蓮娜的鮑魚已經準備萬全了！」,"""Yes♥ My pussy is ready!""","「네엣♥, 엘레나 보지 준비 완료입니다♥!」"
,,,,,,
Erena.Debauchery2-4,エレナ,「いっぱい水飲んできたのでっ♥、沢山お潮吹く準備もできてます！」,「いっぱい水飲んできたのでっ♥、沢山お潮吹く準備もできてます！」,「我喝了好多水！潮吹的準備也做好了！」,"""I drank a lot of water before I came♥ So I'm ready to squirt!""","「물 많이 마시고 와서♥, 잔뜩 분수 쌀 준비도 됐어요!」"
,,,,,,
Erena.Debauchery2-5,監督,「うむ、流石優秀なエレナちゃんだ」,「うむ、流石優秀なエレナちゃんだ」,「嗯，真不愧是優秀的艾蓮娜小姐。」,"""Excellent.""","「음, 역시 우수한 엘레나쨩이야」"
,,,,,,
Erena.Debauchery2-6,監督,「今日の撮影は記念すべき10本目だからね、私も気合を入れて準備してきたよ」,「今日の撮影は記念すべき10本目だからね、私も気合を入れて準備してきたよ」,「今天的拍攝是值得紀念的第十部，我也卯足了勁準備。」,"""This is the tenth one, so it means a lot and I came prepared.""","「오늘 촬영은 기념할 만한 10번째니까 말이야, 나도 기합 넣고 준비해왔어」"
,,,,,,
Erena.Debauchery2-7,監督,「撮影するタイトルは“デカ乳メス牛お嬢様エレナちゃんVS種付けおじさん～地獄のセックス100人組手～”だ！」,「撮影するタイトルは“デカ乳メス牛お嬢様エレナちゃんVS種付けおじさん～地獄のセックス100人組手～”だ！」,「拍攝的片名是『巨乳母牛大小姐艾蓮娜 vs. 播種大叔 ～地獄的百人斬性愛～』！」,"""It'll be called 'Big-breasted Milk Cow Princess Elena vs Seed-Sowing Geezers: One Hundred Fucks From Hell'!""",「촬영할 타이틀은 “거유 암소 아가씨 엘레나쨩 VS 씨받이 아저씨~지옥의 섹스 100명 상대~”야!」
,,,,,,
Erena.Debauchery2-8,エレナ,「沢山ハメられちゃいそう…エレナ怖いですっ♥」,「沢山ハメられちゃいそう…エレナ怖いですっ♥」,「好像會被插很多次……艾蓮娜好害怕喔！」,"""That's a lot of sex... I'm scared♥""",「잔뜩 박힐 것 같아… 엘레나 무서워요♥」
,,,,,,
Erena.Debauchery2-9,監督,「本当に100人のエキストラに来てもらったからね、皆さん入ってきてください！」,「本当に100人のエキストラに来てもらったからね、皆さん入ってきてください！」,「我們真的請來了一百名臨演喔，各位請進場！」,"""We really did ask a hundred extras. Come on in!""","「정말 100명의 엑스트라를 모셔왔으니까, 여러분 들어오세요!」"
,Erena debauchery2-2,,,,,
Erena.Debauchery2-10,,そしてエレナは勃起した何人もの男に周りを囲まれる,そしてエレナは勃起した何人もの男に周りを囲まれる,接著，艾蓮娜被好幾名勃起的男子團團圍住。,Elena was surrounded by many men with raging hard-ons.,그리고 엘레나는 발기한 여러 명의 남자에게 둘러싸인다
,,,,,,
Erena.Debauchery2-11,エレナ,「ひゃっ♥、おチンポがこんなにたくさんっ♥、恥ずかしいっ♥！」,「ひゃっ♥、おチンポがこんなにたくさんっ♥、恥ずかしいっ♥！」,「呀！這麼多陽具！好羞恥喔！」,"""Wow♥ So many cocks♥ This is... humiliating!""","「히얏♥, 자지가 이렇게 잔뜩♥, 부끄러워♥!」"
,,,,,,
Erena.Debauchery2-12,監督,「そんなこと言って、エレナちゃん口からよだれ垂れてるよ？」,「そんなこと言って、エレナちゃん口からよだれ垂れてるよ？」,「話是這麼說，艾蓮娜小姐妳口水都流出來了喔？」,"""But you're drooling!""","「그런 말 하면서, 엘레나쨩 입에서 침 흘리고 있어?」"
,,,,,,
Erena.Debauchery2-13,エレナ,「あっ、んうっ…お嬢様って設定なのにっ、ごめんなさい」,「あっ、んうっ…お嬢様って設定なのにっ、ごめんなさい」,「啊、嗯……明明設定是大小姐……對不起。」,"""Ahhh... Sorry, I was supposed to be a princess.""","「앗, 으웃… 아가씨라는 설정인데, 미안해요」"
,,,,,,
Erena.Debauchery2-14,監督,「エレナちゃんも我慢できないみたいだし、撮影始めちゃおうか」,「エレナちゃんも我慢できないみたいだし、撮影始めちゃおうか」,「看來艾蓮娜小姐也忍不住了，那我們就開始拍攝吧。」,"""Looks like she can't wait. Should we get started?""","「엘레나쨩도 참을 수 없는 것 같으니, 촬영 시작할까」"
,,,,,,
Erena.Debauchery2-15,監督,「じゃあエレナちゃん、撮影の意気込みを。100人相手にするの怖くない？」,「じゃあエレナちゃん、撮影の意気込みを。100人相手にするの怖くない？」,「那麼艾蓮娜小姐，說說妳對拍攝的幹勁吧。面對一百個人不害怕嗎？」,"""Elena, what's on your mind? Are you scared of facing a hundred men?""","「자 그럼 엘레나쨩, 촬영 각오를. 100명 상대하는 거 무섭지 않아?」"
,,,,,,
Erena.Debauchery2-16,エレナ,「うう～ちょっと怖いですぅ♥、でもエレナ最後まで頑張りますっ♥」,「うう～ちょっと怖いですぅ♥、でもエレナ最後まで頑張りますっ♥」,「嗚嗚～是有一點害怕啦！但艾蓮娜會努力撐到最後的！」,"""Hm, a little? But I'm going to do my best♥""","「으으~ 조금 무서워요♥, 하지만 엘레나 끝까지 힘낼게요♥」"
,,,,,,
Erena.Debauchery2-17,監督,「じゃあ一番槍は私が担当しようかな、よっと！」,「じゃあ一番槍は私が担当しようかな、よっと！」,「那第一插就由我來負責吧，嘿！」,"""I'll be the first one!""","「그럼 첫 번째 타자는 내가 맡을까, 자!」"
,,,,,,
Erena.Debauchery2-18,Erena debauchery2-3,ズブッ！,ズブッ！,噗通！,Spppppp!,즈붓!
,,,,,,
Erena.Debauchery2-19,エレナ,「ひうっ♥、監督チンポきたっ♥♥！」,「ひうっ♥、監督チンポきたっ♥♥！」,「嗚！、導演的陽具來了！」,"""The director's cock!""","「히웃♥, 감독 자지 왔다♥♥!」"
,,,,,,
Erena.Debauchery2-20,監督,「エレナちゃんの弱い所は完全に把握してるからね、今日もイかせてあげるよっ」,「エレナちゃんの弱い所は完全に把握してるからね、今日もイかせてあげるよっ」,「我可是完全掌握了艾蓮娜小姐的弱點喔，今天也要讓妳高潮！」,"""I know where you feel it the most, and I'm going to make you come a lot today!""","「엘레나쨩의 약한 곳은 완전히 파악하고 있으니까, 오늘도 가게 해줄게」"
,,,,,,
Erena.Debauchery2-21,,パンッ、パンッ、パンッ、パンッ！,パンッ、パンッ、パンッ、パンッ！,啪、啪、啪、啪！,Slap... Slap... Slap...,"팡!, 팡!, 팡!, 팡!"
,Erena debauchery2-4,,,,,
Erena.Debauchery2-22,エレナ,「お゛っ♥、お゛っ♥監督チンポ凄いっ♥！私の弱い所的確にえぐってくるっ♥」,「お゛っ♥、お゛っ♥監督チンポ凄いっ♥！私の弱い所的確にえぐってくるっ♥」,「喔！、喔！導演的陽具好厲害！準確地攻擊我的弱點！」,"""Ohhhhhhhh♥ Ohhhh♥ Your cock feels amazing! It's hitting all the right places!""","「오옷 옷♥, 오옷 옷♥ 감독 자지 굉장해♥! 나의 약한 곳 정확히 파고들어와♥」"
,,,,,,
Erena.Debauchery2-23,監督,「いい喘ぎ声だよ！プライベートで毎日おまんこ指導した成果が出てるよ！」,「いい喘ぎ声だよ！プライベートで毎日おまんこ指導した成果が出てるよ！」,「淫叫得很棒喔！每天私下對妳進行鮑魚指導的成果出來了！」,"""Good moans! Working with you in private every day is paying off!""",「좋은 신음소리야! 프라이빗에서 매일 보지 지도한 성과가 나오고 있어!」
,Erena debauchery2-3,,,,,
Erena.Debauchery2-24,エレナ,「お゛おっ♥、私はっ、種付けおじさんなんかにっ♥、負けませんっ♥、お゛っ♥、イクッ♥」,「お゛おっ♥、私はっ、種付けおじさんなんかにっ♥、負けませんっ♥、お゛っ♥、イクッ♥」,「喔喔！、我才不會、輸給播種大叔！喔！要高潮了！」,"""Ohhhhh♥ No geezers will bring me down! Ohhhhh♥ I'm coming♥""","「오옷 오옷♥, 나는, 씨받이 아저씨 따위에게♥, 지지 않아요♥, 오옷 옷♥, 가버렷♥」"
,,,,,,
Erena.Debauchery2-25,監督,「エレナちゃんイクのはまだ我慢だよ～射精と同時に潮吹かなきゃ」,「エレナちゃんイクのはまだ我慢だよ～射精と同時に潮吹かなきゃ」,「艾蓮娜小姐還不能高潮喔～要跟射精同時潮吹才行。」,"""You have to hold back! You need to squirt while I shoot my load!""",「엘레나쨩 가는 건 아직 참아~ 사정과 동시에 분수 싸야지」
,,,,,,
Erena.Debauchery2-26,,パンッ、パンッ、パンッ、パンッ！,パンッ、パンッ、パンッ、パンッ！,啪、啪、啪、啪！,Slap... Slap... Slap...,"팡!, 팡!, 팡!, 팡!"
,,,,,,
Erena.Debauchery2-27,エレナ,「ん゛っ♥、ん゛おっ♥ムリっ♥、監督チンポ良すぎてッ、簡単にイクッ♥！」,「ん゛っ♥、ん゛おっ♥ムリっ♥、監督チンポ良すぎてッ、簡単にイクッ♥！」,「嗯！、嗯喔！不行！導演的陽具太棒了、很容易就高潮！」,"""Nnnnnnnn♥ Noooooo♥ Your cock is too good♥ I'm coming soon♥""","「응옷 윽♥, 응옷 오옷♥무리♥, 감독 자지 너무 좋아서, 쉽게 가버렷♥!」"
,,,,,,
Erena.Debauchery2-28,監督,「エレナちゃんは雑魚マンコ過ぎるね…そこがかわいいんだけど…」,「エレナちゃんは雑魚マンコ過ぎるね…そこがかわいいんだけど…」,「艾蓮娜小姐的鮑魚也太雜魚了呢……不過這點很可愛就是了……」,"""What a weak pussy... But that's why I love it...""",「엘레나쨩은 잡어 보지 너무 심하네… 거기가 귀엽지만…」
,,,,,,
Erena.Debauchery2-29,,監督のチンポが深いストロークでエレナの膣奥をこすり上げる,監督のチンポが深いストロークでエレナの膣奥をこすり上げる,導演的陽具以深長的活塞摩擦著艾蓮娜的陰道深處。,The director penetrated her deeply with his cock.,감독의 자지가 깊은 스트로크로 엘레나의 질 안쪽을 문질러 올린다
,,,,,,
Erena.Debauchery2-30,エレナ,「お゛んっ♥、んあっ♥」,「お゛んっ♥、んあっ♥」,「嗯！、嗯啊！」,"""Ohhhhhnn♥ Ahhhhhh♥""","「오옷 응윽♥, 응앗♥」"
,,,,,,
Erena.Debauchery2-31,監督,「ちょっと早いけどザーメン出すよ！射精と同時に絶頂して！」,「ちょっと早いけどザーメン出すよ！射精と同時に絶頂して！」,「雖然有點早，但我可要射精了喔！跟射精同時達到絕頂！」,"""A little too soon, but I'm coming! Get ready to squirt and come!""",「조금 이르지만 정액 쌀게! 사정과 동시에 절정해!」
,,,,,,
Erena.Debauchery2-32,エレナ,「お゛っ♥、わかりましたあっ♥、しゃせーでイきますっ♥！」,「お゛っ♥、わかりましたあっ♥、しゃせーでイきますっ♥！」,「喔！、我明白了！我要隨著射精高潮！」,"""Yessssss♥ Comingggggg♥""","「오옷 옷♥, 알겠습니다앗♥, 사정으로 갈게요♥!」"
,Erena debauchery2-5,,,,,
Erena.Debauchery2-33,,ドプッ、ビュルルルルッ！,ドプッ、ビュルルルルッ！,咚、咻嚕嚕嚕嚕！,"Spurt, spurrrrrrt!","돕, 뷰르르르릇!"
,,,,,,
Erena.Debauchery2-34,エレナ,「おほっ♥せいえきっ、どぴゅどぴゅ出されてっ♥イクッ♥」,「おほっ♥せいえきっ、どぴゅどぴゅ出されてっ♥イクッ♥」,「嗚呼！精液、被射得稀里嘩啦的！高潮！」,"""Ohhhhhh♥ Jizz! That was a huge load! I'm coming♥""","「오홋♥정액, 도퓻도퓻 싸지고♥가버렷♥」"
,,,,,,
Erena.Debauchery2-35,,プシュッ、プシイイイイイッ,プシュッ、プシイイイイイッ,噗咻、噗嘶嘶嘶嘶！,"Squirt, squirrrrrrrrt","푸슛, 푸시이이이잇"
,,,,,,
Erena.Debauchery2-36,エレナ,「ひっぎゅうううっ♥、お゛っ♥、お゛♥」,「ひっぎゅうううっ♥、お゛っ♥、お゛♥」,「噫嗚嗚嗚！喔！喔！」,"""Hnnnnnn♥ Ohhhhh♥""","「히익규우우우웃♥, 오옷 옷♥, 오옷 ♥」"
,,,,,,
Erena.Debauchery2-37,監督,「ふう、まずは一人目ってとこかな？エレナちゃん良いイキっぷりだったよ」,「ふう、まずは一人目ってとこかな？エレナちゃん良いイキっぷりだったよ」,「呼，這算是第一個吧？艾蓮娜小姐高潮得真棒。」,"""So that was the first person! Not bad, Elena.""","「후우, 우선 한 명째인가? 엘레나쨩 좋은 가버림이었어」"
,Erena debauchery2-6,,,,,
Erena.Debauchery2-38,エレナ,「はあっ♥、はあっ♥、ありがとうございますっ♥」,「はあっ♥、はあっ♥、ありがとうございますっ♥」,「哈、哈、謝謝主人！」,"""Haaa♥ Thank you♥""","「하앗♥, 하앗♥, 감사합니다♥」"
,,,,,,
Erena.Debauchery2-39,監督,「じゃあ残り99人、撮影頑張ろうか！」,「じゃあ残り99人、撮影頑張ろうか！」,「那麼剩下的99個人，我們繼續努力拍攝吧！」,"""One down, ninety-nine to go!""","「자 그럼 남은 99명, 촬영 힘내자!」"
,,,,,,
Erena.Debauchery2-40,エレナ,「はひっ♥、エレナ、種付けおじさんなんかに負けません！」,「はひっ♥、エレナ、種付けおじさんなんかに負けません！」,「是！艾蓮娜才不會輸給播種大叔！」,"""No geezers will bring me down!""","「하힛♥, 엘레나, 씨받이 아저씨 따위에게 지지 않아요!」"
,,,,,,
Erena.Debauchery2-41,暗転,3時間後,3時間後,3小時後,Three hours later...,3시간 후
,,,,,,
Erena.Debauchery2-42,Erena debauchery2-7,ズルリとエレナの白濁液にまみれた膣内からチンポが引き抜かれる,ズルリとエレナの白濁液にまみれた膣内からチンポが引き抜かれる,陽具從艾蓮娜沾滿白色渾濁液體的陰道內緩緩拔出。,A cock came out from Elena's jizz-filled vagina with a slurping sound.,즈르륵 하고 엘레나의 백탁액 범벅인 질 내에서 자지가 뽑혀 나온다
,,,,,,
Erena.Debauchery2-43,エレナ,「あ゛っ♥、お゛っ♥、はあっ♥、はあっ♥」,「あ゛っ♥、お゛っ♥、はあっ♥、はあっ♥」,「啊！、喔！、哈、哈」,"""Ahhhhh♥ Ohhhhh♥ Haaaaa♥""","「아옷 앗♥, 오옷 옷♥, 하앗♥, 하앗♥」"
,,,,,,
Erena.Debauchery2-44,監督,「ふう…これで撮影は終了です、皆さんご苦労様でした」,「ふう…これで撮影は終了です、皆さんご苦労様でした」,「呼……拍攝到此結束，各位辛苦了。」,"""That's the end of the shoot. Thank you all for your hard work!""","「후우… 이걸로 촬영은 종료입니다, 여러분 수고하셨습니다」"
,,,,,,
Erena.Debauchery2-45,触手怪人,「お疲れ様です監督、どうですかなエレナ君の具合は？」,「お疲れ様です監督、どうですかなエレナ君の具合は？」,「導演辛苦了，艾蓮娜小姐的狀況如何呢？」,"""Thank you, director. How was Elena?""","「수고하셨습니다 감독, 어떻습니까 엘레나 군의 상태는?」"
,,,,,,
Erena.Debauchery2-46,監督,「ええ、変態的な演技とエロスへの情熱はとても素晴らしい。ただ…」,「ええ、変態的な演技とエロスへの情熱はとても素晴らしい。ただ…」,「嗯，她變態般的演技和對情色的熱情非常出色。不過……」,"""She was extremely perverted, and her performance was excellent. But...""","「네, 변태적인 연기와 에로스에 대한 열정은 매우 훌륭합니다. 단지…」"
,,,,,,
Erena.Debauchery2-47,触手怪人,「ただ…何かご不満でも？」,「ただ…何かご不満でも？」,「不過……是有什麼不滿意的地方嗎？」,"""But...? Is something wrong?""",「단지… 뭔가 불만이라도?」
,,,,,,
Erena.Debauchery2-48,監督,「この娘は少し性欲と体力が強すぎましてね…私の手に余るのです」,「この娘は少し性欲と体力が強すぎましてね…私の手に余るのです」,「這孩子性慾和體力都太強了……已經超出我的掌控範圍了。」,"""She's very horny and energetic. I can't keep up...""",「그녀는 조금 성욕과 체력이 너무 강해서요… 제 손에 벅찹니다」
,Erena debauchery2-8,,,,,
Erena.Debauchery2-49,エレナ,「えへへっ♥、おチンポっ♥、おチンポっ♥、もっとパコパコしてっ♥」,「えへへっ♥、おチンポっ♥、おチンポっ♥、もっとパコパコしてっ♥」,「欸嘿嘿！陽具！陽具！再多插一點！」,"""Hehehe♥ Cocks♥ More cocks♥ More sex♥""","「에헤헷♥, 자지♥, 자지♥, 더 파코파코 해줘♥」"
,,,,,,
Erena.Debauchery2-50,,エレナは数時間セックスをしていたのにもかかわらず、腰を振り更にチンポを求める,エレナは数時間セックスをしていたのにもかかわらず、腰を振り更にチンポを求める,艾蓮娜儘管已經性交了好幾個小時，卻還在擺動腰部，渴望更多的陽具。,"She still wanted more sex, even though she just did it for several hours.","엘레나는 몇 시간 동안 섹스를 했음에도 불구하고, 허리를 흔들며 더욱 자지를 원한다"
,,,,,,
Erena.Debauchery2-51,触手怪人,「ああ、なるほど…」,「ああ、なるほど…」,「啊，原來如此……」,"""I see...""","「아아, 과연…」"
,,,,,,
Erena.Debauchery2-52,監督,「100人に性欲を発散させてもこれですから…先生も飼うの大変だったでしょう？」,「100人に性欲を発散させてもこれですから…先生も飼うの大変だったでしょう？」,「發洩了一百個人的性慾還是這樣……老師飼養她一定也很辛苦吧？」,"""She let a hundred people fuck her, but still... It's hard work keeping her, isn't it?""",「100명에게 성욕을 발산해도 이러니… 선생님도 키우기 힘들었겠죠?」
,,,,,,
Erena.Debauchery2-53,触手怪人,「そうですね…まあ、この撮影が終わったら私が引き取りましょう」,「そうですね…まあ、この撮影が終わったら私が引き取りましょう」,「是啊……不過，這次拍攝結束後，我就將她接回去吧。」,"""Yeah... Well, I'll take her after the shoot.""","「그렇군요… 뭐, 이 촬영이 끝나면 제가 데려가도록 하죠」"
,,,,,,
Erena.Debauchery2-54,エレナ,「へっ、へっ♥、チンポっ、マンコにぶち込んでっ♥」,「へっ、へっ♥、チンポっ、マンコにぶち込んでっ♥」,「欸、欸！陽具、塞進我的鮑魚！」,"""More cocks in my pussy♥""","「헤헷, 헤헷♥, 자지, 보지에 박아줘♥」"
,,,,,,
Erena.Debauchery2-55,監督,「ご迷惑をおかけしました…どうです？ついでに今エレナちゃんを使って行っては」,「ご迷惑をおかけしました…どうです？ついでに今エレナちゃんを使って行っては」,「給您添麻煩了……怎麼樣？順便現在就使用艾蓮娜小姐來高潮吧。」,"""Sorry about the trouble. How about it? You can do it if you want...""",「폐를 끼쳐드렸습니다… 어떻습니까? 겸사겸사 지금 엘레나쨩을 사용하고 가시지 않겠습니까」
,,,,,,
Erena.Debauchery2-56,触手怪人,「そうしましょうか…久しぶりにエレナ君を可愛がりたくなりました」,「そうしましょうか…久しぶりにエレナ君を可愛がりたくなりました」,「也好……我也想久違地疼愛一下艾蓮娜小姐了。」,"""I suppose so. I haven't done anything with her for a while.""",「그럴까요… 오랜만에 엘레나 군을 귀여워해주고 싶어졌습니다」
,,,,,,
Erena.Debauchery2-57,エレナ,「あっ、ご主人様っ♥、おチンポ入れてくれるんですかっ♥？」,「あっ、ご主人様っ♥、おチンポ入れてくれるんですかっ♥？」,「啊、主人！、您要將陽具插進來嗎？」,"""Master♥ Are you going to put your cock inside me?""","「앗, 주인님♥, 자지 넣어주시는 건가요♥?」"
,,,,,,
Erena.Debauchery2-58,エレナ,「ありがとうございますっ♥、おチンポ物足りなかったのでっ♥」,「ありがとうございますっ♥、おチンポ物足りなかったのでっ♥」,「謝謝主人！我還覺得陽具不夠呢！」,"""Thank you♥ That was not enough♥""","「감사합니다♥, 자지 부족했으니까♥」"
,,,,,,
Erena.Debauchery2-59,触手怪人,「やれやれ、まったく君の精力には呆れるばかりだな」,「やれやれ、まったく君の精力には呆れるばかりだな」,「哎呀呀，真是對妳的精力感到驚訝啊。」,"""Your energy is astounding.""","「이런이런, 정말 너의 정력에는 질릴 뿐이로군」"
,,,,,,
Erena.Debauchery2-60,エレナ,「エレナを満足させてくれるのはご主人様だけですっ♥早くおチンポっ♥！」,「エレナを満足させてくれるのはご主人様だけですっ♥早くおチンポっ♥！」,「只有主人才能滿足艾蓮娜！快點陽具！」,"""Only you can keep up with me, master♥ Your cock, now♥""",「엘레나를 만족시켜줄 수 있는 건 주인님뿐입니다♥ 빨리 자지♥!」
,,,,,,
Erena.Debauchery2-61,,その後、エレナは触手怪人と残ったエキストラ達に一晩中ハメ続けられるのだった,その後、エレナは触手怪人と残ったエキストラ達に一晩中ハメ続けられるのだった,之後，艾蓮娜被觸手怪人與剩下的臨演們整晚插個不停。,"After that, Elena, the Tentacle Man, and the extras that left behind had sex all night...","그 후, 엘레나는 촉수 괴인과 남은 엑스트라들에게 밤새도록 박히는 것이었다"
,,,,,,
Erena Core Scene,注釈,聖核シーン,聖核シーン,,,성핵 이벤트
Erena.Core1-1,戦闘背景　地下,財団の地下研究施設にて,財団の地下研究施設にて,在財團的地下研究設施,At the Foundation's underground research facility,재단의 지하 연구 시설에서
,,,,,,
Erena.Core1-2,エレナ(変身),「っ………ここはっ……？」,「っ………ここはっ……？」,「可惡………這裡是……？」,"""...Where am I?""",「윽……… 여기는……?」
,,,,,,
Erena.Core1-3,,部屋のスピーカーから声が響く,部屋のスピーカーから声が響く,聲音從房間裡的擴音器中響起。,A voice rang out from the speakers in the room.,방의 스피커에서 목소리가 울린다
,,,,,,
Erena.Core1-4,研究員(立ち絵無し),「お前にはこれから対怪人の戦闘実験をしてもらう」,「お前にはこれから対怪人の戦闘実験をしてもらう」,「妳接下來要做對怪人的戰鬥實驗。」,"""We're going to conduct a combat experiment where you fight fiends.""",「너에게는 이제부터 대 괴인 전투 실험을 해줘야겠다」
,,,,,,
Erena.Core1-5,エレナ,「戦闘実験…？この私相手に？」,「戦闘実験…？この私相手に？」,「戰鬥實驗……？對付我嗎？」,"""Combat experiment? Against me?""",「전투 실험…? 이 나를 상대로?」
,,,,,,
Erena.Core1-6,研究員,「見ればわかる。お前の相手はコイツだ」,「見ればわかる。お前の相手はコイツだ」,「一看就知道了。妳的對手是這個傢伙。」,"""You'll see. This is your opponent...""",「보면 안다. 너의 상대는 이 녀석이다」
,,,,,,
Erena.Core1-7,,そして隔壁が開き扉の向こうから巨大な触手の怪物が現れる,そして隔壁が開き扉の向こうから巨大な触手の怪物が現れる,接著隔板打開，一隻巨大的觸手怪物從門後出現。,The walls parted and a huge monster with tentacles appeared.,그리고 격벽이 열리고 문 너머에서 거대한 촉수 괴물이 나타난다
,,,,,,
Erena.Core1-8,触手怪獣,ズルッ…ズルッ！,ズルッ…ズルッ！,咕溜……咕溜！,"Zrrrrrr, zrrrrrr!",즈릇… 즈릇!
,,,,,,
Erena.Core1-9,エレナ,「……っ！、なるほど…通常の怪人とはわけが違いますね」,「……っ！、なるほど…通常の怪人とはわけが違いますね」,「……可惡！、原來如此……跟普通的怪人不是一個級別的呢。」,"""...I see, so not your usual fiend.""","「……윽!, 과연… 통상 괴인과는 차원이 다르군요」"
,,,,,,
Erena.Core1-10,研究員,「じゃあ健闘を祈るぜ、コイツ相手にどこまで戦えるかな？」,「じゃあ健闘を祈るぜ、コイツ相手にどこまで戦えるかな？」,「那麼祝妳好運了，不知道妳能跟這傢伙戰鬥到什麼程度呢？」,"""I wish you luck. How far can you push this one?""","「자 그럼 건투를 빌지, 이 녀석 상대로 어디까지 싸울 수 있을까?」"
,,,,,,
Erena.Core1-11,触手怪獣,キシャアアアアアッッ！！！,キシャアアアアアッッ！！！,嘶啊啊啊啊啊！！！,Whoosh!,키샤아아아아아앗!!!
,,,,,,
Erena.Core1-12,エレナ,「…………確かに強力な怪人なようですが…」,「…………確かに強力な怪人なようですが…」,「…………雖然看來是個非常強大的怪人……」,"""...A powerful fiend indeed.""",「………… 확실히 강력한 괴인인 것 같습니다만…」
,,,,,,
Erena.Core1-13,エレナ,「―――――最強クラスの聖核戦姫である私の実力を舐めすぎではないでしょうか？」,「―――――最強クラスの聖核戦姫である私の実力を舐めすぎではないでしょうか？」,「―――――但您是不是太小看我這位最強級別的聖核戰姫的實力了？」,"""But I'm the most powerful Holy Core Battlemaiden. Are you sure about this?""",「―――――최강 클래스 성핵전희인 제 실력을 너무 얕보는 것 아닙니까?」
,,,,,,
Erena.Core1-14,エレナ,「私に変身を許したことを後悔するでしょう…この怪物を倒せばアジトごと制圧できるのですから」,「私に変身を許したことを後悔するでしょう…この怪物を倒せばアジトごと制圧できるのですから」,「你會後悔允許我變身的……因為只要打倒這個怪物，連同基地都能一舉壓制。」,"""You will regret allowing me to transform. Once I beat this fiend, your hideout is done for.""",「저에게 변신을 허락한 것을 후회할 것입니다… 이 괴물을 쓰러뜨리면 아지트째로 제압할 수 있으니까요」
,,,,,,
Erena.Core1-15,エレナ,「この程度の怪人…一瞬で葬ります！」,「この程度の怪人…一瞬で葬ります！」,「這種程度的怪人……我會瞬間將它消滅！」,"""This fiend will be dead in the blink of an eye!""",「이 정도 괴인… 순식간에 묻어버리겠습니다!」
,暗転,,,,,
Erena.Core1-16,,―――――3分後,―――――3分後,―――――3分鐘後,Three minutes later...,―――――3분 후
,Erena core 1-1,,,,,
Erena.Core1-17,エレナ,「んん～～～っっ！！！んんっ！！！」,「んん～～～っっ！！！んんっ！！！」,「嗯嗯～～～！！！嗯嗯！！！」,"""Nnnnnn! Nnnnnn!""",「응응~~~윽!!! 응응윽!!!」
,,,,,,
Erena.Core1-18,,エレナは無数の触手にからめとられ、頭から丸呑みされつつあった,エレナは無数の触手にからめとられ、頭から丸呑みされつつあった,艾蓮娜被無數觸手纏繞，頭部正被整個吞沒。,Elena was caught by countless tentacles and swallowed whole.,"엘레나는 무수한 촉수에 휘감겨, 머리부터 통째로 삼켜지고 있었다"
,,,,,,
Erena.Core1-19,エレナ,「んっ！、んん～～っ！！！」,「んっ！、んん～～っ！！！」,「嗯！、嗯嗯～～！！！」,"""Nnnnn! Nnnnnnn!""","「응윽!, 응응~~윽!!!」"
,,,,,,
Erena.Core1-20,,エレナは必死に抵抗し引きはがそうとするが、その手は粘液で滑ってしまう,エレナは必死に抵抗し引きはがそうとするが、その手は粘液で滑ってしまう,艾蓮娜拼命抵抗，想要掙脫，但她的手卻因為黏液而滑脫。,"She tried her best to resist, but her hands were slippery from the slime.","엘레나는 필사적으로 저항하며 잡아 뜯으려 하지만, 그 손은 점액으로 미끄러져 버린다"
,Erena core 1-2,,,,,
Erena.Core1-21,エレナ,(ぐうっ！、誤算ですッ！…これほどまでに強力な怪人だったとはっ！),(ぐうっ！、誤算ですッ！…これほどまでに強力な怪人だったとはっ！),(可惡！失算了！……沒想到竟然是這麼強大的怪人！),(I miscalculated... Just how powerful is this one?!),"(크윽!, 오산입니다!… 이렇게까지 강력한 괴인이었다니!)"
,,,,,,
Erena.Core1-22,,(何とか逃げないとっ！、これでは倒すどころか…！),(何とか逃げないとっ！、これでは倒すどころか…！),(想辦法逃走！、這樣下去別說打倒了……！),(I have to run away! I don't think I can beat it...),"(어떻게든 도망치지 않으면!, 이러면 쓰러뜨리기는커녕…!)"
,,,,,,
Erena.Core1-23,,最悪の未来を想像し、悪寒がエレナに走る,最悪の未来を想像し、悪寒がエレナに走る,想像到最壞的未來，一股寒意襲向艾蓮娜。,The thought of what might happen sent chills down her spine.,"최악의 미래를 상상하며, 오한이 엘레나를 덮친다"
,,,,,,
Erena.Core1-24,,(うううっ！このっ！離れなさいっ！),(うううっ！このっ！離れなさいっ！),(嗚嗚！可惡！放開我！),"(Ugh, I can't get out of this!)",(으으윽! 이 녀석! 떨어지세요!)
,,,,,,
Erena.Core1-25,,エレナは引きはがそうと全力で暴れまわるが―――――,エレナは引きはがそうと全力で暴れまわるが―――――,艾蓮娜使出全力掙扎著想掙脫―――――,Just when Elena was about to go all out to get out of the fiend...,엘레나는 잡아 뜯으려 온 힘을 다해 발버둥 치지만―――――
,Erena core 1-3,,,,,
Erena.Core1-26,,ズルッ！、ゴキュッ！、ズルルッ！,ズルッ！、ゴキュッ！、ズルルッ！,咕溜！、咕咚！、咕嚕嚕！,"Zrrrrrr, zrrrrrr!","즈릇!, 고큣!, 즈르릇!"
,,,,,,
Erena.Core1-27,エレナ,「んん～～～っっ！！？！」,「んん～～～っっ！！？！」,「嗯嗯～～～！！？！」,"""Nnnnnnnnnnn?!""",「응응~~~윽!!?!」
,,,,,,
Erena.Core1-28,,エレナは蛇が獲物を丸呑みする時のように、更に奥深くへ飲み込まれてしまう,エレナは蛇が獲物を丸呑みする時のように、更に奥深くへ飲み込まれてしまう,艾蓮娜像被蛇吞食的獵物一樣，被更深地吞了進去。,"Like a snake catching its prey, she was swallowed further into the mouth of the fiend.","엘레나는 뱀이 먹이를 통째로 삼키듯, 더욱 깊숙이 삼켜져 버린다"
,Erena core 1-4,,,,,
Erena.Core1-29,エレナ,(っ、ま…まずいですっ！全身が飲み込まれてっ！手が動かせないっ！),(っ、ま…まずいですっ！全身が飲み込まれてっ！手が動かせないっ！),(可惡、糟…糕了！全身都被吞進去了！手動不了了！),(This is bad! My whole body is swallowed and I can't move my hands!),"(윽, 크… 큰일 났네요! 온몸이 삼켜져서! 손을 움직일 수 없어요!)"
,,,,,,
Erena.Core1-30,,(まだ足は外に出ているようですがっ…これでは脱出は…),(まだ足は外に出ているようですがっ…これでは脱出は…),(雖然腳看起來還在外面……但這樣下去要逃脫是……),"(My feet are still outside, though, I can still get away...)",(아직 발은 밖에 있는 것 같지만… 이걸로는 탈출은…)
,,,,,,
Erena.Core1-31,,(いえ、諦めてはいけませんっ！冷静に！今できることを―――――っ！),(いえ、諦めてはいけませんっ！冷静に！今できることを―――――っ！),(不，不能放棄！冷靜下來！現在能做的事情―――――！),(I can't give up! I have to calm down and think about what I can do...),"(아니, 포기해서는 안 됩니다! 침착하게! 지금 할 수 있는 일을―――――윽!)"
,,,,,,
Erena.Core1-32,,ゴキュッ、ズルルッ！ゴキュッ！,ゴキュッ、ズルルッ！ゴキュッ！,咕咚、咕嚕嚕！咕咚！,"Squelch, grr, grrr, slurrrrp.","고큣, 즈르릇! 고큣!"
,,,,,,
Erena.Core1-33,,エレナを包む肉は収縮し、エレナをさらに奥へ飲み込もうとする,エレナを包む肉は収縮し、エレナをさらに奥へ飲み込もうとする,包裹著艾蓮娜的肉塊正在收縮，試圖將她吞得更深。,The flesh wrapping around Elena contracted and pushed her in further.,"엘레나를 감싸는 살덩이는 수축하며, 엘레나를 더욱 깊숙이 삼키려 한다"
,,,,,,
Erena.Core1-34,エレナ,(ぐっ、待ちなさいっ！―――――そんなっ、この私がっ！？),(ぐっ、待ちなさいっ！―――――そんなっ、この私がっ！？),(唔，等一下！―――――怎麼會、連我都被！？),(Wait! No! I...),"(크윽, 기다리십시오!―――――그런, 이 내가!?)"
,,,,,,
Erena.Core1-35,,エレナはなすすべなく、捕食された小動物のように怪人の奥深くへと運ばれていくのだった,エレナはなすすべなく、捕食された小動物のように怪人の奥深くへと運ばれていくのだった,艾蓮娜束手無策，像被捕食的小動物一樣，被運往怪人體內的深處。,"She was transported further into the fiend, like a critter that was eaten alive.","엘레나는 속수무책으로, 포식당한 작은 동물처럼 괴인의 깊숙한 곳으로 운반되어 가는 것이었다"
,暗転,,,,,
Erena.Core1-36,,―――――数時間後,―――――数時間後,―――――數小時後,Several hours later...,―――――수 시간 후
,Erena core 1-5,,,,,
Erena.Core1-37,エレナ,(はあっ、はあっ、一体どれだけ飲み込まれたのでしょう…！？),(はあっ、はあっ、一体どれだけ飲み込まれたのでしょう…！？),(哈、哈、到底被吞了多少啊……！？),(Just how much further am I going to go?),"(하앗, 하앗, 대체 얼마나 삼켜진 걸까요…!?)"
,,,,,,
Erena.Core1-38,,エレナは蠕動運動により怪人の消化管の奥深くへ飲み込まれていた,エレナは蠕動運動により怪人の消化管の奥深くへ飲み込まれていた,艾蓮娜被蠕動運動送進了怪人消化道的深處。,The intestinal movements allowed the fiend to swallow Elena further down its digestive system.,엘레나는 연동 운동에 의해 괴인의 소화관 깊숙이 삼켜져 있었다
,,,,,,
Erena.Core1-39,エレナ,(聖核エネルギーを使って何とか生命維持は出来ていますが…っ),(聖核エネルギーを使って何とか生命維持は出来ていますが…っ),(雖然利用聖核能量勉強維持著生命……但是！),"(I'm somehow staying alive with my Holy Core energy, but...)",(성핵 에너지를 사용해서 어떻게든 생명 유지는 하고 있습니다만…윽)
,,,,,,
Erena.Core1-40,,(体が重いっ…全身に力を加えられて…指先を動かすので精一杯ですっ),(体が重いっ…全身に力を加えられて…指先を動かすので精一杯ですっ),(身體好重……全身都被施加了壓力……連動一根手指頭都費盡全力。),(My body feels heavy... Something is pressing down on me and I can barely move.),(몸이 무거워… 온몸에 힘이 가해져서… 손가락 끝을 움직이는 것이 고작입니다…)
,Erena core 1-6,,,,,
Erena.Core1-41,,エレナは脱出方法を考え何度も思考をめぐらすが、圧倒的な力の前に突破口を見出すことすらかなわない,エレナは脱出方法を考え何度も思考をめぐらすが、圧倒的な力の前に突破口を見出すことすらかなわない,艾蓮娜思考著逃脫的方法，反覆推敲，但在壓倒性的力量面前，連找到突破口都做不到。,"Elena thought about how to get out several times, but she had no solutions when faced with the tremendous power of the fiend.","엘레나는 탈출 방법을 생각하며 몇 번이나 생각을 거듭하지만, 압도적인 힘 앞에 돌파구를 찾는 것조차 불가능하다"
,,,,,,
Erena.Core1-42,,(！…想像以上に聖核エネルギーの消費が早いですね…),(！…想像以上に聖核エネルギーの消費が早いですね…),(！……聖核能量的消耗比我想像的要快……),(I'm using up Holy Core energy faster than I expected...),(!…상상 이상으로 성핵 에너지 소모가 빠르군요…)
,,,,,,
Erena.Core1-43,,(やはり…考えたくなかったですが…まさかこの怪人、私の聖核エネルギーを吸収しているっ…！？),(やはり…考えたくなかったですが…まさかこの怪人、私の聖核エネルギーを吸収しているっ…！？),(果然……雖然不想承認……難道這個怪人，正在吸收我的聖核能量……！？),"(I was in denial, but... is this fiend absorbing my Holy Core energy?)","(역시… 생각하고 싶지 않았지만… 설마 이 괴인, 제 성핵 에너지를 흡수하고 있어…!?)"
,,,,,,
Erena.Core1-44,,(まずい…このままだと聖核戦姫の状態が維持できないっ……！),(まずい…このままだと聖核戦姫の状態が維持できないっ……！),(糟糕……這樣下去聖核戰姫的狀態無法維持……！),(This means I can't maintain my transformation...),(위험해… 이대로는 성핵전희 상태를 유지할 수 없어……!)
,,,,,,
Erena.Core1-45,,(変身が維持できるうちにこの状況を打開しなくては―――――),(変身が維持できるうちにこの状況を打開しなくては―――――),(必須在還能維持變身的時候打破這個局面―――――),(I have to do something while I still can...),(변신을 유지할 수 있는 동안 이 상황을 타개해야―――――)
,,,,,,
Erena.Core1-46,Erena core 1-7,バチッ、パシュウウウウウウウッ！,バチッ、パシュウウウウウウウッ！,啪滋、噗咻嗚嗚嗚嗚嗚嗚嗚！,Psshhhh...,"바칫, 파슈우우우우우우웃!"
,,,,,,
Erena.Core1-47,エレナ,「ん゛ん～～～っ！！？！」,「ん゛ん～～～っ！！？！」,「嗯嗯～～～！！？！」,"""Nnnnnn...""",「응옷 응~~~윽!!?!」
,,,,,,
Erena.Core1-48,,エレナの体から黄色い光が溢れ、変身が解除される,エレナの体から黄色い光が溢れ、変身が解除される,黃色的光芒從艾蓮娜的體內溢出，變身被解除了。,Elena glowed yellow as her transformation was undone.,"엘레나의 몸에서 노란 빛이 넘쳐흐르며, 변신이 해제된다"
,,,,,,
Erena.Core1-49,エレナ,(なっ…もう変身がっ！),(なっ…もう変身がっ！),(什麼……已經變身解除了！),(My transformation...),(뭣… 벌써 변신이!)
,,,,,,
Erena.Core1-50,Erena core 1-8,聖核戦姫の力を失ったエレナの体に直に怪人の肉の圧力が襲い掛かる,聖核戦姫の力を失ったエレナの体に直に怪人の肉の圧力が襲い掛かる,失去聖核戰姫力量的艾蓮娜，直接遭受到了怪人肉塊的壓力襲擊。,"The flesh of the fiend came down on Elena, who lost her strength.",성핵전희의 힘을 잃은 엘레나의 몸에 직접 괴인의 살덩이 압력이 덮친다
,,,,,,
Erena.Core1-51,エレナ,(ぐううっ！そんなっ♥！),(ぐううっ！そんなっ♥！),(嗚嗚嗚！怎麼會！),(Ughhhh!),(크으윽! 그런♥!)
,,,,,,
Erena.Core1-52,,(体が全身圧迫されてっ…♥、指一本動かせませんっ♥),(体が全身圧迫されてっ…♥、指一本動かせませんっ♥),(身體全身都被壓迫著……連一根手指都動不了！),(It's pressing against me and I can't move...),"(몸이 온몸 압박당해서…♥, 손가락 하나 움직일 수 없습니다♥)"
,,,,,,
Erena.Core1-53,,(っ♥……ここまでですかっ……♥),(っ♥……ここまでですかっ……♥),(可惡……到此為止了嗎……),(Is this it for me?),(윽♥…… 여기까지입니까……♥)
,,,,,,
Erena.Core1-54,Erena core 1-9,その瞬間、怪人の肉壁から生暖かい粘液が噴きだし、エレナの全身に纏わりつく,その瞬間、怪人の肉壁から生暖かい粘液が噴きだし、エレナの全身に纏わりつく,就在這瞬間，一股溫熱的黏液從怪人的肉壁噴湧而出，纏繞住艾蓮娜的全身。,The fiend's intestines suddenly sprayed warm slime on her.,"그 순간, 괴인의 살덩이 벽에서 따뜻한 점액이 뿜어져 나와, 엘레나의 온몸에 휘감긴다"
,,,,,,
Erena.Core1-55,エレナ,(ひあっ♥、な、何ですかっ♥),(ひあっ♥、な、何ですかっ♥),(呀！、這、這是什麼！),(What is this?!),"(히앗♥, 무, 무엇입니까♥)"
,,,,,,
Erena.Core1-56,,(ま、まさかこれは…消化液！？),(ま、まさかこれは…消化液！？),(難、難道這是……消化液！？),(Is this... digestive acid?),"(서, 설마 이것은… 소화액!?)"
,,,,,,
Erena.Core1-57,,(私の体も溶かして…吸収しようとしている…！？),(私の体も溶かして…吸収しようとしている…！？),(連我的身體也要溶解……吸收嗎！？),(Am I being digested and absorbed?),(제 몸도 녹여서… 흡수하려는…!?)
,,,,,,
Erena.Core1-58,,(い、嫌ですっ！、この私がっ！こんな惨めな最期なんてっ♥！),(い、嫌ですっ！、この私がっ！こんな惨めな最期なんてっ♥！),(不、不要！、連我都要！以這麼悲慘的結局收場！),(I hate this! I can't believe this is how I'm going to die...),"(시, 싫습니다!, 이 내가! 이런 비참한 최후라니♥!)"
,,,,,,
Erena.Core1-59,,肉壁の蠕動運動と消化液により、エレナは消化されながら更に奥へと運ばれる,肉壁の蠕動運動と消化液により、エレナは消化されながら更に奥へと運ばれる,在肉壁的蠕動和消化液的作用下，艾蓮娜一邊被消化，一邊被運往更深處。,"With the movements and the digestive acid, Elena was sent further down the fiend's digestive system as she was being digested.","살덩이 벽의 연동 운동과 소화액에 의해, 엘레나는 소화되면서 더욱 깊숙이 운반된다"
,,,,,,
Erena.Core1-60,,(そんなっ…いやあっ…),(そんなっ…いやあっ…),(怎麼會……不要啊……),(This is... No...),(그런… 싫엇…)
,,,,,,
Erena.Core1-61,,エレナは自分の感覚がなくなっていくのを感じ―――――,エレナは自分の感覚がなくなっていくのを感じ―――――,艾蓮娜感覺到自己的知覺正在消失―――――,Elena felt like she was losing herself.,엘레나는 자신의 감각이 사라져 가는 것을 느끼며―――――
,,,,,,
Erena.Core1-62,,(誰かッ…助け…),(誰かッ…助け…),(誰來……救救我……),(Someone... Help...),(누군가… 도와줘…)
,,,,,,
Erena.Core1-63,,エレナの意識はそこで途絶えるのだった,エレナの意識はそこで途絶えるのだった,艾蓮娜的意識就此中斷。,Elena lost consciousness.,엘레나의 의식은 거기서 끊어지는 것이었다
,,,,,,
Erena Core Scene２,注釈,聖核シーン2,聖核シーン2,,,성핵 이벤트 2
,暗転,,,,,
Erena.Core2-1,,エレナが怪人に捕食されてからしばらくして,エレナが怪人に捕食されてからしばらくして,在艾蓮娜被怪人吞噬之後，過了一段時間——,A while after Elena was eaten by the fiend...,엘레나가 괴인에게 포식된 후 얼마 지나지 않아
,,,,,,
Erena.Core2-2,エレナ,(…………………),(…………………),（………………）,(...),(…………………)
,,,,,,
Erena.Core2-3,,(……………………………………っ！),(……………………………………っ！),（……………………………………っ！）,(...?),(……………………………………윽!)
,,,,,,
Erena.Core2-4,Erena core 2-1,(………私が怪人に飲み込まれてから一体どれだけの時間が経ったのでしょうか…？),(………私が怪人に飲み込まれてから一体どれだけの時間が経ったのでしょうか…？),（……我被怪人吞下之後，究竟過了多久了呢……？）,(...How long has it been since I was devoured by the fiend?),(………내가 괴인에게 삼켜진 후 대체 얼마나 시간이 흘렀을까요…?)
,,,,,,
Erena.Core2-5,,(………私は消化されたはずなのに…なぜか思考は出来ている……どうやら生きてはいるようですね),(………私は消化されたはずなのに…なぜか思考は出来ている……どうやら生きてはいるようですね),（……明明應該已經被消化掉了，為什麼還能思考……看來我還活著……）,(I thought I was digested... Why am I thinking? Looks like I'm still alive.),(………나는 소화되었을 텐데… 어째서인지 생각은 할 수 있다…… 아무래도 살아는 있는 것 같군요)
,,,,,,
Erena.Core2-6,,(体の感覚はほとんどありませんが………全身……に圧迫感だけは感じます……),(体の感覚はほとんどありませんが………全身……に圧迫感だけは感じます……),（雖然幾乎感覺不到身體的存在……但全身仍然有被擠壓的壓迫感……）,(I can't feel my body... Just pressure from all over the place...),(몸의 감각은 거의 없지만……… 온몸……에 압박감만은 느껴집니다……)
,,,,,,
Erena.Core2-7,,(これも聖核戦姫の力………なのでしょうか？),(これも聖核戦姫の力………なのでしょうか？),（這也是聖核戰姫的力量……嗎？）,(Is this part of my power as a Holy Core Battlemaiden?),(이것도 성핵전희의 힘………인 걸까요?)
,,,,,,
Erena.Core2-8,Erena core 2-2,その時、エレナは前方に明るい感覚を感じる,その時、エレナは前方に明るい感覚を感じる,就在那時，艾蓮娜感覺到前方出現了光亮。,Elena felt something bright.,"그때, 엘레나는 전방에서 밝은 감각을 느낀다"
,,,,,,
Erena.Core2-9,エレナ,(―――――ッ！な、何ですかっ！？),(―――――ッ！な、何ですかっ！？),（―――――ッ！這、這是什麼！？）,(...What is it?),"(―――――윽! 무, 무엇입니까!?)"
,,,,,,
Erena.Core2-10,,(外が明るい…？これなら外に出られるっ！？),(外が明るい…？これなら外に出られるっ！？),（外面變亮了……？難道我可以出去了！？）,(It's bright! Am I outside?),(밖이 밝다…? 이러면 밖에 나갈 수 있어!?)
,,,,,,
Erena.Core2-11,,(いえ、迷っている暇はありません！今できることを全力で―――――),(いえ、迷っている暇はありません！今できることを全力で―――――),（不行，現在不是猶豫的時候！該做的事只有一個―――――）,(No time to waste. I have to do this!),"(아니, 망설일 시간은 없습니다! 지금 할 수 있는 일을 전력으로―――――)"
,Erena core 2-3,,,,,
Erena.Core2-12,,ドバッ、ドビュルルルルッ！,ドバッ、ドビュルルルルッ！,嘩啦、噗滋滋滋滋ッ！,"Spurt, spurt!","도밧, 도뷰르르르릇!"
,,,,,,
Erena.Core2-13,エレナ,(～～～～～～～～ッ♥♥♥！！！？？！),(～～～～～～～～ッ♥♥♥！！！？？！),（～～～～～～～～ッ♥♥♥！！！？？！）,(?!),(~~~~~~윽♥♥♥!!!??!)
,,,,,,
Erena.Core2-14,,怪人の体に空いた穴から光り輝くゲル状の物質が放出される,怪人の体に空いた穴から光り輝くゲル状の物質が放出される,怪人的身體破出一個洞，閃著光的膠狀物質被噴射而出。,A shining gel-like substance shot out from a hole in the fiend's body.,괴인의 몸에 뚫린 구멍에서 빛나는 겔 상태의 물질이 방출된다
,,,,,,
Erena.Core2-15,,ズルルッ、ドボッ！,ズルルッ、ドボッ！,啵嗒、嘩啦！,"Zrrrr, pop!","즈르릇, 도봇!"
,Erena core 2-4,,,,,
Erena.Core2-16,エレナ,(っ、一体何が起きてっ♥！？),(っ、一体何が起きてっ♥！？),（這、這是怎麼回事っ♥！？）,(What's happening?),"(윽, 대체 무슨 일이!?)"
,,,,,,
Erena.Core2-17,,(体の感覚がっ！？、引き伸ばされて…っ！？),(体の感覚がっ！？、引き伸ばされて…っ！？),（身體感覺……正在被拉扯、伸展……！？）,(My body... Felt like it was stretched...),"(몸의 감각이!?, 늘어나서…윽!?)"
,,,,,,
Erena.Core2-18,,(これは…私の体が形状を保てていない……！？),(これは…私の体が形状を保てていない……！？),（這是……我的身體無法維持形狀了……！？）,(This... I'm no longer in my body?),(이것은… 내 몸이 형태를 유지하지 못하고 있어……!?)
,Erena core 2-5,,,,,
Erena.Core2-19,,(ちょ、ちょっと待ってください…私はこの怪人に捕食されて),(ちょ、ちょっと待ってください…私はこの怪人に捕食されて),（等、等一下……我被那個怪人吞噬、）,"(Wait a minute, I was eaten by the fiend...)","(저, 잠깐 기다리세요… 저는 이 괴인에게 포식당해서)"
,,,,,,
Erena.Core2-20,,(そして消化されて…液体になって今外に…それってつまり私……っ！),(そして消化されて…液体になって今外に…それってつまり私……っ！),（被消化、變成液體然後被排出……那這樣的話我……！）,"(Then digested, became a liquid, and now...)",(그리고 소화되어서… 액체가 되어 지금 밖에… 그건 즉 저……윽!)
,,,,,,
Erena.Core2-21,,(―――――い、いえ！、駄目ですっ！これ以上考えてはいけません！),(―――――い、いえ！、駄目ですっ！これ以上考えてはいけません！),（―――――不、不行！不可以再想下去了！）,"(No, I can't think about this any more!)","(―――――아, 아니!, 안 됩니다! 이 이상 생각해서는 안 됩니다!)"
,,,,,,
Erena.Core2-22,,(体に力を入れて！…なんとかこの状況を…！),(体に力を入れて！…なんとかこの状況を…！),（集中精神……想辦法從這情況裡……！）,(I need to do something! I have to!),(몸에 힘을 넣어서!… 어떻게든 이 상황을…!)
,,,,,,
Erena.Core2-23,,その時どこからともなく声が聞こえる,その時どこからともなく声が聞こえる,就在這時，某個聲音從遠處傳來。,She then heard a voice.,그때 어디선가 목소리가 들린다
,,,,,,
Erena.Core2-24,研究員,「おーおー、しっかりできてるじゃねえか！実験は成功だな！」,「おーおー、しっかりできてるじゃねえか！実験は成功だな！」,「喔喔，做得不錯嘛！實驗成功了！」,"""Wow, not bad! The experiment went well!""","「오-오-, 제대로 되어 있잖아! 실험은 성공이군!」"
,,,,,,
Erena.Core2-25,,「あれだけ強かった聖核戦姫が今やこれだからな…いいざまだ」,「あれだけ強かった聖核戦姫が今やこれだからな…いいざまだ」,「那麼強的一個聖核戰姫，現在卻變成這樣……真是狼狽啊。」,"""From a powerful Holy Core Battlemaiden to this... Nicely done.""",「저렇게 강했던 성핵전희가 이제 이 모양이라니… 꼴 좋다」
,,,,,,
Erena.Core2-26,エレナ,(誰かいる…！？実験が成功っ？一体どういう事ですかっ？),(誰かいる…！？実験が成功っ？一体どういう事ですかっ？),（有人！？實驗成功……？到底是怎麼回事！？）,(Who's there? An experiment went well? What happened?),(누군가 있어…!? 실험이 성공? 대체 무슨 일입니까?)
,,,,,,
Erena.Core2-27,暗転,そしてトングのようなアームが現れ、エレナを掴んで回収していく,そしてトングのようなアームが現れ、エレナを掴んで回収していく,接著，像是夾鉗的機械臂伸了過來，把艾蓮娜夾起並回收。,A pair of tong-like arms appeared and picked up Elena.,"그리고 집게 같은 암이 나타나, 엘레나를 잡아서 회수해 간다"
,Erena core 2-6,,,,,
Erena.Core2-28,研究員,「よし、大体回収し終わったな」,「よし、大体回収し終わったな」,「好，差不多都回收完了。」,"""Retrieval is done.""","「좋아, 대충 회수 끝났군」"
,,,,,,
Erena.Core2-29,エレナ,(今度は狭い場所にっ…？体が動かせない…っ？！),(今度は狭い場所にっ…？体が動かせない…っ？！),（又被關到狹窄的地方……！？身體動不了了……？！）,(A narrow place this time? I can't move my body...),(이번엔 좁은 곳에…? 몸을 움직일 수 없어…?!)
,,,,,,
Erena.Core2-30,研究員,「意識はあるようだから一応教えてやる」,「意識はあるようだから一応教えてやる」,「妳似乎還有意識，那我就順便告訴妳吧。」,"""You might have retained your consciousness, so I'm going to tell you what happened.""",「의식은 있는 것 같으니 일단 알려주지」
,,,,,,
Erena.Core2-31,,「こいつは手当たり次第に何でも食って溶かすんだが…どうも聖核戦姫の聖核は消化できねえらしくてな」,「こいつは手当たり次第に何でも食って溶かすんだが…どうも聖核戦姫の聖核は消化できねえらしくてな」,「這傢伙原本是什麼都吃、什麼都能融化的怪物……但它似乎沒辦法消化聖核戰姫的聖核。」,"""This fiend digests everything it eats, but apparently not the Holy Core of you Holy Core Battlemaidens.""",「이 녀석은 닥치는 대로 뭐든 먹고 녹이지만… 아무래도 성핵전희의 성핵은 소화하지 못하는 것 같아서 말이야」
,,,,,,
Erena.Core2-32,,「それでお前の聖核を抽出するのにこの怪人を使ったんだが…上手くいったようだな」,「それでお前の聖核を抽出するのにこの怪人を使ったんだが…上手くいったようだな」,「所以我們就利用這怪人來抽取妳的聖核，結果挺順利的嘛。」,"""And so we tried to extract the Holy Core with the fiend... And it was a success!""",「그래서 네 성핵을 추출하는데 이 괴인을 사용했는데… 잘 된 것 같군」
,,,,,,
Erena.Core2-33,エレナ,(…誰だか知りませんがっ！、ふざけないでくださいっ！私の体をっ！),(…誰だか知りませんがっ！、ふざけないでくださいっ！私の体をっ！),（……不管你是誰，別開玩笑了っ！怎麼可以拿我的身體來……！）,"(I don't know who that is, but that's nonsense! My body!)","(…누군지 모르겠지만!, 웃기지 마세요! 제 몸을!)"
,,,,,,
Erena.Core2-34,研究員,「体なんかいくらでもクローン技術で増やせるからな。必要になった時は聖核は元の体に戻してやるさ」,「体なんかいくらでもクローン技術で増やせるからな。必要になった時は聖核は元の体に戻してやるさ」,「你的身體，用複製技術想增加多少就能增加多少。如果需要的時候我們就會把聖核放回妳原本的身體裡。」,"""We can always clone your body, so we'll return the Holy Core to a body if it ever becomes necessary.""",「몸 따위 얼마든지 클론 기술로 늘릴 수 있으니까. 필요해지면 성핵은 원래 몸으로 돌려주지」
,Erena core 2-7,,,,,
Erena.Core2-35,エレナ,(そんな私の魂を弄ぶようなことをっ！ぐうっ、こんな卑劣な事っ、絶対許さないっ！),(そんな私の魂を弄ぶようなことをっ！ぐうっ、こんな卑劣な事っ、絶対許さないっ！),(竟然做出這種玩弄我靈魂的事！可惡、這種卑劣的行為、我絕不原諒！),(How dare you play with my soul like this?!),"(그런 내 영혼을 가지고 노는 짓을! 크윽, 이런 비열한 짓, 절대 용서하지 않아!)"
,,,,,,
Erena.Core2-36,,エレナはゲル状の体に力を入れ、容器から脱出しようとする,エレナはゲル状の体に力を入れ、容器から脱出しようとする,艾蓮娜使出力量，想讓膠狀的身體從容器裡脫出。,Elena tried to flex her muscles and exit the container.,"엘레나는 겔 상태의 몸에 힘을 주어, 용기에서 탈출하려 한다"
,,,,,,
Erena.Core2-37,研究員,「あ？何やってんだ？」,「あ？何やってんだ？」,「啊？妳在幹什麼？」,"""What are you doing?""",「아? 뭐하는 거야?」
,Erena core 2-8,,,,,
Erena.Core2-38,,ふたが閉じ、エレナは容器内に完全に収容される,ふたが閉じ、エレナは容器内に完全に収容される,蓋子關上，艾蓮娜被完全收納在容器內。,The lid was closed and Elena was shut inside the container.,"뚜껑이 닫히고, 엘레나는 용기 내에 완전히 수용된다"
,,,,,,
Erena.Core2-39,エレナ,(あっ、そ…そんなっ！),(あっ、そ…そんなっ！),(啊、怎…怎麼這樣！),(N-No...),"(앗, 그… 그런!)"
,,,,,,
Erena.Core2-40,研究員,「まったくこんなになっても逃げようとしやがって…しぶとさは流石の聖核戦姫だな」,「まったくこんなになっても逃げようとしやがって…しぶとさは流石の聖核戦姫だな」,「真是的，都變成這樣了還想逃……不愧是聖核戰姬，生命力真頑強啊。」,"""Trying to escape even like this, huh? I guess you're a Holy Core Battlemaiden after all.""",「정말 이렇게 되어도 도망치려 하다니… 끈질긴 건 역시 성핵전희답네」
,,,,,,
Erena.Core2-41,,「まあ心配するな。お前らの聖核にはたくさん使い道があるからな」,「まあ心配するな。お前らの聖核にはたくさん使い道があるからな」,「別擔心啦。妳們的聖核，可是有很多用途的喔。」,"""Anyway, don't worry. We have plenty of uses for your Holy Core.""",「뭐 걱정하지 마라. 너희들의 성핵에는 많은 용도가 있으니까」
,,,,,,
Erena.Core2-42,,「これからお前は加工されていろんな所で役に立てるんだ、悪い事じゃねえだろ？」,「これからお前は加工されていろんな所で役に立てるんだ、悪い事じゃねえだろ？」,「接下來妳會被重新加工，之後在各個地方都能派上用場。這可不算壞事吧？」,"""You're going to get processed and become useful for us! Not bad, right?""","「이제부터 너는 가공되어 여러 곳에서 도움이 될 수 있는 거야, 나쁜 일은 아니잖아?」"
,,,,,,
Erena.Core2-43,エレナ,(加工って…！？私は聖核戦姫ですッ！そんなことのための存在じゃないっ！),(加工って…！？私は聖核戦姫ですッ！そんなことのための存在じゃないっ！),(加工……！？我是聖核戰姫！我不是為了這種目的而存在的！),(Processed? I'm a Holy Core Battlemaiden! I'm not here to be useful to you!),(가공이라고…!? 저는 성핵전희입니다! 그런 것을 위한 존재가 아니야!)
,,,,,,
Erena.Core2-44,研究員,「ははっ！容器がカタカタ揺れてやがる！そんなに嬉しかったか？」,「ははっ！容器がカタカタ揺れてやがる！そんなに嬉しかったか？」,「哈哈！容器在喀塔喀塔地晃！有這麼高興嗎？」,"""Ha, the container is shaking. Is she happy or something?""",「하핫! 용기가 딸깍딸깍 흔들리고 있네! 그렇게 기뻤나?」
,,,,,,
Erena.Core2-45,エレナ,(冗談じゃありませんっ！私はっ！私はっ―――――！),(冗談じゃありませんっ！私はっ！私はっ―――――！),(才不是開玩笑！我！我―――――！),(I'm not kidding! I... I am...),(농담이 아닙니다! 저는! 저는―――――!)
,,,,,,
Erena.Core2-46,,―――――その後、エレナはオナホに加工され、戦闘員達の娯楽として利用されるのだった,―――――その後、エレナはオナホに加工され、戦闘員達の娯楽として利用されるのだった,―――――之後，艾蓮娜被加工成自慰器具，成為戰鬥員們的娛樂用品。,Elena's Holy Core was made into a sex sleeve for the soldiers...,"―――――그 후, 엘레나는 오나홀로 가공되어, 전투원들의 오락거리로서 이용되는 것이었다"