Key,Comment,Japanese,Japanese_Steam,English,Traditional Chinese_Steam,Traditional Chinese,Simplified Chinese,English_Steam,Korean_Steam,Simplified Chinese_Steam
Hisui Fallen Scene,注釈,闇堕ちシーン,闇堕ちシーン,闇堕ちシーン,闇堕ちシーン,闇堕ちシーン,闇堕ちシーン,,타락화 이벤트,暗堕ちシーン
,,,,,,,,,,
Hisui.Fallen1-1,ヒスイ,「………………。」,「………………。」,,「………………。」,「………………。」,,"""...""",「……………….」,「………………。」
,,,,,,,,,,
Hisui.Fallen1-2,,「…………………………。」,「…………………………。」,,「…………………………。」,「………………。」,,"""...""",「………………………….」,「…………………………。」
,,,,,,,,,,
Hisui.Fallen1-3,,京の反逆の後、ヒスイはパワードスーツから抜け出し街中の小さなホテルに隠れていた。,京の反逆の後、ヒスイはパワードスーツから抜け出し街中の小さなホテルに隠れていた。,,京的背叛事件結束後，翡翠從動力裝甲中逃脫，躲在街上的小旅館裡。,反叛行動後，翡翠從動力裝甲中逃脫，躲藏在城市中一家小旅館裡。,,"After Kei's betrayal, Hisui escaped from her powered suit and hid in a small hotel in the city.","케이의 반역 후, 히스이는 파워드 슈트에서 빠져나와 거리의 작은 호텔에 숨어 있었다.",京的背叛事件结束后，翡翠从动力装甲中逃脱，躲在街上的小旅馆里。
,,,,,,,,,,
Hisui.Fallen1-4,ヒスイ(私服),「…………っ、ダイヤさん……私……。」,「…………っ、ダイヤさん……私……。」,,「…………黛雅小姐……我……。」,「…………、黛雅……我……。」,,"""Daiya... I...""","「…………윽, 다이아 씨…… 저…….」",「…………黛雅小姐……我……。」
,,,,,,,,,,
Hisui.Fallen1-5,,「………最初から踊らされていて…いったい何のために…。」,「………最初から踊らされていて…いったい何のために…。」,,「………從一開始就被玩弄於股掌之間…到底是為了什麼…。」,「………從一開始就被操控著…到底為了什麼…。」,,"""I was being manipulated from the very beginning... What was it all for...""",「………처음부터 놀아나고 있었고… 대체 무엇을 위해….」,「………从一开始就被玩弄于股掌之间…到底是为了什么…。」
,,,,,,,,,,
Hisui.Fallen1-6,,「………うっ……♥」,「………うっ……♥」,,「………嗚……♥」,「………嗯……♥」,,"""Ugh...♥""",「………으윽……♥」,「………呜……♥」
,,,,,,,,,,
Hisui.Fallen1-7,,「こんな時なのに…財団に潜入してから体の疼きが止まらない……っ♥」,「こんな時なのに…財団に潜入してから体の疼きが止まらない……っ♥」,,「明明是這種時候了…自從潛入財團之後身體的悸動就停不下來……♥」,「這種時候…偏偏在潛入財團後身體的疼痛不停止……♥」,,"""Even at a time like this... Ever since infiltrating the Foundation, my body won't stop aching...♥""",「이럴 때인데… 재단에 잠입하고 나서 몸의 가려움이 멈추지 않아……윽♥」,「明明是这种时候了…自从潜入财团之后身体的悸动就停不下来……♥」
,,,,,,,,,,
Hisui.Fallen1-8,,ヒスイの手は無意識のうちに秘所へと伸び、戦闘員の時のように快楽を求めてしまう。,ヒスイの手は無意識のうちに秘所へと伸び、戦闘員の時のように快楽を求めてしまう。,,翡翠的手無意識地伸向秘處，像戰鬥員時一樣追求快樂。,翡翠的手不自覺地伸向秘處，像是在尋求戰鬥時的快感一般。,,"Hisui's hand unconsciously reached toward her private parts, seeking pleasure just like when she was a soldier.","히스이의 손은 무의식 중에 은밀한 곳으로 뻗어, 전투원 때처럼 쾌락을 구하고 만다.",翡翠的手无意识地伸向秘处，像战斗员时一样追求快乐。
,,,,,,,,,,
Hisui.Fallen1-9,,クチュ…クチュッ………,クチュ…クチュッ………,,咕啾…咕啾………,啾啾……啾啾……,,Squelch... squelch...,쿠츗… 쿠츗………,咕啾…咕啾………
,,,,,,,,,,
Hisui.Fallen1-10,,「はあっ♥……ダイヤさんは今頃酷い事をされてるのに……♥」,「はあっ♥……ダイヤさんは今頃酷い事をされてるのに……♥」,,「哈啊♥……黛雅小姐現在大概正遭受可怕的事……♥」,「呼…♥……黛雅現在應該正在受著痛苦……♥」,,"""Haah♥... While terrible things are being done to Daiya right now...♥""",「하앗♥…… 다이아 씨는 지금쯤 끔찍한 일을 당하고 있을 텐데……♥」,「哈啊♥……黛雅小姐现在大概正遭受可怕的事……♥」
,,,,,,,,,,
Hisui.Fallen1-11,,「私のせいで…♥、私が無能だったから…♥」,「私のせいで…♥、私が無能だったから…♥」,,「因為我的關係…♥，因為我無能…♥」,「都怪我…♥，是因為我太無能了…♥」,,"""It's my fault...♥ Because I was incompetent...♥""","「제 탓으로…♥, 제가 무능했기 때문에…♥」",「因为我的关系…♥，因为我无能…♥」
,,,,,,,,,,
Hisui.Fallen1-12,,「はあっ♥、はあっ♥、なんでっ…全然気持ちよく無い…イケないっ…♥」,「はあっ♥、はあっ♥、なんでっ…全然気持ちよく無い…イケないっ…♥」,,「哈啊♥、哈啊♥，為什麼…完全不舒服…高潮不了…♥」,「呼…♥，呼…♥，為什麼…一點也不舒服…不對…♥」,,"""Haah♥ haah♥ Why... It doesn't feel good at all... I can't come...♥""","「하앗♥, 하앗♥, 왜… 전혀 기분 좋지 않아… 갈 수 없어…♥」",「哈啊♥、哈啊♥，为什么…完全不舒服…高潮不了…♥」
,,,,,,,,,,
Hisui.Fallen1-13,,「ううっ……これも財団に開発されたせい……っ♥、許せませんっ♥」,「ううっ……これも財団に開発されたせい……っ♥、許せませんっ♥」,,「嗚嗚……這也是因爲被財團開發的關係……♥，絕對不能原諒♥」,「嗚嗚……這也是財團開發的結果……♥，絕對不能原諒！」,,"""Uugh... This is also because the Foundation trianed me...ngh♥ I can't forgive them♥""","「으윽…… 이것도 재단에 개발된 탓……윽♥, 용서할 수 없습니다♥」",「呜呜……这也是因为被财团开发的关系……♥，绝对不能原谅♥」
,,,,,,,,,,
Hisui.Fallen1-14,,その時、ヒスイの電子デバイスからアラームが鳴る。,その時、ヒスイの電子デバイスからアラームが鳴る。,,那時，翡翠的電子裝置響起警報。,這時，翡翠的電子裝置發出警報聲。,,"At that moment, an alarm sounded from Hisui's electronic device.","그때, 히스이의 전자 기기에서 알람이 울린다.",那时，翡翠的电子装置响起警报。
,,,,,,,,,,
Hisui.Fallen1-15,,『フォーレン財団の戦闘員が〇〇町へ出現！危険ですので市民の皆さんは避難してください！』,『フォーレン財団の戦闘員が〇〇町へ出現！危険ですので市民の皆さんは避難してください！』,,「墮落財團的戰鬥員出現在〇〇町！由於很危險請市民們儘快避難！」,『福倫財團的戰鬥員出現在〇〇町！由於危險，請市民們盡快疏散！』,,"""Forren Foundation soldiers have appeared in XX! Citizens, please evacuate as it is dangerous!""",『폴른 재단의 전투원이 〇〇마을에 출현! 위험하니 시민 여러분은 피난해주십시오!』,「堕落财团的战斗员出现在〇〇町！由于很危险请市民们尽快避难！」
,,,,,,,,,,
Hisui.Fallen1-16,ヒスイ,「……戦闘員！？しかも〇〇町って…この辺じゃないですか……」,「……戦闘員！？しかも〇〇町って…この辺じゃないですか……」,,「……戰鬥員！？而且〇〇町…不是這附近嗎……」,「……戰鬥員！？而且還在〇〇町……這附近吧……」,,"""...Soldiers? In XX? Isn't that around here...""",「……전투원!? 게다가 〇〇마을이라니… 이 근처잖아요……」,「……战斗员！？而且〇〇町…不是这附近吗……」
,,,,,,,,,,
Hisui.Fallen1-17,,「……放っておいたらまた罪の無い女の人達が戦闘員にされてしまいますね……、」,「……放っておいたらまた罪の無い女の人達が戦闘員にされてしまいますね……、」,,「……放著不管的話，又會有無辜的女性被變成戰鬥員的……」,「……如果不管的話，又會有無辜的女性被變成戰鬥員呢……」,,"""If I leave them alone, more innocent women will be turned into soldiers...""","「……내버려두면 또 죄 없는 여자들이 전투원이 되어버리겠네요……,」",「……放着不管的话，又会有无辜的女性被变成战斗员的……，」
,,,,,,,,,,
Hisui.Fallen1-18,,「……でも今更私なんかが戦っても………」,「……でも今更私なんかが戦っても………」,,「……但現在的我就算去戰鬥也………」,「……但是現在的我要是參戰的話……」,,"""But even if I fight now...""",「……하지만 이제 와서 제가 싸워봤자………」,「……但现在的我就算去战斗也………」
,,,,,,,,,,
Hisui.Fallen1-19,,「っ、いえ…！私は最後の聖核戦姫です…普通の戦闘員ぐらいなんてことありません…！！」,「っ、いえ…！私は最後の聖核戦姫です…普通の戦闘員ぐらいなんてことありません…！！」,,「不對…！我是最後的聖核戰姬…普通的戰鬥員根本不算什麼…！！」,「啊、不……！我是最後的聖核戰姬……不可能變成普通的戰鬥員！！」,,"""No...! I am the last Holy Core Battlemaiden... Regular soldiers are nothing to me...!!""","「윽, 아니…! 저는 마지막 성핵전희입니다… 평범한 전투원 정도는 아무것도 아닙니다…!!」",「不对…！我是最后的圣核战姬…普通的战斗员根本不算什么…！！」
,,,,,,,,,,
Hisui.Fallen1-20,,「そう…戦闘員なんて……私が全員倒します……♥」,「そう…戦闘員なんて……私が全員倒します……♥」,,「對…戰鬥員什麼的……我會全部打倒……♥」,「是的…像戰鬥員這樣的……我會全部擊倒的……♥」,,"""That's right... Those soldiers... I'll defeat them all...♥""",「그래… 전투원 따위…… 제가 전부 쓰러뜨리겠습니다……♥」,「对…战斗员什么的……我会全部打倒……♥」
,,,,,,,,,,
,,,,,,,,,,
,,,,,,,,,,
Hisui.Fallen1-21,男戦闘員,「オラオラァ！女共を詰め込め！」,「オラオラァ！女共を詰め込め！」,,「喂喂！把女人們塞進去！」,「喔啦喔啦！把女共塞滿！」,,"""Come on! Pack those bitches in!""",「자자자! 여자들을 집어넣어!」,「喂喂！把女人们塞进去！」
,,,,,,,,,,
Hisui.Fallen1-22,,「ははっ、聖核戦姫がいなくなってからやりたい放題できて最高だな！」,「ははっ、聖核戦姫がいなくなってからやりたい放題できて最高だな！」,,「哈哈，聖核戰姬們消失之後就能為所欲為了，太爽了！」,「哈哈，自從聖核戰姬不在了，我們就可以隨心所欲，太棒了！」,,"""Haha, now that the Holy Core Battlemaidens are gone, we can do whatever we want! This is the best!""","「하핫, 성핵전희가 없어져서 마음대로 할 수 있어서 최고네!」",「哈哈，圣核战姬们消失之后就能为所欲为了，太爽了！」
,,,,,,,,,,
Hisui.Fallen1-23,ヒスイ(私服),「待ちなさいっ…！」,「待ちなさいっ…！」,,「等一下…！」,「等一下…！」,,"""Stop right there...!""",「기다리세요…!」,「等一下…！」
,,,,,,,,,,
Hisui.Fallen1-24,男戦闘員,「ああ？なんだぁ小娘？」,「ああ？なんだぁおまえ？」,,「啊？妳是誰啊？」,「啊？什麼？小娘？」,,"""Huh?! Who the hell are you?!""",「아아? 뭐야 너?」,「啊？你是谁啊？」
,,,,,,,,,,
Hisui.Fallen1-25,ヒスイ,(うっ…改めて見ると戦闘員ってこんなに筋肉質で大きかったんですね…),(うっ…改めて見ると戦闘員ってこんなに筋肉質で大きかったんですね…),,（嗚…重新審視之後，戰鬥員原來這麼肌肉發達又巨大啊…）,「唔…再次看到，戰鬥員原來這麼肌肉發達又高大啊…」,,"(Ugh... Looking at them again, the soldiers really are muscular and big...)",(윽… 다시 보니 전투원은 이렇게나 근육질에 컸었네요…),（呜…重新审视之后，战斗员原来这么肌肉发达又巨大啊…）
,,,,,,,,,,
Hisui.Fallen1-26,,(そ、それに……戦闘服の上からでもわかる……おおきな…おちん………),(そ、それに……戦闘服の上からでもわかる……おおきな…おちん………),,（而且……就算隔著戰鬥服也能看出……巨大的…陰莖………),(而、而且……就算穿著戰鬥服也能看得出來……那個大……肌肉……),,(A-and... even through their combat suits I can see... their big... c-co...),"(그, 게다가…… 전투복 위에서라도 알 수 있어…… 큰… 자지………)",（而且……就算隔着战斗服也能看出……巨大的…阴茎………)
,,,,,,,,,,
Hisui.Fallen1-27,,(な、何を考えてるんですか…！戦闘員は私の敵……倒さないとっ……),(な、何を考えてるんですか…！戦闘員は私の敵……倒さないとっ……),,（在、在想什麼啊…！戰鬥員是我的敵人……得打倒才行……）,(你、你在想什麼啊…！戰鬥員是我的敵人……必須打倒她……),,(W-what am I thinking...! They are my enemy... I have to defeat them...),"(뭐, 뭘 생각하는 겁니까…! 전투원은 제 적…… 쓰러뜨려야 해……)",（在、在想什么啊…！战斗员是我的敌人……得打倒才行……）
,,,,,,,,,,
Hisui.Fallen1-28,,「ふぉ、フォーレン財団の戦闘員…乱暴は許しません…！」,「ふぉ、フォーレン財団の戦闘員…乱暴は許しません…！」,,「墮落財團的戰鬥員…不准亂來…！」,「福倫財團的戰鬥員…不會容忍粗暴…！」,,"""F-Forren Foundation soldiers... I won't allow this violence...!""","「포, 폴른 재단의 전투원… 난폭한 짓은 용서하지 않아요…!」",「堕落财团的战斗员…不准乱来…！」
,,,,,,,,,,
Hisui.Fallen1-29,,「変身っ…聖核戦姫：コードヒスイ――――」,「変身っ…聖核戦姫：コードヒスイ――――」,,「變身…聖核戰姬：代號翡翠────」,「變身…聖核戰姬：代碼翡翠――――」,,"""Transform... Holy Core Battlemaiden: Code Hisui!""",「변신… 성핵전희: 코드 히스이――――」,「变身…圣核战姬：代号翡翠────」
,,,,,,,,,,
Hisui.Fallen1-30,男戦闘員,「ああ？何言ってやがる？メスガキが…お前も戦闘員になるんだよっ！！！」,「ああ？何言ってやがる？地味女が…お前も戦闘員になるんだよっ！！！」,,「啊？到底說什麼啊？土氣女…妳也要變成戰鬥員啦！！！」,「啊？你在說什麼？小娘們…你也會成為戰鬥員的！！！」,,"""Huh?! What are you babbling about?! You bitch... You're gonna become a soldier too!!!""",「아아? 무슨 소리야? 촌스러운 여자가… 너도 전투원이 되는 거야!!!」,「啊？到底说什么啊？土气女…你也要变成战斗员啦！！！」
,,,,,,,,,,
Hisui.Fallen1-31,ヒスイ,「あっ、はいっ！き、きいっ！！」,「あっ、はいっ！き、きいっ！！」,,「啊，是！是、是的！！」,「啊、好的！聽、聽！！」,,"""Ah, yes! K-kii!!""","「앗, 네엣! 키, 키잇!!」",「啊，是！是、是的！！」
,,,,,,,,,,
Hisui.Fallen1-32,,男戦闘員からの命令口調に、ヒスイは反射的に戦闘員の敬礼の声を出してしまう,男戦闘員からの命令口調に、ヒスイは反射的に戦闘員の敬礼の声を出してしまう,,面對男戰鬥員的命令口吻，翡翠反射性地發出戰鬥員的敬禮聲。,在男性戰鬥員的命令口吻下，翡翠反射性地發出了戰鬥員的敬禮聲音。,,"At the male soldier's commanding tone, Hisui reflexively let out the their salute.","남자 전투원으로부터의 명령조에, 히스이는 반사적으로 전투원의 경례 목소리를 내버린다",面对男战斗员的命令口吻，翡翠反射性地发出战斗员的敬礼声。
,,,,,,,,,,
Hisui.Fallen1-33,,「えっ、わ、私何を言って…早く変身しないとっ……！」,「えっ、わ、私何を言って…早く変身しないとっ……！」,,「欸，我、我說了什麼…得快點變身才行……！」,「啊、我、我在說什麼… 快點變身不行……！」,,"""Eh, w-what did I just say... I need to transform quickly...!""","「엣, 나, 나 뭘 말하고… 빨리 변신해야 해……!」",「欸，我、我说了什么…得快点变身才行……！」
,,,,,,,,,,
Hisui.Fallen1-34,男戦闘員,「なんだぁ…こいつ？まあいい…オラッ！大人しくしやがれ！」,「なんだぁ…こいつ？まあいい…オラッ！大人しくしやがれ！」,,「到底怎麽一回事啊…這傢伙？算了…喂！給我老實點！」,「這傢伙是誰？算了…喂！老老實寡言點！」,,"""What the hell... is with her?! Whatever... Hey! Stay still!""",「뭐야… 이 녀석? 뭐 좋아… 자! 얌전히 있어!」,「到底怎么一回事啊…这家伙？算了…喂！给我老实点！」
,,,,,,,,,,
Hisui.Fallen1-35,ヒスイ,「あっ…ちょっと待ってください――――！」ドカッ！,「あっ…ちょっと待ってください――――！」ドカッ！,,「啊…等一下────！」咚！,「啊…請等一下——！」砰！,,"""Ah... wait a moment...!"" Thud!",「앗… 잠깐 기다려주세요――――!」 두칵!,「啊…等一下────！」咚！
,,,,,,,,,,
Hisui.Fallen1-36,,ヒスイは戦闘員によって気絶させられ、トラックの中へと詰め込まれるのだった,ヒスイは戦闘員によって気絶させられ、トラックの中へと詰め込まれるのだった,,翡翠被戰鬥員打暈，就這樣被塞進卡車裡了。,翡翠被戰鬥員擊昏，然後被塞進卡車裡。,,Hisui was knocked unconscious by the soldier and stuffed into the truck.,히스이는 전투원에게 기절당한 뒤 트럭 안에 처넣어졌다,翡翠被战斗员打晕，就这样被塞进卡车里了。
,,,,,,,,,,
,暗転,,,,,,,,,
,Hisui story DLC 2-1,,,,,,,,,
Hisui.Fallen1-37,ヒスイ,(………ううっ…ここは……？),(………ううっ…ここは……？),,（………嗚嗚…這裡是……？）,(………唔唔…這裡是……？),,(Ugh... Where is this...?!),(………으윽… 여기는……?),（………呜呜…这里是……？）
,,,,,,,,,,
Hisui.Fallen1-38,,(…！戦闘員化施設……！？),(…！戦闘員化施設……！？),,（…！戰鬥員化設施……！？）,(…！戰鬥員化設施……！？),,(The soldier conversion facility...?!),(…! 전투원화 시설……!?),（…！战斗员化设施……！？）
,,,,,,,,,,
Hisui.Fallen1-39,,(ま、まずいです…体が動かせない…早く変身…聖核戦姫に……),(ま、まずいです…体が動かせない…早く変身…聖核戦姫に……),,（不、不妙…身體動不了…得快點變身…聖核戰姬……）,(糟糕了…身體動彈不得…快點變身…成為聖核戰姬……),,(T-this is bad... I can't move my body... I need to transform quickly... into a Holy Core Battlemaiden...),"(위, 위험해요… 몸을 움직일 수 없어… 빨리 변신… 성핵전희로……)",（不、不妙…身体动不了…得快点变身…圣核战姬……）
,,,,,,,,,,
Hisui.Fallen1-40,,【対象の意識の覚醒を確認。只今より戦闘員化プログラムを開始します。】,【対象の意識の覚醒を確認。只今より戦闘員化プログラムを開始します。】,,【確認對象意識已甦醒。現在開始啟動戰鬥員化程式。】,【確認目標意識覺醒。現在開始戰鬥員化程序。】,,[Subject's consciousness awakening confirmed. Beginning soldier conversion program now.],【대상 의식 각성 확인. 지금부터 전투원화 프로그램 개시합니다.】,【确认对象意识已苏醒。现在开始启动战斗员化程序。】
,,,,,,,,,,
Hisui.Fallen1-41,ヒスイ,(戦闘員化プログラム……！…！？),(戦闘員化プログラム……！…！？),,（戰鬥員化程式……！…！？）,(戰鬥員化程序……！…！？),,(Soldier conversion program...! ...?!),(전투원화 프로그램……!…!?),（战斗员化程序……！…！？）
,,,,,,,,,,
Hisui.Fallen1-42,ヒスイ,(だ、駄目です…このままでは……また戦闘員に……♥),(だ、駄目です…このままでは……また戦闘員に……♥),,（不、不行…這樣下去……又要變成戰鬥員了……♥）,(不、不行…這樣下去的話……又要變成戰鬥員了……♥),,(N-no... at this rate... I'll become a soldier again...♥),"(아, 안 돼요… 이대로는…… 또 전투원으로……♥)",（不、不行…这样下去……又要变成战斗员了……♥）
,,,,,,,,,,
Hisui.Fallen1-43,,(また……あの戦闘員としての……最悪な毎日が……♥),(また……あの戦闘員としての……最悪な毎日が……♥),,（又……作爲戰鬥員的……最糟糕的日子……♥）,(又……那種作為戰鬥員的……最糟糕的每一天……♥),,(Again... those terrible days as a soldier...♥),(또…… 저 전투원으로서의…… 최악의 매일이……♥),（又……作为战斗员的……最糟糕的日子……♥）
,,,,,,,,,,
Hisui.Fallen1-44,,(……いえ、よく考えたら逆にチャンスでは……もう一回侵入できたのですし),(……いえ、よく考えたら逆にチャンスでは……もう一回侵入できたのですし),,（……不過，仔細想想反而是機會……這樣的話又能侵入了）,(……不，仔細一想，這反而是個機會……既然已經成功再次入侵了),,"(...No, thinking about it, this might actually be a chance... I've managed to infiltrate again...)","(……아니요, 잘 생각해보니 오히려 기회일지도…… 한 번 더 잠입할 수 있었으니까요)",（……不过，仔细想想反而是机会……这样的话又能侵入了）
,,,,,,,,,,
Hisui.Fallen1-45,,(そう……今度こそ戦闘員として完璧に振舞えば…内部から財団を倒せます……っ！),(そう……今度こそ戦闘員として完璧に振舞えば…内部から財団を倒せます……っ！),,（對……這次只要完美地裝成戰鬥員…就能從內部打倒財團……！）,(是的……這次只要完美地表現成為戰鬥員……就能從內部擊敗財團……！),,(That's right... if I act perfectly as a soldier this time... I can destroy the Foundation from within...!),(그래…… 이번에야말로 전투원으로서 완벽하게 행동하면… 내부에서 재단을 쓰러뜨릴 수 있습니다……!),（对……这次只要完美地装成战斗员…就能从内部打倒财团……！）
,,,,,,,,,,
Hisui.Fallen1-46,Hisui DLC 2-2,バチバチバチッ！！,バチバチバチッ！！,,啪滋啪滋啪滋！！,嘭嘭嘭！！,,Zap zap zap!!,바치바치바칫!!,啪滋啪滋啪滋！！
,,,,,,,,,,
Hisui.Fallen1-47,ヒスイ,「お゛っ♥ほお゛っ！？」,「お゛っ♥ほお゛っ！？」,,「喔♥吼！？」,「喔♥嗚喔！？」,,"""Oghhh♥ hohhh?!""",「오옷 옷♥ 호오옷 옷!?」,「喔♥吼！？」
,,,,,,,,,,
Hisui.Fallen1-48,ヒスイ,(うっ、うそっ…♥、こんなはずっ…！？),(うっ、うそっ…♥、こんなはずっ…！？),,（嗚，騙人…♥，怎麼會…！？）,(嗚、不可能…♥、怎麼會這樣…！？),,(N-no way...♥ this can't be...?!),"(윽, 거짓말…♥, 이럴 리가…!?)",（呜，骗人…♥，怎么会…！？）
,,,,,,,,,,
Hisui.Fallen1-49,,(洗脳…前にやられた時よりっ……強力になってる……？),(教育…前にやられた時よりっ……強力になってる……？),,（教育…比之前被做時……更強力了……？）,(洗腦…比之前被攻擊時更加……強大了……？),,(The re-educating... it's more powerful than last time...?!),(세뇌… 전에 당했을 때보다…… 강력해졌어……?),（教育…比之前被做时……更强力了……？）
,,,,,,,,,,
Hisui.Fallen1-50,,【戦闘員化プログラム中の不要な思考は禁止されます。】,【戦闘員化プログラム中の不要な思考は禁止されます。】,,【戰鬥員化程序中禁止不必要的思考。】,【在戰鬥員化程序中，禁止不必要的思考。】,,[Unnecessary thoughts during soldier conversion program are prohibited.],【전투원화 프로그램 중 불필요한 사고는 금지됩니다.】,【战斗员化程序中禁止不必要的思考。】
,,,,,,,,,,
Hisui.Fallen1-51,ヒスイ,「き、きぃっ！」,「き、きぃっ！」,,「嘰、嘰！」,「啊、啊！」,,"""K-kii!""","「키, 키잇!」",「吱、吱！」
,,,,,,,,,,
Hisui.Fallen1-52,,【対象者の身体能力のオーバースペックを確認。これより平均化作業へ移行します。】,【対象者の身体能力のオーバースペックを確認。これより平均化作業へ移行します。】,,【確認目標身體能力過高。現在轉移至平均化作業。】,【確認目標對象的身體能力過剩。接下來將進行平均化作業。】,,[Subject's physical abilities confirmed to be above specifications. Proceeding to standardization process.],【대상자 신체 능력 오버 스펙 확인. 지금부터 평균화 작업으로 이행합니다.】,【确认目标身体能力过高。现在转移至平均化作业。】
,,,,,,,,,,
Hisui.Fallen1-53,,(ま、まずいです…このままだと本当に洗脳されて――――――――),(ま、まずいです…このままだと本当に教育されて――――――――),,（不、不妙…這樣下去真的會被教育───────）,(糟糕了…如果這樣下去真的會被洗腦――――――――),,(T-this is bad... at this rate I'll really be re-educated...),"(위, 위험해요… 이대로라면 정말 세뇌당해서――――――――)",（不、不妙…这样下去真的会被教育───────）
,,,,,,,,,,
Hisui.Fallen1-54,,バチッ！バチバチバチッ！！,バチッ！バチバチバチッ！！,,啪滋！啪滋啪滋啪滋！！,嘭！嘭嘭嘭嘭！！,,"Zap! Bzzzt, bzzzt, bzzzt!",바칫! 바치바치바칫!!,啪滋！啪滋啪滋啪滋！！
,,,,,,,,,,
Hisui.Fallen1-55,ヒスイ,「お゛お゛っ♥！？、お゛お゛っ♥！？」,「お゛お゛っ♥！？、お゛お゛っ♥！？」,,「嗚♥！嗚啊♥！！？」,「喔喔♥！？喔喔♥！」,,"""Oghhoghhh♥?! Oghhoghhh♥?!""","「오옷 오옷 옷♥!?, 오옷 오옷 옷♥!?」",「呜♥！、呜啊♥！！？」
,,,,,,,,,,
Hisui.Fallen1-56,,【身体能力の低下作業を進行中。戦闘員標準まで残り80%】,【身体能力の低下作業を進行中。戦闘員標準まで残り80%】,,【身體能力降低作業進行中。距離戰鬥員標準剩餘80%】,【正在進行身體能力下降作業。距離戰鬥員標準還剩80%】,,[Physical ability reduction in progress. 80% remaining until soldier standard.],【신체 능력 저하 작업 진행 중. 전투원 표준까지 남은 80%】,【身体能力降低作业进行中。距离战斗员标准剩馀80%】
,,,,,,,,,,
Hisui.Fallen1-57,,(まっ、まずいですっ！これっ…抵抗して…早く変身しないと…戻れなくなって――――),(まっ、まずいですっ！これっ…抵抗して…早く変身しないと…戻れなくなって――――),,（不、不妙！這…得抵抗…快點變身不然…回不去了────）,(糟、糟糕了！這個...要抵抗...快點變身，不然...就回不去了―――),,(T-this is really bad! I need to... resist... transform quickly or I won't be able to return...),"(위, 위험해요! 이거… 저항해서… 빨리 변신하지 않으면… 돌아갈 수 없게 돼서――――)",（不、不妙！这…得抵抗…快点变身不然…回不去了────）
,,,,,,,,,,
Hisui.Fallen1-58,,バチッ！バチバチバチッ！！,バチッ！バチバチバチッ！！,,啪滋！啪滋啪滋啪滋！！,嘭！嘭嘭嘭嘭！！,,"Zap! Bzzzt, bzzzt, bzzzt!",바칫! 바치바치바칫!!,啪滋！啪滋啪滋啪滋！！
,,,,,,,,,,
Hisui.Fallen1-59,ヒスイ,「お゛お゛っ♥！？」,「お゛お゛っ♥！？」,,「啊♥！？」,「喔喔♥！？」,,"""Oghhoghhh♥?!""",「오옷 오옷 옷♥!?」,「啊♥！？」
,,,,,,,,,,
Hisui.Fallen1-60,,【身体能力の低下作業を進行中。戦闘員標準まで残り70%】,【身体能力の低下作業を進行中。戦闘員標準まで残り70%】,,【身體能力降低作業進行中。距離戰鬥員標準剩餘70%】,【正在進行身體能力下降作業。距離戰鬥員標準還剩70%】,,[Physical ability reduction in progress. 70% remaining until soldier standard.],【신체 능력 저하 작업 진행 중. 전투원 표준까지 남은 70%】,【身体能力降低作业进行中。距离战斗员标准剩馀70%】
,,,,,,,,,,
Hisui.Fallen1-61,,(まっ、待ってくださいっ…！！),(まっ、待ってくださいっ…！！),,（等、等一下…！！）,(等、等一下...！！),,"(W-wait, please...!!)","(자, 잠깐만요!!)",（等、等一下…！！）
,,,,,,,,,,
Hisui.Fallen1-62,,バチッ！バチバチバチッ！！,バチッ！バチバチバチッ！！,,啪滋！啪滋啪滋啪滋！！,嘭！嘭嘭嘭嘭！！,,"Zap! Bzzzt, bzzzt, bzzzt!",바칫! 바치바치바칫!!,啪滋！啪滋啪滋啪滋！！
,,,,,,,,,,
Hisui.Fallen1-63,,「ひぐうっ！？」,「ひぐうっ！？」,,「嗚咕！」,「嗚咕！」,,"""Higuuh?!""",「히극우웃!?」,「呜咕！」
,,,,,,,,,,
,暗転,,,,,,,,,
,,,,,,,,,,
Hisui.Fallen1-64,,【身体能力の低下作業を進行中。戦闘員標準まで残り0%。これにて身体能力低下作業を終了します。】,【身体能力の低下作業を進行中。戦闘員標準まで残り0%。これにて身体能力低下作業を終了します。】,,【身體能力降低作業進行中。距離戰鬥員標準剩餘0%。以此結束身體能力降低作業。】,【正在進行身體能力下降作業。距離戰鬥員標準還剩0%。這樣身體能力下降作業就結束了。】,,[Physical ability reduction in progress. 0% remaining to soldier standard. Physical ability reduction complete.],【신체 능력 저하 작업 진행 중. 전투원 표준까지 남은 0%. 이것으로 신체 능력 저하 작업을 종료합니다.】,【身体能力降低作业进行中。距离战斗员标准剩馀0%。以此结束身体能力降低作业。】
,,,,,,,,,,
Hisui.Fallen1-65,ヒスイ,(あっ♥、そ、そんなっ…！？),(あっ♥、そ、そんなっ…！？),,（啊♥，怎、怎麼這樣…！？）,(啊♥、那、那樣的...！？),,(Ah♥ n-no way...?!),"(앗♥, 그, 그런…!?)",（啊♥，怎、怎么这样…！？）
,,,,,,,,,,
Hisui.Fallen1-66,,(くっ、変身っ…コード：ヒスイッ！),(くっ、変身っ…コード：ヒスイッ！),,（咕，變身…代號：翡翠！）,(嗯、變身...代碼：翡翠！),,"(Kuh, transform... Code: Hisui!)","(크윽, 변신… 코드: 히스잇!)",（咕，变身…代号：翡翠！）
,,,,,,,,,,
Hisui.Fallen1-67,,(……っ！？変身できないっ…！？),(……っ！？変身できないっ…！？),,（……！？變身不了…！？）,(......！？無法變身...！？),,(...?! I can't transform...?!),(……윽!? 변신할 수 없어…!?),（……！？变身不了…！？）
,,,,,,,,,,
Hisui.Fallen1-68,,【以後対象者を“下級戦闘員K46号”と呼称します。以後自身の事はK46号と呼称するように。】,【以後対象者を『下級戦闘員K46号』と呼称します。以後自身の事はK46号と呼称するように。】,,【以後將目標稱為「下級戰鬥員K46號」。以後稱呼自己為K46號。】,【從現在起稱對象為“下級戰鬥員K46號”。從現在起自己也稱為K46號。】,,"[Subject will henceforth be designated as ""Junior soldier K46"". You will refer to yourself as K46.]",【이후 대상자를 “하급 전투원 K46호”로 호칭합니다. 이후 자신을 K46호로 호칭하도록.】,【以后将目标称为“下级战斗员K46号”。以后称呼自己为K46号。】
,,,,,,,,,,
Hisui.Fallen1-69,ヒスイ,(えっ、ま、待って…このままじゃ私…潜入どころか……本当に戦闘員になっちゃう…！？),(えっ、ま、待って…このままじゃ私…潜入どころか……本当に戦闘員になっちゃう…！？),,（欸，等、等一下…這樣下去我…別說潛入……真的會變成戰鬥員…！？）,(欸、等、等一下…這樣下去的話我…不只是潛入……真的會變成戰鬥員嗎…！？),,"(Eh, w-wait... at this rate I'll... The infiltration... I'm really becoming a soldier...?!)","(엣, 자, 잠깐… 이대로라면 나… 잠입은커녕…… 정말 전투원이 되어버려…!?)",（欸，等、等一下…这样下去我…别说潜入……真的会变成战斗员…！？）
,,,,,,,,,,
Hisui.Fallen1-70,,バチバチバチッ！！,バチバチバチッ！！,,啪滋啪滋啪滋！！,嘭嘭嘭！！,,Zap zap zap!!,바치바치바칫!!,啪滋啪滋啪滋！！
,,,,,,,,,,
Hisui.Fallen1-71,,「ひぎっ！？」,「ひぎっ！？」,,「嗚咕！？」,「嘿嘿！」,,"""Hggggii?!""",「히긱!?」,「呜咕！？」
,,,,,,,,,,
Hisui.Fallen1-72,,【K46号、下級戦闘員の返事は全て絶対の肯定を表す“キィーーーーーッ”です。それ以外の発声は許可なしでは禁止されます。】,【K46号、下級戦闘員の返事は全て絶対の肯定を表す『キィーーーーーッ』です。それ以外の発声は許可なしでは禁止されます。】,,【K46號，下級戰鬥員的回答一律使用表示絕對肯定的「嘰——！」其他發聲禁止】,【K46號，對於下級戰鬥員的回答必須以絕對肯定的“嘿———”表示。其他發聲未經允許則禁止。】,,"[K46, a junior soldier, can only reply with ""Kiiii"", which indicates absolute affirmation. You are not allowed to make other sounds.]","【K46호, 하급 전투원의 답변은 모두 절대 긍정을 나타내는 “키이ーーーーー잇”입니다. 그 외 발성은 허가 없이 금지됩니다.】",【K46号，下级战斗员的回答一律使用表示绝对肯定的「吱——！」其他发声禁止】
,,,,,,,,,,
Hisui.Fallen1-73,ヒスイ,「きぃ、きぃー！？」,「きぃ、きぃー！？」,,「嘰、嘰─！」,「嘿，嘿——！？」,,"""Kii, kiii?!""","「키이, 키이ー!?」",「吱、吱─！」
,,,,,,,,,,
Hisui.Fallen1-74,,(だっ、だめ…っ！聖核戦姫の力を失ったまま洗脳されたら…本当に戦闘員に……！？),(だっ、だめ…っ！聖核戦姫の力を失ったまま教育されたら…本当に戦闘員に……！？),,（不、不行…！在聖核戰姬的力量消失的狀態下被教育…真的會變成戰鬥員……！？）,(不、不行…！失去聖核戰姬的力量然後被洗腦…真的會變成戰鬥員嗎……！？),,(N-no...! If I'm re-educated without my Holy Core Battlemaiden powers... I'll really become a soldier...?!),"(아, 안 돼…! 성핵전희의 힘을 잃은 채 세뇌당하면… 정말 전투원이……!?)",（不、不行…！在圣核战姬的力量消失的状态下被教育…真的会变成战斗员……！？）
,,,,,,,,,,
Hisui.Fallen1-75,,(せ、戦闘員になんて…なりたくないっ…),(せ、戦闘員になんて…なりたくないっ…),,（戰、戰鬥員什麼的…不想變成那樣啊…）,(成為戰鬥員什麼的…我可不想…),,(I-I don't want to... become one...),"(저, 전투원 따위… 되고 싶지 않아…)",（战、战斗员什么的…不想变成那样啊…）
,,,,,,,,,,
Hisui.Fallen1-76,,(またあんな……無個性で…惨めでっ……♥),(またあんな……無個性で…惨めでっ……♥),,（又會變成那種……毫無個性…悲慘的……♥）,(又是那樣……毫無個性…可悲呢……♥),,(Again being so... bland... pathetic...♥),(또 저런…… 개성 없고… 비참하고……♥),（又会变成那种……毫无个性…悲惨的……♥）
,,,,,,,,,,
Hisui.Fallen1-77,,バチバチバチッ！！,バチバチバチッ！！,,啪滋啪滋啪滋！！,嘿嘿嘿——！！,,Zap zap zap!!,바치바치바칫!!,啪滋啪滋啪滋！！
,,,,,,,,,,
Hisui.Fallen1-78,ヒスイ,「きいっ！？」,「きいっ！？」,,「嘰！？」,「嘿——！？」,,"""Kii?!""",「키잇!?」,「吱！？」
,,,,,,,,,,
Hisui.Fallen1-79,,【K46号、下級戦闘員の返事は全て絶対の肯定を表す“キィーーーーーッ”です。それ以外の発声は許可なしでは禁止されます。】,【K46号、下級戦闘員の返事は全て絶対の肯定を表す『キィーーーーーッ』です。それ以外の発声は許可なしでは禁止されます。】,,【K46號，下級戰鬥員的回答一律使用表示絕對肯定的「嘰——！」其他發聲禁止】,【K46號，下級戰鬥員的回答皆以絕對肯定的“嘿——————！！”表示。其他發聲未經許可則禁止。】,,"[K46, a junior soldier, can only reply with ""Kiiii"", which indicates absolute affirmation. You are not allowed to make other sounds.]","【K46호, 하급 전투원의 답변은 모두 절대 긍정을 나타내는 “키이ーーーーー잇”입니다. 그 외 발성은 허가 없이 금지됩니다.】",【K46号，下级战斗员的回答一律使用表示绝对肯定的「吱——！」其他发声禁止】
,,,,,,,,,,
Hisui.Fallen1-80,ヒスイ,(ち、違うっ、私は聖核戦姫っ…！力を失っても…心はまだ…聖核戦姫……だからっ♥),(ち、違うっ、私は聖核戦姫っ…！力を失っても…心はまだ…聖核戦姫……だからっ♥),,（不、不對，我是聖核戰姬…！就算失去力量…心還是…聖核戰姬……所以♥）,(不、不對，我是聖核戰姬…！就算失去力量…我的心依然是…聖核戰姬……所以♥),,"(N-no, I'm a Holy Core Battlemaiden...! Even if I've lost my power... my heart is still... a Holy Core Battlemaiden... so♥)","(다, 달라, 나는 성핵전희…! 힘을 잃어도… 마음은 아직… 성핵전희……이니까♥)",（不、不对，我是圣核战姬…！就算失去力量…心还是…圣核战姬……所以♥）
,,,,,,,,,,
Hisui.Fallen1-81,,(K46号なんかじゃ…ないっ……♥),(K46号なんかじゃ…ないっ……♥),,（我不是什麽K46號…♥）,(K46號才不是那樣的……♥),,(I'm not... K46...♥),(K46호 따위가… 아니야……♥),（我不是什么K46号…♥）
,,,,,,,,,,
Hisui.Fallen1-82,,バチバチバチッ！！,バチバチバチッ！！,,啪滋啪滋啪滋！！,嘿嘿嘿——！！,,Zap zap zap!!,바치바치바칫!!,啪滋啪滋啪滋！！
,,,,,,,,,,
Hisui.Fallen1-83,,【K46号、下級戦闘員の返事は全て絶対の肯定を表す“キィーーーーーッ”です。それ以外の発声は許可なしでは禁止されます。】,【K46号、下級戦闘員の返事は全て絶対の肯定を表す『キィーーーーーッ』です。それ以外の発声は許可なしでは禁止されます。】,,【K46號，下級戰鬥員的回答一律使用表示絕對肯定的「嘰——！」其他發聲禁止】,【K46號，下級戰鬥員的回答皆以絕對肯定的“嘿——————！！”表示。其他發聲未經許可則禁止。】,,"[K46, a junior soldier, can only reply with ""Kiiii"", which indicates absolute affirmation. You are not allowed to make other sounds.]","【K46호, 하급 전투원의 답변은 모두 절대 긍정을 나타내는 “키이ーーーーー잇”입니다. 그 외 발성은 허가 없이 금지됩니다.】",【K46号，下级战斗员的回答一律使用表示绝对肯定的「吱——！」其他发声禁止】
,,,,,,,,,,
Hisui.Fallen1-84,ヒスイ,「きっ、キィーーーーーーッ！？」,「きっ、キィーーーーーーッ！？」,,「嘰、嘰────────！？」,「嘿、嘿——————！！？」,,"""K-KIIIIIIII?!""","「킷, 키이ーーーーーー잇!?」",「吱、吱────────！？」
,,,,,,,,,,
Hisui.Fallen1-85,,(お゛っ♥！？ま、また頭がっ…抗えない……っ！？),(お゛っ♥！？ま、また頭がっ…抗えない……っ！？),,（喔♥！？又、腦袋…抵抗不了……！？）,(喔♥！？頭又…無法抗拒……！？),,(Oghh♥?! M-my head again... I can't resist...?!),"(오옷 옷♥!? 자, 또 머리가… 저항할 수 없어……!?)",（喔♥！？又、脑袋…抵抗不了……！？）
,,,,,,,,,,
Hisui.Fallen1-86,,【記憶の消去による人格矯正を行い、対象を完全に戦闘員へと変換します。】,【記憶の消去による人格矯正を行い、対象を完全に戦闘員へと変換します。】,,【進行記憶消除的人格矯正，將目標完全轉換為戰鬥員。】,【透過記憶抹除進行人格矯正，將對象完全轉變為戰鬥員。】,,[The subject's memory is being erased to correct their personality and convert them completely into a soldier.],"【기억 소거에 의한 인격 교정을 실시하여, 대상을 완전히 전투원으로 변환합니다.】",【进行记忆消除的人格矫正，将目标完全转换为战斗员。】
,,,,,,,,,,
Hisui.Fallen1-87,,(っ！？ま、まって…！聖核戦姫の力が無い状態で記憶の消去なんて…耐えられないっ…！),(っ！？ま、まって…！聖核戦姫の力が無い状態で記憶の消去なんて…耐えられないっ…！),,（！？等、等一下…！沒有聖核戰姬的力量狀態下記憶消除什麼的…抵抗不了…！）,(喔！？等、等一下…！在聖核戰姬失去力量的情況下進行記憶抹除…無法忍受啊…！),,(?! W-wait...! Memory erasure without my Holy Core Battlemaiden powers... I can't endure it...!),"(윽!? 자, 잠깐…! 성핵전희의 힘이 없는 상태에서 기억 소거라니… 견딜 수 없어…!)",（！？等、等一下…！没有圣核战姬的力量状态下记忆消除什么的…抵抗不了…！）
,,,,,,,,,,
Hisui.Fallen1-88,,バチバチバチッ！！,バチバチバチッ！！,,啪滋啪滋啪滋！！,嘿嘿嘿————！！,,Zap zap zap!!,바치바치바칫!!,啪滋啪滋啪滋！！
,,,,,,,,,,
Hisui.Fallen1-89,,「ほ゛おっ♥！？」,「ほ゛おっ♥！？」,,「吼哦♥！？」,(喔♥！？),,"""Hoghoh♥?!""",「호옷 오옷♥!?」,「吼哦♥！？」
,,,,,,,,,,
Hisui.Fallen1-90,,【K46号の記憶の消去を実施中。危険ですのでK46号は直ちに思考を停止してください。】,【K46号の記憶の消去を実施中。危険ですのでK46号は直ちに思考を停止してください。】,,【K46號的記憶消除實施中。由於很危險請K46號立即停止思考。】,【正在執行K46號的記憶抹除。由於存在危險，請K46號立即停止思考。】,,"[K46's memory is being erased and their sexual desire is being amplified. It is dangerous to keep thinking, please stop immediately.]",【K46호 기억 소거 실시 중. 위험하므로 K46호는 즉시 사고를 정지하십시오.】,【K46号的记忆消除实施中。由于很危险请K46号立即停止思考。】
,,,,,,,,,,
Hisui.Fallen1-91,,「きいっ……きっ……！」,「きいっ……きっ……！」,,「嘰……嘰……！」,「嘿……嘿……！」,,"""Kii... ki...!""",「키잇…… 킷……!」,「吱……吱……！」
,,,,,,,,,,
Hisui.Fallen1-92,,バチッ、バチバチバチッ！！,バチッ、バチバチバチッ！！,,啪滋、啪滋啪滋啪滋！！,嘿————、嘿嘿嘿————！！,,"Zap! Bzzzt, bzzzt, bzzzt!","바칫, 바치바치바칫!!",啪滋、啪滋啪滋啪滋！！
,,,,,,,,,,
Hisui.Fallen1-93,,(あっ…頭がっ…だめっ……！),(あっ…頭がっ…だめっ……！),,（啊…腦袋…不行……！）,(啊……頭好痛……不行……！),,(Ah... My head... no...!),(앗… 머리가… 안돼……!),（啊…脑袋…不行……！）
,,,,,,,,,,
Hisui.Fallen1-94,,(忘れちゃいけないことが…私にはたくさんあるはずっ……！),(忘れちゃいけないことが…私にはたくさんあるはずっ……！),,（我應該有很多不能忘記的事…才對……！）,(不能忘記的事情…我應該有很多……！),,(There are... so many things I mustn't forget...!),(잊어서는 안 되는 것이… 나에게는 많이 있을 텐데……!),（我应该有很多不能忘记的事…才对……！）
,,,,,,,,,,
Hisui.Fallen1-95,,【対象者の記憶を消去中…進行度10％】,【対象者の記憶を消去中…進行度10％】,,【目標記憶消除中…進行度10％】,【正在抹除目標者的記憶…進度10％】,,[Subject memory erasure in progress... 10% complete],【대상자 기억 소거 중… 진행도 10％】,【目标记忆消除中…进行度10％】
,,,,,,,,,,
Hisui.Fallen1-96,,(私は……聖核戦姫でっ………戦わなくちゃ……),(私は……聖核戦姫でっ………戦わなくちゃ……),,（我是……聖核戰姬………得戰鬥才行……）,(我是……聖核戰姬……必須戰鬥……),,(I am... a Holy Core Battlemaiden... I must fight...),(나는…… 성핵전희이고……… 싸워야……),（我是……圣核战姬………得战斗才行……）
,,,,,,,,,,
Hisui.Fallen1-97,,(ダイヤさんが……今も苦しんでいてっ……),(ダイヤさんが……今も苦しんでいてっ……),,（黛雅小姐……現在還在痛苦……）,(黛雅……現在還在受苦呢……),,(Daiya is... suffering even now...),(다이아 씨가…… 지금도 괴로워하고 있어서……),（黛雅小姐……现在还在痛苦……）
,,,,,,,,,,
Hisui.Fallen1-98,,(それに……エレナ先輩もっ………！いつか取り戻して……っ！),(それに……エレナ先輩もっ………！いつか取り戻して……っ！),,（而且……艾蓮娜前輩也………！總有一天要……！）,(而且……艾蓮娜前輩也……！總有一天會取回來的……！),,(And... Erena too...! Someday I'll get her back...!),(게다가…… 엘레나 선배도………! 언젠가 되찾아서……윽!),（而且……艾莲娜前辈也………！总有一天要……！）
,,,,,,,,,,
Hisui.Fallen1-99,,バチッ、バチバチバチッ！！,バチッ、バチバチバチッ！！,,啪滋、啪滋啪滋啪滋！！,嘭嘭、嘭嘭嘭嘭！！,,"Zap! Bzzzt, bzzzt, bzzzt!","바칫, 바치바치바칫!!",啪滋、啪滋啪滋啪滋！！
,,,,,,,,,,
Hisui.Fallen1-100,,「ひぎっ！？、ぎっ、きいっ！？」,「ひぎっ！？、ぎっ、きいっ！？」,,「嗚咕！？咕、嘰！？」,「啊咧！？咕咕、咕咕咕咕！」,,"""Higii?! Gi, kii?!""","「히긱!?, 긱, 키잇!?」",「呜咕！？、咕、吱！？」
,,,,,,,,,,
Hisui.Fallen1-101,,【K46号の記憶を消去中…進行度20％】,【K46号の記憶を消去中…進行度20％】,,【K46號的記憶消除中…進行度20％】,【K46號的記憶清除中…進度20％】,,[K46 memory erasure in progress... 20% complete],【K46호 기억 소거 중… 진행도 20％】,【K46号的记忆消除中…进行度20％】
,,,,,,,,,,
Hisui.Fallen1-102,,(お゛っ♥…！？だ、だめっ…意識を保たないと……っ！),(お゛っ♥…！？だ、だめっ…意識を保たないと……っ！),,（噢♥…！？不、不行…得保持意識……！）,(喔♥…！？不、不行…必須保持意識……！),,(Oghh♥...?! N-no... I have to maintain consciousness...!),"(오옷 옷♥…!? 아, 안 돼… 의식을 유지해야……윽!)",（噢♥…！？不、不行…得保持意识……！）
,,,,,,,,,,
Hisui.Fallen1-103,,(わ、私はせいかく…せんき……なんだから……♥),(わ、私はせいかく…せんき……なんだから……♥),,（我、我是聖核…戰姬……所以……♥）,(哇、我是聖核…戰姬……所以……♥),,(I-I'm a Holy Core... Battlemaiden... after all...♥),"(나, 나는 성핵… 전희……이니까……♥)",（我、我是圣核…战姬……所以……♥）
,,,,,,,,,,
Hisui.Fallen1-104,,(みんなを……助けないと……♥),(みんなを……助けないと……♥),,（要救……大家才行……♥）,(要救……大家……♥),,(I have to... save everyone...♥),(모두를…… 구해야……♥),（要救……大家才行……♥）
,,,,,,,,,,
Hisui.Fallen1-105,,バチバチバチッ！！,バチバチバチッ！！,,啪滋啪滋啪滋！！,嘭嘭嘭！！,,Zap zap zap!!,바치바치바칫!!,啪滋啪滋啪滋！！
,,,,,,,,,,
Hisui.Fallen1-106,,バチバチバチッ！！,バチバチバチッ！！,,啪滋啪滋啪滋！！,嘭嘭嘭！！,,Zap zap zap!!,바치바치바칫!!,啪滋啪滋啪滋！！
,,,,,,,,,,
Hisui.Fallen1-107,,バチバチバチッ！！,バチバチバチッ！！,,啪滋啪滋啪滋！！,嘭嘭嘭！！,,Zap zap zap!!,바치바치바칫!!,啪滋啪滋啪滋！！
,,,,,,,,,,
,暗転,,,,,,,,,
,,,,,,,,,,
Hisui.Fallen1-108,Hisui story DLC 2-4,【K46号の記憶を消去中…進行度80％】,【K46号の記憶を消去中…進行度80％】,,【K46號的記憶消除中…進行度80％】,【K46號的記憶清除中…進度80％】,,[K46 memory erasure in progress... 80% complete],【K46호 기억 소거 중… 진행도 80％】,【K46号的记忆消除中…进行度80％】
,,,,,,,,,,
Hisui.Fallen1-109,,バチバチバチッ！！,バチバチバチッ！！,,啪滋啪滋啪滋！！,嘭嘭嘭！！,,Zap zap zap!!,바치바치바칫!!,啪滋啪滋啪滋！！
,,,,,,,,,,
Hisui.Fallen1-110,ヒスイ,「はあっ♥、はあっ♥…お゛おおっ♥、お゛おおっ♥！？」,「はあっ♥、はあっ♥…お゛おおっ♥、お゛おおっ♥！？」,,「哈啊♥、哈啊♥…噢哦哦♥、噢哦哦♥！？」,「啊♥，啊♥…哦♥，哦♥！？」,,"""Haah♥ haah♥... oghhohhhh♥ oghhohhhh♥?!""","「하앗♥, 하앗♥… 오옷 오오옷♥, 오옷 오오옷♥!?」",「哈啊♥、哈啊♥…噢哦哦♥、噢哦哦♥！？」
,,,,,,,,,,
Hisui.Fallen1-111,,(だい…じょうぶっ……私は……消えて……ないっ♥),(だい…じょうぶっ……私は……消えて……ないっ♥),,（沒…事……我……沒…消失♥）,(我…沒事……我……不會消失……的♥),,(I'm... okay... I haven't... disappeared...♥),(괘… 괜찮아… 나는…… 사라지지…… 없아♥),（没…事……我……没…消失♥）
,,,,,,,,,,
Hisui.Fallen1-112,,(わ……たしは……K46号……じゃなくて……),(わ……たしは……K46号……じゃなくて……),,（我……不是……K46號……）,(我……不是……K46號……),,(I... am... not K46... but...),(나…… 나는…… K46호……가 아니고……),（我……不是……K46号……）
,,,,,,,,,,
Hisui.Fallen1-113,,(せいかく……せんき………？),(せいかく……せんき………？),,（聖核……戰姬………？）,(聖核……戰姬……？),,(Holy Core... Battlemaiden...),(성핵…… 전희………?),（圣核……战姬………？）
,,,,,,,,,,
Hisui.Fallen1-114,,バチバチバチッ！！,バチバチバチッ！！,,啪滋啪滋啪滋！！,嘭嘭嘭！！,,Zap zap zap!!,바치바치바칫!!,啪滋啪滋啪滋！！
,,,,,,,,,,
Hisui.Fallen1-115,,(あれ……なんで…この電気……気持ちいい………？),(あれ……なんで…この電気……気持ちいい………？),,（咦……為什麼…這電流……好舒服………？）,(那個……為什麼…這電流……感覺舒服………？),,(Huh... why does... this electricity... feel good...?!),(어라…… 어째서… 이 전기…… 기분 좋아………?),（咦……为什么…这电流……好舒服………？）
,,,,,,,,,,
Hisui.Fallen1-116,ヒスイ,(なんでさっきまで私は……この気持ちのいい電気の刺激に逆らって……？),(なんでさっきまで私は……この気持ちのいい電気の刺激に逆らって……？),,（為什麼剛才我……在抵抗這種舒服的電流刺激……？）,(為什麼剛才我……要對這種舒服的電流刺激抗拒呢……？),,(Why was I... resisting this pleasurable electrical stimulation until now...?!),(왜 아까까지 나는…… 이 기분 좋은 전기 자극에 거역하고……?),（为什么刚才我……在抵抗这种舒服的电流刺激……？）
,,,,,,,,,,
Hisui.Fallen1-117,,(………………！？),(………………！？),,（………………！？）,(………………！？),,(...?!),(………………!?),（………………！？）
,,,,,,,,,,
Hisui.Fallen1-118,,(………！そう！助けなきゃ……！),(………！そう！助けなきゃ……！),,（………！對！得救才行……！）,(………！是的！必須幫助她……！),,(Right! I have to save...!),(………! 그래! 구해야 해……!),（………！对！得救才行……！）
,,,,,,,,,,
Hisui.Fallen1-119,,(私と一緒に戦ってくれた…せいかく…せんき…の？),(私と一緒に戦ってくれた…せいかく…せんき…の？),,（和我一起戰鬥的…聖核…戰姬…的？）,(和我一起戰鬥的…聖月…戰姬…的？),,(The ones who fought with me... the Holy Core... Battlemaiden...?!),(나와 함께 싸워준… 성핵… 전희…의?),（和我一起战斗的…圣核…战姬…的？）
,,,,,,,,,,
Hisui.Fallen1-120,,(あれ……？……なに……さん…？でしたっけ……？),(あれ……？……なに……さん…？でしたっけ……？),,（咦……？……什麼……小姐…？是嗎……？）,(那個……？……什麼……先生…？是誰來著……？),,(Huh...?! ...What was her... name...?!),(어라……?…… 누구…… 씨…? 였죠……?),（咦……？……什么……小姐…？是吗……？）
,,,,,,,,,,
Hisui.Fallen1-121,,(おもい…………だせない………？),(おもい…………だせない………？),,（想…………不起來………？）,(想法…………無法表達………？),,(I can't... remember...?!),(기억…………나지 않아………?),（想…………不起来………？）
,,,,,,,,,,
Hisui.Fallen1-122,,バチバチバチッ！！,バチバチバチッ！！,,啪滋啪滋啪滋！！,嘭嘭嘭！！,,Zap zap zap!!,바치바치바칫!!,啪滋啪滋啪滋！！
,,,,,,,,,,
Hisui.Fallen1-123,,(………………),(………………),,(………………),(………………),,(...),(………………),(………………)
,,,,,,,,,,
Hisui.Fallen1-124,,バチバチバチッ！！,バチバチバチッ！！,,啪滋啪滋啪滋！！,嘭嘭嘭！！,,Zap zap zap!!,바치바치바칫!!,啪滋啪滋啪滋！！
,,,,,,,,,,
Hisui.Fallen1-125,,バチバチバチッ！！,バチバチバチッ！！,,啪滋啪滋啪滋！！,嘭嘭嘭！！,,Zap zap zap!!,바치바치바칫!!,啪滋啪滋啪滋！！
,,,,,,,,,,
,,,,,,,,,,
,,,,,,,,,,
Hisui.Fallen1-126,,【K46号の記憶を消去中…進行度90％】,【K46号の記憶を消去中…進行度90％】,,【K46號的記憶消除中…進行度90％】,【K46號的記憶清除中…進度90％】,,[K46 memory erasure in progress... 90% complete],【K46호 기억 소거 중… 진행도 90％】,【K46号的记忆消除中…进行度90％】
,,,,,,,,,,
Hisui.Fallen1-127,,バチバチバチッ！！,バチバチバチッ！！,,啪滋啪滋啪滋！！,嘭嘭嘭！！,,Zap zap zap!!,바치바치바칫!!,啪滋啪滋啪滋！！
,,,,,,,,,,
Hisui.Fallen1-128,ヒスイ？,(………だい……じょうぶ……です……♥),(………だい……じょうぶ……です……♥),,（………沒…事……♥）,(………沒事……我……好……♥),,(...I'm... okay...♥),(………괘…… 괜찮…… 아요……♥),（………没…事……♥）
,,,,,,,,,,
Hisui.Fallen1-129,,(このでんきにも慣れてきましたから……♥),(このでんきにも慣れてきましたから……♥),,（因為習慣這個電流了……♥）,(我也漸漸習慣這電力了……♥),,(I've gotten used to this electricity...♥),(이 전기에도 익숙해졌으니까요……♥),（因为习惯这个电流了……♥）
,,,,,,,,,,
Hisui.Fallen1-130,,(私は……ずっと……わたしのまま……),(私は……ずっと……わたしのまま……),,（我……一直……都是我……）,(我……一直……保持著自己……),,(I am... always... still me...),(나는…… 계속…… 나의…… 그대로……),（我……一直……都是我……）
,,,,,,,,,,
Hisui.Fallen1-131,,(私は■■■■で……■■■■■……を助けないといけなくて),(私は■■■■で……■■■■■……を助けないといけなくて),,（我是■■■■…得救■■■■■……）,(我在■■■■中……必須幫助■■■■■),,(I am ■■■■ and... I have to save ■■■■■...),(나는 ■■■■이고…… ■■■■■……를 구해야 하고),（我是■■■■…得救■■■■■……）
,,,,,,,,,,
Hisui.Fallen1-132,,(あれ………わたしの名前………？),(あれ………わたしの名前………？),,（咦………我的名字………？）,(那個……我的名字……？),,(Huh... my name...?!),(어라……… 나의 이름………?),（咦………我的名字………？）
,,,,,,,,,,
Hisui.Fallen1-133,,(K……46号………じゃなくて………■■■……！),(K……46号………じゃなくて………■■■……！),,（K……46號………不是………■■■……！）,(K……46號………不是……■■■……！),,(K... 46... no... ■■■...!),(K……46호………가 아니고……… ■■■……!),（K……46号………不是………■■■……！）
,,,,,,,,,,
Hisui.Fallen1-134,K46号,(あれ……？なんで……おもい…だせない……？),(あれ……？なんで……おもい…だせない……？),,（咦……？為什麼……想…不起來……？）,那個……？為什麼……想不起來……？,,(Huh...?! Why... can't I... remember...?!),(어라……? 왜…… 기억… 나지 않아……?),（咦……？为什么……想…不起来……？）
,,,,,,,,,,
Hisui.Fallen1-135,,(私は昔……■■■■で……■■■先輩と一緒に……？),(私は昔……■■■■で……■■■先輩と一緒に……？),,（我是以前……■■■■…和■■■前輩一起……？）,我曾經……在過去中……和■■■前輩一起……？,,(I used to be... ■■■■... together with ■■■...?!),(나는 옛날…… ■■■■에서…… ■■■ 선배와 함께……?),（我是以前……■■■■…和■■■前辈一起……？）
,,,,,,,,,,
Hisui.Fallen1-136,,(その後……フォーレン財団から抜け出して……■■■さんと……),(その後……フォーレン財団から抜け出して……■■■さんと……),,（之後……從墮落財團逃出……和■■■小姐……）,(之後……逃離福倫財團後……■■■小姐和……),,(After that... I escaped from Forren Foundation... with ■■■...),(그 후…… 폴른 재단에서 빠져나와서…… ■■■ 씨와……),（之后……从财团逃出……和■■■小姐……）
,,,,,,,,,,
Hisui.Fallen1-137,K46号,(そして……私の名前は……■■■……！？),(そして……私の名前は……■■■……！？),,（然後……我的名字是……■■■……！？）,然後……我的名字是……■■■……！？,,(And... my name is... ■■■...?!),(그리고…… 내 이름은…… ■■■……!?),（然后……我的名字是……■■■……！？）
,,,,,,,,,,
Hisui.Fallen1-138,,(おもい……だせないっ……！？),(おもい……だせないっ……！？),,（想……不起來……！？）,想不起來……！？,,(I can't... remember...?!),(기억…… 나지 않아……!?),（想……不起来……！？）
,,,,,,,,,,
Hisui.Fallen1-139,,(ちがう…っ！！……私はっ……私の敵は……！),(ちがう…っ！！……私はっ……私の敵は……！),,（不對…！！……我是……我的敵人是……！）,不對…！！……我是……我的敵人是……！,,(No...!! I am... my enemy is...!),(아니…윽!!…… 나는…… 내 적은……!),（不对…！！……我是……我的敌人是……！）
,,,,,,,,,,
Hisui.Fallen1-140,,(名前を忘れても……K46号になっても……やるべき事は……覚えていなきゃ……！),(名前を忘れても……K46号になっても……やるべき事は……覚えていなきゃ……！),,（就算忘記名字……就算變成K46號……該做的事……得記得才行……！）,就算忘記名字……成為K46號……應該做的事情……都不能忘記……！,,(Even if I forget my name... even if I become K46... I must remember what I have to do...!),(이름을 잊어도…… K46호가 되어도…… 해야 할 일은…… 기억하고 있어야……!),（就算忘记名字……就算变成K46号……该做的事……得记得才行……！）
,,,,,,,,,,
Hisui.Fallen1-141,,バチバチバチッ！！,バチバチバチッ！！,,啪滋啪滋啪滋！！,啪啪啪！！,,Zap zap zap!!,바치바치바칫!!,啪滋啪滋啪滋！！
,,,,,,,,,,
Hisui.Fallen1-142,,【K46号の記憶を消去中…進行度95％】,【K46号の記憶を消去中…進行度95％】,,【K46號的記憶消除中…進行度95％】,【K46號的記憶清除中…進度95％】,,[K46 memory erasure in progress... 95% complete],【K46호 기억 소거 중… 진행도 95％】,【K46号的记忆消除中…进行度95％】
,,,,,,,,,,
Hisui.Fallen1-143,,バチバチバチッ！！,バチバチバチッ！！,,啪滋啪滋啪滋！！,啪啪啪！！,,Zap zap zap!!,바치바치바칫!!,啪滋啪滋啪滋！！
,,,,,,,,,,
Hisui.Fallen1-144,,バチバチバチッ！！,バチバチバチッ！！,,啪滋啪滋啪滋！！,啪啪啪！！,,Zap zap zap!!,바치바치바칫!!,啪滋啪滋啪滋！！
,,,,,,,,,,
Hisui.Fallen1-145,,バチバチバチッ！！,バチバチバチッ！！,,啪滋啪滋啪滋！！,啪啪啪！！,,Zap zap zap!!,바치바치바칫!!,啪滋啪滋啪滋！！
,,,,,,,,,,
,,,,,,,,,,
,,,,,,,,,,
Hisui.Fallen1-146,,バチバチバチッ！！,バチバチバチッ！！,,啪滋啪滋啪滋！！,啪啪啪！！,,Zap zap zap!!,바치바치바칫!!,啪滋啪滋啪滋！！
,,,,,,,,,,
Hisui.Fallen1-147,,【K46号の記憶を消去中…進行度99％】,【K46号の記憶を消去中…進行度99％】,,【K46號的記憶消除中…進行度99％】,【K46號的記憶清除中…進度99％】,,[K46 memory erasure in progress... 99% complete],【K46호 기억 소거 중… 진행도 99％】,【K46号的记忆消除中…进行度99％】
,,,,,,,,,,
Hisui.Fallen1-148,,【K46号の記憶を消去中…進行度100％】,【K46号の記憶を消去中…進行度100％】,,【K46號的記憶消除中…進行度100％】,【K46號的記憶清除中…進度100％】,,[K46 memory erasure in progress... 100% complete],【K46호 기억 소거 중… 진행도 100％】,【K46号的记忆消除中…进行度100％】
,,,,,,,,,,
Hisui.Fallen1-149,K46号,「………………………。」,「………………………。」,,「………………………。」,「………………………。」,,"""...""",「……………………….」,「………………………。」
,,,,,,,,,,
Hisui.Fallen1-150,,【これにて記憶消去プログラムを終了します】,【これにて記憶消去プログラムを終了します】,,【記憶消除程式自此結束】,【記憶清除程式結束於此】,,[Memory erasure program complete.],【이것으로 기억 소거 프로그램을 종료합니다】,【记忆消除程序自此结束】
,,,,,,,,,,
Hisui.Fallen1-151,Hisui story DLC 2-6,【最終工程、戦闘員マスクの着用を行い戦闘員化を完了します。】,【最終工程、戦闘員マスクの着用を行い戦闘員化を完了します。】,,【開始最終工程，為目標戴上戰鬥員面具完成戰鬥員化。】,【最終階段，穿上戰鬥員面具，完成戰鬥員化。】,,"[Final process, applying soldier mask to complete soldier conversion.]","【최종 공정, 전투원 마스크 착용을 실시하여 전투원화 완료합니다.】",【开始最终工程，为目标戴上战斗员面具完成战斗员化。】
,,,,,,,,,,
,暗転,,,,,,,,,
,アジト　背景,,,,,,,,,
Hisui.Fallen1-152,,【洗脳を終了します。K46号、報告をしなさい。】,【教育を終了します。K46号、報告をしなさい。】,,【結束教育。K46號，請開始報告。】,【洗腦結束。K46號，匯報。】,,"[Re-educating complete. K46, report.]","【세뇌를 종료합니다. K46호, 보고하십시오.】",【结束教育。K46号，请开始报告。】
,,,,,,,,,,
Hisui.Fallen1-153,K46号,「キィーーーーーーッ！K46号、洗脳完了いたしました！」,「キィーーーーーーッ！K46号、教育完了いたしました！」,,「嘰────────！K46號，教育完成了！」,「咿——！K46號，洗腦完成了！」,,"""KIIIIII! K46, re-educating complete!""","「키이ーーーーーー잇! K46호, 세뇌 완료했습니다!」",「吱────────！K46号，教育完成了！」
,,,,,,,,,,
Hisui.Fallen1-154,,【これより下級戦闘員K23号からK50号は部隊配属及び戦闘訓練を行います。】,【これより下級戦闘員K23号からK50号は部隊配属及び戦闘訓練を行います。】,,【下級戰鬥員K23號現在請到K50號進行部隊配屬及戰鬥訓練。】,【從這裡起，從下級戰鬥員K23號到K50號將進行部隊配屬和戰鬥訓練。】,,[Junior soldier K23 through K50 will now proceed to unit assignment and combat training.],【이것으로 하급 전투원 K23호부터 K50호는 부대 배치 및 전투 훈련을 실시합니다.】,【下级战斗员K23号现在请到K50号进行部队配属及战斗训练。】
,,,,,,,,,,
Hisui.Fallen1-155,,【拘束を解除した後速やかに22番戦闘訓練所に移動してください。】,【拘束を解除した後速やかに22番戦闘訓練所に移動してください。】,,【解除拘束後迅速移動至22號戰鬥訓練所。】,【解除束縛後，請立即前往22號戰鬥訓練所。】,,"[After restraints are released, proceed immediately to Combat Training Facility 22.]",【구속 해제 후 신속히 22번 전투 훈련소로 이동하십시오.】,【解除拘束后迅速移动至22号战斗训练所。】
,,,,,,,,,,
Hisui.Fallen1-156,K46号,「キィーーーーーーッ！」,「キィーーーーーーッ！」,,「嘰────────！」,「咿——！」,,"""Kiiii!""",「키이ーーーーーー잇!」,「吱────────！」
,,,,,,,,,,
Hisui.Fallen1-157,,(………………。),(………………。),,（………………。）,(………………。),,(...),(……………….),（………………。）
,,,,,,,,,,
Hisui.Fallen1-158,,(私は………K46号……………？),(私は………K46号……………？),,（我………K46號……………？）,(我是……K46號…………？),,(I am... K46...?!),(나는……… K46호……………?),（我………K46号……………？）
,,,,,,,,,,
Hisui.Fallen1-159,,(……………ちがう。),(……………ちがう。),,（……………不對。）,(……………不對。),,(...No.),(…………… 아니야.),（……………不对。）
,,,,,,,,,,
Hisui.Fallen1-160,ヒスイ,(……違う……私は……私は…“ヒスイ”っ…！),(……違う……私は……私は…『ヒスイ』っ…！),,（……不對……我是……我是…「翡翠」…！）,(……不對……我是……我是…“翡翠”…！),,"(...No... I am... I am ""Hisui""...!)",(……아니야…… 나는…… 나는… “히스이”…!),（……不对……我是……我是…“翡翠”…！）
,,,,,,,,,,
Hisui.Fallen1-161,,(………それで…私は………■■■■？……だから……。),(………それで…私は………■■■■？……だから……。),,（………那麼…我………■■■■？……所以……。）,(………那麼…我是……■■■■？……所以……。),,(And... I am... ■■■■?!... So...),(………그래서… 나는……… ■■■■?…… 그러니까…….),（………那么…我………■■■■？……所以……。）
,,,,,,,,,,
Hisui.Fallen1-162,,(やらなきゃ…………■■■さん…と……■■■先輩の……ため……に…！),(やらなきゃ…………■■■さん…と……■■■先輩の……ため……に…！),,（得做…………■■■小姐…和……■■■前輩的……為了…！）,(我必須去為了■■■先生…和■■■前輩的…緣故…！),,(I have to do it... for ■■■... and... ■■■...!),(해야 해………… ■■■ 씨…와…… ■■■ 선배의…… 위해……서…!),（得做…………■■■小姐…和……■■■前辈的……为了…！）
,,,,,,,,,,
Hisui.Fallen1-163,,――――――――,――――――――,,――――――――,――――――――,,...,――――――――,――――――――
,,,,,,,,,,
Hisui.Fallen1-164,,――――,――――,,――――,――――――――,,...,――――,――――
,,,,,,,,,,
Hisui.Fallen1-165,,ー,ー,,ー,ー,,...,ー,ー
,,,,,,,,,,
Hisui Fallen Scene　２,注釈,闇堕ちシーン,闇堕ちシーン,闇堕ちシーン,闇堕ちシーン,闇堕ちシーン,,,타락화 이벤트,暗堕ちシーン
,,,,,,,,,,
Hisui.Fallen2-1,072号,「K23号からK50号…これでちょうど私の部隊は100人ですか……。」,「K23号からK50号…これでちょうど私の部隊は100人ですか……。」,,「K23號到K50號…這樣我的部隊就正好100人了……。」,「從K23號到K50號…這樣我的部隊就正好有100人了……。」,,"""K23 through K50... That makes exactly 100 in my unit...""",「K23호부터 K50호… 이걸로 딱 제 부대는 100명이군요…….」,「K23号到K50号…这样我的部队就正好100人了……。」
,,,,,,,,,,
Hisui.Fallen2-2,,「……K23号からK50号、敬礼を！」,「……K23号からK50号、敬礼を！」,,「……K23號到K50號，敬禮！」,「……從K23號到K50號，敬禮！」,,"""...K23 through K50, salute!""","「……K23호부터 K50호, 경례를!」",「……K23号到K50号，敬礼！」
,,,,,,,,,,
Hisui.Fallen2-3,戦闘員&ヒスイ,「「「「「「キィーーーーーーッ！」」」」」」,「「「「「「キィーーーーーーッ！」」」」」」,,「「「「「「嘰────────！」」」」」」,「「「「「「咦——！」」」」」」,,"""KIIIIII!""",「「「「「「키이ーーーーーー잇!」」」」」」,「「「「「「吱────────！」」」」」」
,,,,,,,,,,
Hisui.Fallen2-4,ヒスイ,(………っ、私……はっ……K46号じゃなくて……ヒスイ…！),(………っ、私……はっ……K46号じゃなくて……ヒスイ…！),,（………嘖，我……是……不是K46號……而是翡翠…！）,(………咦、我……哈……不是K46號……是翡翠…！),,(I... am... not K46... I'm Hisui...!),"(………윽, 나……는…… K46호가 아니고…… 히스이…!)",（………啧，我……是……不是K46号……而是翡翠…！）
,,,,,,,,,,
Hisui.Fallen2-5,,(だから……私がやるべきことは……こんな事……じゃない…！),(だから……私がやるべきことは……こんな事……じゃない…！),,（所以……我該做的事……不是這種事…！）,(所以……我應該做的事情是……不是這種事情…！),,(So... what I should be doing... isn't this...!),(그러니까…… 내가 해야 할 일은…… 이런 일…… 아니야…!),（所以……我该做的事……不是这种事…！）
,,,,,,,,,,
Hisui.Fallen2-6,,(……何とかして……■■■さんを…■■■■を……！),(……何とかして……■■■さんを…■■■■を……！),,（……想辦法……將■■■小姐…■■■■……！）,(……想辦法……OO小姐……保護她……！),,(...Somehow... I need to... ■■■... ■■■■...!),(…… 어떻게든…… ■■■ 씨를… ■■■■를……!),（……想办法……将■■■小姐…■■■■……！）
,,,,,,,,,,
Hisui.Fallen2-7,072号,「さて、早速戦闘訓練……と行きたいのですが、先日施設へ被害が出たため延期ですね。」,「さて、早速戦闘訓練……と行きたいのですが、先日施設へ被害が出たため延期ですね。」,,「好了，雖然想要馬上要進行戰鬥訓練……不過，因為前幾天設施受損，所以這次就延期了。」,「好的，立刻進行戰鬥訓練……不過，由於前幾天設施受損，必須延期了呢。」,,"""Well, I'd like to start combat training immediately... but due to recent damage to the facility, it's postponed.""","「자, 즉시 전투 훈련…… 하려고 했지만, 얼마 전 시설에 피해가 발생하여 연기군요.」",「好了，虽然想要马上要进行战斗训练……不过，因为前几天设施受损，所以这次就延期了。」
,,,,,,,,,,
Hisui.Fallen2-8,,「あなた達には性奉仕訓練を先に行います。心して取り組むように。」,「あなた達には性奉仕訓練を先に行います。心して取り組むように。」,,「妳們就先進行性侍奉訓練吧。好好用心去做。」,「你們將先接受性奉仕訓練。請認真對待。」,,"""You will undergo sexual service training first. Apply yourselves earnestly.""",「당신들에게는 성봉사 훈련을 먼저 실시합니다. 마음을 다해 임하도록.」,「你们就先进行性侍奉训练吧。好好用心去做。」
,,,,,,,,,,
Hisui.Fallen2-9,戦闘員&ヒスイ,「「「「「「キィーーーーーーッ！」」」」」」,「「「「「「キィーーーーーーッ！」」」」」」,,「「「「「「嘰────────！」」」」」」,「「「「「「咦——！」」」」」」,,"""KIIIIII!""",「「「「「「키이ーーーーーー잇!」」」」」」,「「「「「「吱────────！」」」」」」
,,,,,,,,,,
Hisui.Fallen2-10,ヒスイ,(……性奉仕……っ、そ、それって……),(……性奉仕……っ、そ、それって……),,（……性侍奉……嘖，那、那是……）,(……性奉仕……啊、那、那是指……),,(...Sexual service... T-that means...),"(……성봉사……윽, 그, 그거……)",（……性侍奉……啧，那、那是……）
,,,,,,,,,,
,暗転,,,,,,,,,
,Hisui story DLC 3-12,,,,,,,,,
Hisui.Fallen2-11,ヒスイ,「…はあっ♥…はあっ♥」,「…はあっ♥…はあっ♥」,,「……哈啊♥…哈啊♥」,「…呼♥…呼♥」,,"""...Haah♥... Haah♥""",「…하앗♥…하앗♥」,「……哈啊♥…哈啊♥」
,,,,,,,,,,
Hisui.Fallen2-12,男戦闘員,「いや～全くいい仕事だぜ…毎日のように新しい洗脳された女共がチンポしゃぶってくれるんだからな！」,「いや～全くいい仕事だぜ…毎日のように新しい教育された女共がチンポしゃぶってくれるんだからな！」,,「哎呀～真是好工作啊…每天都有新的被教育的女人來幫忙口交！」,「哎呀～真是好工作啊…每天都有新的被洗腦的女孩來幫我口交！」,,"""Man, this is a great job... Every day newly re-educated women suck on us!""",「이야~ 정말 좋은 일이야… 매일같이 새로운 세뇌된 여자들이 자지 빨아주니까!」,「哎呀～真是好工作啊…每天都有新的被教育的女人来帮忙口交！」
,,,,,,,,,,
Hisui.Fallen2-13,,「え～と次はK46号か。ほら、しゃぶってみろ！」,「え～と次はK46号か。ほら、しゃぶってみろ！」,,「呃～下一個是K46號吧。喂，試著吸吮看看！」,「嗯～接下來是K46號了。來，試著舔一下！」,,"""Let's see, next is K46. Come on, blow me!""","「음~ 다음은 K46호인가. 자, 빨아봐!」",「呃～下一个是K46号吧。喂，试着吸吮看看！」
,,,,,,,,,,
Hisui.Fallen2-14,ヒスイ,「キィーーーーーーッ！」,「キィーーーーーーッ！」,,「嘰────────！」,「咦——！」,,"""Kiiii!""",「키이ーーーーーー잇!」,「吱────────！」
,,,,,,,,,,
Hisui.Fallen2-15,,(ち、違うっ……私は…K46号なんかじゃ……ないっ♥),(ち、違うっ……私は…K46号なんかじゃ……ないっ♥),,（不、不對……我…不是什麼K46號……♥）,(不、不對……我是…不是K46號那種人……♥),,(N-no... I'm not... K46...♥),"(아, 아니야…… 나는… K46호 따위가…… 아니야♥)",（不、不对……我…不是什么K46号……♥）
,,,,,,,,,,
Hisui.Fallen2-16,,(でもっ……ばれないように…また…おちんぽっ……フェラしないと…♥),(でもっ……ばれないように…また…おちんぽっ……フェラしないと…♥),,（但是……為了不被發現…又要…陰莖……口交了…♥）,(但是……為了不被發現…再次…要給陽具……口交才行…♥),,(But... to avoid being discovered... I have to... suck on cocks again...♥),(하지만…… 들키지 않도록… 또… 자지…… 펠라해야 해…♥),（但是……为了不被发现…又要…阴茎……口交了…♥）
,,,,,,,,,,
Hisui.Fallen2-17,,(だから……これが……私の……やらなきゃいけないこと……♥),(だから……これが……私の……やらなきゃいけないこと……♥),,（所以……這就是……我的……該做的事……♥）,(所以……這就是……我……必須做的事情……♥),,(So... this is... what I have to do...♥),(그러니까…… 이것이…… 나의…… 해야 할 일……♥),（所以……这就是……我的……该做的事……♥）
,,,,,,,,,,
Hisui.Fallen2-18,,そしてヒスイは目の前のチンポへしゃぶりつく。,そしてヒスイは目の前のチンポへしゃぶりつく。,,於是翡翠猛地吸吮眼前的陰莖。,然後翡翠開始舔舐眼前的陽具。,,And so Hisui began sucking on the cock in front of her.,그리고 히스이는 눈앞의 자지에 달라붙는다.,于是翡翠猛地吸吮眼前的阴茎。
,,,,,,,,,,
Hisui.Fallen2-19,ヒスイ,ジュルルルッ…♥ジュポッ！！,ジュルルルッ…♥ジュポッ！！,,啾嚕嚕嚕…♥啾啵！！,滴滴滴……♥ 噗嗤！！,,Slurp...♥ Suck!!,쥬르르르릇…♥ 쥬폿!!,啾噜噜噜…♥啾啵！！
,,,,,,,,,,
Hisui.Fallen2-20,,「～～～～ッ♥♥♥！？！？」,「～～～～ッ♥♥♥！？！？」,,「～～～～♥♥♥！？！？」,「～～～～滴♥♥♥！？！？」,,"""...♥♥♥?!?!""",「~~~~윽♥♥♥!?!?」,「～～～～♥♥♥！？！？」
,,,,,,,,,,
Hisui.Fallen2-21,,(これがっ……戦闘員の…おちんぽっ…♥！？),(これがっ……戦闘員の…おちんぽっ…♥！？),,（這是……戰鬥員的…陰莖…♥！？）,這就是……戰鬥員的……陽具……♥！？,,(This is... a soldier's cock...♥?!),(이것이…… 전투원의… 자지…♥!?),（这是……战斗员的…阴茎…♥！？）
,,,,,,,,,,
Hisui.Fallen2-22,,ジュルルルッ♥、ジュポッ♥、ジュポッ♥,ジュルルルッ♥、ジュポッ♥、ジュポッ♥,,啾嚕嚕嚕♥、啾啵♥、啾啵♥,滴滴滴♥、噗嗤♥、噗嗤♥,,Slurp♥ Suck♥ Suck♥,"쥬르르르릇♥, 쥬폿♥, 쥬폿♥",啾噜噜噜♥、啾啵♥、啾啵♥
,,,,,,,,,,
Hisui.Fallen2-23,,(口に入れただけでっ♥、頭の中っ……真っ白に…っ♥),(口に入れただけでっ♥、頭の中っ……真っ白に…っ♥),,（光是放進嘴裡♥，腦袋裡……就一片空白…♥）,(放進口裡…♥，腦袋裡…一片空白…♥),,(My mind... goes blank... just by having it in my mouth...),"(입에 넣은 것만으로♥, 머릿속…… 새하얗게…윽♥)",（光是放进嘴里♥，脑袋里……就一片空白…♥）
,,,,,,,,,,
Hisui.Fallen2-24,,ジュルルルッ♥、ジュポッ♥、ジュポッ♥,ジュルルルッ♥、ジュポッ♥、ジュポッ♥,,啾嚕嚕嚕♥、啾啵♥、啾啵♥,滴滴滴♥、噗嗤♥、噗嗤♥,,Slurp♥ Suck♥ Suck♥,"쥬르르르릇♥, 쥬폿♥, 쥬폿♥",啾噜噜噜♥、啾啵♥、啾啵♥
,,,,,,,,,,
Hisui.Fallen2-25,,(おいひいっ♥、ずっとっ♥、しゃぶってたいっ♥！),(おいひいっ♥、ずっとっ♥、しゃぶってたいっ♥！),,（好吃♥，想一直♥，吸♥！）,(喔喔♥、一直♥、想吸吮♥！),,(So good♥ I want to♥ keep doing this forever♥!),"(맛있어♥, 계속♥, 빨고 싶어♥!)",（好吃♥，想一直♥，吸♥！）
,,,,,,,,,,
Hisui.Fallen2-26,,ちゅうぅうううっ♥、ジュポッ♥、ジュポッ♥、,ちゅうぅうううっ♥、ジュポッ♥、ジュポッ♥、,,啾～～～～♥、啾啵♥、啾啵♥,吸吮吮♥、噗嗤♥、噗嗤♥、,,Suuuuck♥ Slurp♥ Slurp♥,"츄우우우우웃♥, 쥬폿♥, 쥬폿♥,",啾～～～～♥、啾啵♥、啾啵♥、
,,,,,,,,,,
Hisui.Fallen2-27,男戦闘員,「うぉっ！？なんだコイツ……最初からこんなフェラしやがって……！」,「うぉっ！？なんだコイツ……最初からこんなフェラしやがって……！」,,「哇！？這傢伙怎麼回事……一開始就這樣口交……！」,"""喔！？這傢伙是什麼……一開始就這樣給口交……！""",,"""Whoa?! What's with her... blowing me like this from the get-go...!""",「우옷!? 뭐야 이 녀석…… 처음부터 이런 펠라를 하다니……!」,「哇！？这家伙怎么回事……一开始就这样口交……！」
,,,,,,,,,,
Hisui.Fallen2-28,,「洗脳前はクソビッチだったのか…！？」,「教育前はクソビッチだったのか…！？」,,「教育前就是個賤貨了嗎…！？」,「被洗腦前是個混蛋貨…！？」,,"""Was she some kind of slut before the re-educating...?!""",「세뇌 전에는 망할 빗치였나…!?」,「教育前就是个贱货了吗…！？」
,,,,,,,,,,
Hisui.Fallen2-29,,しかしヒスイは男戦闘員のいう事を聞くことなく、更に激しく口淫をしていく。,しかしヒスイは男戦闘員のいう事を聞くことなく、更に激しく口淫をしていく。,,但是翡翠不聽男戰鬥員的話，反而更激烈地進行口交。,然而翡翠沒有聽從男性戰鬥員的話，更加激烈地進行口淫。,,"However, Hisui ignored the male soldier's words and continued blowing him even harder.","하지만 히스이는 남자 전투원의 말을 듣지 않고, 더욱 격렬하게 입으로 애무해 간다.",但是翡翠不听男战斗员的话，反而更激烈地进行口交。
,,,,,,,,,,
Hisui.Fallen2-30,,ジュルルルルルルッッ♥！！ジュポッ♥！ズルルッ♥！,ジュルルルルルルッッ♥！！ジュポッ♥！ズルルッ♥！,,啾嚕嚕嚕嚕嚕！！啾啵♥！滋嚕嚕♥！,吮噗噗噗噗♥！！噗嗤♥！滑噗♥！,,Sluuuuurp♥!! Suck♥! Slurp♥!,쥬르르르르르르릇♥!! 쥬폿♥! 즈르릇♥!,啾噜噜噜噜噜！！啾啵♥！滋噜噜♥！
,,,,,,,,,,
Hisui.Fallen2-31,ヒスイ,(おちんぽっ♥、もっと舐めたいっ♥、もっと欲しいっ♥！！),(おちんぽっ♥、もっと舐めたいっ♥、もっと欲しいっ♥！！),,（陰莖♥，想舔更多♥，想要更多♥！！）,陽具♥、想要更多舔♥、想要更多♥！！,,(This cock♥ I want to taste more♥ I want more♥!!),"(자지♥, 더 핥고 싶어♥, 더 원해♥!!)",（阴茎♥，想舔更多♥，想要更多♥！！）
,,,,,,,,,,
Hisui.Fallen2-32,,ジュルルルッ♥、ジュポッ♥、ジュポッ♥,ジュルルルッ♥、ジュポッ♥、ジュポッ♥,,啾嚕嚕嚕♥、啾啵♥、啾啵♥,吮噗噗♥、噗嗤♥、噗嗤♥,,Slurp♥ Suck♥ Suck♥,"쥬르르르릇♥, 쥬폿♥, 쥬폿♥",啾噜噜噜♥、啾啵♥、啾啵♥
,,,,,,,,,,
Hisui.Fallen2-33,男戦闘員,「ぐっ…このクソ優秀戦闘員がっ……くそっ出るっ…！」,「ぐっ…このクソ優秀戦闘員がっ……くそっ出るっ…！」,,「咕…這該死的優秀戰鬥員……要射了…！」,「咕…這個該死的優秀戰鬥員……該死，要出來了…！」,,"""Guh... this damn soldier.. damn, I'm coming...!""",「크윽… 이 망할 우수 전투원이…… 젠장 싼다…!」,「咕…这该死的优秀战斗员……要射了…！」
,,,,,,,,,,
Hisui.Fallen2-34,3－14,ドプッ、ビュルルルッルッ！！,ドプッ、ビュルルルッルッ！！,,咚噗、嗶嚕嚕嚕！！！,噗、噗噗噗噗！！,,"Splurt, spurrrrt!","도풋, 뷰르르르릇르릇!!",咚噗、哔噜噜噜！！！
,,,,,,,,,,
Hisui.Fallen2-35,ヒスイ,「～～～～ッ♥！！」,「～～～～ッ♥！！」,,「～～～～♥！！」,「～～～～♥！！」,,"""Mmmm♥!!""",「~~~~윽♥!!」,「～～～～♥！！」
,,,,,,,,,,
Hisui.Fallen2-36,,ジュルルルルッ！！ゴキュッ♥、ジュルルル♥！！,ジュルルルルッ！！ゴキュッ♥、ジュルルル♥！！,,啾嚕嚕嚕！！咕嚕♥、啾嚕嚕♥！！,吮噗噗噗！！咕♥、吮噗噗♥！！,,Slurrrp!! Gulp♥ Slurrp♥!!,"쥬르르르르릇!! 꿀꺽♥, 쥬르르르♥!!",啾噜噜噜！！咕噜♥、啾噜噜♥！！
,,,,,,,,,,
Hisui.Fallen2-37,ヒスイ,(おチンポ汁っ♥、こんなに沢山っ…♥、おいしすぎるっ……♥！！),(おチンポ汁っ♥、こんなに沢山っ…♥、おいしすぎるっ……♥！！),,（陰莖汁♥，這麼多…♥，太好吃了……♥！！）,陽具汁♥、這麼多呢…♥、太美味了……♥！！,,(Jizz♥ So much jizz...♥ too delicious...♥!!),"(자지즙♥, 이렇게 많이…♥, 너무 맛있어……♥!!)",（阴茎汁♥，这么多…♥，太好吃了……♥！！）
,,,,,,,,,,
Hisui.Fallen2-38,Hisui story DLC 3-13,そしてヒスイは精液を一滴残らず喉の奥へと飲み込む,そしてヒスイは精液を一滴残らず喉の奥へと飲み込む,,於是翡翠將精液一滴不剩地吞進喉嚨深處。,然後翡翠將精液一滴不剩地嚥入喉嚨深處。,,And Hisui swallowed every last drop down her throat.,그리고 히스이는 정액 한 방울 남기지 않고 목구멍 안으로 삼킨다,于是翡翠将精液一滴不剩地吞进喉咙深处。
,,,,,,,,,,
Hisui.Fallen2-39,Hisui story DLC 3-12,「ぷはっ…♥、キィーーーーーーッ！」,「ぷはっ…♥、キィーーーーーーッ！」,,「噗哈…♥，嘰────────！」,「噗哈…♥、咦───！」,,"""Pwah...♥ KIIIIII!""","「푸핫…♥, 키이ーーーーーー잇!」",「噗哈…♥，吱────────！」
,,,,,,,,,,
Hisui.Fallen2-40,ヒスイ,(………足りないっ…もっと……♥),(………足りないっ…もっと……♥),,（………不夠…還要更多……♥）,(………不夠……♥),,(.........Not enough... more...♥),(………부족해… 더……♥),（………不够…还要更多……♥）
,,,,,,,,,,
Hisui.Fallen2-41,,(“ずっと我慢してたのに”っ♥……もっとおちんぽっ欲しいっ♥),(“ずっと我慢してたのに”っ♥……もっとおちんぽっ欲しいっ♥),,（明明我一直忍耐著♥……想要更多陰莖♥）,(明明一直都在忍耐的……♥……更想要陽具♥),,"(""I've been holding back for so long""♥... I want more cocks♥)",(“계속 참았는데”윽♥…… 더 자지 원해♥),（明明我一直忍耐着♥……想要更多阴茎♥）
,,,,,,,,,,
Hisui.Fallen2-42,男戦闘員,「ふうっ…K46号だったか…？そんなにチンポが好きなら慰安部隊にでも配属――――――うおっ！？」,「ふうっ…K46号だったか…？そんなにチンポが好きなら慰安部隊にでも配属――――――うおっ！？」,,「呼…妳是K46號嗎…？這麼喜歡陰莖的話不如就配屬到慰安部隊──────哇！？」,「呼……K46號嗎…？如果這麼喜歡陽具的話，不如去慰安部隊報到──喔！」,,"""Phew... K46, was it...?! If you like cocks much, maybe you should be assigned to the service unit... Whoa?!""",「후웃… K46호였나…? 그렇게 자지가 좋다면 위로 부대에라도 배치―――――― 우옷!?」,「呼…你是K46号吗…？这么喜欢阴茎的话不如就配属到慰安部队──────哇！？」
,,,,,,,,,,
,暗転,,,,,,,,,
Hisui.Fallen2-43,Hisui story DLC 4-1,ヒスイは戦闘員を押し倒し、腰の上に馬乗りになる。,ヒスイは戦闘員を押し倒し、腰の上に馬乗りになる。,,翡翠推倒戰鬥員，跨坐在腰上。,翡翠將戰鬥員推倒在地，騎在對方腰上。,,Hisui pushed down the soldier and straddled him.,"히스이는 전투원을 밀어 넘어뜨리고, 허리 위에 올라탄다.",翡翠推倒战斗员，跨坐在腰上。
,,,,,,,,,,
Hisui.Fallen2-44,ヒスイ,「キィーーーッ♥！！」,「キィーーーッ♥！！」,,「嘰────♥！！」,「咦───♥！！」,,"""KIII♥!!""",「키이ーーー잇♥!!」,「吱────♥！！」
,,,,,,,,,,
Hisui.Fallen2-45,,(……えっ…私……何をやって……っ♥),(……えっ…私……何をやって……っ♥),,（……欸…我……在做什麼……♥）,(……咦……我……在做什麼……♥),,(...Eh... what am I... doing...♥),(……엣… 나…… 뭘 하고……윽♥),（……欸…我……在做什么……♥）
,,,,,,,,,,
Hisui.Fallen2-46,男戦闘員,「そこまでやれとは……うおっ！？」,「そこまでやれとは……うおっ！？」,,「不用做到那種程度……哇！？」,「居然要做到這種地步……喔！？」,,"""I didn't tell you to go that far... whoa?!""",「거기까지 하라고는…… 우옷!?」,「不用做到那种程度……哇！？」
,,,,,,,,,,
Hisui.Fallen2-47,Hisui story DLC 4-7,そしてK46号は男戦闘員のチンポを躊躇なく自分の膣内へと迎え入れる。,そしてK46号は男戦闘員のチンポを躊躇なく自分の膣内へと迎え入れる。,,於是K46號毫不猶豫地將男戰鬥員的陰莖迎進自己的陰道內。,然後K46號毫不猶豫地將男性戰鬥員的陽具迎入自己的陰道中。,,And K46 put the soldier's cock inside herself without hesitation.,그리고 K46호는 남자 전투원의 자지를 망설임 없이 자신의 질 내로 받아들인다.,于是K46号毫不犹豫地将男战斗员的阴茎迎进自己的阴道内。
,,,,,,,,,,
Hisui.Fallen2-48,ヒスイ,「キィーーーーッ！！？戦闘員様の…おちんぽっ……私の中にっ…♥」,「キィーーーーッ！！？戦闘員様の…おちんぽっ……私の中にっ…♥」,,「嘰──────！！？戰鬥員大人的…陰莖……進到我裡面了…♥」,「咦───♥！！？戰鬥員大人的……陽具……進入我裡面了……♥」,,"""KIIIIII?! A soldier's cock... Inside me...♥""",「키이ーーーー잇!!? 전투원님의… 자지…… 내 안에…♥」,「吱──────！！？战斗员大人的…阴茎……进到我里面了…♥」
,,,,,,,,,,
Hisui.Fallen2-49,,パチュッ、パチュッ、パチュッ♥,パチュッ、パチュッ、パチュッ♥,,啪啾、啪啾、啪啾♥,啪啾、啪啾、啪啾♥,,"Slap, slap, slap♥","파츗, 파츗, 파츗♥",啪啾、啪啾、啪啾♥
,,,,,,,,,,
Hisui.Fallen2-50,,(戦闘員のおチンポっ…おまんこの奥まで届いて……気持ちいいっ…♥),(戦闘員のおチンポっ…おまんこの奥まで届いて……気持ちいいっ…♥),,（戰鬥員的陰莖…頂到小穴深處……好舒服…♥）,戰鬥員的陽具……插到花瓣深處……好舒服……♥,,(The soldier's cock... so deep inside me... feels so good...♥),(전투원 자지… 보지 안쪽까지 닿아서…… 기분 좋아…♥),（战斗员的阴茎…顶到小穴深处……好舒服…♥）
,,,,,,,,,,
Hisui.Fallen2-51,ヒスイ,(でも……なんで……私の中の何かがやっちゃいけないと思ってる……？),(でも……なんで……私の中の何かがやっちゃいけないと思ってる……？),,（但是……為什麼……我內心在想不能做這種事……？）,(但是……為什麼……我內心的某些東西覺得這樣不對……？),,(But... why... does something inside me think I shouldn't be doing this...?!),(하지만…… 왜…… 내 안의 무언가가 하면 안 된다고 생각하고……?),（但是……为什么……我内心在想不能做这种事……？）
,,,,,,,,,,
Hisui.Fallen2-52,,(あれ……そういえば私…さっきまで何か大事なことをやろうとしてたような…？),(あれ……そういえば私…さっきまで何か大事なことをやろうとしてたような…？),,（咦……話說我…剛才好像在想什麼重要的事情…？）,(嗯……說起來……我好像剛剛還在試圖做什麼重要的事情……？),,(Huh... come to think of it... wasn't I trying to do something important...?!),(어라…… 그러고 보니 나… 아까까지 뭔가 중요한 일을 하려고 했던 것 같은데…?),（咦……话说我…刚才好像在想什么重要的事情…？）
,,,,,,,,,,
Hisui.Fallen2-53,,(そう……誰かを助けないと………それが“戦闘員”である私の使命……？),(そう……誰かを助けないと………それが『戦闘員』である私の使命……？),,（對……得救誰才行………那是「戰鬥員」的使命……？）,(嗯……必須要幫助某人……這就是作為“戰鬥員”的我的使命……？),,(Right... I have to save someone... that's my mission as a soldier...?!),(그래…… 누군가를 구해야……… 그것이 “전투원”인 나의 사명……?),（对……得救谁才行………那是“战斗员”的使命……？）
,,,,,,,,,,
Hisui.Fallen2-54,,(こんな事してる場合じゃ……“こんな事”……？),(こんな事してる場合じゃ……『こんな事』……？),,（不是做這種事的時候……「這種事」……？）,這樣做的時候不對……“這樣的事情”……？,,"(I shouldn't be doing ""this""... ""this""...?!)",(이런 짓 하고 있을 때가 아니야…… “이런 짓”……?),（不是做这种事的时候……“这种事”……？）
,,,,,,,,,,
Hisui.Fallen2-55,,(ペニスに奉仕することは“下級戦闘員”として最も重要な任務では…？),(ペニスに奉仕することは『下級戦闘員』として最も重要な任務では…？),,（侍奉陰莖不是「下級戰鬥員」最重要的任務嗎…？）,奉獻於陽具是作為“下級戰鬥員”最重要的任務之一……？,,(Isn't servicing cocks the most important duty of a junior soldier...?!),(페니스에 봉사하는 것은 “하급 전투원”으로서 가장 중요한 임무인데…?),（侍奉阴茎不是“下级战斗员”最重要的任务吗…？）
,,,,,,,,,,
Hisui.Fallen2-56,,(ええ…それ以上に重要なことなんて……ありませんよねっ♥),(ええ…それ以上に重要なことなんて……ありませんよねっ♥),,（欸欸…比那更重要的事……好像沒有吧♥）,是的…沒有比這更重要的事情了吧♥,,(Yes... there's nothing more important than that...♥),(네… 그것보다 중요한 일 따위…… 없잖아요♥),（欸欸…比那更重要的事……好像没有吧♥）
,,,,,,,,,,
Hisui.Fallen2-57,ヒスイ？,「キィーーーーーーッ！♥キィーーーーーーッ！♥」,「キィーーーーーーッ！♥キィーーーーーーッ！♥」,,「嘰────────！♥嘰────────！♥」,「咿———！♥咿———！♥」,,"""KIIIIII!♥ KIIIIII!♥""",「키이ーーーーーー잇!♥ 키이ーーーーーー잇!♥」,「吱────────！♥吱────────！♥」
,,,,,,,,,,
Hisui.Fallen2-58,,ヒスイは戦闘員の叫び声を上げながら男戦闘員の上で腰を振る。,ヒスイは戦闘員の叫び声を上げながら男戦闘員の上で腰を振る。,,翡翠發出戰鬥員的叫聲，在男戰鬥員身上晃動腰部。,翡翠在高喊著戰鬥員的口號，同時在男性戰鬥員身上擺動腰部。,,Hisui moved her hips atop the male while crying out like a soldier.,히스이는 전투원의 외침을 지르며 남자 전투원 위에서 허리를 흔든다.,翡翠发出战斗员的叫声，在男战斗员身上晃动腰部。
,,,,,,,,,,
Hisui.Fallen2-59,072号,「おや……この個体は優秀ですね…K46号ですか。」,「おや……この個体は優秀ですね…K46号ですか。」,,「哎呀……這個個體很優秀呢…是K46號嗎。」,「哦……這個體很優秀呢…K46號嗎。」,,"""Oh... this unit is excellent... K46, is it?""",「어머…… 이 개체는 우수하군요… K46호입니까.」,「哎呀……这个个体很优秀呢…是K46号吗。」
,,,,,,,,,,
Hisui.Fallen2-60,ヒスイ？,「キィーーーーーーッ！072号様、ありがとうございますっ！」,「キィーーーーーーッ！072号様、ありがとうございますっ！」,,「嘰────────！072號大人，謝謝誇獎！」,「咿———！072號，謝謝您！」,,"""KIIIIII! Thank you, captain 072!""","「키이ーーーーーー잇! 072호 님, 감사합니다!」",「吱────────！072号大人，谢谢夸奖！」
,,,,,,,,,,
Hisui.Fallen2-61,XXX,(隊長に褒められましたっ♥、私は優秀な下級戦闘員K46号……！),(隊長に褒められましたっ♥、私は優秀な下級戦闘員K46号……！),,（被隊長誇獎了♥，我是優秀的下級戰鬥員K46號……！）,(隊長讚美了我♥，我是優秀的下級戰鬥員K46號……！),,(The captain praised me♥ I'm the excellent junior soldier K46...!),"(대장님께 칭찬받았습니다♥, 저는 우수한 하급 전투원 K46호……!)",（被队长夸奖了♥，我是优秀的下级战斗员K46号……！）
,,,,,,,,,,
Hisui.Fallen2-62,,(………でも………何か忘れているような……),(………でも………何か忘れているような……),,（………但是………好像忘了什麼……）,(……但是……好像忘記了什麼……),,(.........but... it feels like I'm forgetting something...),(………하지만……… 뭔가 잊고 있는 듯한……),（………但是………好像忘了什么……）
,,,,,,,,,,
Hisui.Fallen2-63,XXX,(あれ……私は……K46号になる前……何を……？),(あれ……私は……K46号になる前……何を……？),,（咦……我在……K46號之前……是做什麼的……？）,(那個……我是……成為K46號之前……做過……什麼……？),,(Huh... before I became K46... what was I...?!),(어라…… 나는…… K46호가 되기 전…… 무엇을……?),（咦……我在……K46号之前……是做什么的……？）
,,,,,,,,,,
Hisui.Fallen2-64,,しかし、K46号の体は思考を置いて男戦闘員の上で跳ねる。,しかし、K46号の体は思考を置いて男戦闘員の上で跳ねる。,,但是，K46號停止思考，開始在男戰鬥員身上跳動。,然而，K46號停下思考，跳到男性戰鬥員的身上。,,"However, K46's body continued bouncing atop the soldier, leaving her thoughts behind.","하지만, K46호의 몸은 생각을 제쳐두고 남자 전투원 위에서 뛰논다.",但是，K46号停止思考，开始在男战斗员身上跳动。
,,,,,,,,,,
Hisui.Fallen2-65,,パチュッ、パチュッ、パチュッ♥！,パチュッ、パチュッ、パチュッ♥！,,啪啾、啪啾、啪啾♥！,啪啾、啪啾、啪啾♥！,,"Slaps, slaps, slap♥!","파츗, 파츗, 파츗♥!",啪啾、啪啾、啪啾♥！
,,,,,,,,,,
Hisui.Fallen2-66,,「キィーーーーーーッ！、K46号のおまんこっ…いかがですかっ♥？」,「キィーーーーーーッ！、K46号のおまんこっ…いかがですかっ♥？」,,「嘰────────！K46號的小穴…怎麼樣啊♥？」,「咦——！K46號的…陰道怎麼樣♥？」,,"""KIIIIII! How is K46's pussy♥?!""","「키이ーーーーーー잇!, K46호의 보지… 어떻습니까♥?」",「吱────────！、K46号的小穴…怎么样啊♥？」
,,,,,,,,,,
Hisui.Fallen2-67,,(おちんぽに突かれるたびに…頭の中真っ白になって…何も考えられない…っ♥),(おちんぽに突かれるたびに…頭の中真っ白になって…何も考えられない…っ♥),,（每次被陰莖頂到…腦袋一片空白…什麼都想不了…♥）,每次被陽具刺入…腦袋一片空白…什麼都想不到…♥,,(Every time his cock thrusts... my mind goes blank... I can't think of anything...♥),(자지에 찔릴 때마다… 머릿속 새하얗게 되어서… 아무 생각도 할 수 없어…윽♥),（每次被阴茎顶到…脑袋一片空白…什么都想不了…♥）
,,,,,,,,,,
Hisui.Fallen2-68,072号,「K46号、夢中になるのは素晴らしいですが、口淫以外の時は戦闘員のマスクを着用しなさい。」,「K46号、夢中になるのは素晴らしいですが、口淫以外の時は戦闘員のマスクを着用しなさい。」,,「K46號，沉迷是很好，但口交以外的時候要戴上戰鬥員的面具。」,「K46號，沉迷其中是很棒的，但在非口交時，請戴上戰鬥員的面具。」,,"""K46, while your enthusiasm is admirable, wear your soldier mask except during oral service.""","「K46호, 열중하는 것은 훌륭하지만, 구음(펠라) 외에는 전투원 마스크를 착용하십시오.」",「K46号，沉迷是很好，但口交以外的时候要戴上战斗员的面具。」
,,,,,,,,,,
Hisui.Fallen2-69,XXX,「キィーーーーーーッ！」,「キィーーーーーーッ！」,,「嘰────────！」,「咦——！」,,"""Kiiii!""",「키이ーーーーーー잇!」,「吱────────！」
,,,,,,,,,,
Hisui.Fallen2-70,,そしてK46号は全身をスーツで覆い、見た目が完全に下級戦闘員となる。,そしてK46号は全身をスーツで覆い、見た目が完全に下級戦闘員となる。,,於是K46號用戰鬥服覆蓋全身，外表完全變成了下級戰鬥員。,然後K46號用連身衣覆蓋全身，外表完全變成下級戰鬥員。,,"And so K46 covered her entire body with the suit, completely becoming a junior soldier in appearance.","그리고 K46호는 전신을 슈트로 덮고, 외형이 완전히 하급 전투원이 된다.",于是K46号用战斗服覆盖全身，外表完全变成了下级战斗员。
,,,,,,,,,,
Hisui.Fallen2-71,K46号？,(んっ♥、このマスクっ……なんでこんなに安心するんですかっ……？),(んっ♥、このマスクっ……なんでこんなに安心するんですかっ……？),,（嗯♥，這個面具……為什麼這麼安心啊……？）,(嗯♥，這個面具……為什麼會這麼讓人安心呢……？),,(Mmm♥ this mask... why does it feel so reassuring...?!),"(응읏♥, 이 마스크…… 왜 이렇게 안심되는 거죠……?)",（嗯♥，这个面具……为什么这么安心啊……？）
,,,,,,,,,,
Hisui.Fallen2-72,,(はあっ♥…おちんぽっ♥…射精させないと…私は下級戦闘員…K46号なんだから……),(はあっ♥…おちんぽっ♥…射精させないと…私は下級戦闘員…K46号なんだから……),,（哈啊♥…陰莖♥…得讓它射精…我是下級戰鬥員…K46號……）,(啊♥…陽具♥…如果不讓他射精…我就是下級戰鬥員…K46號……),,(Haah♥... his cock♥... I need to make him come... because I'm a junior soldier ... K46...),(하앗♥… 자지♥… 사정시키지 않으면… 나는 하급 전투원… K46호니까……),（哈啊♥…阴茎♥…得让它射精…我是下级战斗员…K46号……）
,,,,,,,,,,
Hisui.Fallen2-73,,パチュッ、パチュッ、パチュッ♥！,パチュッ、パチュッ、パチュッ♥！,,啪啾、啪啾、啪啾♥！,啪啾、啪啾、啪啾♥！,,"Slaps, slaps, slap♥!","파츗, 파츗, 파츗♥!",啪啾、啪啾、啪啾♥！
,,,,,,,,,,
Hisui.Fallen2-74,,(あれ……K46号……いつから………？),(あれ……K46号……いつから………？),,（咦……K46號……從什麼時候開始………？）,(那個……K46號……從什麼時候………？),,(Huh... K46... since when...?!),(어라…… K46호…… 언제부터………?),（咦……K46号……从什么时候开始………？）
,,,,,,,,,,
Hisui.Fallen2-75,,(私は………………),(私は………………),,（我是………………）,(我是………………),,(I am...),(나는………………),（我是………………）
,,,,,,,,,,
Hisui.Fallen2-76,,(キィーーーーッ！どうでもいい事ですっ♥、下級戦闘員に余計な思考は不要ですっ……♥),(キィーーーーッ！どうでもいい事ですっ♥、下級戦闘員に余計な思考は不要ですっ……♥),,（嘰──────！怎麼都好♥，下級戰鬥員不需要多餘的思考♥）,(啊啊啊啊啊！這種事情無所謂的♥，下級戰鬥員不需要多餘的思考……♥),,(KIII! It doesn't matter♥ A junior soldier doesn't need unnecessary thoughts...♥),"(키이ーーーー잇! 아무래도 좋은 일입니다♥, 하급 전투원에게 쓸데없는 사고는 불필요합니다……♥)",（吱──────！怎么都好♥，下级战斗员不需要多馀的思考♥）
,,,,,,,,,,
Hisui.Fallen2-77,K46号？,「キィーーーーーーッ！！！」,「キィーーーーーーッ！！！」,,「嘰────────！！！」,啊啊啊啊啊啊！！！,,"""KIIIIII!!!""",「키이ーーーーーー잇!!!」,「吱────────！！！」
,,,,,,,,,,
Hisui.Fallen2-78,,パチュッ、パチュッ、パチュッ♥！,パチュッ、パチュッ、パチュッ♥！,,啪啾、啪啾、啪啾♥！,啪啾、啪啾、啪啾♥！,,"Slaps, slaps, slap♥!","파츗, 파츗, 파츗♥!",啪啾、啪啾、啪啾♥！
,,,,,,,,,,
Hisui.Fallen2-79,男戦闘員,「ははっ！必死に腰振りやがって…頭の中も完全にメス戦闘員だな！」,「ははっ！必死に腰振りやがって…頭の中も完全にメス戦闘員だな！」,,「哈哈！拚命晃腰…腦袋裡完全是雌性戰鬥員啊！」,「哈哈！拼命地擺動腰部…內心完全是個女性戰鬥員！」,,"""Haha! Moving your hips so desperately... your mind's completely that of a female soldier!""",「하핫! 필사적으로 허리 흔들고… 머릿속도 완전히 암컷 전투원이네!」,「哈哈！拚命晃腰…脑袋里完全是雌性战斗员啊！」
,,,,,,,,,,
Hisui.Fallen2-80,K46号？,「キィーーーーーーッ♥！！」,「キィーーーーーーッ♥！！」,,「嘰────────♥！！」,啊啊啊啊啊啊♥！！,,"""KIIIIII♥!!""",「키이ーーーーーー잇♥!!」,「吱────────♥！！」
,,,,,,,,,,
Hisui.Fallen2-81,,(そうでした…私は何を迷っていたんですか…？),(そうでした…私は何を迷っていたんですか…？),,（沒錯…我剛才在迷惘什麼啊…？）,是的...我在猶豫什麼呢...？,,(That's right... what was I hesitating about...?!),(그랬습니다… 저는 뭘 망설이고 있었던 걸까요…?),（没错…我刚才在迷惘什么啊…？）
,,,,,,,,,,
Hisui.Fallen2-82,,(戦闘員は何も考えなくていいっ……ただひたすらに快楽だけを求めていればいい…♥),(戦闘員は何も考えなくていいっ……ただひたすらに快楽だけを求めていればいい…♥),,（戰鬥員不用想什麼……只要一心追求快樂就好了…♥）,戰鬥員不需要考慮任何事情......只需要尋求快樂就好了...♥,,(Soldiers don't need to think... we just need to pursue pleasure...♥),(전투원은 아무 생각 안 해도 돼…… 그저 오로지 쾌락만을 추구하면 돼…♥),（战斗员不用想什么……只要一心追求快乐就好了…♥）
,,,,,,,,,,
Hisui.Fallen2-83,,(そしてフォーレン財団の命令通り、使い捨てのコマとして戦って、怪人と男性戦闘員へご奉仕すればいい………♥),(そしてフォーレン財団の命令通り、使い捨てのコマとして戦って、怪人と男性戦闘員へご奉仕すればいい………♥),,（然後如墮落財團的命令，作為用完即丟的棋子戰鬥，向怪人和男性戰鬥員侍奉就好了………♥）,(然後按照福倫財團的命令，作為可拋棄的棋子戰鬥，只需為怪人和男性戰鬥員服務就好了……♥),,"(And following Forren Foundation's orders, fight as disposable pawns and service fiends and male soldiers...♥)","(그리고 폴른 재단의 명령대로, 쓰고 버리는 말로서 싸우고, 괴인과 남성 전투원에게 봉사하면 돼………♥)",（然后按照财团的命令，作为用完即丢的棋子战斗，向怪人和男性战斗员侍奉就好了………♥）
,,,,,,,,,,
Hisui.Fallen2-84,,(キィーーーッ！すべては財団のため……),(キィーーーッ！すべては財団のため……),,（嘰──────！一切都是為了財團……）,啊啊啊！一切為了財團的利益……,,(KIII! All for the Foundation...),(키이ーーー잇! 모든 것은 재단을 위해……),（吱──────！一切都是为了财团……）
,,,,,,,,,,
Hisui.Fallen2-85,,(それが……下級戦闘員の役割……♥),(それが……下級戦闘員の役割……♥),,（那就是……下級戰鬥員的角色……♥）,這就是......下級戰鬥員的角色......♥,,(That's... the role of a junior soldier...♥),(그것이…… 하급 전투원의 역할……♥),（那就是……下级战斗员的角色……♥）
,,,,,,,,,,
Hisui.Fallen2-86,K46号？,「キィーーーーーーッ♥♥！！！」,「キィーーーーーーッ♥♥！！！」,,「嘰────────♥♥！！！」,啊啊啊啊啊啊啊啊啊啊啊啊啊啊啊啊啊啊啊啊啊啊啊啊啊啊啊啊啊啊啊啊啊啊啊啊啊啊啊啊啊啊啊啊啊啊啊啊啊啊啊啊啊啊啊啊啊啊啊啊啊啊啊啊啊啊啊啊啊啊啊啊啊啊啊啊啊啊啊啊啊啊啊啊啊啊啊啊啊啊啊啊啊啊啊啊啊啊啊啊,,"""KIIIIII♥♥!!!""",「키이ーーーーーー잇♥♥!!!」,「吱────────♥♥！！！」
,,,,,,,,,,
Hisui.Fallen2-87,,パチュッ、パチュッ、パチュッ♥！,パチュッ、パチュッ、パチュッ♥！,,啪啾、啪啾、啪啾♥！,啪啾、啪啾、啪啾♥！,,"Slaps, slaps, slap♥!","파츗, 파츗, 파츗♥!",啪啾、啪啾、啪啾♥！
,,,,,,,,,,
Hisui.Fallen2-88,男戦闘員,「ぐっ…さっき出したばっかだってのに…出すぞっ！」,「ぐっ…さっき出したばっかだってのに…出すぞっ！」,,「咕…明明剛剛才射過而已…又要射了！」,「咕……明明剛剛才出過……還要再出！」,,"""Guh... even though I just came... I'm coming again!""",「크윽… 방금 쌌는데… 또 싼다!」,「咕…明明刚刚才射过而已…又要射了！」
,,,,,,,,,,
Hisui.Fallen2-89,Hisui story DLC 4-12,ドクッ！！ドクドクッ！！,ドクッ！！ドクドクッ！！,,噗滋！！噗滋！！噗滋！！,刺痛！！刺痛刺痛！！,,"Throb!! Throb, throb!!",도큣!! 도크도큣!!,噗滋！！噗滋！！噗滋！！
,,,,,,,,,,
Hisui.Fallen2-90,K46号,「キィーーーーーーッ♥♥！！！！」,「キィーーーーーーッ♥♥！！！！」,,「嘰────────♥♥！！！！」,「啊啊啊啊啊啊啊啊啊啊啊啊啊啊啊啊啊啊啊啊啊啊啊啊啊啊啊啊啊啊啊啊啊啊啊啊啊啊啊啊啊啊啊啊啊啊啊啊啊啊啊啊啊啊啊啊啊啊啊啊啊啊啊啊啊啊啊啊啊啊啊啊啊啊啊啊啊啊啊啊啊啊啊啊啊啊啊啊啊啊啊啊啊啊啊啊啊啊啊啊啊,,"""KIIIIII♥♥!!!!""",「키이ーーーーーー잇♥♥!!!!」,「吱────────♥♥！！！！」
,,,,,,,,,,
Hisui.Fallen2-91,,(お゛っ♥！？精液出されて…っ♥、私も…イクッ♥),(お゛っ♥！？精液出されて…っ♥、私も…イクッ♥),,（噢♥！？射精…♥，我也…高潮了♥）,(,,(Oghh♥?! He's coming inside me...♥ I'm also... coming♥),"(오옷 옷♥!? 정액 사정…윽♥, 나도… 가버렷♥)",（噢♥！？射精…♥，我也…高潮了♥）
,,,,,,,,,,
Hisui.Fallen2-92,,「キィーーーッ！精液ッ……私のお腹の中にっ♥、沢山出てますッ♥！」,「キィーーーッ！精液ッ……私のお腹の中にっ♥、沢山出てますッ♥！」,,「嘰──────！精液……進到我的肚子裡♥，射了好多♥！」,「,,"""KIII! Your jizz... so much of it... inside my belly♥""","「키이ーーー잇! 정액… 내 배 안에♥, 잔뜩 나오고 있습니다!」",「吱──────！精液……进到我的肚子里♥，射了好多♥！」
,,,,,,,,,,
Hisui.Fallen2-93,,(あっ♥、……これ私……完全に……消え……て………♥),(あっ♥、……これ私……完全に……消え……て………♥),,（啊♥，……我……完全……消失……了………♥）,(,,(Ah♥... this is me... completely... disappearing...♥),"(앗♥, ……이거 나…… 완전히…… 사라져……서………♥)",（啊♥，……我……完全……消失……了………♥）
,,,,,,,,,,
Hisui.Fallen2-94,,(頭の中……戦闘員に…♥……K46号に……♥),(頭の中……戦闘員に…♥……K46号に……♥),,（腦袋裡……變成戰鬥員…♥……K46號……♥）,(,,(Inside my head... becoming a soldier...♥... becoming K46...♥),(머릿속…… 전투원으로…♥…… K46호로……♥),（脑袋里……变成战斗员…♥……K46号……♥）
,,,,,,,,,,
Hisui.Fallen2-95,,―――――――プツンッ！,―――――――プツンッ！,,―――――――噗滋！,―,,...Snap!,―――――――푸츳!,―――――――噗滋！
,,,,,,,,,,
Hisui.Fallen2-96,,――――――――,――――――――,,――――――――,―,,...,――――――――,――――――――
,,,,,,,,,,
Hisui.Fallen2-97,,――――,――――,,――――,―,,...,――――,――――
,,,,,,,,,,
Hisui.Fallen2-98,,ー,ー,,ー,ー,,...,ー,ー
,,,,,,,,,,
,暗転,,,,,,,,,
,アジト,,,,,,,,,
Hisui.Fallen2-99,K46号,「キィーーーーーーッ！戦闘員K46号、性奉仕訓練完了いたしました！」,「キィーーーーーーッ！戦闘員K46号、性奉仕訓練完了いたしました！」,,「嘰────────！戰鬥員K46號，性侍奉訓練完成了！」,「啊啊啊啊啊啊啊啊啊啊啊啊啊啊啊啊啊啊啊啊啊啊啊啊啊啊啊啊啊啊啊啊啊啊啊啊啊啊啊啊啊啊啊啊啊啊啊啊啊啊啊啊啊啊啊啊啊啊啊啊啊啊啊啊啊啊啊啊啊啊啊啊啊啊啊啊啊啊啊啊啊啊啊啊啊啊啊啊啊啊啊啊啊啊啊啊啊啊啊啊,,"""KIIIIII! Soldier K46, sexual service training complete!""","「키이ーーーーーー잇! 전투원 K46호, 성봉사 훈련 완료했습니다!」",「吱────────！战斗员K46号，性侍奉训练完成了！」
,,,,,,,,,,
Hisui.Fallen2-100,072号,「よろしい……そろそろ他の戦闘員も訓練が完了する時間ですね。下級戦闘員、整列を。」,「よろしい……そろそろ他の戦闘員も訓練が完了する時間ですね。下級戦闘員、整列を。」,,「好的......其他戰鬥員的訓練也快要完成了。下級戰鬥員，整理隊形。」,「好的......其他戰鬥員的訓練也快要完成了。下級戰鬥員，整理隊形。」,,"""Very well... it should be about time for the other combat operatives to complete their training. Junior Soldiers, fall in.""","「좋습니다…… 슬슬 다른 전투원도 훈련이 완료될 시간이군요. 하급 전투원, 정렬.」",「好的......其他战斗员的训练也快要完成了。下级战斗员，整理队形。」
,,,,,,,,,,
Hisui.Fallen2-101,下級戦闘員,「「「「「「キィーーーーーーッ！」」」」」」,「「「「「「キィーーーーーーッ！」」」」」」,,「「「「「「嘰────────！」」」」」」,「啊啊啊啊啊啊啊啊啊啊啊啊啊啊啊啊啊啊啊啊啊啊啊啊啊啊啊啊啊啊啊啊啊啊啊啊啊啊啊啊啊啊啊啊啊啊啊啊啊啊啊啊啊啊啊啊啊啊啊啊啊啊啊啊啊啊啊啊啊啊啊啊啊啊啊啊啊啊啊啊啊啊啊啊啊啊啊啊啊啊啊啊啊啊啊啊啊啊啊啊,,"""KIIIIII!""",「「「「「「키이ーーーーーー잇!」」」」」」,「「「「「「吱────────！」」」」」」
,,,,,,,,,,
Hisui.Fallen2-102,,K46号と下級戦闘員達は一切の狂いの無い敬礼をして整列をする。,K46号と下級戦闘員達は一切の狂いの無い敬礼をして整列をする。,,K46號和下級戰鬥員們以絲毫不亂的敬禮集合。,K,,K46 and the junior soldiers saluted in perfect unison and fell into formation.,K46호와 하급 전투원들은 일절 흐트러짐 없는 경례를 하고 정렬한다.,K46号和下级战斗员们以丝毫不乱的敬礼集合。
,,,,,,,,,,
Hisui.Fallen2-103,,そして既に戦闘員達は番号でしかその区別はつかなくなっていた。,そして既に戦闘員達は番号でしかその区別はつかなくなっていた。,,而且戰鬥員們已經只能用編號區別了。,而,,And already the soldiers had become indistinguishable except by their numbers.,그리고 이미 전투원들은 번호로만 그 구별이 가능해져 있었다.,而且战斗员们已经只能用编号区别了。
,,,,,,,,,,
Hisui.Fallen2-104,072号,「……これからあなた達は私の指揮下のコマとなり戦闘任務に従事します。」,「……これからあなた達は私の指揮下のコマとなり戦闘任務に従事します。」,,「……從現在起妳們將成為我指揮下的棋子，從事戰鬥任務。」,「,,"""...From now on, you will serve as pawns under my command in combat missions.""",「……이제부터 당신들은 제 지휘 하의 말이 되어 전투 임무에 종사합니다.」,「……从现在起你们将成为我指挥下的棋子，从事战斗任务。」
,,,,,,,,,,
Hisui.Fallen2-105,,「下級戦闘員として確実に命令を遂行するように。」,「下級戦闘員として確実に命令を遂行するように。」,,「作為下級戰鬥員確實執行命令。」,「作為下級戰鬥員，確實執行命令。」,,"""As junior soldiers, execute orders without fail.""",「하급 전투원으로서 확실히 명령을 수행하도록.」,「作为下级战斗员确实执行命令。」
,,,,,,,,,,
Hisui.Fallen2-106,下級戦闘員,「「「「「「キィーーーーーーッ！！！」」」」」」,「「「「「「キィーーーーーーッ！！！」」」」」」,,「「「「「「嘰────────！！！」」」」」」,「,,"""KIIIIII!!!""",「「「「「「키이ーーーーーー잇!!!」」」」」」,「「「「「「吱────────！！！」」」」」」
,,,,,,,,,,
Hisui.Fallen2-107,,既にK46号には聖核戦姫としての記憶も、西園寺ヒスイとしての人格も残っていなかった,既にK46号には聖核戦姫としての記憶も、西園寺ヒスイとしての人格も残っていなかった,,K46號已經連聖核戰姬的記憶也沒有了，西園寺翡翠的人格也沒剩下了。,既已沒有K46號的聖核戰姬的記憶，也沒有西園寺翡翠的人格。,,K46's memory of being a Holy Core Battlemaiden and her personality as Hisui Saionji have been erased.,"이미 K46호에게는 성핵전희로서의 기억도, 사이온지 히스이로서의 인격도 남아 있지 않았다",K46号已经连圣核战姬的记忆也没有了，西园寺翡翠的人格也没剩下了。
,,,,,,,,,,
Hisui.Fallen2-108,K46号,(キィーーーーーッ！私は下級戦闘員K46号！),(キィーーーーーッ！私は下級戦闘員K46号！),,（嘰────────！我是下級戰鬥員K46號！）,(キィーーーーーッ！我是下級戰鬥員K46號！),,(KIIIIII! I am junior soldier K46!),(키이ーーーーー잇! 나는 하급 전투원 K46호!),（吱────────！我是下级战斗员K46号！）
,,,,,,,,,,
Hisui.Fallen2-109,,(フォーレン財団の為……！全力で命令を遂行しますッ！),(フォーレン財団の為……！全力で命令を遂行しますッ！),,（為了墮落財團……！全力執行命令！）,(為了福倫財團……！我會全力執行命令的！),,(For the Forren Foundation...! I will follow orders with everything I've got!),(폴른 재단을 위해……! 전력으로 명령을 수행합니다!),（为了财团……！全力执行命令！）
,,,,,,,,,,
Hisui.Fallen2-110,,――――――――,――――――――,,――――――――,――――――――,,...,――――――――,――――――――
,,,,,,,,,,
Hisui.Fallen2-111,,――――,――――,,――――,――――――――,,...,――――,――――
,,,,,,,,,,
Hisui.Fallen2-112,,ー,ー,,ー,――――――――,,...,ー,ー
,,,,,,,,,,
,,,,,,,,,,
,,,,,,,,,,
,,,,,,,,,,
,,,,,,,,,,
Hisui Fallen Scene　３,注釈,闇堕ちシーン,闇堕ちシーン,闇堕ちシーン,闇堕ちシーン,闇堕ちシーン,,,타락 이벤트,暗堕ちシーン
,,,,,,,,,,
Hisui.Fallen3-1,,――――街中、路地裏にて,――――街中、路地裏にて,,———街道上，巷弄之中,――――在城市中，巷弄間,,In a city alley,"――――거리, 뒷골목에서",———街道上、巷弄之中
,,,,,,,,,,
Hisui.Fallen3-2,市民A,「はあっ、はあっ…ここまで来れば…大丈夫……」,「はあっ、はあっ…ここまで来れば…大丈夫……」,,「哈啊、哈啊……到這裡就……沒問題了……」,「呼呼，呼呼…到這裡了…沒問題……」,,"""Haah, haah... if we've made it this far... we should be safe...""","「하앗, 하앗… 여기까지 오면… 괜찮아……」",「哈啊、哈啊……到这里就……没问题了……」
,,,,,,,,,,
Hisui.Fallen3-3,市民B,「ううっ…おねえちゃん……どうなってるの…？」,「ううっ…おねえちゃん……どうなってるの…？」,,「嗚嗚……姊姊……這是怎麼回事……？」,「呜呜…姊姊……發生了什麼事…？」,,"""Uuh... What's happening...?!""",「으윽… 언니…… 어떻게 된 거야…?」,「呜呜……姊姊……这是怎么回事……？」
,,,,,,,,,,
Hisui.Fallen3-4,市民A,「大丈夫！……あんたは何があっても私が守るから……」,「大丈夫！……あんたは何があっても私が守るから……」,,「沒事的！不管發生什麼，我都會保護妳……」,「沒問題！……無論發生什麼事，我會保護你的……」,,"""It's okay! ...No matter what happens, I'll protect you...""",「괜찮아!…… 너는 무슨 일이 있어도 내가 지킬 테니까……」,「没事的！不管发生什么，我都会保护你……」
,,,,,,,,,,
Hisui.Fallen3-5,???,「キィーーーーーーッ！！見つけましたッ！！」,「キィーーーーーーッ！！見つけましたッ！！」,,「嘰————！！找到妳們了！！」,「咦───！！找到了！！」,,"""KIIIIII!! Found you!!""",「키이ーーーーーー잇!! 찾았습니다!!」,「吱————！！找到你们了！！」
,,,,,,,,,,
Hisui.Fallen3-6,"市民A,B",「「！？」」,「「！？」」,,「「！？」」,「「！？」」,,"""?!""",「「!?」」,「「！？」」
,,,,,,,,,,
Hisui.Fallen3-7,K46号,「ふふっ…それもちょうどいいメスが二匹……いい報告が出来そうです！」,「ふふっ…それもちょうどいいメスが二匹……いい報告が出来そうです！」,,「呵呵……正好有兩隻不錯的雌性……這下能交出一份好報告了呢！」,「呼呼…這正好是兩隻不錯的雌性……看來可以報告好消息了！」,,"""Fufu... and two perfect females at that... I'll have good news to report!""",「후훗… 마침 좋은 암컷이 두 마리…… 좋은 보고가 될 것 같군요!」,「呵呵……正好有两只不错的雌性……这下能交出一份好报告了呢！」
,,,,,,,,,,
Hisui.Fallen3-8,市民A,「せ、戦闘員……ッ！」,「せ、戦闘員……ッ！」,,「戰、戰鬥員……！」,「戰鬥員……！」,,"""S-Soldiers...!""","「저, 전투원……!」",「战、战斗员……！」
,,,,,,,,,,
Hisui.Fallen3-9,K46号,「キィーーーッ！抵抗しても無駄ですよ？あなた達も戦闘員になるのです！」,「キィーーーッ！抵抗しても無駄ですよ？あなた達も戦闘員になるのです！」,,「嘰ーーー！就算反抗也沒用喔？妳們也會變成戰鬥員的！」,「咦───！抵抗也是徒勞的喔？你們也會成為戰鬥員的！」,,"""KIII! Resistance is futile. You will become soldiers too!""",「키이ーーー잇! 저항해도 소용없어요? 당신들도 전투원이 되는 겁니다!」,「吱ーーー！就算反抗也没用喔？你们也会变成战斗员的！」
,,,,,,,,,,
Hisui.Fallen3-10,市民A,「そんな……せ、せめて妹だけは……！」,「そんな……せ、せめて妹だけは……！」,,「怎麼會……！至少、至少放過我妹妹……！」,「這樣……至、至少只有妹妹……！」,,"""No way... a-at least spare my sister...!""","「그런…… 저, 적어도 동생만은……!」",「怎么会……！至少、至少放过我妹妹……！」
,,,,,,,,,,
Hisui.Fallen3-11,K46号,「駄目ですッ！二人とも連れて行きますッ！」,「駄目ですッ！二人とも連れて行きますッ！」,,「不行！兩個都要帶走！」,「不行的！我會把你們兩個都帶走的！」,,"""No! I'm taking both of you!""",「안 됩니다! 두 사람 모두 데려가겠습니다!」,「不行！两个都要带走！」
,,,,,,,,,,
Hisui.Fallen3-12,市民A,「……ふざけないでっ！あんた達みたいな悪者なんて…いつか必ず………」,「……ふざけないでっ！あんた達みたいな悪者なんて…いつか必ず………」,,「……別開玩笑了！像你們這種壞蛋，總有一天一定會——！」,「……不要開玩笑！像你們這樣的壞人……總有一天一定會……」,,"""...Don't mess with us! Evil people like you... someday for sure...""",「……웃기지 마! 너희들 같은 악당 따위… 언젠가 반드시………」,「……别开玩笑了！像你们这种坏蛋，总有一天一定会——！」
,,,,,,,,,,
Hisui.Fallen3-13,K46号,「キィーーーーーッ！残念ながら聖核戦姫はもういませんっ！我々の邪魔をする者はいないのですっ！」,「キィーーーーーッ！残念ながら聖核戦姫はもういませんっ！我々の邪魔をする者はいないのですっ！」,,「嘰ーーーー！很遺憾，聖核戰姫已經不存在了！再也沒有人能妨礙我們了！」,「咦───！很遺憾，聖核戰姬已經不在了！沒有人能阻止我們了！」,,"""KIIIIII! Unfortunately, the Holy Core Battlemaidens are gone! There's no one left to stop us!""",「키이ーーーーー잇! 유감스럽게도 성핵전희는 이제 없습니다! 저희의 방해를 하는 자는 없는 겁니다!」,「吱ーーーー！很遗憾，圣核战姫已经不存在了！再也没有人能妨碍我们了！」
,,,,,,,,,,
Hisui.Fallen3-14,,「キィーーーッ！大人しく戦闘員になりなさいっ！」,「キィーーーッ！大人しく戦闘員になりなさいっ！」,,「嘰ーーー！乖乖變成戰鬥員吧！」,「咦───！乖乖成為戰鬥員吧！」,,"""KIII! You'll have no choice but to become soldiers!""",「키이ーーー잇! 얌전히 전투원이 되십시오!」,「吱ーーー！乖乖变成战斗员吧！」
,,,,,,,,,,
Hisui.Fallen3-15,,そしてK46号は二人を誘拐し、財団の施設へ連れ帰るのだった,そしてK46号は二人を誘拐し、財団の施設へ連れ帰るのだった,,於是，K46號綁走了兩人，將她們帶回財團的設施之中。,然後K46號將兩人綁架，帶回財團的設施。,,And so K46 kidnapped the two and brought them back to the Foundation's facility.,"그리고 K46호는 두 사람을 납치하여, 재단 시설로 데려가는 것이었다",于是，K46号绑走了两人，将她们带回财团的设施之中。
,,,,,,,,,,
,暗転,,,,,,,,,
,,,,,,,,,,
Hisui.Fallen3-16,Hisui story DLC 4-9,昼下がり、ビル群の影にて,昼下がり、ビル群の影にて,,午後——在高樓大廈的陰影下，,午後，身處高樓大廈的陰影中。,,"In the afternoon, under the shadows of the buildings","오후, 빌딩 숲 그늘에서",午后——在高楼大厦的阴影下，
,,,,,,,,,,
Hisui.Fallen3-17,,何人もの女戦闘員が市民を襲っていた,何人もの女戦闘員が市民を襲っていた,,數名女戰鬥員正在襲擊市民。,許多女戰鬥員正在襲擊市民。,,Multiple female soldiers were attacking citizens.,여러 명의 여성 전투원이 시민을 습격하고 있었다,数名女战斗员正在袭击市民。
,,,,,,,,,,
Hisui.Fallen3-18,市民C,「うわあっ！た、助けてくれ！」,「うわあっ！た、助けてくれ！」,,「嗚哇啊！誰、誰來救救我啊！」,「哇啊！幫、救救我！」,,"""Uwaaah! H-help me!""","「우왓! 도, 도와줘!」",「呜哇啊！谁、谁来救救我啊！」
,,,,,,,,,,
Hisui.Fallen3-19,K46号,「キィーーーーーーッ！！捕まえました！」,「キィーーーーーーッ！！捕まえました！」,,「嘰ーーーーーー！！抓到了！」,「咦───！！抓到你了！」,,"""KIIIIII!! Caught you!""",「키이ーーーーーー잇!! 잡았습니다!」,「吱ーーーーーー！！抓到了！」
,,,,,,,,,,
Hisui.Fallen3-20,市民C,「く、くそっ、こんな変態女に捕まるとは…っ」,「く、くそっ、こんな変態女に捕まるとは…っ」,,「可、可惡……竟然被這種變態女人抓住……！」,「可、可惡，竟然被這種變態女人抓住了…」,,"""D-damn, to be caught by this perverted woman...""","「크, 젠장, 이런 변태 여자에게 잡히다니…윽」",「可、可恶……竟然被这种变态女人抓住……！」
,,,,,,,,,,
Hisui.Fallen3-21,K46号,「キキッ、あなたもフォーレン財団の戦闘員になるのですッ！」,「キキッ、あなたもフォーレン財団の戦闘員になるのですッ！」,,「嘻嘻，你也要成為墮落財團的戰鬥員喔！」,「基基，你也要成為福倫財團的戰鬥員！」,,"""Kiki, you too will become a Forren Foundation soldier!""","「키킷, 당신도 폴른 재단 전투원이 되는 겁니다!」",「嘻嘻，你也要成为堕落财团的战斗员喔！」
,,,,,,,,,,
Hisui.Fallen3-22,市民C,「い、いやだっ！こんな変な仮面被ったバカみたいな連中の仲間になどなるものかっ！」,「い、いやだっ！こんな変な仮面被ったバカみたいな連中の仲間になどなるものかっ！」,,「不、不可能！我才不要加入這些戴著奇怪面具的蠢貨！」,「不、不要！我才不要成為這種戴著奇怪面具的蠢蛋們的夥伴！」,,"""N-no way! I won't become one of these idiots wearing weird masks!""","「시, 싫어! 이런 이상한 가면 쓴 바보 같은 녀석들의 동료 따위 될까 보냐!」",「不、不可能！我才不要加入这些戴着奇怪面具的蠢货！」
,,,,,,,,,,
Hisui.Fallen3-23,K46号,「キィーーーッ！聞き捨てなりませんねっ！」,「キィーーーッ！聞き捨てなりませんねっ！」,,「嘰ーーー！這話可不能當作沒聽到呢！」,「咦──！這種話我可聽不下去！」,,"""KIII! I can't let that slide!""",「키이ーーー잇! 그냥 넘어갈 수 없군요!」,「吱ーーー！这话可不能当作没听到呢！」
,,,,,,,,,,
Hisui.Fallen3-24,Hisui story DLC 4-10,ズプッ！！,ズプッ！！,,啵滋——！！,「啪唧！！」,,Thrust!!,즈풋!!,啵滋——！！
,,,,,,,,,,
Hisui.Fallen3-25,K46号,「ふうっ♥、なかなか良いペニスを持ってますねっ♥戦闘員になる資格は十分ですっ！」,「ふうっ♥、なかなか良いペニスを持ってますねっ♥戦闘員になる資格は十分ですっ！」,,「呼♥，你擁有挺不錯的陰莖呢♥有充分成為戰鬥員的資格哦！」,「呼呼♥，你擁有相當不錯的陽具♥，完全有資格成為戰鬥員！」,,"""Fuu♥ you have quite a nice penis♥ You're more than qualified to become a soldier!""","「후웃♥, 제법 좋은 페니스를 가지고 있군요♥ 전투원이 될 자격은 충분합니다!」",「呼♥，你拥有挺不错的阴茎呢♥有充分成为战斗员的资格哦！」
,,,,,,,,,,
Hisui.Fallen3-26,市民C,「や、やめろっ…私には妻と娘が……っ！」,「や、やめろっ…私には妻と娘が……っ！」,,「快住、住手…我有老婆和女兒…！」,「啊、停下……我有妻子……！」,,"""S-stop... I have a wife and daughter...!""","「그, 그만둬… 나에게는 아내와 딸이……윽!」",「快住、住手…我有老婆和女儿…！」
,,,,,,,,,,
Hisui.Fallen3-27,K46号,「キィーーーッ！戦闘員に泣き落としは通用しませんよっ…♥」,「キィーーーッ！戦闘員に泣き落としは通用しませんよっ…♥」,,「嘰──────！對戰鬥員哭訴是沒用的哦…♥」,「咦──！對戰鬥員的哭泣攻勢是不起作用的喔…♥」,,"""KIII! Sob stories don't work on soldiers...♥""",「키이ーーー잇! 전투원에게 눈물 호소는 통하지 않아요…♥」,「吱──────！对战斗员哭诉是没用的哦…♥」
,,,,,,,,,,
Hisui.Fallen3-28,Hisui story DLC 4-11,パチュッ♥、パチュッ♥,パチュッ♥、パチュッ♥,,啪啾♥、啪啾♥,「啪唧♥，啪唧♥」,,Slap♥ Slap♥,"파츗♥, 파츗♥",啪啾♥、啪啾♥
,,,,,,,,,,
Hisui.Fallen3-29,,「キキッ♥、どうですか？戦闘員になれば新しい女の子とやり放題ですよ？」,「キキッ♥、どうですか？戦闘員になれば新しい女の子とやり放題ですよ？」,,「嘻嘻♥，怎麼樣？成為戰鬥員的話就能隨便和新的女孩做愛哦？」,「咦咦♥，怎麼樣？成為戰鬥員就可以盡情與新的女孩子做任何事情了喔？」,,"""Kiki♥ how about it?! If you become a soldier, you can fuck all the new girls you want!""","「키킷♥, 어떻습니까? 전투원이 되면 새로운 여성들과 마음껏 할 수 있다고요?」",「嘻嘻♥，怎么样？成为战斗员的话就能随便和新的女孩做爱哦？」
,,,,,,,,,,
Hisui.Fallen3-30,市民C,「うっ…しかしっ……！」,「うっ…しかしっ……！」,,「嗚…但是……！」,「唔…但是……！」,,"""Ugh... but...!""",「윽… 하지만……!」,「呜…但是……！」
,,,,,,,,,,
Hisui.Fallen3-31,K46号,「強情ですね…っ！キィーーーッ！」,「強情ですね…っ！キィーーーッ！」,,「真頑固呢…！嘰──────！」,「固執呢…！咦──！」,,"""So stubborn...! KIII!""",「완고하시군요…윽! 키이ーーー잇!」,「真顽固呢…！吱──────！」
,,,,,,,,,,
Hisui.Fallen3-32,,パチュッ♥、パチュッ♥、パチュッ♥,パチュッ♥、パチュッ♥、パチュッ♥,,啪啾♥、啪啾♥、啪啾♥,「啪唧♥，啪唧♥，啪唧♥」,,Slap♥ Slap♥ Slap♥,"파츗♥, 파츗♥, 파츗♥",啪啾♥、啪啾♥、啪啾♥
,,,,,,,,,,
Hisui.Fallen3-33,K46号,「キィーーーッ！ほらっ、出せっ、出せっ♥！」,「キィーーーッ！ほらっ、出せっ、出せっ♥！」,,「嘰──────！來，射吧、射吧♥！」,「咦──！快點，拿出來，拿出來♥！」,,"""KIII! Come on, come, come!""","「키이ーーー잇! 자! 싸요, 싸♥!」",「吱──────！来，射吧、射吧♥！」
,,,,,,,,,,
Hisui.Fallen3-34,市民C,「ぐっ、くそっ…誰か助けてくれっ……！」,「ぐっ、くそっ…誰か助けてくれっ……！」,,「咕、該死…誰來救救我…！」,「咕、可惡…誰來幫幫我啊……！」,,"""Guh, damn... someone help me...!""","「크윽, 젠장… 누가 도와줘……!」",「咕、该死…谁来救救我…！」
,,,,,,,,,,
Hisui.Fallen3-35,K46号,「キキッ、残念でした～♥聖核戦姫は皆“私達に”負けちゃったのでっ…誰も助けには来ませんよ？」,「キキッ、残念でした～♥聖核戦姫は皆“私達に”負けちゃったのでっ…誰も助けには来ませんよ？」,,「嘻嘻，太可惜了～♥聖核戰姬全都被“我們”打敗了…沒人會來救你哦？」,「咦咦，可惜了～♥ 聖核戰姬們都被我們打敗了呢…沒人會來救你們的哦？」,,"""Kiki, too bad♥ The Holy Core Battlemaidens were all defeated by ""us""... so no one's coming to help!""","「키킷, 유감이었네요~♥ 성핵전희는 모두 “우리에게” 져버렸으니까… 아무도 도와주러 오지 않아요?」",「嘻嘻，太可惜了～♥圣核战姬全都被“我们”打败了…没人会来救你哦？」
,,,,,,,,,,
Hisui.Fallen3-36,,「諦めて、さっさと射精しなさいっ！」,「諦めて、さっさと射精しなさいっ！」,,「放棄吧，給我快點射精！」,「放棄吧，趕快射精吧！」,,"""Give up and ejaculate already!""","「포기하고, 빨리 사정하십시오!」",「放弃吧，给我快点射精！」
,,,,,,,,,,
Hisui.Fallen3-37,,パチュッ♥、パチュッ♥、パチュッ♥,パチュッ♥、パチュッ♥、パチュッ♥,,啪啾♥、啪啾♥、啪啾♥,「啪唧♥，啪唧♥，啪唧♥」,,Slap♥ Slap♥ Slap♥,"파츗♥, 파츗♥, 파츗♥",啪啾♥、啪啾♥、啪啾♥
,,,,,,,,,,
Hisui.Fallen3-38,市民C,「ぐうっ…で、でるっ……！！」,「ぐうっ…で、でるっ……！！」,,「咕…要、射了……！！」,「咕…出、出來了……！！」,,"""Guuh... I-I'm coming...!!""","「크으윽… 싸, 싼다……!!」",「咕…要、射了……！！」
,,,,,,,,,,
Hisui.Fallen3-39,Hisui story DLC 4-12,ドクッ…ビュルルッ！,ドクッ…ビュルルッ！,,咚噗…嗶嚕嚕！,咕…嗡嗡！,,Throb... Spurt!,도큣… 뷰르르릇!,咚噗…哔噜噜！
,,,,,,,,,,
Hisui.Fallen3-40,K46号,「キィーーッ！出しちゃいましたねっ♥これであなたも戦闘員の仲間入りですっ♥」,「キィーーッ！出しちゃいましたねっ♥これであなたも戦闘員の仲間入りですっ♥」,,「嘰────！射出來了呢♥這樣一來你就是戰鬥員的一員了♥」,「咦咦ー！你也出來了呢♥ 這樣你也成為戰鬥員的一員了呢♥」,,"""KIII! You came♥ Now you're one of us soldiers♥""",「키이--잇! 싸버렸네요♥ 이걸로 당신도 전투원 동료입니다♥」,「吱────！射出来了呢♥这样一来你就是战斗员的一员了♥」
,,,,,,,,,,
Hisui.Fallen3-41,,「キィーーッ！あなたも財団の為に身を捧げるのですっ！」,「キィーーッ！あなたも財団の為に身を捧げるのですっ！」,,「嘰────！你也要為財團奉獻身心！」,「咦咦ー！你也要為財團奉獻自己的身心！」,,"""KIII! You too will dedicate yourself to the Foundation!""",「키이--잇! 당신도 재단을 위해 몸을 바치는 겁니다!」,「吱────！你也要为财团奉献身心！」
,,,,,,,,,,
Hisui.Fallen3-42,,その時、別の女戦闘員が現れる,その時、別の女戦闘員が現れる,,這時，另一名女戰鬥員出現。,在那時，另一名女戰鬥員出現了。,,"At that moment, another female soldier appeared.","그때, 다른 여성 전투원이 나타난다",那时，另一名女战斗员出现。
,,,,,,,,,,
Hisui.Fallen3-43,K47号,「キィーーッ！K46号、この先の地下鉄にメス共が大量に隠れているのが発見されました。増援の要請です。」,「キィーーッ！K46号、この先の地下鉄にメス共が大量に隠れているのが発見されました。増援の要請です。」,,「嘰────！K46號，前方的地鐵裡發現大量雌性躲藏。請求增援。」,「咦咦ー！K46號，發現大量雌性在地下鐵站的前方隱匿。請求增援。」,,"""KIII! K46, a large group of females has been discovered hiding in the subway ahead. Requesting reinforcements.""","「키이--잇! K46호, 이 앞 지하철에 암컷들이 대량으로 숨어 있는 것이 발견되었습니다. 증원 요청입니다.」",「吱────！K46号，前方的地铁里发现大量雌性躲藏。请求增援。」
,,,,,,,,,,
Hisui.Fallen3-44,K46号,「キィーーッ！了解しました！直ちに捕獲に向かいます！」,「キィーーッ！了解しました！直ちに捕獲に向かいます！」,,「嘰────！了解！立刻前往捕獲！」,「咦咦ー！明白了！我們立刻前往捕獲！」,,"""KIII! Understood! Proceeding to capture immediately!""",「키이--잇! 알겠습니다! 즉시 포획하러 가겠습니다!」,「吱────！了解！立刻前往捕获！」
,,,,,,,,,,
Hisui.Fallen3-45,K46号&K47号,「「キィーーーーーーッ！財団の為にッ！」」,「「キィーーーーーーッ！財団の為にッ！」」,,「「嘰────────！為了財團！」」,「「咦咦咦咦咦咦ー！為了財團！」」,,"""KIIIIII! For the Foundation!""",「「키이ーーーーーー잇! 재단을 위해!」」,「「吱────────！为了财团！」」
,,,,,,,,,,
Hisui.Fallen3-46,,そしてその後、K46号と戦闘員達によって地下鉄は制圧されるのだった,そしてその後、K46号と戦闘員達によって地下鉄は制圧されるのだった,,之後，K46號和戰鬥員們一起制壓了地鐵站。,然後，K46號和戰鬥員們成功控制了地下鐵站。,,"And afterwards, K46 and the soldiers successfully suppressed the subway.","그리고 그 후, K46호와 전투원들에 의해 지하철은 제압되었다",之后，K46号和战斗员们一起制压了地铁站。
,暗転,,,,,,,,,
,,,,,,,,,,
Hisui.Fallen3-47,,――――アジトにて,――――アジトにて,,———在基地中,――――在根據地裡。,,At the hideout,――――아지트에서,———在基地中
,,,,,,,,,,
Hisui.Fallen3-48,K46号,(ふうっ……今日も沢山の市民を捕獲しました…),(ふうっ……今日も沢山の市民を捕獲しました…),,（呼……今天也抓到了不少市民……）,(呼……今天又捕獲了許多市民…),,(Phew... I captured many citizens today too...),(후웃…… 오늘도 많은 시민을 포획했습니다…),（呼……今天也抓到了不少市民……）
,,,,,,,,,,
Hisui.Fallen3-49,,(しかし……もっと財団の為に働かなくては…身も心も下級戦闘員として捧げなくては…),(しかし……もっと財団の為に働かなくては…身も心も下級戦闘員として捧げなくては…),,（但是……我還得為財團做得更多……必須將身心完全奉獻給下級戰鬥員的使命……）,然而……我必須更努力為了財團…不僅是身體，心靈也必須奉獻為下級戰鬥員…,,(However... I must work even harder for the Foundation... I must dedicate my body and soul as a junior soldier...),(하지만…… 더욱 재단을 위해 일해야… 몸도 마음도 하급 전투원으로서 바쳐야…),（但是……我还得为财团做得更多……必须将身心完全奉献给下级战斗员的使命……）
,,,,,,,,,,
Hisui.Fallen3-50,,(………………あれ？),(………………あれ？),,（………………咦？）,(………………咦？),,(...Huh?!),(………………어라?),（………………咦？）
,,,,,,,,,,
Hisui.Fallen3-51,,(――――“私”………なんで………？),(――――『私』………なんで………？),,（――――「我」……為什麼……？）,(――――“我”……為什麼……？),,"(""I""... why...?!)",(――――“나”……… 왜………?),（――――「我」……为什么……？）
,,,,,,,,,,
Hisui.Fallen3-52,,(……………何か……大事なことを忘れているよな……？),(……………何か……大事なことを忘れているよな……？),,（…………總覺得……忘了什麼重要的事情……？）,(……………有什麼……重要的事情被忘記了吧……？),,(Something... I'm forgetting something important...?!),(…………… 뭔가…… 중요한 것을 잊고 있는 것 같은데……?),（…………总觉得……忘了什么重要的事情……？）
,,,,,,,,,,
Hisui.Fallen3-53,,(……任務以外で……大事な事……？),(……任務以外で……大事な事……？),,（……任務以外的……重要的事……？）,(……除了任務之外……重要的事情……？),,(Something important... besides missions...?!),(……임무 외에…… 중요한 것……?),（……任务以外的……重要的事……？）
,,,,,,,,,,
Hisui.Fallen3-54,,(……駄目です……戦闘員には余計な思考は禁止されているのですから！),(……駄目です……戦闘員には余計な思考は禁止されているのですから！),,（……不行……戰鬥員是不被允許有多餘思考的！）,(……不行……戰鬥員是禁止有多餘思考的！),,(No... Soldiers are prohibited to have unnecessary thoughts!),(…… 안 됩니다…… 전투원에게는 쓸데없는 사고는 금지되어 있으니까요!),（……不行……战斗员是不被允许有多馀思考的！）
,,,,,,,,,,
Hisui.Fallen3-55,,(……でも………やっぱり何かが引っかかる気が…………),(……でも………やっぱり何かが引っかかる気が…………),,（……可是……總覺得心裡有什麼東西在卡著…………）,(……但是………還是感覺有什麼不對勁…………),,(But... I still feel like something's bothering me...),(……하지만……… 역시 뭔가가 걸리는 기분이…………),（……可是……总觉得心里有什么东西在卡着…………）
,,,,,,,,,,
Hisui.Fallen3-56,072号,「下級戦闘員、本日の任務ご苦労でした。」,「下級戦闘員、本日の任務ご苦労でした。」,,「下級戰鬥員，今天的任務辛苦了。」,「下級戰鬥員，今天的任務辛苦了。」,,"""Junior soldiers, good work on today's mission.""","「하급 전투원, 오늘 임무 수고했습니다.」",「下级战斗员，今天的任务辛苦了。」
,,,,,,,,,,
Hisui.Fallen3-57,下級戦闘員&K46号,「「「「「「キィーーーーーーッ！」」」」」」,「「「「「「キィーーーーーーッ！」」」」」」,,「「「「「「嘰──────！」」」」」」,「「「「「「咿——！」」」」」」,,"""KIIIIII!""",「「「「「「키이ーーーーーー잇!」」」」」」,「「「「「「吱ーーーーーー！」」」」」」
,,,,,,,,,,
Hisui.Fallen3-58,,「さて、任務が終わった所で疲れているでしょうが…」,「さて、任務が終わった所で疲れているでしょうが…」,,「那麼，雖然妳們剛完成任務應該很疲憊……」,「好了，任務結束後應該有些疲累吧…」,,"""Now, you must be tired after completing your mission, but...""","「자, 임무가 끝난 곳에서 피곤하겠지만…」",「那么，虽然你们刚完成任务应该很疲惫……」
,,,,,,,,,,
Hisui.Fallen3-59,072号,「……これからあなた達の定期メンテナンスを行います。私に付いてくるように。」,「……これからあなた達の定期メンテナンスを行います。私に付いてくるように。」,,「……接下來要為妳們進行定期維護。請跟我來。」,「……現在要進行你們的定期維護。請跟著我。」,,"""We will now perform your regular maintenance. Follow me.""",「……이제부터 당신들의 정기 유지 보수를 실시합니다. 저를 따라오도록.」,「……接下来要为你们进行定期维护。请跟我来。」
,,,,,,,,,,
,暗転,,,,,,,,,
,Hisui story DLC 2-6,,,,,,,,,
Hisui.Fallen3-60,,(……また……この洗脳装置……),(……また……この教育装置……),,（……又是這個教育裝置……）,(……再次……這個洗腦裝置……),,(...Again... this re-educating device...),(……또…… 이 세뇌 장치……),（……又是这个教育装置……）
,,,,,,,,,,
Hisui.Fallen3-61,,(…………前ここに繋がれた時は………私……なにしてたっけ……),(…………前ここに繋がれた時は………私……なにしてたっけ……),,（…………上次被帶到這裡的時候……我……在做什麼來著……）,(……之前被綁在這裡的時候……我……在做什麼來著……),,(When I was connected here before... What was I doing...?!),(…………전에 여기에 연결되었을 때는……… 나…… 뭐 했더라……),（…………上次被带到这里的时候……我……在做什么来着……）
,,,,,,,,,,
Hisui.Fallen3-62,,(あれ……そのもっと前は………？),(あれ……そのもっと前は………？),,（咦……再往前一點的記憶……是什麼……？）,(那個……再往前是……？),,(Huh... and before that...?!),(어라…… 그 더 이전에는………?),（咦……再往前一点的记忆……是什么……？）
,,,,,,,,,,
Hisui.Fallen3-63,,【メンテナンスシステム起動。対象戦闘員の再調整を実施します】,【メンテナンスシステム起動。対象戦闘員の再調整を実施します】,,【維護系統啟動。開始對目標戰鬥員進行再調整】,【啟動維護系統。進行對象戰鬥員的再調整】,,[Maintenance system activated. Commencing soldier readjustment.],【유지 보수 시스템 기동. 대상 전투원의 재조정을 실시합니다】,【维护系统启动。开始对目标战斗员进行再调整】
,,,,,,,,,,
Hisui.Fallen3-64,,バチバチバチッ！！,バチバチバチッ！！,,啪──滋滋滋！！,嘭嘭嘭！！,,Zap zap zap!!,바치바치바칫!!,啪──滋滋滋！！
,,,,,,,,,,
Hisui.Fallen3-65,K46号,「キィッ！？お゛おっ♥おおおっ～～♥♥！？」,「キィッ！？お゛おっ♥おおおっ～～♥♥！？」,,「嘰！？噢哦♥哦哦～～♥♥！？」,「啊！？喔♥喔喔～～♥♥！？」,,"""Kii?! Oghoh♥ ohhhhh♥♥?!""",「키잇!? 오옷 오옷♥ 오오오옷~~~~♥♥!?」,「吱！？噢哦♥哦哦～～♥♥！？」
,,,,,,,,,,
Hisui.Fallen3-66,,(あっ♥……これっ……また……♥),(あっ♥……これっ……また……♥),,（啊……♥ 這個感覺……又來了……♥）,(啊♥……這個……又……♥),,(Ah♥... this... again...♥),(앗♥…… 이거…… 또……♥),（啊……♥ 这个感觉……又来了……♥）
,,,,,,,,,,
Hisui.Fallen3-67,,(頭の中っ……ふわふわして……何も……考えられなくなって……♥),(頭の中っ……ふわふわして……何も……考えられなくなって……♥),,（腦袋裡……一片飄忽……什麼都……想不了了……♥）,(腦袋裡……感覺飄飄然的……什麼都……想不起來了……♥),,(Inside my head... getting fuzzy... can't... think of anything...♥),(머릿속…… 푹신푹신해서…… 아무것도…… 생각할 수 없게 돼서……♥),（脑袋里……一片飘忽……什么都……想不了了……♥）
,,,,,,,,,,
Hisui.Fallen3-68,,そしてK46号に芽生えた違和感は洗脳と共に全て消え去る,そしてK46号に芽生えた違和感は教育と共に全て消え去る,,隨著教育的深入，K46號心中萌生的違和感也完全消失。,而在K46號上萌生的不適感將隨著洗腦一起完全消失。,,And so the sense of unease that had sprouted in K46 was completely erased along with the re-educating.,그리고 K46호에게 싹튼 위화감은 세뇌와 함께 모두 사라진다,随着教育的深入，K46号心中萌生的违和感也完全消失。
,,,,,,,,,,
Hisui.Fallen3-69,,(……キィーーーーッ！！それでいいんです♥、そう！私は……戦闘員なのだから！),(……キィーーーーッ！！それでいいんです♥、そう！私は……戦闘員なのだから！),,（……嘰ーーーー！！這樣就對了♥ 沒錯！因為我是……戰鬥員！）,(……喔～～～！！這樣就好♥，對！我是……戰鬥員嘛！),,(...KIIIIII!! That's right♥ Yes! Because I am... a soldier!),"(……키이ーーーー잇!! 그걸로 됐어요♥, 그래! 나는…… 전투원이니까!)",（……吱ーーーー！！这样就对了♥ 没错！因为我是……战斗员！）
,,,,,,,,,,
Hisui.Fallen3-70,,(私の役割は……下級戦闘員K46号として財団に尽くす事……♥),(私の役割は……下級戦闘員K46号として財団に尽くす事……♥),,（我的使命……就是作為下級戰鬥員K46號，全心全意為財團效命……♥）,(我的角色是……作為下級戰鬥員K46號為財團服務……♥),,(My role is... to serve the Foundation as junior soldier K46...♥),(나의 역할은…… 하급 전투원 K46호로서 재단에 힘쓰는 것……♥),（我的使命……就是作为下级战斗员K46号，全心全意为财团效命……♥）
,,,,,,,,,,
Hisui.Fallen3-71,,(キィーーーーーーッ！財団に栄光をッ！),(キィーーーーーーッ！財団に栄光をッ！),,（嘰ーーーーーー！為財團獻上榮光！）,(喔～～～～～～！！為財團帶來榮耀吧！),,(KIIIIII! Glory to the Foundation!),(키이ーーーーーー잇! 재단에 영광을!),（吱ーーーーーー！为财团献上荣光！）
,,,,,,,,,,
Hisui.Fallen3-72,,(私は……下級戦闘員K46号っ……♥),(私は……下級戦闘員K46号っ……♥),,（我是……下級戰鬥員K46號……♥）,(我是……下級戰鬥員K46號……♥),,(I am... junior soldier K46...♥),(나는…… 하급 전투원 K46호……♥),（我是……下级战斗员K46号……♥）
,,,,,,,,,,
Hisui.Fallen3-73,,(キィーーーーーーッ！),(キィーーーーーーッ！),,（嘰ーーーーーー！）,(喔～～～～～～！！),,(KIIIIII!),(키이ーーーーーー잇!),（吱ーーーーーー！）
,,,,,,,,,,
Hisui.Fallen3-74,,(キィーーーーーーッ！),(キィーーーーーーッ！),,（嘰ーーーーーー！）,(喔～～～～～～！！),,(KIIIIII!),(키이ーーーーーー잇!),（吱ーーーーーー！）
,,,,,,,,,,
Hisui.Fallen3-75,,(キィーーーーーーッ！),(キィーーーーーーッ！),,（嘰ーーーーーー！）,喔～～～～～～！！,,(KIIIIII!),(키이ーーーーーー잇!),（吱ーーーーーー！）
,,,,,,,,,,
Hisui.Fallen3-76,,(キィーーーーーーッ！),(キィーーーーーーッ！),,（嘰ーーーーーー！）,喔～～～～～～！！,,(KIIIIII!),(키이ーーーーーー잇!),（吱ーーーーーー！）
,,,,,,,,,,
Hisui.Fallen3-77,,その後、K46号は二度とヒスイとしての自我を持つことは無くなり、K46号として財団に尽くす戦闘員となるのだった。,その後、K46号は二度とヒスイとしての自我を持つことは無くなり、K46号として財団に尽くす戦闘員となるのだった。,,此後，K46號再也沒有以「翡翠」的身分恢復自我，而是永遠作為K46號——財團忠誠的戰鬥員，徹底為其效命。,其後，K46號再也沒有擁有翡翠的自我，成為全心全意為財團服務的戰鬥員。,,"After that, K46 never again possessed self-awareness as Hisui, becoming a soldier who served the Foundation as K46.","그 후, K46호는 두 번 다시 히스이로서의 자아를 가지는 일 없이, K46호로서 재단에 힘쓰는 전투원이 되었다.",此后，K46号再也没有以「翡翠」的身分恢复自我，而是永远作为K46号——财团忠诚的战斗员，彻底为其效命。
,,,,,,,,,,
Hisui.Fallen3-78,,――――――――,――――――――,,――――――――,――――――――,,――――――――,――――――――,――――――――
,,,,,,,,,,
Hisui.Fallen3-79,,――――,――――,,――――,――――,,――――,――――,――――
,,,,,,,,,,
Hisui.Fallen3-80,,ー,ー,,ー,――,,ー,ー,ー
,,,,,,,,,,
Hisui  Debauchery Scene,注釈,淫乱化シーン,淫乱化シーン,聖核ちシーン,淫乱化シーン,淫乱化シーン,,,타락화 이벤트 2,淫乱化シーン
,,,,,,,,,,
Hisui.Horny1-1,,財団アジトにて――――,財団アジトにて――――,,――――在財團基地,在財團基地內――――,,At the Foundation's hideout,재단 아지트에서――――,――――在财团据点
,,,,,,,,,,
Hisui.Horny1-2,K46号,「キィーーーーーーッ！K46号、ただいま参りましたッ！」,「キィーーーーーーッ！K46号、ただいま参りましたッ！」,,「嘰ーーーーーー！K46號，報到完畢！」,「咦―――！K46號，我回來了！」,,"""Kiiiiiii! K46, reporting for duty!""","「키이ーーーーーー잇! K46호, 지금 도착했습니다!」",「吱ーーーーーー！K46号，报到完毕！」
,,,,,,,,,,
Hisui.Horny1-3,エレナ,「ああ、来ましたかK46号。」,「ああ、来ましたかK46号。」,,「啊，來了啊，K46號。」,「啊，來了嗎，K46號。」,,"""Ah, you've arrived, K46.""","「아아, 왔습니까 K46호.」",「啊，来了啊，K46号。」
,,,,,,,,,,
Hisui.Horny1-4,K46号,「キィーーーーッ！」,「キィーーーーッ！」,,「嘰ーーーー！」,「咦―――！」,,"""Kiiiiiii!""",「키이ーーーー잇!」,「吱ーーーー！」
,,,,,,,,,,
Hisui.Horny1-5,エレナ,「今回はプロバガンダAVの撮影です。K46号は奉仕任務にも非常に評判が良いようでしたので…」,「今回はプロバガンダAVの撮影です。K46号は奉仕任務にも非常に評判が良いようでしたので…」,,「這次要進行的是宣傳用的影片拍攝。妳在奉仕任務上的評價似乎相當不錯……」,「這次是拍攝宣傳AV的任務。由於K46號在服務任務上聲譽很好...」,,"""This time we'll be filming a propaganda porn. I heard that you have an excellent reputation for service duties...""",「이번에는 프로파간다 AV 촬영입니다. K46호는 봉사 임무에도 매우 평판이 좋은 것 같았으므로…」,「这次要进行的是宣传用的影片拍摄。你在奉仕任务上的评价似乎相当不错……」
,,,,,,,,,,
Hisui.Horny1-6,K46号,「キィーーーーッ！ありがとうございます！光栄でありますっ！」,「キィーーーーッ！ありがとうございます！光栄でありますっ！」,,「嘰ーーーー！非常感謝！這是我的榮幸！」,「咦―――！謝謝！我感到榮幸！」,,"""Kiiiiiii! Thank you! It's an honor!""",「키이ーーーー잇! 감사합니다! 영광입니다!」,「吱ーーーー！非常感谢！这是我的荣幸！」
,,,,,,,,,,
Hisui.Horny1-7,エレナ,「よろしい。それで貴女に任せたい役ですが…」,「よろしい。それで貴女に任せたい役ですが…」,,「很好。那麼，這次要交給妳的角色是……」,「好的。這個角色我想交給您處理...」,,"""Good. Now, about the role I want to assign you...""",「좋습니다. 그래서 당신에게 맡기고 싶은 역할입니다만…」,「很好。那么，这次要交给你的角色是……」
,,,,,,,,,,
Hisui.Horny1-8,,,,,,,,,,
,,,,,,,,,,
Hisui.Horny1-9,K46号(変身),「……これはっ？」,「……これはっ？」,,「……這是？」,「......這是？」,,"""...What is this?""",「……이것은?」,「……这是？」
,,,,,,,,,,
Hisui.Horny1-10,エレナ,「それは最後まで我々フォーレン財団に抗った最後の聖核戦姫、西園寺ヒスイの“コスプレ衣装”です。」,「それは最後まで我々フォーレン財団に抗った最後の聖核戦姫、西園寺ヒスイの“コスプレ衣装”です。」,,「那是直到最後仍在對抗我們墮落財團的聖核戰姫——西園寺翡翠的cosplay服裝。」,「這是最後一位對抗我們福倫財團的最後一位聖核戰姬，西園寺翡翠的“角色扮演服裝”。」,,"""That's a 'cosplay outfit' of Hisui Saionji, the last Holy Core Battlemaiden who resisted the Forren Foundation to the very end.""","「이것은 마지막까지 우리 폴른 재단에 저항했던 최후의 성핵전희, 사이온지 히스이의 “코스프레 의상”입니다.」",「那是最后仍然对我们佛伦财团抗争的圣核战姫——西园寺翡翠的cosplay服装。」
,,,,,,,,,,
Hisui.Horny1-11,K46号,「キィーーーーーッ！な、なんというか…不気味な服装ですね…っ！」,「キィーーーーーッ！な、なんというか…不気味な服装ですね…っ！」,,「嘰ーーーー！這、這打扮……真是詭異啊……！」,「咦―――！這、這穿著…有點詭異呢…！」,,"""Kiiiiiii! How should I put it... it's a creepy outfit...!""","「키이ーーーーー잇! 뭐, 뭐라고 할까… 불길한 복장이군요…!」",「吱ーーーー！这、这打扮……真是诡异啊……！」
,,,,,,,,,,
Hisui.Horny1-12,エレナ,「ふふっ…まあ安っぽいコスプレですが似合っていますよ。まるで本当に愚かなあの女のようです。」,「ふふっ…まあ安っぽいコスプレですが似合っていますよ。まるで本当に愚かなあの女のようです。」,,「呵呵，雖然只是廉價的角色服，但還挺適合妳的。妳跟那個愚蠢的女人本人一摸一樣呢。」,「呵呵…雖然是廉價的角色扮演，但你穿起來很適合。就像是那個愚蠢女人一樣。」,,"""Hehe... Well, it's a cheap cosplay, but it suits you. You look just like that foolish woman.""",「후훗… 뭐 값싼 코스프레이지만 잘 어울리는군요. 마치 정말 어리석은 그 여자 같습니다.」,「呵呵，虽然只是廉价的角色服，但还挺适合你的。你跟那个愚蠢的女人本人一摸一样呢。」
,,,,,,,,,,
Hisui.Horny1-13,K46号,「キィーーーーッ！ありがとうございます！不愉快な恰好ですが、全力で演技いたします！」,「キィーーーーッ！ありがとうございます！不愉快な恰好ですが、全力で演技いたします！」,,「嘰ーーーー！感謝您的稱讚！雖然這身裝扮令人不快，但我會全力投入演出的！」,「咦―――！謝謝！雖然穿著令人不快，但我會全力以赴演出！」,,"""Kiiiiiii! Thank you! It's an unpleasant outfit, but I'll act with all my might!""","「키이ーーーー잇! 감사합니다! 불쾌한 모습이지만, 전력으로 연기하겠습니다!」",「吱ーーーー！感谢您的称赞！虽然这身装扮令人不快，但我会全力投入演出的！」
,,,,,,,,,,
Hisui.Horny1-14,エレナ,「ええ、期待しています。それでは撮影を始めましょうか…」,「ええ、期待しています。それでは撮影を始めましょうか…」,,「很好，我很期待。那麼——開始拍攝吧……」,「是的，我很期待。那麼，我們開始拍攝吧...」,,"""Yes, I'm looking forward to it. Well then, shall we begin filming...""","「네, 기대하고 있습니다. 그럼 촬영을 시작할까요…」",「很好，我很期待。那么——开始拍摄吧……」
,,,,,,,,,,
Hisui.Horny1-15,,,,,,,,,,
,,,,,,,,,,
Hisui.Horny1-16,Hisui＆Erena　１－１,AV撮影部屋にて,AV撮影部屋にて,,AV攝影房間內,在AV拍攝室內。,,In the Porn filming room,AV 촬영 방에서,AV摄影房间内
,,,,,,,,,,
Hisui.Horny1-17,エレナ,「くうっ……聖核戦姫であるこの私……清藤エレナがこんな雑魚戦闘員にっ……！」,「くうっ……聖核戦姫であるこの私……清藤エレナがこんな雑魚戦闘員にっ……！」,,「咕…身為聖核戰姬的我……清藤艾蓮娜竟然輸給這種雜魚戰鬥員……！」,「咕……身為聖核戰姬的我……清藤艾蓮娜竟然被這種小角色戰鬥員給……！」,,"""Guh... I, a Holy Core Battlemaiden... Erena Seidō, losing to such weak soldiers...!""",「크윽…… 성핵전희인 이 몸…… 세이토 엘레나가 이런 허접 전투원에게……!」,「咕…身为圣核战姬的我……清藤艾莲娜竟然输给这种杂鱼战斗员……！」
,,,,,,,,,,
Hisui.Horny1-18,ヒスイ,「そっ、そんなぁ……エレナ先輩が負けるなんてっ……！」,「そっ、そんなぁ……エレナ先輩が負けるなんてっ……！」,,「怎、怎麼會這樣……艾蓮娜前輩竟然輸了……！」,「這、這怎麼……艾蓮娜前輩居然會輸……！」,,"""N-no way... Erena is losing...!""","「그, 그런…… 엘레나 선배가 지다니……!」",「怎、怎么会这样……艾莲娜前辈竟然输了……！」
,,,,,,,,,,
Hisui.Horny1-19,戦闘員,「グフフッ、聖核戦姫といえども大したことは無かったなあ？」,「グフフッ、聖核戦姫といえども大したことは無かったなあ？」,,「咕呵呵，聖核戰姬也不過如此嘛？」,「呵呵呵，即使是聖核戰姬，也沒什麼了不起的嘛？」,,"""Gufufu, even Holy Core Battlemaidens aren't much after all, huh?""","「크흐흐, 성핵전희라고 해도 별거 아니었군?」",「咕呵呵，圣核战姬也不过如此嘛？」
,,,,,,,,,,
Hisui.Horny1-20,ヒスイ,「ううぅ…エレナ先輩っ……」,「ううぅ…エレナ先輩っ……」,,「嗚嗚…艾蓮娜前輩……」,「嗚嗚…艾蓮娜前輩……」,,"""Uuuh... Erena...""",「으으읏… 엘레나 선배……」,「呜呜…艾莲娜前辈……」
,,,,,,,,,,
Hisui.Horny1-21,エレナ,「心配しないで…ヒスイ！私がどうなっても貴女を守るからっ…！」,「心配しないで…ヒスイ！私がどうなっても貴女を守るからっ…！」,,「別擔心…翡翠！不管我怎麼樣，我都會保護妳的……！」,「不要擔心…翡翠！無論我如何，我都會保護你的…！」,,"""Don't worry... Hisui! No matter what happens to me, I'll protect you...!""",「걱정하지 마… 히스이! 내가 어떻게 되든 당신을 지킬 테니까…!」,「别担心…翡翠！不管我怎么样，我都会保护你的……！」
,,,,,,,,,,
Hisui.Horny1-22,ヒスイ,「え、エレナ先輩……！！」,「え、エレナ先輩……！！」,,「欸、艾蓮娜前輩……！！」,「哎、艾蓮娜前輩……！！」,,"""E-Erena...!!""","「에, 엘레나 선배……!!」",「欸、艾莲娜前辈……！！」
,,,,,,,,,,
Hisui.Horny1-23,戦闘員,「おーおー泣かせるねえ？これが聖核戦姫の絆か？」,「おーおー泣かせるねえ？これが聖核戦姫の絆か？」,,「哦ー吼ー真感人呢？這就是聖核戰姬的羈絆嗎？」,「喔喔，讓你哭了嗎？這就是聖核戰姬的羈絆嗎？」,,"""Oh, oh, how touching, eh? Is this the bond of the Holy Core Battlemaidens?""",「어어~ 감동적이네? 이것이 성핵전희의 유대인가?」,「哦ー吼ー真感人呢？这就是圣核战姬的羁绊吗？」
,,,,,,,,,,
Hisui.Horny1-24,,「だが負けた聖核戦姫はどうなるか理解していないんじゃねえか？」,「だが負けた聖核戦姫はどうなるか理解していないんじゃねえか？」,,「但輸掉的聖核戰姬會怎麼樣，妳不會不懂吧？」,「但是輸掉的聖核戰姬會怎麼樣，你難道沒有理解嗎？」,,"""But you don't seem to understand what happens to defeated Holy Core Battlemaidens, do you?""",「하지만 패배한 성핵전희가 어떻게 되는지 이해하지 못하는 거 아니야?」,「但输掉的圣核战姬会怎么样，你不会不懂吧？」
,,,,,,,,,,
Hisui.Horny1-25,エレナ,「な、何をするつもりですか……！？」,「な、何をするつもりですか……！？」,,「你、你打算做什麼……！？」,「你、你打算做什麼……！？」,,"""W-what are you planning to do...!?""","「무, 무슨 짓을 할 셈입니까……!?」",「你、你打算做什么……！？」
,,,,,,,,,,
Hisui.Horny1-26,戦闘員,「グフフッ、こうなるんだよっ……！」,「グフフッ、こうなるんだよっ……！」,,「咕呵呵，就是這樣啊……！」,「咕噗噗，就是這樣了……！」,,"""Gufufu, this is what's going to happen...!""","「크흐흐, 이렇게 되는 거야……!」",「咕呵呵，就是这样啊……！」
,,,,,,,,,,
Hisui.Horny1-27,Hisui＆Erena　１－２,そして戦闘員はラバースーツを脱いでチンポをエレナとヒスイの尻に押し当てる,そして戦闘員はラバースーツを脱いでチンポをエレナとヒスイの尻に押し当てる,,於是戰鬥員脫掉橡膠戰鬥服，將陰莖頂在艾蓮娜和翡翠的屁股上。,然後戰鬥員脫下橡膠衣，將陰莖壓在艾蓮娜和翡翠的臀部上。,,Then the soldier removed his rubber suit and pressed his cock against Erena and Hisui's asses.,그리고 전투원은 고무 슈트를 벗고 자지를 엘레나와 히스이 엉덩이에 들이댄다,于是战斗员脱掉橡胶战斗服，将阴茎顶在艾莲娜和翡翠的屁股上。
,,,,,,,,,,
Hisui.Horny1-28,ヒスイ,「ああんっ♥、なんですかぁっ！？これぇ♥！」,「ああんっ♥、なんですかぁっ！？これぇ♥！」,,「啊啊♥，這是什麼啊！？！」,「啊啊♥，這是什麼啊！？」,,"""Aahn♥ What's going on!""","「아앙♥, 무엇입니까앗!? 이거엇♥!」",「啊啊♥，这是什么啊！？！」
,,,,,,,,,,
Hisui.Horny1-29,エレナ,「き、気持ち悪いっ…♥！何をするつもりですかあっ…♥」,「き、気持ち悪いっ…♥！何をするつもりですかあっ…♥」,,「好、好噁心…♥！你打算做什麼…♥」,「你、你好噁心啊…♥！你打算做什麼啊…♥」,,"""D-disgusting...♥! What are you planning to do...♥""","「기, 기분 나빠…♥! 무엇을 할 셈입니까앗…♥」",「好、好恶心…♥！你打算做什么…♥」
,,,,,,,,,,
Hisui.Horny1-30,,言葉とは裏腹に、二人の表情は淫猥な笑みを浮かべている,言葉とは裏腹に、二人の表情は淫猥な笑みを浮かべている,,話語與之相反，兩人的表情浮現出淫蕩的笑容。,儘管言辭正派，兩人的表情卻掛著淫蕩的笑容。,,"Contrary to their words, both their faces showed lewd smiles.","말과는 반대로, 두 사람의 표정은 음란한 미소를 띠고 있다",话语与之相反，两人的表情浮现出淫荡的笑容。
,,,,,,,,,,
Hisui.Horny1-31,戦闘員,「ああっ？今からお前らのマンコにぶち込んで犯してやるんだよ…！」,「ああっ？今からお前らのマンコにぶち込んで犯してやるんだよ…！」,,「啊啊？現在就要插進妳們的小穴裡侵犯妳們了…！」,「啊啊？現在就要把你們的穴插進去，犯你們了…！」,,"""Huh? I'm gonna shove it in your pussies and fuck you both...!""",「아앙? 지금부터 너희들 보지에 박아서 범해주겠다는 거야…!」,「啊啊？现在就要插进你们的小穴里侵犯你们了…！」
,,,,,,,,,,
Hisui.Horny1-32,ヒスイ,「あんっ♥…いやあっ♥…そんな事っ酷いですっ♥」,「あんっ♥…いやあっ♥…そんな事っ酷いですっ♥」,,「啊♥…討厭♥…這種事太殘酷了♥」,「啊♥…不要♥…這樣太過分了♥」,,"""Ahn♥... nooo♥... that's terrible♥""",「아앙♥… 싫엇♥… 그런 짓 심해요♥」,「啊♥…讨厌♥…这种事太残酷了♥」
,,,,,,,,,,
Hisui.Horny1-33,エレナ,「ううっ…♥なんて卑劣な……♥」,「ううっ…♥なんて卑劣な……♥」,,「嗚嗚…♥真是卑鄙……♥」,「唔唔…♥多卑鄙的……♥」,,"""Uuh...♥ how despicable...♥""",「으윽…♥ 정말 비열한……♥」,「呜呜…♥真是卑鄙……♥」
,,,,,,,,,,
Hisui.Horny1-34,ヒスイ,「ううっ♥……エレナ先輩っ……どうすればっ♥…！」,「ううっ♥……エレナ先輩っ……どうすればっ♥…！」,,「嗚嗚♥……艾蓮娜前輩……該怎麼辦♥…！」,「唔唔…♥……艾蓮娜前輩……該怎麼辦才好♥…！」,,"""Uuh♥... Erena... what should we do♥...!""",「으윽♥…… 엘레나 선배…… 어떻게 하면♥…!」,「呜呜♥……艾莲娜前辈……该怎么办♥…！」
,,,,,,,,,,
Hisui.Horny1-35,エレナ,「戦闘員……私があなたたち二人の相手をする…だから！ヒスイには手を出さないで…！」,「戦闘員……私があなたたち二人の相手をする…だから！ヒスイには手を出さないで…！」,,「戰鬥員……我來當你們兩個的對手…所以！請你別對翡翠出手…！」,「戰鬥員……我來對付你們兩個…所以！不要對翡翠出手…！」,,"""Soldiers... I'll take on both of you... so! Don't lay a hand on Hisui...!""",「전투원…… 내가 당신들 두 사람의 상대를 하겠다… 그러니까! 히스이에게는 손대지 마…!」,「战斗员……我来当你们两个的对手…所以！请你别对翡翠出手…！」
,,,,,,,,,,
Hisui.Horny1-36,ヒスイ,「え、エレナ先輩っ…！」,「え、エレナ先輩っ…！」,,「欸、艾蓮娜前輩…！」,「哎、艾蓮娜前輩…！」,,"""E-Erena...!""","「에, 엘레나 선배…!」",「欸、艾莲娜前辈…！」
,,,,,,,,,,
Hisui.Horny1-37,戦闘員,「ははっ！後輩思いの良い奴じゃねえか！いいぜ…お前を先に相手してやる…」,「ははっ！後輩思いの良い奴じゃねえか！いいぜ…お前を先に相手してやる…」,,「哈哈！真疼愛後輩的好傢伙啊！好吧…那就先來對付妳…」,「哈哈！真是顧後輩的好傢伙啊！好吧…我會先和你對戰的…」,,"""Haha! What a thoughtful comrade! Fine... I'll take you on first...""",「하핫! 후배 생각하는 좋은 녀석이잖아! 좋아… 너를 먼저 상대해주지…」,「哈哈！真疼爱后辈的好家伙啊！好吧…那就先来对付你…」
,,,,,,,,,,
Hisui.Horny1-38,,「ただし、条件がある…お前が俺達を先にイカせられたらだ。そうしたら後輩ちゃんには手を出さねえでやるよっ！」,「ただし、条件がある…お前が俺達を先にイカせられたらだ。そうしたら後輩ちゃんには手を出さねえでやるよっ！」,,「不過，我有個有條件…如果妳能先讓我們射精的話。那樣我就放過後輩了！」,「但是，有個條件…如果你能先讓我們感到振奮的話。那麼我就不會對後輩們出手！」,,"""But there's a condition... only if you can make us come first. If you do that, we won't touch your junior!""","「단, 조건이 있다… 네가 우리를 먼저 가게 만들 수 있다면 말이지. 그러면 후배쨩에게는 손대지 않겠다!」",「不过，我有个有条件…如果你能先让我们射精的话。那样我就放过后辈了！」
,,,,,,,,,,
Hisui.Horny1-39,エレナ,「の、望むところっ…！私が聖核戦姫の強さと誇りを証明するっ…！」,「の、望むところっ…！私が聖核戦姫の強さと誇りを証明するっ…！」,,「正、正好！我要證明聖核戰姬的強度和驕傲…！」,「這就是我的願望…！我要證明聖核戰姬的力量和驕傲…！」,,"""B-bring it on...! I'll prove the strength and pride of a Holy Core Battlemaiden...!""","「바, 바라는 바…! 내가 성핵전희의 강함과 긍지를 증명하겠다…!」",「正、正好！我要证明圣核战姬的强度和骄傲…！」
,,,,,,,,,,
Hisui.Horny1-40,戦闘員,「ははっ、その強情さがいつまで続くかな…？オラッ！！」,「ははっ、その強情さがいつまで続くかな…？オラッ！！」,,「哈哈，妳能能持續多久呢…？來吧！！」,「哈哈，這種固執會持續多久呢…？來吧！！」,,"""Haha, let's see how long that stubbornness lasts...? Take this!!""","「하핫, 그 고집이 언제까지 갈까…? 자!!」",「哈哈，你能能持续多久呢…？来吧！！」
,,,,,,,,,,
Hisui.Horny1-41,Hisui＆Erena　1－3,ズブッ！！,ズブッ！！,,滋噗！！,刺！,,Thrust!!,즈븃!!,滋噗！！
,,,,,,,,,,
Hisui.Horny1-42,エレナ,「ひうっ♥！？、お゛おおっ♥！」,「ひうっ♥！？、お゛おおっ♥！」,,「嗚啊♥！？哦哦哦♥！」,「唔♥！？哦、哦♥！」,,"""Hiuh♥!? O-ohhh♥!""","「히웃♥!?, 오옷 오오옷♥!」",「呜啊♥！？、哦哦哦♥！」
,,,,,,,,,,
Hisui.Horny1-43,戦闘員,「ははっ？あ？入れただけでイッってんじゃねえか？」,「ははっ？あ？入れただけでイッってんじゃねえか？」,,「哈哈？啊？怎麽光是插進去就高潮了啊？」,「哈哈？啊？就這樣進來就達到高潮了嗎？」,,"""Haha? Huh? You came just from me putting it in?""",「하핫? 아? 넣자마자 가버린 거 아니야?」,「哈哈？啊？怎么光是插进去就高潮了啊？」
,,,,,,,,,,
Hisui.Horny1-44,ヒスイ,「そんなぁっ♥♥エレナ先輩うらやま…じゃなくて♥頑張ってくださいっ♥！」,「そんなぁっ♥♥エレナ先輩うらやま…じゃなくて♥頑張ってくださいっ♥！」,,「怎麼這樣♥♥好羨…不是♥加油啊♥艾蓮娜前輩！」,「這樣啊♥♥艾蓮娜前輩好羨慕…不對♥請加油哦♥！」,,"""Oh no♥♥ Erena, I'm so jeal... I mean♥ please do your best♥!""",「그런앗♥♥ 엘레나 선배 부럽… 아니♥ 힘내세요♥!」,「怎么这样♥♥好羡…不是♥加油啊♥艾莲娜前辈！」
,Hisui＆Erena　１－4,,,,,,,,,
Hisui.Horny1-45,,「い、イッってないっ、私は聖核戦姫…っこんな事でえっ♥！」,「い、イッってないっ、私は聖核戦姫…っこんな事でえっ♥！」,,「我、我沒有高潮，我可是聖核戰姬…區區這種事♥！」,「我、我還沒達到高潮，我是聖核戰姬…這種事情怎麼可能啊♥！」,,"""I-I didn't come, I'm a Holy Core Battlemaiden... Something like this won't...♥!""","「가, 간 거 아냐, 나는 성핵전희… 윽 이런 걸로엣♥!」",「我、我没有高潮，我可是圣核战姬…区区这种事♥！」
,,,,,,,,,,
Hisui.Horny1-46,戦闘員,「そうかよっ、じゃあ行くまでブチ犯してやるっ！」,「そうかよっ、じゃあ行くまでブチ犯してやるっ！」,,「是嗎，那我就侵犯到妳高潮為止！」,「是嗎，那就等我親自來懲罰你！」,,"""Is that so? Then I'll fuck you hard until you do!""","「그런가, 그럼 갈 때까지 박아주지!」",「是吗，那我就侵犯到你高潮为止！」
,,,,,,,,,,
Hisui.Horny1-47,,パンッ！パンッ！パンッ！,パンッ！パンッ！パンッ！,,啪！啪！啪！,敲擊！敲擊！敲擊！,,Slap! Slap! Slap!,팡! 팡! 팡!,啪！啪！啪！
,,,,,,,,,,
Hisui.Horny1-48,エレナ,「あんっ♥、ああっ♥、やんっ♥！」,「あんっ♥、ああっ♥、やんっ♥！」,,「啊♥、啊啊♥、呀♥！」,「唔♥、啊♥、不要♥！」,,"""Ahn♥, aah♥, yahn♥!""","「아앙♥, 아앗♥, 얏♥!」",「啊♥、啊啊♥、呀♥！」
,,,,,,,,,,
Hisui.Horny1-49,戦闘員,「オラッ、どうだ？俺様の改造戦闘員チンポはっ！」,「オラッ、どうだ？俺様の改造戦闘員チンポはっ！」,,「喂，怎麼樣啊？老子改造的戰鬥員陰莖！」,「喲，怎麼樣？看看我的改造戰鬥員陽具！」,,"""Hey, how's that? How's my modified soldier cock!?""","「자, 어때? 내 개조 전투원 자지는!」",「喂，怎么样啊？老子改造的战斗员阴茎！」
,,,,,,,,,,
Hisui.Horny1-50,,「ふふふっ♥、ご主人様ほどではないですがっ♥、なかなか良いんじゃないですかっ♥？」,「ふふふっ♥、ご主人様ほどではないですがっ♥、なかなか良いんじゃないですかっ♥？」,,「呵呵呵♥，雖然比不上主人♥，但也挺不錯的不是嗎♥？」,「呵呵呵♥，雖然不及主人您的水準♥，但還算不錯對吧♥？」,,"""Fufufu♥, it's not as good as Master's♥, but it's pretty nice♥""","「후후훗♥, 주인님 정도는 아니지만♥, 제법 좋지 않습니까♥?」",「呵呵呵♥，虽然比不上主人♥，但也挺不错的不是吗♥？」
,,,,,,,,,,
Hisui.Horny1-51,戦闘員,「おっ、あ、ありがとうございま…じゃねえっ！オラッ！」,「おっ、あ、ありがとうございま…じゃねえっ！オラッ！」,,「哦、謝、謝謝…才不是！來吧！」,「哦，謝謝…不是！喲！」,,"""Oh, t-thank you very... wait, no! Take this!""","「옷, 가, 감사합니다… 가 아니지! 자!」",「哦、谢、谢谢…才不是！来吧！」
,,,,,,,,,,
Hisui.Horny1-52,Hisui＆Erena　１－６,パンッ！パンッ！パンッ！,パンッ！パンッ！パンッ！,,啪！啪！啪！,敲擊！敲擊！敲擊！,,Slap! Slap! Slap!,팡! 팡! 팡!,啪！啪！啪！
,,,,,,,,,,
Hisui.Horny1-53,エレナ,「やあっ♥、ああんっ♥、私ッ、聖核戦姫なのに…後輩の前でこんな痴態をっ…♥」,「やあっ♥、ああんっ♥、私ッ、聖核戦姫なのに…後輩の前でこんな痴態をっ…♥」,,「呀♥、啊啊♥，我、明明是聖核戰姬…卻在後輩面前露出這種醜態…♥」,「嘿♥、啊啊♥、我明明是聖核戰姬…竟然在後輩面前露出這樣的狀態…♥」,,"""Yaah♥, aahn♥, I'm a Holy Core Battlemaiden... yet putting on such a shameful display in front of my junior...♥""","「야앗♥, 아앙♥, 나, 성핵전희인데… 후배 앞에서 이런 추태를…♥」",「呀♥、啊啊♥，我、明明是圣核战姬…却在后辈面前露出这种丑态…♥」
,,,,,,,,,,
Hisui.Horny1-54,ヒスイ,「え、エレナ先輩っ！負けないでくださいっ♥！」,「え、エレナ先輩っ！負けないでくださいっ♥！」,,「艾、艾蓮娜前輩！請妳別輸啊♥！」,「哎呀，艾蓮娜前輩！請不要輸掉啊♥！」,,"""E-Erena! Please don't lose♥!""","「에, 엘레나 선배! 지지 마세요♥!」",「欸、艾莲娜前辈！请你别输啊♥！」
,,,,,,,,,,
Hisui.Horny1-55,エレナ,「あっ♥、あんっ♥、戦闘員のおチンポがッ♥、子宮をノックしてますッ♥」,「あっ♥、あんっ♥、戦闘員のおチンポがッ♥、子宮をノックしてますッ♥」,,「啊♥、啊♥，戰鬥員的陰莖♥，在敲擊我的子宮♥」,「啊♥、啊♥、戰鬥員的小弟弟在敲擊子宮呢♥」,,"""Ah♥, ahn♥, the soldier's cock♥ is knocking on my womb♥""","「앗♥, 아앙♥, 전투원 자지가♥, 자궁을 노크하고 있어요♥」",「啊♥、啊♥，战斗员的阴茎♥，在敲击我的子宫♥」
,,,,,,,,,,
Hisui.Horny1-56,,「ああっ♥、戦闘員のチンポっ♥…我慢…できないぃっ♥！」,「ああっ♥、戦闘員のチンポっ♥…我慢…できないぃっ♥！」,,「啊啊♥，戰鬥員的陰莖♥…忍不住…了♥！」,「啊♥、戰鬥員的小弟弟♥…無法忍耐…啊♥！」,,"""Aah♥, the soldier's cock♥... I can't... hold back♥!""","「아앗♥, 전투원 자지♥… 참을… 수 없어잇♥!」",「啊啊♥，战斗员的阴茎♥…忍不住…了♥！」
,,,,,,,,,,
Hisui.Horny1-57,ヒスイ,「ああっ♥、そんなぁ♥、エレナ先輩っ…負けないで…♥」,「ああっ♥、そんなぁ♥、エレナ先輩っ…負けないで…♥」,,「啊啊♥，怎麼這樣♥，艾蓮娜前輩…請妳別輸…♥」,「啊♥、這樣啊♥、艾蓮娜前輩…請不要輸掉…♥」,,"""Aah♥, oh no♥, Erena... don't lose...♥""","「아앗♥, 그런♥, 엘레나 선배… 지지 마…♥」",「啊啊♥，怎么这样♥，艾莲娜前辈…请你别输…♥」
,,,,,,,,,,
Hisui.Horny1-58,エレナ,「あっ♥、ごめんなさいっ♥…私っ…♥戦闘員のチンポに…負けそうですッ…♥」,「あっ♥、ごめんなさいっ♥…私っ…♥戦闘員のチンポに…負けそうですッ…♥」,,「啊♥，對不起♥…我♥…要輸給戰鬥員的陰莖了…♥」,「啊♥、對不起♥…我…♥好像要輸給戰鬥員的小弟弟了…♥」,,"""Ah♥, I'm sorry♥... I'm...♥ about to come from the soldier's cock...♥""","「앗♥, 미안해요♥… 나…♥ 전투원 자지에… 질 것 같아요…♥」",「啊♥，对不起♥…我♥…要输给战斗员的阴茎了…♥」
,,,,,,,,,,
Hisui.Horny1-59,,パンッ！パンッ！パンッ！,パンッ！パンッ！パンッ！,,啪！啪！啪！,轟隆！轟隆！轟隆！,,Slap! Slap! Slap!,팡! 팡! 팡!,啪！啪！啪！
,,,,,,,,,,
Hisui.Horny1-60,ヒスイ,(ああっ♥、あの敬愛する幹部のエレナ様が犯されているところがこんなに近くで見れるなんて…♥),(ああっ♥、あの敬愛する幹部のエレナ様が犯されているところがこんなに近くで見れるなんて…♥),,（啊啊♥，竟然能這麼近距離看到，那位尊敬的幹部艾蓮娜大人被侵犯的樣子…♥）,「啊♥、那位受尊敬的幹部艾蓮娜大人正在被侵犯的場景，竟然可以這麼近距離地看到…♥」,,"(Aah♥, to be able to see the respected executive Erena being violated this close...♥)","(아앗♥, 저 존경하는 간부 엘레나 님이 범해지는 모습을 이렇게 가까이서 볼 수 있다니…♥)",（啊啊♥，竟然能这么近距离看到，那位尊敬的干部艾莲娜大人被侵犯的样子…♥）
,,,,,,,,,,
Hisui.Horny1-61,,(エレナ様は…そう♥…財団で初めて見た時から私の憧れでしたっ…♥),(エレナ様は…そう♥…財団で初めて見た時から私の憧れでしたっ…♥),,（艾蓮娜大人…沒錯♥…從在財團第一次看到時就是我的憧憬了♥…）,(艾蓮娜大人…是的♥…從在財團初次見到您起，就一直是我的憧憬♥),,(Erena... yes♥... has been my idol since I first saw her at the Foundation...♥),(엘레나 님은… 그래♥… 재단에서 처음 봤을 때부터 제 동경이었습니다…♥),（艾莲娜大人…没错♥…从在财团第一次看到时就是我的憧憬了♥…）
,,,,,,,,,,
Hisui.Horny1-62,,(まるでずっと昔から私の憧れの方だったように…♥),(まるでずっと昔から私の憧れの方だったように…♥),,（彷彿從很久以前就是我的憧憬對象一樣…♥）,(就像一直以來都是我憧憬的對象一樣…♥),,(As if she had been my idol for a very long time...♥),(마치 아주 옛날부터 제 동경의 대상이었던 것처럼…♥),（仿佛从很久以前就是我的憧憬对象一样…♥）
,,,,,,,,,,
Hisui.Horny1-63,エレナ,「ああっ♥、ごめんなさいっ♥、ヒスイっ♥、戦闘員のチンポッ♥、強すぎますうぅっ♥」,「ああっ♥、ごめんなさいっ♥、ヒスイっ♥、戦闘員のチンポッ♥、強すぎますうぅっ♥」,,「啊啊♥，對不起♥，翡翠♥，戰鬥員的陰莖♥，太強了♥」,「啊啊♥、對不起♥、翡翠♥、戰鬥員的小弟弟♥、太強了嗚嗚♥」,,"""Aah♥, I'm sorry♥, Hisui♥, the soldier's cock♥ is too much♥""","「아앗♥, 미안해요♥, 히스이♥, 전투원 자지♥, 너무 강해요오오옷♥」",「啊啊♥，对不起♥，翡翠♥，战斗员的阴茎♥，太强了♥」
,,,,,,,,,,
Hisui.Horny1-64,戦闘員,「おいおいいいのか？可愛い後輩ちゃんが犯されちまうぞ？」,「おいおいいいのか？可愛い後輩ちゃんが犯されちまうぞ？」,,「喂喂這樣好嗎？可愛的後輩要被我侵犯了哦？」,「喂喂，這樣就好了嗎？可愛的後輩被侵犯了喔？」,,"""Hey hey, is that okay? Your cute junior's gonna get fucked, you know?""",「어이어이 괜찮아? 귀여운 후배쨩이 범해져버린다고?」,「喂喂这样好吗？可爱的后辈要被我侵犯了哦？」
,,,,,,,,,,
Hisui.Horny1-65,エレナ,「あんっ♥そ、それは…っ♥」,「あんっ♥そ、それは…っ♥」,,「啊♥那、那是…♥」,「唔♥ 那、那個是…♥」,,"""Ahn♥ t-that's...♥""","「아앙♥ 그, 그것은…윽♥」",「啊♥那、那是…♥」
,,,,,,,,,,
Hisui.Horny1-66,戦闘員,「それとも…俺のチンポがもっと欲しくなっちまったかあ？」,「それとも…俺のチンポがもっと欲しくなっちまったかあ？」,,「還是說…更想要我的陰莖了啊？」,「還是…你是不是更想要我的小弟弟了？」,,"""Or... have you started wanting my cock even more?""",「아니면… 내 자지가 더 갖고 싶어졌나?」,「还是说…更想要我的阴茎了啊？」
,,,,,,,,,,
Hisui.Horny1-67,エレナ,「ああっ♥、ほ、ほしいですっ♥、勝てないッ♥、清藤エレナッ♥、戦闘員のおチンポに負けましたっ♥」,「ああっ♥、ほ、ほしいですっ♥、勝てないッ♥、清藤エレナッ♥、戦闘員のおチンポに負けましたっ♥」,,「啊啊♥，好、好想要♥，贏不了♥，清藤艾蓮娜♥，輸給戰鬥員的陰莖了♥」,「啊啊♥、我、我想要♥、無法勝過♥、清藤艾蓮娜♥、被戰鬥員的小弟弟打敗了♥」,,"""Aah♥, I-I want it♥, I can't win♥, Erena Seidō♥ has been defeated by the soldier's cock♥""","「아앗♥, 워, 원해요♥, 이길 수 없어♥, 세이토 엘레나♥, 전투원 자지에 졌습니다♥」",「啊啊♥，好、好想要♥，赢不了♥，清藤艾莲娜♥，输给战斗员的阴茎了♥」
,,,,,,,,,,
Hisui.Horny1-68,,「私のおマンコにっ♥…戦闘員様のせーえき…♥沢山注いでくださいっ…♥！」,「私のおマンコにっ♥…戦闘員様のせーえき…♥沢山注いでくださいっ…♥！」,,「我的小穴裏♥…請大量注入♥戰鬥員大人的精液…♥！」,「我的小穴♥...戰鬥員大人的精液...♥請多多射進來...♥！」,,"""Please shoot your soldier jizz♥ In my pussy♥""",「제 보지에♥… 전투원님의 정액…♥ 잔뜩 부어주세요…♥!」,「我的小穴里♥…请大量注入♥战斗员大人的精液…♥！」
,,,,,,,,,,
Hisui.Horny1-69,戦闘員,「いいぜっ！敗北の印として…くらえっ！」,「いいぜっ！敗北の印として…くらえっ！」,,「好啊！作為敗北的標記…接招！」,「好啊！作為失敗的標誌...受死吧！」,,"""Alright! As a mark of your defeat... take this!""",「좋아! 패배의 증표로서… 받아라!」,「好啊！作为败北的标记…接招！」
,,,,,,,,,,
Hisui.Horny1-70,Hisui＆Erena　１－７,ドクッ、ドクドクドクッ！！,ドクッ、ドクドクドクッ！！,,咚噗、咚咚咚！！,滴、滴滴滴滴！！,,"Spurt, spurt, spurt, spurt!!","도큣, 도크도크도크!!",咚噗、咚咚咚！！
,,,,,,,,,,
Hisui.Horny1-71,エレナ,「っ～～～～～～～♥！！！」,「っ～～～～～～～♥！！！」,,「～～～～～～～♥！！！」,「啊～～～～～～♥！！！」,,"""...♥!!!""",「윽~~~~~~~♥!!!」,「～～～～～～～♥！！！」
,,,,,,,,,,
Hisui.Horny1-72,エレナ,「あひっ♥、い、イキましたぁっ♥！中だしでっ…絶頂敗北ですっ♥！」,「あひっ♥、い、イキましたぁっ♥！中だしでっ…絶頂敗北ですっ♥！」,,「啊嘻♥，高、高潮了♥！內射♥…高潮敗北了♥！」,「啊嗚♥、我、我高潮了♥！中出去了...絕頂失敗了♥！」,,"""Ahii♥, I-I came♥! Defeated by a creampie climax♥!""","「아힛♥, 가, 가버렸어요♥! 안에 싸서… 절정 패배입니다♥!」",「啊嘻♥，高、高潮了♥！内射♥…高潮败北了♥！」
,,,,,,,,,,
Hisui.Horny1-73,ヒスイ,「ああっ♥、そんな…エレナ先輩っ……♥」,「ああっ♥、そんな…エレナ先輩っ……♥」,,「啊啊♥，怎麼這樣…艾蓮娜前輩……♥」,「啊啊♥，這樣…艾蓮娜前輩……♥」,,"""Aah♥, oh no... Erena...♥""","「아앗♥, 그런… 엘레나 선배……♥」",「啊啊♥，怎么这样…艾莲娜前辈……♥」
,,,,,,,,,,
Hisui.Horny1-74,,「ひどいですっ♥、それじゃあ…私も犯されちゃいますっ♥」,「ひどいですっ♥、それじゃあ…私も犯されちゃいますっ♥」,,「太過分了♥，這樣…那我也會被侵犯了♥」,「好可怕♥，這樣的話…我也會被侵犯的♥」,,"""That's terrible♥, then... I'll get fucked too♥""","「너무해요♥, 그럼… 저도 범해져버리잖아요♥」",「太过分了♥，这样…那我也会被侵犯了♥」
,,,,,,,,,,
Hisui.Horny1-75,エレナ,「ふふっ♥そうですよ…貴女も戦闘員様に犯してもらいましょう…？」,「ふふっ♥そうですよ…貴女も戦闘員様に犯してもらいましょう…？」,,「呵呵♥沒錯哦…妳也讓戰鬥員大人侵犯吧…？」,「呵呵♥ 是的呢…讓您也被戰鬥員大人來侵犯吧…？」,,"""Fufu♥ That's right... You should get fucked by the soldier too...?""",「후훗♥ 그렇죠… 당신도 전투원님께 범해지도록 하죠…?」,「呵呵♥没错哦…你也让战斗员大人侵犯吧…？」
,,,,,,,,,,
Hisui.Horny1-76,,「そうっ♥…それが私達聖核戦姫の未来なのですっ♥！」,「そうっ♥…それが私達聖核戦姫の未来なのですっ♥！」,,「對♥…那就是我們聖核戰姬的未來♥！」,「是的♥…這就是我們聖核戰姬的未來♥！」,,"""Yes♥... That's the future of us Holy Core Battlemaidens♥!""",「그래요♥… 그것이 우리 성핵전희의 미래인 것입니다♥!」,「对♥…那就是我们圣核战姬的未来♥！」
,,,,,,,,,,
Hisui.Horny1-77,ヒスイ,「そっ、そんなあっ♥…」,「そっ、そんなあっ♥…」,,「怎、怎麼這樣♥…」,「那、那樣啊♥…」,,"""N-no way♥...""","「그, 그런앗♥…」",「怎、怎么这样♥…」
,,,,,,,,,,
Hisui.Horny1-78,戦闘員,「あ～あ、可哀そうになあ？見捨てられちまったな」,「あ～あ、可哀そうになあ？見捨てられちまったな」,,「哎呀，真可憐啊？看來妳被拋棄了呢」,「啊～啊，可憐的嗎？被拋棄了呢」,,"""Ahhhh, how pitiful, huh? You've been abandoned.""","「아~아, 불쌍하네? 버려졌구나」",「哎呀，真可怜啊？看来你被抛弃了呢」
,,,,,,,,,,
Hisui.Horny1-79,ヒスイ,「うっ♥ううっ♥…エレナ先輩っ……♥」,「うっ♥ううっ♥…エレナ先輩っ……♥」,,「嗚♥嗚嗚♥…艾蓮娜前輩……♥」,「唔♥ 唔唔♥…艾蓮娜前輩……♥」,,"""Uh♥ uuh♥... Erena...♥""",「윽♥ 으윽♥… 엘레나 선배……♥」,「呜♥呜呜♥…艾莲娜前辈……♥」
,,,,,,,,,,
Hisui.Horny1-80,,「こ、このままじゃ私も…戦闘員様にハメられちゃいますっ…♥！」,「こ、このままじゃ私も…戦闘員様にハメられちゃいますっ…♥！」,,「這、這樣下去我也…會被戰鬥員大人插進來了…♥！」,「這、這樣下去的話我也會被戰鬥員大人給上了呢…♥！」,,"""A-at this rate, I'll also... get screwed by the soldier...♥!""","「이, 이대로는 저도… 전투원님께 박혀버려요…♥!」",「这、这样下去我也…会被战斗员大人插进来了…♥！」
,,,,,,,,,,
Hisui.Horny1-81,戦闘員,「ははっ、残念だったなっ！じゃあ俺も使わせてもらうぜ…オラッ！」,「ははっ、残念だったなっ！じゃあ俺も使わせてもらうぜ…オラッ！」,,「哈哈，太可惜了！那我也來用用吧…喂！」,「哈哈，真可惜啊！那我也來使用一下吧…喔啦！」,,"""Haha, too bad for you! Well then, I'll have my turn too... Take this!""","「하핫, 유감이었네! 그럼 나도 사용하게 해주지… 자!」",「哈哈，太可惜了！那我也来用用吧…喂！」
,,,,,,,,,,
Hisui.Horny1-82,Hisui＆Erena　１－８,ズプウッ！！,ズプウッ！！,,滋噗！！,轟隆！！,,Thrust!!,즈푸웃!!,滋噗！！
,,,,,,,,,,
Hisui.Horny1-83,ヒスイ,「ひうっ♥！？ああんっ♥！！」,「ひうっ♥！？ああんっ♥！！」,,「嗚啊♥！？啊啊♥！！」,「嗚♥！？啊啊♥！！」,,"""Hiuh♥!? Aahn♥!!""",「히웃♥!? 아앙♥!!」,「呜啊♥！？啊啊♥！！」
,,,,,,,,,,
Hisui.Horny1-84,,パンッ！パンッ！パンッ！,パンッ！パンッ！パンッ！,,啪！啪！啪！,轟隆！轟隆！轟隆！,,Slap! Slap! Slap!,팡! 팡! 팡!,啪！啪！啪！
,,,,,,,,,,
Hisui.Horny1-85,,「ああっ♥、私っ……聖核戦姫なのにっ……♥！」,「ああっ♥、私っ……聖核戦姫なのにっ……♥！」,,「啊啊♥，我……明明是聖核戰姬♥！」,「啊啊♥，我……明明是聖核戰姬的……♥！」,,"""Aah♥, I'm... a Holy Core Battlemaiden, but...♥!""","「아앗♥, 나…… 성핵전희인데……♥!」",「啊啊♥，我……明明是圣核战姬♥！」
,,,,,,,,,,
Hisui.Horny1-86,,「で、でもっ♥、エレナ先輩と一緒に犯してもらえるなら…♥…悪くないかもしれません…っ♥」,「で、でもっ♥、エレナ先輩と一緒に犯してもらえるなら…♥…悪くないかもしれません…っ♥」,,「但、但是♥，如果能和艾蓮娜前輩一起被侵犯…♥…也許不還不賴…♥」,「那、那個♥，如果能和艾蓮娜前輩一起進行的話…♥…或許也不壞…♥」,,"""B-but♥, if I can get fucked together with Erena...♥... it might not be so bad...♥""","「하, 하지만♥, 엘레나 선배와 함께 범해질 수 있다면…♥… 나쁘지 않을지도 몰라요…윽♥」",「但、但是♥，如果能和艾莲娜前辈一起被侵犯…♥…也许不还不赖…♥」
,,,,,,,,,,
Hisui.Horny1-87,エレナ,「ふふっ♥、そうです…♥！貴女も私と一緒に…♥戦闘員様にご奉仕ししましょう…！」,「ふふっ♥、そうです…♥！貴女も私と一緒に…♥戦闘員様にご奉仕ししましょう…！」,,「呵呵♥，沒錯…♥！妳也和我一起…♥向戰鬥員大人侍奉吧…！」,「噗噗♥，是的…♥！您也和我一起…♥侍奉戰鬥員大人吧…！」,,"""Fufu♥, that's right...♥! You too, together with me...♥ let's serve the soldier...!""","「후훗♥, 그렇습니다…♥! 당신도 저와 함께…♥ 전투원님께 봉사합시다…!」",「呵呵♥，没错…♥！你也和我一起…♥向战斗员大人侍奉吧…！」
,,,,,,,,,,
Hisui.Horny1-88,ヒスイ,「ああっ♥、はいっ♥…エレナ先輩がそう言うならっ……♥」,「ああっ♥、はいっ♥…エレナ先輩がそう言うならっ……♥」,,「啊啊♥，是的♥…既然艾蓮娜前輩這麼說的話……♥」,「啊啊♥，好的♥…如果艾蓮娜前輩這麼說的話……♥」,,"""Aah♥, yes♥... if Erena says so...♥""","「아앗♥, 네엣♥… 엘레나 선배가 그렇게 말씀하신다면……♥」",「啊啊♥，是的♥…既然艾莲娜前辈这么说的话……♥」
,,,,,,,,,,
Hisui.Horny1-89,,「私もっ♥…戦闘員様にご奉仕しますうっ…♥！」,「私もっ♥…戦闘員様にご奉仕しますうっ…♥！」,,「我也♥…向戰鬥員大人侍奉♥！」,「我也♥…將侍奉戰鬥員大人…♥！」,,"""I too♥... will serve the soldier♥!""",「저도♥… 전투원님께 봉사하겠습니다앗…♥!」,「我也♥…向战斗员大人侍奉♥！」
,,,,,,,,,,
Hisui.Horny1-90,エレナ,「あんっ♥、そうですッ♥…私達聖核戦姫は財団に負けたんですから…♥」,「あんっ♥、そうですッ♥…私達聖核戦姫は財団に負けたんですから…♥」,,「啊♥，沒錯♥…我們聖核戰姬輸給財團了♥」,「唔♥，是的♥…我們聖核戰姬輸給了財團…♥」,,"""Ahn♥, that's right♥... We Holy Core Battlemaidens lost to the Foundation...♥""","「아앙♥, 그렇습니다♥… 우리 성핵전희는 재단에 졌으니까요…♥」",「啊♥，没错♥…我们圣核战姬输给财团了♥」
,,,,,,,,,,
Hisui.Horny1-91,,「強者である戦闘員様に媚びてご奉仕するのが定め…♥」,「強者である戦闘員様に媚びてご奉仕するのが定め…♥」,,「向強者戰鬥員大人獻媚侍奉是我們的宿命…♥」,「侍奉強者戰鬥員大人是我的宿命…♥」,,"""It's our fate to fawn over and serve the mighty soldiers...♥""",「강자인 전투원님께 아양 떨며 봉사하는 것이 운명…♥」,「向强者战斗员大人献媚侍奉是我们的宿命…♥」
,,,,,,,,,,
Hisui.Horny1-92,ヒスイ,「はいっ♥……一緒に大人しく犯されますうっ…♥！」,「はいっ♥……一緒に大人しく犯されますうっ…♥！」,,「是的♥……一起乖乖被侵犯吧♥！」,「好的♥……和您一起安靜地被侵犯…♥！」,,"""Yes♥... I'll obediently get fucked together with you...♥!""",「네엣♥…… 함께 얌전히 범해지겠습니다앗…♥!」,「是的♥……一起乖乖被侵犯吧♥！」
,,,,,,,,,,
Hisui.Horny1-93,,パンッ！パンッ！パンッ！パンッ！,パンッ！パンッ！パンッ！パンッ！,,啪！啪！啪！啪！,敲擊！敲擊！敲擊！敲擊！,,Slap... Slap... Slap...,팡! 팡! 팡! 팡!,啪！啪！啪！啪！
,,,,,,,,,,
Hisui.Horny1-94,ヒスイ,「あっ♥、戦闘員様のおチンポっ♥、ドクドクッ言ってますっ♥」,「あっ♥、戦闘員様のおチンポっ♥、ドクドクッ言ってますっ♥」,,「啊♥，戰鬥員大人的陰莖♥，在脈動♥」,「啊♥，戰鬥員大人的雞雞♥，正在滴答滴答地說話♥」,,"""Ah♥ the soldier's cock♥ is throbbing♥""","「앗♥, 전투원님의 자지♥, 두근두근 말하고 있어요♥」",「啊♥，战斗员大人的阴茎♥，在脉动♥」
,,,,,,,,,,
Hisui.Horny1-95,,「はあっ♥、お出しくださいっ♥、敗北した聖核戦姫の雑魚マンコにッ♥」,「はあっ♥、お出しくださいっ♥、敗北した聖核戦姫の雑魚マンコにッ♥」,,「哈啊♥，請射出來♥，射進敗北聖核戰姬的廢柴小穴裡♥」,「呼啊♥，請出來吧♥，給敗北的聖核戰姬的廢物穴♥」,,"""Haah♥, please come inside the weak pussy of a defeated Holy Core Battlemaiden♥""","「하앗♥, 싸주세요♥, 패배한 성핵전희의 허접 보지에♥」",「哈啊♥，请射出来♥，射进败北圣核战姬的废柴小穴里♥」
,,,,,,,,,,
Hisui.Horny1-96,,「戦闘員様の強者の精液っ♥、敗北の印を刻み込んでくださいっ♥」,「戦闘員様の強者の精液っ♥、敗北の印を刻み込んでくださいっ♥」,,「請用戰鬥員大人的強者精液♥，請刻下敗北的印記吧♥」,「戰鬥員大人的強者之精液♥，請刻上敗北的印記♥」,,"""Your mighty semen♥ please mark me with the sign of defeat♥""","「전투원님의 강자의 정액♥, 패배의 증표를 새겨주세요♥」",「请用战斗员大人的强者精液♥，请刻下败北的印记吧♥」
,,,,,,,,,,
Hisui.Horny1-97,,ドクッ、ドクドクドクッ！！,ドクッ、ドクドクドクッ！！,,咚噗、咚咚咚！！,滴答、滴答滴答滴答！！,,"Spurt, spurt, spurt, spurt!!","도큣, 도크도크도크!!",咚噗、咚咚咚！！
,,,,,,,,,,
Hisui.Horny1-98,ヒスイ,「あっ♥、あっ♥、戦闘員様のおちんぽっ♥、精液出てますうっ♥！」,「あっ♥、あっ♥、戦闘員様のおちんぽっ♥、精液出てますうっ♥！」,,「啊♥、啊♥，戰鬥員大人的陰莖♥，精液射出來了♥！」,「啊♥，啊♥，戰鬥員大人的雞雞♥，精液流出來了呢♥！」,,"""Ah♥, ah♥, the soldier's cock♥ is coming♥!""","「앗♥, 앗♥, 전투원님의 자지♥, 정액 나오고 있어요♥!」",「啊♥、啊♥，战斗员大人的阴茎♥，精液射出来了♥！」
,,,,,,,,,,
Hisui.Horny1-99,,「私っ、聖核戦姫なのにっ♥…こんなのに気持ちよくなっちゃいけないのにっ…♥！」,「私っ、聖核戦姫なのにっ♥…こんなのに気持ちよくなっちゃいけないのにっ…♥！」,,「我，明明是聖核戰姬♥…明明不該對這種東西感到舒服的♥！」,「我，身為聖核戰姬♥...不該對這種事感到舒服的♥...！」,,"""I'm a Holy Core Battlemaiden♥... I shouldn't feel good from this...♥!""","「나, 성핵전희인데♥… 이런 걸로 기분 좋아지면 안 되는데…♥!」",「我，明明是圣核战姬♥…明明不该对这种东西感到舒服的♥！」
,,,,,,,,,,
Hisui.Horny1-100,,「もう勝てないっ…♥、完全に負けましたあっ♥！」,「もう勝てないっ…♥、完全に負けましたあっ♥！」,,「已經贏不了了…♥，完全輸了♥！」,「已經無法贏了...♥，完全輸了啊♥！」,,"""I can't win anymore...♥, I've completely lost♥!""","「이제 이길 수 없어…♥, 완전히 졌습니다앗♥!」",「已经赢不了了…♥，完全输了♥！」
,,,,,,,,,,
Hisui.Horny1-101,,(ああっ♥、エレナ様を見ながら戦闘員様にも犯していただけるなんてっ…♥),(ああっ♥、エレナ様を見ながら戦闘員様にも犯していただけるなんてっ…♥),,（啊啊♥，邊看艾蓮娜大人邊被戰鬥員大人侵犯♥…）,「啊啊♥，居然能在看著艾蓮娜大人的同時，被戰鬥員大人犯♥...！」,,"(Aah♥, to be able to get fucked by the soldier while watching Erena...♥)","(아앗♥, 엘레나 님을 보면서 전투원님께도 범해지다니…♥)",（啊啊♥，边看艾莲娜大人边被战斗员大人侵犯♥…）
,,,,,,,,,,
Hisui.Horny1-102,,(下級戦闘員の私にとってはこれ以上ない光栄ですっ…♥),(下級戦闘員の私にとってはこれ以上ない光栄ですっ…♥),,（對身為下級戰鬥員的我來說是無上的光榮♥…）,(對於像我這樣的下級戰鬥員來說，再沒有比這更光榮的事情了...♥),,"(For a junior soldier like me, there's no greater honor...♥)",(하급 전투원인 저에게는 이 이상 없는 영광입니다…♥),（对身为下级战斗员的我来说是无上的光荣♥…）
,,,,,,,,,,
Hisui.Horny1-103,,(キィーーーーッ！って言いたくなるけど…我慢っ♥今はAVの撮影中なんですから…♥),(キィーーーーッ！って言いたくなるけど…我慢っ♥今はAVの撮影中なんですから…♥),,（嘰──────！雖然想叫出來但…忍住♥現在是AV拍攝中啊…♥）,(雖然想要尖叫起來...但要忍耐♥ 現在正在進行AV拍攝呢...♥),,"(I want to say ""Kiiiii!"" but... I'll hold back♥ We're filming porn right now...♥)",(키이ーーーー잇!이라고 말하고 싶지만… 참아야 해♥ 지금은 AV 촬영 중이니까요…♥),（吱──────！虽然想叫出来但…忍住♥现在是AV拍摄中啊…♥）
,,,,,,,,,,
Hisui.Horny1-104,ヒスイ,「あんっ♥、戦闘員様のおちんぽっ♥凄すぎっ♥、こんなのっ♥、財団の為に忠誠を捧げたくなっちゃいます♥！」,「あんっ♥、戦闘員様のおちんぽっ♥凄すぎっ♥、こんなのっ♥、財団の為に忠誠を捧げたくなっちゃいます♥！」,,「啊♥，戰鬥員大人的陰莖♥太厲害了♥，這種♥，讓人想為財團獻上忠誠♥！」,「啊♥，戰鬥員大人的雞雞♥太厲害了♥，這樣的事情♥，讓我想要為了財團奉獻忠誠♥！」,,"""Ahn♥ your cock♥ is amazing♥, this makes me♥ want to pledge loyalty to the Foundation♥!""","「아앙♥, 전투원님의 자지♥ 너무 굉장해♥, 이런 거♥, 재단을 위해 충성을 바치고 싶어져요♥!」",「啊♥，战斗员大人的阴茎♥太厉害了♥，这种♥，让人想为财团献上忠诚♥！」
,,,,,,,,,,
Hisui.Horny1-105,エレナ,「ええっ♥、もう聖核戦姫なんて終わりですっ♥、一緒に財団に忠誠を捧げましょう♥」,「ええっ♥、もう聖核戦姫なんて終わりですっ♥、一緒に財団に忠誠を捧げましょう♥」,,「沒錯♥，聖核戰姬什麼的已經結束了♥，一起向財團獻上忠誠吧♥」,「啊啊♥，聖核戰姬已經完結了♥，讓我們一起向財團奉獻忠誠吧♥」,,"""Yes♥, Holy Core Battlemaidens are done forr♥ Let's pledge loyalty to the Foundation together♥""","「네엣♥, 이제 성핵전희 따위 끝입니다♥, 함께 재단에 충성을 바칩시다♥」",「没错♥，圣核战姬什么的已经结束了♥，一起向财团献上忠诚吧♥」
,,,,,,,,,,
Hisui.Horny1-106,戦闘員,「ははっ！完全に堕ちやがった…いいぜっ貴様らを財団に迎えてやる…！」,「ははっ！完全に堕ちやがった…いいぜっ貴様らを財団に迎えてやる…！」,,「哈哈！完全墮落了啊…好！歡迎妳們加入財團…！」,「哈哈！完全墮落了...好吧，我會將你們引入財團...！」,,"""Haha! You've completely fallen... Alright, I'll welcome you both to the Foundation...!""",「하핫! 완전히 타락했군… 좋아 네놈들을 재단에 맞아주마…!」,「哈哈！完全堕落了啊…好！欢迎你们加入财团…！」
,,,,,,,,,,
Hisui.Horny1-107,ヒスイ,「あ、ありがとうございますっ♥、聖核戦姫やめて…財団に忠誠を捧げますっ！！」,「あ、ありがとうございますっ♥、聖核戦姫やめて…財団に忠誠を捧げますっ！！」,,「謝謝♥，我願意放棄聖核戰姬…向財團獻上忠誠！！」,「啊、謝謝您♥，請停止聖核戰姬...我會向財團奉獻忠誠！！」,,"""T-thank you♥, I'll quit being a Holy Core Battlemaiden... and pledge loyalty to the Foundation!!""","「아, 감사합니다♥, 성핵전희 그만두고… 재단에 충성을 바치겠습니다!!」",「谢谢♥，我愿意放弃圣核战姬…向财团献上忠诚！！」
,,,,,,,,,,
Hisui.Horny1-108,,「キィーーーーーーッ！」,「キィーーーーーーッ！」,,「嘰────────！」,「尖叫ーーーーー！」,,"""Kiiii!""",「키이ーーーーーー잇!」,「吱────────！」
,,,,,,,,,,
,,,,,,,,,,
,,,,,,,,,,
Hisui  Debauchery Scene　2,注釈,淫乱化シーン２,淫乱化シーン２,,淫乱化シーン２,淫乱化シーン２,,,음란화 이벤트 2,淫乱化シーン２
,,,,,,,,,,
Hisui.Horny2-1,Hisui＆Erena　2ｰ1,財団アジトにて――――,財団アジトにて――――,,財團基地裡――――,在財團基地內———,,At the Foundation's hideout,재단 아지트에서――――,财团基地里――――
,,,,,,,,,,
Hisui.Horny2-2,エレナ,「ああんっ♥なんですかっ♥この服っ♥…？」,「ああんっ♥なんですかっ♥この服っ♥…？」,,「啊嗯♥這是什麼啊♥這件衣服♥…？」,「啊啦♥這是什麼♥這身衣服♥…？」,,"""Aahn♥ what is♥ this outfit♥...?""",「아앙♥ 무엇입니까♥ 이 옷♥…?」,「啊嗯♥这是什么啊♥这件衣服♥…？」
,,,,,,,,,,
Hisui.Horny2-3,ヒスイ,「体にぴったりと張り付いて…気持ちいい…わるいですうっ…♥」,「体にぴったりと張り付いて…気持ちいい…わるいですうっ…♥」,,「緊緊貼在身上…好惡心啊…♥」,「貼身緊貼在身上...感覺舒服...真是不好意思...♥」,,"""It clings tightly to my body... feels good... bad...♥""",「몸에 딱 달라붙어서… 기분 좋아… 나빠요오…♥」,「紧紧贴在身上…好恶心啊…♥」
,,,,,,,,,,
Hisui.Horny2-4,戦闘員,「それは貴様らが我が財団の一員になった印の下級戦闘員服だ。」,「それは貴様らが我が財団の一員になった印の下級戦闘員服だ。」,,「這是妳們成為我財團一員的證明，下級戰鬥員服。」,「那是貴様們成為我們財團一員的標誌，下級戰鬥員的制服。」,,"""That's the junior soldier uniform, proof that you're now members of our Foundation.""",「그것은 네놈들이 우리 재단의 일원이 된 증표인 하급 전투원 복장이다.」,「这是你们成为我财团一员的证明，下级战斗员服。」
,,,,,,,,,,
Hisui.Horny2-5,エレナ,「ああっ♥、そんなっ♥……エリート聖核戦姫の私があんな下級戦闘員になんて…♥」,「ああっ♥、そんなっ♥……エリート聖核戦姫の私があんな下級戦闘員になんて…♥」,,「啊啊♥，怎麼會♥……像我這樣的精英聖核戰姫竟然淪落到變成種下級戰鬥員……♥」,「啊啦♥，這樣的事情♥……身為精英聖核戰姬的我怎麼可能變成那種下級戰鬥員呢…♥」,,"""Aah♥, no way♥... An elite Holy Core Battlemaiden like me becoming a junior soldier...♥""","「아앗♥, 그런♥…… 엘리트 성핵전희인 내가 저런 하급 전투원 따위에…♥」",「啊啊♥，怎么会♥……像我这样的精英圣核战姫竟然沦落到变成种下级战斗员……♥」
,,,,,,,,,,
Hisui.Horny2-6,ヒスイ,「屈辱的です……♥、でもっ♥……なんだかドキドキしてしまいますっ♥」,「屈辱的です……♥、でもっ♥……なんだかドキドキしてしまいますっ♥」,,「太屈辱了……♥，但是♥……總覺得心跳加速♥」,「屈辱的……♥，但是♥……不知怎麼地心跳加速了起來♥」,,"""It's humiliating...♥, but♥... somehow my heart is racing♥""","「굴욕적입니다……♥, 하지만♥…… 왠지 두근두근해버려요♥」",「太屈辱了……♥，但是♥……总觉得心跳加速♥」
,,,,,,,,,,
Hisui.Horny2-7,戦闘員,「ははっ、聖核戦姫の服なんかよりに合ってるんじゃねえか？」,「ははっ、聖核戦姫の服なんかよりに合ってるんじゃねえか？」,,「哈哈，比聖核戰姫的衣服更適合妳們不是嗎？」,「哈哈，這身衣服比聖核戰姬的更合適吧？」,,"""Haha, doesn't it suit you better than those Holy Core Battlemaiden outfits?""","「하핫, 성핵전희 옷 따위보다 어울리는 거 아니야?」",「哈哈，比圣核战姫的衣服更适合你们不是吗？」
,,,,,,,,,,
Hisui.Horny2-8,エレナ,「ひどいっ♥…でもっ♥、この服っ…戦闘員様と同じ格好で…興奮してしまいます…♥」,「ひどいっ♥…でもっ♥、この服っ…戦闘員様と同じ格好で…興奮してしまいます…♥」,,「好過分♥…但是♥，這件衣服…和戰鬥員先生們穿得一樣，讓我興奮起來了…♥」,「好糟糕♥...但是♥，這身衣服...和戰鬥員大人一樣的打扮...讓我有點興奮...♥」,,"""That's mean♥... but♥ this outfit... wearing the same thing as you... makes me excited...♥""","「너무해요♥… 하지만♥, 이 옷… 전투원님과 같은 모습이라… 흥분해버려요…♥」",「好过分♥…但是♥，这件衣服…和战斗员先生们穿得一样，让我兴奋起来了…♥」
,,,,,,,,,,
Hisui.Horny2-9,ヒスイ,「はあっ♥、はあっ♥、このまま……♥犯されたら……本当に心の中まで戦闘員に……♥」,「はあっ♥、はあっ♥、このまま……♥犯されたら……本当に心の中まで戦闘員に……♥」,,「哈啊♥、哈啊♥、就這樣……♥被侵犯的話……真的會連心都變成戰鬥員的…♥」,「呼啊♥，呼啊♥，這樣下去……♥如果被侵犯的話……心靈真的會變成戰鬥員的……♥」,,"""Haah♥, haah♥, if I get...♥ fucked like this... even my heart will truly belong to the soldier...♥""","「하앗♥, 하앗♥, 이대로……♥ 범해진다면…… 정말 마음속까지 전투원에게……♥」",「哈啊♥、哈啊♥、就这样……♥被侵犯的话……真的会连心都变成战斗员的…♥」
,,,,,,,,,,
Hisui.Horny2-10,ヒスイ,(ああっ♥…嬉しいっ♥……この戦闘服こそ私の誇りですっ♥！),(ああっ♥…嬉しいっ♥……この戦闘服こそ私の誇りですっ♥！),,（啊啊♥…好開心♥……這件戰鬥服才是我的驕傲♥！）,「啊啦♥…好高興♥……這戰鬥服才是我的驕傲呢♥！」,,(Aah♥... I'm happy♥... This combat uniform is my pride♥!),(아앗♥… 기뻐요♥…… 이 전투복이야말로 제 긍지입니다♥!),（啊啊♥…好开心♥……这件战斗服才是我的骄傲♥！）
,,,,,,,,,,
Hisui.Horny2-11,,(さっきまであんなダサい聖核戦姫の服を着ていたなんて…ゾッとしますね…♥),(さっきまであんなダサい聖核戦姫の服を着ていたなんて…ゾッとしますね…♥),,（剛才居然穿著那種老土的聖核戰姫服裝…真不可置信…♥）,(剛才還穿著那麼土的聖核戰姬服裝…真讓人毛骨悚然呢…♥),,(To think I was wearing such a silly Holy Core Battlemaiden outfit until now... it gives me the chills...♥),(방금 전까지 저런 촌스러운 성핵전희 옷을 입고 있었다니… 소름 돋네요…♥),（刚才居然穿着那种老土的圣核战姫服装…真不可置信…♥）
,,,,,,,,,,
Hisui.Horny2-12,,(キィーーーーッ！はあっ♥、はあっ♥、戦闘員様っ♥…早く私におチンポをっ…♥！),(キィーーーーッ！はあっ♥、はあっ♥、戦闘員様っ♥…早く私におチンポをっ…♥！),,（嘰ーーーー！哈啊♥、哈啊♥、戰鬥員先生♥…快點把你的陰莖給我♥！）,(啊啊啊啊啊！呼啊♥，呼啊♥，戰鬥員大人♥…快點給我肉棒♥…！),,"(Kiiiii! Haah♥, haah♥, soldiers... hurry and give me your cock...♥!)","(키이ーーーー잇! 하앗♥, 하앗♥, 전투원님♥… 빨리 저에게 자지를…♥!)",（叽ーーーー！哈啊♥、哈啊♥、战斗员先生♥…快点把你的鸡巴给我♥！）
,,,,,,,,,,
Hisui.Horny2-13,戦闘員,「ははっ！新しい下級戦闘員共！最初の任務だ…俺達のチンポに奉仕しろっ！」,「ははっ！新しい下級戦闘員共！最初の任務だ…俺達のチンポに奉仕しろっ！」,,「哈哈！新來的下級戰鬥員們！妳們的第一個任務…就是服侍我們的陰莖！」,「哈哈！新來的下級戰鬥員們！這是你們的第一個任務…要侍奉我們的肉棒！」,,"""Haha! New junior soldiers! Your first mission... service our cocks!""",「하핫! 새로운 하급 전투원들! 첫 임무다… 우리 자지에 봉사해!」,「哈哈！新来的下级战斗员们！你们的第一个任务…就是服侍我们的鸡巴！」
,,,,,,,,,,
Hisui.Horny2-14,Hisui＆Erena　2－2,ズプッ！ドチュッ！！,ズプッ！ドチュッ！！,,滋噗！咚啾！！,滴答！哗啦！！,,Thrust! Squelch!!,즈풋! 도츗!!,滋噗！咚啾！！
,,,,,,,,,,
Hisui.Horny2-15,エレナ＆ヒスイ,「「キィーーーーーーッ♥♥！」」,「「キィーーーーーーッ♥♥！」」,,「「嘰ーーーーー♥♥！」」,「「啊啊啊啊啊啊啊啊啊♥♥！」」,,"""Kiiiiiiii♥♥!""",「「키이ーーーーーー잇♥♥!」」,「吱ーーーーー♥♥！」「吱ーーーーー♥♥！」
,Hisui＆Erena　２－３,,,,,,,,,
Hisui.Horny2-16,エレナ,「はあっ♥、あっ♥、戦闘員様のちんぽっ♥…！」,「はあっ♥、あっ♥、戦闘員様のちんぽっ♥…！」,,「哈啊♥、啊♥、戰鬥員先生的陰莖♥…！」,呼啊♥，啊♥，戰鬥員大人的肉棒♥…！,,"""Haah♥, ah♥, your cock♥...!""","「하앗♥, 앗♥, 전투원님의 자지♥…!」",「哈啊♥、啊♥、战斗员先生的鸡巴♥…！」
,,,,,,,,,,
Hisui.Horny2-17,ヒスイ,「キィーーーッ！♥…あんっ♥、すごいっ♥一突きされるごとにっ♥体が服従しちゃいますっ♥」,「キィーーーッ！♥…あんっ♥、すごいっ♥一突きされるごとにっ♥体が服従しちゃいますっ♥」,,「嘰ーーーー！♥…啊嗯♥、好厲害♥每被插一次♥身體自動就服從了♥」,「啊啊啊啊啊！♥…啊♥、好厲害♥每一次刺入♥身體都會屈從♥」,,"""Kiiiii!♥... ahn♥, amazing♥ with each thrust♥ my body submits to you♥""","「키이ーーー잇!♥… 아앙♥, 굉장해요♥ 한 번 찔릴 때마다♥ 몸이 복종해버려요♥」",「吱ーーーー！♥…啊嗯♥、好厉害♥每被插一次♥身体自动就服从了♥」
,,,,,,,,,,
Hisui.Horny2-18,戦闘員,「ははっ、そういやこれを忘れてたな！」,「ははっ、そういやこれを忘れてたな！」,,「哈哈，對了差點忘了這個！」,「哈哈，對了，這個我忘了！」,,"""Haha, oh yeah, I forgot about these!""","「하핫, 그러고 보니 이걸 잊었군!」",「哈哈，对了差点忘了这个！」
,,,,,,,,,,
Hisui.Horny2-19,Hisui＆Erena　２－４,戦闘員がそう言うとヒスイとエレナは頭も戦闘員の仮面で覆われる,戦闘員がそう言うとヒスイとエレナは頭も戦闘員の仮面で覆われる,,戰鬥員說完，用面具把翡翠和艾蓮娜的頭遮住。,當戰鬥員這樣說時，翡翠和艾蓮娜的頭也被戰鬥員的面具覆蓋住。,,"When the soldier said that, Hisui and Erena's heads were covered with soldier masks.",전투원이 그렇게 말하자 히스이와 엘레나는 머리도 전투원 가면으로 덮인다,战斗员说完，用面具把翡翠和艾莲娜的头遮住。
,,,,,,,,,,
Hisui.Horny2-20,ヒスイ,「ああっ♥これってっ…戦闘員の…仮面っ♥」,「ああっ♥これってっ…戦闘員の…仮面っ♥」,,「啊啊♥這是…戰鬥員的…面具♥」,「啊啊♥這個是…戰鬥員的…面具♥」,,"""Aah♥ this is... a soldier's... mask♥""",「아앗♥ 이거… 전투원의… 가면♥」,「啊啊♥这是…战斗员的…面具♥」
,,,,,,,,,,
Hisui.Horny2-21,エレナ,「私がっ♥……本当に下級戦闘員に…♥」,「私がっ♥……本当に下級戦闘員に…♥」,,「我居然♥……真的變成下級戰鬥員了…♥」,「我被♥……真的變成了下級戰鬥員…♥」,,"""I'm♥... really becoming a junior soldier...♥""",「내가♥…… 정말 하급 전투원으로…♥」,「我居然♥……真的变成下级战斗员了…♥」
,,,,,,,,,,
Hisui.Horny2-22,戦闘員,「ははっ、もうどっちがどっちか見分けがつかねえな！」,「ははっ、もうどっちがどっちか見分けがつかねえな！」,,「哈哈，這下子分不清誰是誰了耶！」,「哈哈，已經分不清哪個是哪個了！」,,"""Haha, can't tell which one is which anymore!""","「하핫, 이제 누가 누군지 구별이 안 가네!」",「哈哈，这下子分不清谁是谁了耶！」
,,,,,,,,,,
Hisui.Horny2-23,ヒスイ,「キィーーーーッ！はいっ♥、これでぇ♥、私は完全に無個性の下級戦闘員ですっ♥！」,「キィーーーーッ！はいっ♥、これでぇ♥、私は完全に無個性の下級戦闘員ですっ♥！」,,「吱ーーーー！是的♥，這樣一來♥，我就完完全全是個沒有個性的下級戰鬥員了♥！」,「啊啊啊啊啊！好的♥，這樣♥，我完全成為了毫無個性的下級戰鬥員了♥！」,,"""Kiiiii! Yes♥, with this♥, I'm completely a faceless junior soldier♥!""","「키이ーーーー잇! 네엣♥, 이걸로♥, 저는 완전히 개성 없는 하급 전투원입니다♥!」",「吱ーーーー！是的♥，这样一来♥，我就完完全全是个没有个性的下级战斗员了♥！」
,,,,,,,,,,
Hisui.Horny2-24,エレナ,「ああっ♥…私もっ♥…今は下級戦闘員…♥男性戦闘員様以下の雑魚ですっ♥」,「ああっ♥…私もっ♥…今は下級戦闘員…♥男性戦闘員様以下の雑魚ですっ♥」,,「啊啊♥…我也是♥…現在是下級戰鬥員…♥是比男性戰鬥員先生還低級的雜魚了♥」,「啊啊♥…我也♥…現在是下級戰鬥員…♥比男性戰鬥員大人還低劣的小垃圾♥」,,"""Aah♥... me too♥... now I'm a junior soldier...♥ a weakling worse than the male soldiers♥""",「아앗♥… 저도♥… 지금은 하급 전투원…♥ 남성 전투원님 이하의 허접입니다♥」,「啊啊♥…我也是♥…现在是下级战斗员…♥是比男性战斗员先生还低级的杂鱼了♥」
,,,,,,,,,,
Hisui.Horny2-25,,「そう…今は目の前にいる下級戦闘員と同じなんですね…♥」,「そう…今は目の前にいる下級戦闘員と同じなんですね…♥」,,「沒錯…現在我們和眼前的下級戰鬥員是一樣的呢…♥」,「是的…現在和眼前的下級戰鬥員一樣呢…♥」,,"""Yes... now I'm the same as the junior soldier in front of me...♥""",「그래… 지금은 눈앞에 있는 하급 전투원과 같은 거군요…♥」,「没错…现在我们和眼前的下级战斗员是一样的呢…♥」
,,,,,,,,,,
Hisui.Horny2-26,ヒスイ,「キィーーーーッ！そ、そうですっ…エレナ様と言えど…今は下級戦闘員ですからっ♥」,「キィーーーーッ！そ、そうですっ…エレナ様と言えど…今は下級戦闘員ですからっ♥」,,「嘰ーーーー！是、是的…即使是艾蓮娜大人…現在也是下級戰鬥員了嘛♥」,「啊啊啊啊啊！對、對呀…即使是艾蓮娜大人…現在也只是個下級戰鬥員啦♥」,,"""Kiiiii! T-that's right... even Erena... is just a low-ranking soldier now♥""","「키이ーーーー잇! 그, 그렇습니다… 엘레나 님이라고 해도… 지금은 하급 전투원이니까요♥」",「吱ーーーー！是、是的…即使是艾莲娜大人…现在也是下级战斗员了嘛♥」
,,,,,,,,,,
Hisui.Horny2-27,,(……！私は撮影中とはいえエレナ様と同じ立場…♥なんて恐れ多いんでしょうっ♥),(……！私は撮影中とはいえエレナ様と同じ立場…♥なんて恐れ多いんでしょうっ♥),,（……！我雖然在拍攝中，但是和艾蓮娜大人處於同等立場…♥這簡直太惶恐了♥）,(……！我雖然是在拍攝中，但和艾蓮娜大人處於同樣的位置…♥這真是太過恐怖了吧♥),,"(...! Even though we're filming, I'm in the same position as Erena...♥ how awe-inspiring♥)",(……! 저는 촬영 중이라고는 해도 엘레나 님과 같은 입장…♥ 정말 황송합니다♥),（……！我虽然在拍摄中，但是和艾莲娜大人处于同等立场…♥这简直太惶恐了♥）
,,,,,,,,,,
Hisui.Horny2-28,,(でもっ♥…すごくゾクゾクしますっ…♥あのエレナ様が無様な下級戦闘員になって目の前で喘いでいるなんてっ♥),(でもっ♥…すごくゾクゾクしますっ…♥あのエレナ様が無様な下級戦闘員になって目の前で喘いでいるなんてっ♥),,（但是♥…感覺非常興奮♥…那個艾蓮娜大人居然變成可憐的下級戰鬥員在我的眼前呻吟♥）,(但是♥…感覺好刺激呢…♥看著那位艾蓮娜大人變成可悲的下級戰鬥員，在我眼前喘息著♥),,(But♥... it's so thrilling...♥ to see Erena reduced to a pathetic junior soldier moaning in front of me♥),(하지만♥… 굉장히 짜릿짜릿합니다…♥ 저 엘레나 님이 꼴사나운 하급 전투원이 되어 눈앞에서 신음하고 있다니♥),（但是♥…感觉非常兴奋♥…那个艾莲娜大人居然变成可怜的下级战斗员在我的眼前呻吟♥）
,,,,,,,,,,
Hisui.Horny2-29,ヒスイ,「はあっ♥、ほ、ほら…下級戦闘員！もっと男性戦闘員様にしっかりご奉仕しましょう！」,「はあっ♥、ほ、ほら…下級戦闘員！もっと男性戦闘員様にしっかりご奉仕しましょう！」,,「哈啊♥、喂、下級戰鬥員！更加好好地服侍男性戰鬥員先生吧！」,「呼啊♥，看、看啊…下級戰鬥員！讓我們更好地侍奉男性戰鬥員大人！」,,"""Haah♥, c-come on... junior soldier! Let's serve the male soldier properly!""","「하앗♥, 자, 자… 하급 전투원! 좀 더 남성 전투원님께 제대로 봉사합시다!」",「哈啊♥、喂、下级战斗员！更加好好地服侍男性战斗员先生吧！」
,,,,,,,,,,
Hisui.Horny2-30,,「下級戦闘員の挨拶はキィーーーーッ！です！キィーーーーッ♥！」,「下級戦闘員の挨拶はキィーーーーッ！です！キィーーーーッ♥！」,,「下級戰鬥員的問候是嘰ーーーー！是嘰ーーーー♥！」,「下級戰鬥員的問候是啊啊啊啊啊！啊啊啊啊啊♥！」,,"""The greeting of junior soldiers is 'Kiiiii!' Say 'Kiiiii♥!'""",「하급 전투원의 인사는 키이ーーーー잇! 입니다! 키이ーーーー잇♥!」,「下级战斗员的问候是吱ーーーー！是吱ーーーー♥！」
,,,,,,,,,,
Hisui.Horny2-31,エレナ,「…！分かりました…きィーーーーッ！」,「…！分かりました…きィーーーーッ！」,,「…！我知道了…嘰ーーーー！」,「…！我知道了…啊啊啊啊啊！」,,"""...! Understood... Kiiiii!""",「…! 알겠습니다… 키이ーーーー잇!」,「…！我知道了…吱ーーーー！」
,,,,,,,,,,
Hisui.Horny2-32,,そして二人の下級戦闘員は腰をうねらせ男性戦闘員のチンポへグチュグチュと快楽を与えていく,そして二人の下級戦闘員は腰をうねらせ男性戦闘員のチンポへグチュグチュと快楽を与えていく,,接著兩位下級戰鬥員扭動腰肢，給男性戰鬥員的陰莖給予快感。,然後兩名下級戰鬥員擺動著腰部，對男性戰鬥員的「那個」進行舔舐，給予快樂。,,"Then the two junior soldiers undulated their hips, giving squelching pleasure to the male soldier's cock.",그리고 두 명의 하급 전투원은 허리를 꿈틀거리며 남성 전투원의 자지에 구츄구츄 쾌락을 준다,接着两位下级战斗员扭动腰肢，给男性战斗员的鸡巴给予快感。
,,,,,,,,,,
Hisui.Horny2-33,ヒスイ,「キィーーーーーーッ！いかがですかっ♥…私のおマンコご奉仕っ…♥」,「キィーーーーーーッ！いかがですかっ♥…私のおマンコご奉仕っ…♥」,,「嘰ーーーーー！感覺如何♥…我的小穴服侍…♥」,「啊啊啊啊啊！您感受如何♥…我這裡的服務…♥」,,"""Kiiiiiiii! How is it♥... my pussy service...♥""",「키이ーーーーーー잇! 어떻습니까♥… 제 보지 봉사…♥」,「吱ーーーーー！感觉如何♥…我的小穴服侍…♥」
,,,,,,,,,,
Hisui.Horny2-34,エレナ,「キィーーーーーッ！下級戦闘員の雑魚マンコっ♥…存分にご堪能くださいっ♥」,「キィーーーーーッ！下級戦闘員の雑魚マンコっ♥…存分にご堪能くださいっ♥」,,「嘰ーーーーー！請盡情享用下級戰鬥員的雜魚小穴♥」,「啊啊啊啊啊！下級戰鬥員的菜鳥…♥…盡情享受吧♥」,,"""Kiiiiiiii! A junior soldier's weak pussy♥... please enjoy it as much as you want♥""",「키이ーーーーー잇! 하급 전투원의 허접 보지♥… 마음껏 즐겨주십시오♥」,「吱ーーーーー！请尽情享用下级战斗员的杂鱼小穴♥」
,,,,,,,,,,
Hisui.Horny2-35,,パンッ！パンッ！パンッ！パンッ！,パンッ！パンッ！パンッ！パンッ！,,啪！啪！啪！啪！,砰！砰！砰！砰！,,Slap... Slap... Slap...,팡! 팡! 팡! 팡!,啪！啪！啪！啪！
,,,,,,,,,,
Hisui.Horny2-36,ヒスイ,「はあっ♥、はあっ♥、キィーーーーーーッ！」,「はあっ♥、はあっ♥、キィーーーーーーッ！」,,「哈啊♥、哈啊♥、嘰ーーーーー！」,「呼呼♥、呼呼♥、啊啊啊啊啊！」,,"""Haah♥, haah♥, Kiiiiiiii!""","「하앗♥, 하앗♥, 키이ーーーーーー잇!」",「哈啊♥、哈啊♥、吱ーーーーー！」
,,,,,,,,,,
Hisui.Horny2-37,エレナ,「ああっ♥…この私が…あの下級戦闘員共と同じ扱いを…♥キィーーーーーーッ♥！」,「ああっ♥…この私が…あの下級戦闘員共と同じ扱いを…♥キィーーーーーーッ♥！」,,「啊啊♥…我居然…受到和那些下級戰鬥員一樣的待遇…♥嘰ーーーーー♥！」,「啊啊♥…就是我…被那些下級戰鬥員們同等對待…♥啊啊啊啊啊！」,,"""Aah♥... I'm being... treated the same way as those junior soldiers...♥ Kiiiiiiii♥!""",「아앗♥… 이 내가… 저 하급 전투원들과 같은 취급을…♥ 키이ーーーーーー잇♥!」,「啊啊♥…我居然…受到和那些下级战斗员一样的待遇…♥吱ーーーーー♥！」
,,,,,,,,,,
Hisui.Horny2-38,ヒスイ,「キィーーーーッ♥！はあっ♥、男性戦闘員様っ♥、はあっ♥」,「キィーーーーッ♥！はあっ♥、男性戦闘員様っ♥、はあっ♥」,,「嘰ーーーー♥！哈啊♥、男性戰鬥員先生♥、哈啊♥」,「啊啊啊啊啊♥！呼呼♥、男性戰鬥員大人♥、呼呼♥」,,"""Kiiiii♥! Haah♥ haah♥""","「키이ーーーー잇♥! 하앗♥, 남성 전투원님♥, 하앗♥」",「吱ーーーー♥！哈啊♥、男性战斗员先生♥、哈啊♥」
,,,,,,,,,,
Hisui.Horny2-39,エレナ,「きぃーーーっ♥！はあっ♥、はあっ♥」,「きぃーーーっ♥！はあっ♥、はあっ♥」,,「嘰ーーーー♥！哈啊♥、哈啊♥」,「啊啊啊啊啊♥！呼呼♥、呼呼♥」,,"""Kiiiii♥! Haah♥, haah♥""","「키이ーーー잇♥! 하앗♥, 하앗♥」",「吱ーーーー♥！哈啊♥、哈啊♥」
,,,,,,,,,,
Hisui.Horny2-40,ヒスイ,「ふふっ♥、無様ですよっ…エレナ様…いいえ♥下級戦闘員っ♥」,「ふふっ♥、無様ですよっ…エレナ様…いいえ♥下級戦闘員っ♥」,,「呵呵♥，真是狼狽啊…艾蓮娜大人…不對♥是下級戰鬥員♥」,「呼呼♥、很不像樣呢…艾蓮娜大人…不對♥下級戰鬥員♥」,,"""Fufu♥, how pathetic... Erena... no, I mean... junior soldier♥""","「후훗♥, 꼴사납군요… 엘레나 님… 아니요♥ 하급 전투원♥」",「呵呵♥、真是狼狈啊…艾莲娜大人…不对♥是下级战斗员♥」
,,,,,,,,,,
Hisui.Horny2-41,エレナ,「キィーーーーッ！はあっ♥、うっ♥、私がこんな下級戦闘員に…っ♥」,「キィーーーーッ！はあっ♥、うっ♥、私がこんな下級戦闘員に…っ♥」,,「嘰ーーーー！哈啊♥、唔♥，我居然淪落到這種下級戰鬥員的境地…唔♥」,「啊啊啊啊啊！呼呼♥、嗚♥、我竟然被這種下級戰鬥員…♥」,,"""Kiiiii! Haah♥, uh♥, I've become such a junior soldier...♥""","「키이ーーーー잇! 하앗♥, 윽♥, 내가 이런 하급 전투원에게…윽♥」",「吱ーーーー！哈啊♥、唔♥、我居然沦落到这种下级战斗员的境地…唔♥」
,,,,,,,,,,
Hisui.Horny2-42,戦闘員,「ぐっ…うっ…出すぞっ…受け止めろっ！」,「ぐっ…うっ…出すぞっ…受け止めろっ！」,,「唔…嗚…要射了…接住！」,「咕嗚…嗚…發射了…接住吧！」,,"""Guh... uh... I'm coming... take it!""",「크윽… 윽… 싼다… 받아라!」,「唔…呜…要射了…接住！」
,,,,,,,,,,
Hisui.Horny2-43,ヒスイ,「キィーーーーーッ♥！了解しましたっ！」,「キィーーーーーッ♥！了解しましたっ！」,,「嘰ーーーーー♥！瞭解！」,「啊啊啊啊啊♥！明白了！」,,"""Kiiiiiiii♥! Roger that!""",「키이ーーーーー잇♥! 알겠습니다!」,「吱ーーーーー♥！了解！」
,,,,,,,,,,
Hisui.Horny2-44,エレナ,「キィーーーーーーッ♥！はいっ♥、男性戦闘員様ぁ♥いつでもお出しくださいっ♥」,「キィーーーーーーッ♥！はいっ♥、男性戦闘員様ぁ♥いつでもお出しくださいっ♥」,,「嘰ーーーーー♥！好的♥，男性戰鬥員先生♥請您隨時都射出來♥」,「啊啊啊啊啊啊♥！好的♥、男性戰鬥員大人♥隨時都可以出動哦♥」,,"""Kiiiiiiiii♥! Yes♥ please come anytime♥""","「키이ーーーーーー잇♥! 네엣♥, 남성 전투원님아♥ 언제든지 싸주세요♥」",「吱ーーーーー♥！好的♥、男性战斗员先生♥请您随时都射出来♥」
,,,,,,,,,,
Hisui.Horny2-45,Hisui＆Erena　２－５,ドクッ、ドクドクドクッ！！,ドクッ、ドクドクドクッ！！,,咚、咚咚咚！！,滴滴、滴滴滴滴滴！！,,"Spurt, spurt, spurt, spurt!!","도큣, 도크도크도크!!",咚、咚咚咚！！
,,,,,,,,,,
Hisui.Horny2-46,ヒスイ,「お゛おっ♥！キィーーーーーーッ♥！キィーーーーーーッ♥！！」,「お゛おっ♥！キィーーーーーーッ♥！キィーーーーーーッ♥！！」,,「喔喔♥！嘰ーーーーー♥！嘰ーーーーー♥！！」,「喔喔♥！啊啊啊啊啊啊♥！啊啊啊啊啊啊♥！！」,,"""Ohhh♥! Kiiiiiiii♥! Kiiiiiiii♥!!""",「오옷 오옷♥! 키이ーーーーーー잇♥! 키이ーーーーーー잇♥!!」,「喔喔♥！吱ーーーーー♥！吱ーーーーー♥！！」
,,,,,,,,,,
Hisui.Horny2-47,エレナ,「ああっ♥、キィーーーーーーッ！低級の戦闘員の精液がっ…私にっ♥」,「ああっ♥、キィーーーーーーッ！低級の戦闘員の精液がっ…私にっ♥」,,「啊啊♥，嘰ーーーーー！下級戰鬥員的精液居然射進我體內♥」,「啊啊♥、啊啊啊啊啊啊！低級戰鬥員的精液…噢♥流進我體內了♥」,,"""Aah♥, Kiiiiiiii! A junior soldier's semen... in me♥""","「아앗♥, 키이ーーーーーー잇! 저급 전투원 정액이… 나에게♥」",「啊啊♥、吱ーーーーー！低级战斗员的精液居然射进我体内♥」
,,,,,,,,,,
Hisui.Horny2-48,ヒスイ,「キィーーーーッ！はあっ♥、はあっ♥、射精確認ですっ…♥」,「キィーーーーッ！はあっ♥、はあっ♥、射精確認ですっ…♥」,,「嘰ーーーー！哈啊♥、哈啊♥、射精確認♥…♥」,「啊啊啊啊啊！呼♥、呼♥、射精確認完畢…♥」,,"""Kiiiii! Haah♥, haah♥, ejaculation confirmed...♥""","「키이ーーーー잇! 하앗♥, 하앗♥, 사정 확인입니다…♥」",「吱ーーーー！哈啊♥、哈啊♥、射精确认♥…♥」
,,,,,,,,,,
Hisui.Horny2-49,エレナ,「はあっ♥、下級戦闘員の雑魚マンコっ♥…お出しいただきありがとうございましたっ♥」,「はあっ♥、下級戦闘員の雑魚マンコっ♥…お出しいただきありがとうございましたっ♥」,,「哈啊♥、下級戰鬥員的雜魚小穴♥…感謝您射精了♥」,「呼♥、下級戰鬥員的菜鳥傢伙呢♥…感謝您的出動♥」,,"""Haah♥, a junior soldier's trash pussy♥... thank you for coming♥""","「하앗♥, 하급 전투원의 허접 보지♥… 싸주셔서 감사합니다♥」",「哈啊♥、下级战斗员的杂鱼小穴♥…感谢您射精了♥」
,,,,,,,,,,
Hisui.Horny2-50,ヒスイ＆エレナ,「「キィーーーーーーッ♥♥！！」」,「「キィーーーーーーッ♥♥！！」」,,「「嘰ーーーーー♥♥！！」」,「「啊啊啊啊啊啊♥♥！！」」,,"""Kiiiiiiii♥♥!!""",「「키이ーーーーーー잇♥♥!!」」,「吱ーーーーー♥♥！！」「吱ーーーーー♥♥！！」
,,,,,,,,,,
Hisui.Horny2-51,ヒスイ,(ああっ♥…私のような下級戦闘員がエレナ様と一緒に快楽を享受できるなんて…♥),(ああっ♥…私のような下級戦闘員がエレナ様と一緒に快楽を享受できるなんて…♥),,（啊啊♥…像我這種下級戰鬥員居然能和艾蓮娜大人一起享受快感…♥）,「啊啊♥…像我這樣的下級戰鬥員能和艾蓮娜大人一起享受快樂…♥」,,(Aah♥... for a junior soldier like me to share pleasure with Erena...),(아앗♥… 저 같은 하급 전투원이 엘레나 님과 함께 쾌락을 누릴 수 있다니…♥),（啊啊♥…像我这种下级战斗员居然能和艾莲娜大人一起享受快感…♥）
,,,,,,,,,,
Hisui.Horny2-52,,(これ以上ない光栄ですっ♥…下級戦闘員さいこうっ…♥),(これ以上ない光栄ですっ♥…下級戦闘員さいこうっ…♥),,（這是最大的榮幸了♥…下級戰鬥員最棒了…♥）,(再也沒有比這更光榮的了♥…下級戰鬥員最棒了…♥),,(There's no greater honor♥... being a junior soldier is the best...♥),(이 이상 없는 영광입니다…♥… 하급 전투원 최고…♥),（这是最大的荣幸了♥…下级战斗员最棒了…♥）
,,,,,,,,,,
Hisui.Horny2-53,,(キィーーーーーーッ！財団に忠誠をっ♥財団に忠誠をっ♥),(キィーーーーーーッ！財団に忠誠をっ♥財団に忠誠をっ♥),,（嘰ーーーーー！向財團獻上忠誠♥向財團獻上忠誠♥）,「啊啊啊啊啊啊ーーーーー♥！對財團忠誠♥對財團忠誠♥」,,(Kiiiiiiii! Loyalty to the Foundation♥ Loyalty to the Foundation♥),(키이ーーーーーー잇! 재단에 충성을♥ 재단에 충성을♥),（吱ーーーーー！向财团献上忠诚♥向财团献上忠诚♥）
,,,,,,,,,,
Hisui.Horny2-54,,(キィーーーーーーッ♥！！！),(キィーーーーーーッ♥！！！),,（嘰ーーーーー♥！！！）,(啊啊啊啊啊啊♥！！！),,(Kiiiiiiii♥!!!),(키이ーーーーーー잇♥!!!),（吱ーーーーー♥！！！）
,,,,,,,,,,
,,――――――――,――――――――,,――――――――,――――――――,,...,――――――――,――――――――
,,,,,,,,,,
,,――――,――――,,――――,――――――――,,...,――――,――――
,,,,,,,,,,
,,,,,,,,,,
,,,,,,,,,,
Hisui  Scene　Seikaku,注釈,聖核シーン,,聖核ちシーン,,,,,성핵 이벤트,
,,,,,,,,,,
Hisui.Core1-1,背景：アジト,K46号が下級戦闘員として任務に従事する中――――,K46号が下級戦闘員として任務に従事する中――――,,K46號作為下級戰鬥員執行任務時――――,K46號作為一名下級戰鬥員參與任務時――――,,While K46 was carrying out her duties as a junior soldier...,K46호가 하급 전투원으로서 임무에 종사하는 중――――,K46号作为下级战斗员执行任务时――――
,,,,,,,,,,
Hisui.Core1-2,072号,「……ここにいましたか、K46号。連絡があります。」,「……ここにいましたか、K46号。連絡があります。」,,「……妳在這裡啊，K46號。我有事通知妳。」,「……K46號，你在這裡嗎。有消息。」,,"""...Here you are, K46. I have a message for you.""","「……여기 있었습니까, K46호. 연락이 있습니다.」",「……你在这里啊，K46号。我有事通知你。」
,,,,,,,,,,
Hisui.Core1-3,K46号,「キィーーーッ！なんでしょうか？」,「キィーーーッ！なんでしょうか？」,,「嘰ーーー！請問是什麼事？」,「咦──！怎麼了？」,,"""Kiiiii! What is it?""",「키이ーーー잇! 무엇입니까?」,「吱ーーー！请问是什么事？」
,,,,,,,,,,
Hisui.Core1-4,072号,「先日行った検査の結果、あなたの体内に異常が確認されました。」,「先日行った検査の結果、あなたの体内に異常が確認されました。」,,「根據前幾天進行的檢查結果，妳的體內確認有異常。」,「根據最近進行的檢查結果，確認到您體內存在異常。」,,"""According to the results of the recent examination, an abnormality was detected in your body.""","「얼마 전 실시한 검사 결과, 당신 체내에 이상이 확인되었습니다.」",「根据前几天进行的检查结果，你的体内确认有异常。」
,,,,,,,,,,
Hisui.Core1-5,K46号,「――――えっ…！」,「――――えっ…！」,,「――――咦…！」,「───咦…！」,,"""Huh...!""",「――――엣…!」,「――――咦…！」
,,,,,,,,,,
Hisui.Core1-6,072号,「そういうわけで、K46号あなたは廃棄処分――――」,「そういうわけで、K46号あなたは廃棄処分――――」,,「所以呢，K46號妳本來會被廢棄處置————」,「因此，K46號你將被廢棄處分───」,,"""Therefore, K46, you will be disposed of...""","「그런 이유로, K46호 당신은 폐기 처분――――」",「所以呢，K46号你本来会被废弃处置――――」
,,,,,,,,,,
Hisui.Core1-7,K46号,「キィーーーーッ！財団の為でしたら喜んで！」,「キィーーーーッ！財団の為でしたら喜んで！」,,「嘰ーーーー！如果是為了財團，我樂意接受！」,「咦──！如果是為了財團，我樂意！」,,"""Kiiiii! If it's for the Foundation, I'll gladly accept!""",「키이ーーーー잇! 재단을 위해서라면 기꺼이!」,「吱ーーーー！如果是为了财团，我乐意接受！」
,,,,,,,,,,
Hisui.Core1-8,072号,「いえ、本来なら廃棄処分でしたが、あなたは優秀な下級戦闘員でしたので。廃棄ではなく治療が行われることになります。」,「いえ、本来なら廃棄処分でしたが、あなたは優秀な下級戦闘員でしたので。廃棄ではなく治療が行われることになります。」,,「不，本來是廢棄處置，但因為妳是優秀的下級戰鬥員。所以不是廢棄而是進行治療。」,「不，本來應該是廢棄處分的，但由於您是優秀的下級戰鬥員。將進行治療，而非廢棄。」,,"""No, you were supposed to be disposed of, but since you've been an excellent junior soldier, you'll receive treatment instead of disposal.""","「아니요, 본래라면 폐기 처분이었지만, 당신은 우수한 하급 전투원이었으므로. 폐기가 아닌 치료가 행해지게 됩니다.」",「不，本来是废弃处置，但因为你是优秀的下级战斗员。所以不是废弃而是进行治疗。」
,,,,,,,,,,
Hisui.Core1-9,K46号,「！、キィーーーッ！身に余る光栄でありますっ！」,「！、キィーーーッ！身に余る光栄でありますっ！」,,「！嘰ーーー！這是莫大的榮幸！」,「！咦──！這是身不由己的光榮！」,,"""Kiiiii! It's an honor beyond what I deserve!""","「!, 키이ーーー잇! 몸 둘 바를 모를 영광입니다!」",「！、吱ーーー！这是莫大的荣幸！」
,,,,,,,,,,
Hisui.Core1-10,072号,「これから研究センターへ行きます。ついてきなさい。」,「これから研究センターへ行きます。ついてきなさい。」,,「接下來要去研究中心。跟著我來。」,「我們要前往研究中心了。跟上來吧。」,,"""We're going to the research center now. Follow me.""",「이제부터 연구 센터로 갑니다. 따라오십시오.」,「接下来要去研究中心。跟着我来。」
,,,,,,,,,,
Hisui.Core1-11,K46号,「キィーーーーーーッ！！」,「キィーーーーーーッ！！」,,「嘰ーーーーーー！！」,「咦──！！」,,"""Kiiiiiiii!!""",「키이ーーーーーー잇!!」,「吱ーーーーーー！！」
,,,,,,,,,,
,Hisui core 1-1,,,,,,,,,
,,,,,,,,,,
Hisui.Core1-12,,財団研究施設にて,財団研究施設にて,,於財團研究設施,在財團研究設施內。,,At the Foundation research facility,재단 연구 시설에서,于财团研究设施
,,,,,,,,,,
Hisui.Core1-13,,K46号は聖核戦姫の格好となり、シーツの上で股を広げていた,K46号は聖核戦姫の格好となり、シーツの上で股を広げていた,,K46號換上聖核戰姫的服裝，在床單上張開雙腿,K46號變身為聖核戰姬的造型，坐在床單上張開雙腿。,,"K46 was dressed as a Holy Core Battlemaiden, spreading her legs on the sheets.","K46호는 성핵전희 모습으로, 시트 위에서 다리를 벌리고 있었다",K46号换上圣核战姫的服装，在床单上张开双腿
,,,,,,,,,,
Hisui.Core1-14,K46号,「はあっ♥……な、なんですかっ？これはっ！」,「はあっ♥……な、なんですかっ？これはっ！」,,「哈啊♥……這、這是什麼？這是！」,「哈啊♥……這、這是什麼啊！」,,"""Haah♥... W-what is this!?""","「하앗♥…… 무, 무엇입니까? 이것은!」",「哈啊♥……这、这是什么？这是！」
,,,,,,,,,,
Hisui.Core1-15,,「こんな変な恰好……気持ち悪いっ……！」,「こんな変な恰好……気持ち悪いっ……！」,,「這種奇怪的打扮……好噁心……！」,「這種奇怪的打扮……好噁心……！」,,"""This weird outfit... it's disgusting...!""",「이런 이상한 모습…… 기분 나빠……!」,「这种奇怪的打扮……好恶心……！」
,,,,,,,,,,
Hisui.Core1-16,072号,「……それは聖核戦姫の衣装です。貴方の体の中に残っていたエネルギーを発現させました。」,「……それは聖核戦姫の衣装です。貴方の体の中に残っていたエネルギーを発現させました。」,,「……那是聖核戰姫的服裝。會讓妳體內殘留的能量顯現出來。」,「……這是聖核戰姬的服裝。我發揮了您體內殘留的能量。」,,"""...That's a Holy Core Battlemaiden outfit. We've manifested the energy that remained in your body.""",「……그것은 성핵전희 의상입니다. 당신 몸 안에 남아 있던 에너지를 발현시켰습니다.」,「……那是圣核战姫的服装。会让你体内残留的能量显现出来。」
,,,,,,,,,,
Hisui.Core1-17,K46号,「なっ！？せ、聖核戦姫っ！？わ、わたしがっ！？」,「なっ！？せ、聖核戦姫っ！？わ、わたしがっ！？」,,「什麼！？聖、聖核戰姫！？我、我嗎！？」,「什麼！？聖核戰姬！？我！？」,,"""What!? H-Holy Core Battlemaiden!? M-me!?""","「뭣!? 서, 성핵전희!? 저, 제가!?」",「什么！？圣、圣核战姫！？我、我吗！？」
,,,,,,,,,,
Hisui.Core1-18,072号,「ええ、残念ですが…。貴方は戦闘員として洗脳される以前は聖核戦姫でした。」,「ええ、残念ですが…。貴方は戦闘員として教育される以前は聖核戦姫でした。」,,「是的，很遺憾…。妳在被教育成為戰鬥員之前是聖核戰姫。」,「是的，很遺憾…。在您被洗腦成為戰鬥員之前，您是聖核戰姬。」,,"""Yes, unfortunately... Before you were re-educated as a soldier, you were a Holy Core Battlemaiden.""","「네, 유감스럽지만…. 당신은 전투원으로서 세뇌되기 이전에는 성핵전희였습니다.」",「是的，很遗憾…。你在被教育成为战斗员之前是圣核战姫。」
,,,,,,,,,,
Hisui.Core1-19,K46号,「き、キィーーッ！！そ、そんなっ！？、うそですっ！？」,「き、キィーーッ！！そ、そんなっ！？、うそですっ！？」,,「嘰、嘰ーー！！怎、怎麼會！？這是騙人的吧！？」,「啊、啊啊啊！！這、這種事！？這不可能的！」,,"""K-Kiiiii!! N-no way!? That's a lie!?""","「키, 키이--잇!! 그, 그런!?, 거짓말입니다!?」",「叽、吱ーー！！怎、怎么会！？这是骗人的吧！？」
,,,,,,,,,,
Hisui.Core1-20,,「わたしがっ？……あの忌むべき敵の…聖核戦姫だったなんてっ！？」,「わたしがっ？……あの忌むべき敵の…聖核戦姫だったなんてっ！？」,,「我嗎？……竟然是那個應該憎恨的敵人…聖核戰姫！？」,「我！？……竟然是那個該死的敵人的…聖核戰姬！？」,,"""I was...? One of those hateful enemies... a Holy Core Battlemaiden!?""",「제가?…… 저 혐오스러운 적의… 성핵전희였다니!?」,「我吗？……竟然是那个应该憎恨的敌人…圣核战姫！？」
,,,,,,,,,,
Hisui.Core1-21,,「キィーーーッ！！やはり私は財団の為に処分されたほうが…！」,「キィーーーッ！！やはり私は財団の為に処分されたほうが…！」,,「嘰ーーー！！我果然還是為了財團被處分掉比較好…！」,「啊啊啊！！果然我應該為了財團而被處置掉…！」,,"""Kiiiii!! I should be disposed of for the Foundation's sake...!""",「키이ーーー잇!! 역시 저는 재단을 위해 처분되는 편이…!」,「吱ーーー！！我果然还是为了财团被处分掉比较好…！」
,,,,,,,,,,
Hisui.Core1-22,072号,「心配しないでください。改造によって貴方の聖核エネルギーは完全に消去することが可能です。」,「心配しないでください。改造によって貴方の聖核エネルギーは完全に消去することが可能です。」,,「請不用擔心。透過改造，妳的聖核能量是可能被完全消除的。」,「請不要擔心。透過改造，您的聖核能量可以完全清除。」,,"""Don't worry. Through modification, we can completely eliminate your Holy Core energy.""",「걱정하지 마십시오. 개조를 통해 당신의 성핵 에너지를 완전히 제거할 수 있습니다.」,「请不用担心。透过改造，你的圣核能量是可能被完全消除的。」
,,,,,,,,,,
Hisui.Core1-23,,「財団はあなたが過去に聖核戦姫だったことも受け入れます。忠実な下級戦闘員であればいいのです。」,「財団はあなたが過去に聖核戦姫だったことも受け入れます。忠実な下級戦闘員であればいいのです。」,,「財團也接受妳過去曾是聖核戰姫的事實。只要妳是忠誠的下級戰鬥員就好。」,「財團也接受您過去是聖核戰姬的事實。只要成為忠實的下級戰鬥員就好。」,,"""The Foundation will accept that you were a Holy Core Battlemaiden in the past. As long as you're a loyal junior soldier now.""",「재단은 당신이 과거에 성핵전희였다는 것도 받아들입니다. 충실한 하급 전투원이면 되는 겁니다.」,「财团也接受你过去曾是圣核战姫的事实。只要你是忠诚的下级战斗员就好。」
,,,,,,,,,,
Hisui.Core1-24,K46号,「き、キィーーーーッ！！」,「き、キィーーーーッ！！」,,「嘰、嘰ーーーー！！」,「啊、啊啊啊啊啊！！」,,"""K-Kiiiiiiii!!""","「키, 키이ーーーー잇!!」",「叽、吱ーーーー！！」
,,,,,,,,,,
Hisui.Core1-25,072号,「では聖核を除去する処置を行います。すこし辛いかもしれませんが耐えてください。」,「では聖核を除去する処置を行います。すこし辛いかもしれませんが耐えてください。」,,「那麼，現在開始進行聖核的去除處置。過程可能會有點難受，請妳忍耐。」,「那麼將進行聖核除去的處置。可能會有些痛苦，請忍耐。」,,"""Now we'll perform the procedure to remove the Holy Core. It might be a bit painful, but please endure it.""",「그럼 성핵을 제거하는 처치를 실시합니다. 조금 괴로울지도 모르지만 견뎌주십시오.」,「那么，现在开始进行圣核的去除处置。过程可能会有点难受，请你忍耐。」
,,,,,,,,,,
Hisui.Core1-26,K46号,「キィーーーッ！！よろしくお願いいたします！」,「キィーーーッ！！よろしくお願いいたします！」,,「嘰ーーー！！麻煩您了！」,「啊啊啊啊啊！！拜託了！」,,"""Kiiiii!! Please proceed!""",「키이ーーー잇!! 잘 부탁드립니다!」,「吱ーーー！！麻烦您了！」
,,,,,,,,,,
Hisui.Core1-27,Hisui core 1-2,ブーーーーンッ……ビシュウウウッッ！！！,ブーーーーンッ……ビシュウウウッッ！！！,,嗡ーーー……咻嗚嗚嗚！！！,轟隆隆……嘭嘭嘭！！！,,Bzzzzzz... Zshhhhhh!!!,부웅…… 비슈우우웃!!!,嗡ーーー……咻呜呜呜！！！
,,,,,,,,,,
Hisui.Core1-28,K46号,「ひうっぅ！？あ゛ああああっっ♥！？」,「ひうっぅ！？あ゛ああああっっ♥！？」,,「呀！？啊啊啊啊啊♥！？」,「嗚呃！？啊啊啊啊♥！？」,,"""Hiuuh!? A-aaaaah♥!?""",「히웃!? 아옷 아아아앗♥!?」,「呀！？啊啊啊啊啊♥！？」
,,,,,,,,,,
Hisui.Core1-29,,「これっ、…♥レーザーがっ♥……おなかにっ……ひううううっっ♥！？」,「これっ、…♥レーザーがっ♥……おなかにっ……ひううううっっ♥！？」,,「這個…♥雷射♥……在肚子上……呀嗚嗚嗚嗚♥！？」,「這個、…♥激光♥……射中了肚子……嗚呀呀呀♥！？」,,"""The...♥ the laser♥... on my stomach... hiuuuuh♥!?""","「이것, …♥ 레이저가♥…… 배에…… 히우우우우웃♥!?」",「这个…♥雷射♥……在肚子上……呀呜呜呜呜♥！？」
,,,,,,,,,,
Hisui.Core1-30,072号,「多少苦痛を伴うかもしれませんが…まあ、我慢してください。」,「多少苦痛を伴うかもしれませんが…まあ、我慢してください。」,,「雖然可能會伴隨一些痛苦…不過，請忍耐一下。」,「可能會帶來一些痛苦…嘛，請忍耐。」,,"""It might be a little painful... well, please bear with it.""","「다소 고통이 따를지도 모르겠습니다만… 뭐, 참아주십시오.」",「虽然可能会伴随一些痛苦…不过，请忍耐一下。」
,,,,,,,,,,
Hisui.Core1-31,K46号,「き、キィーーーーッ！！はいっ♥！財団の為にっ♥！」,「き、キィーーーーッ！！はいっ♥！財団の為にっ♥！」,,「嘰、嘰ーーーー！！是♥！為了財團♥！」,「啊、啊啊啊啊啊！！好的♥！為了財團♥！」,,"""K-Kiiiiiiii!! Yes♥! For the Foundation♥!""","「키, 키이ーーーー잇!! 네엣♥! 재단을 위해♥!」",「叽、吱ーーーー！！是♥！为了财团♥！」
,,,,,,,,,,
Hisui.Core1-32,Hisui core 1-3,(はあっ♥、そうは言いましたけど…っ♥！),(はあっ♥、そうは言いましたけど…っ♥！),,(哈啊♥，話是這麼說沒錯…♥！),「嗯♥，雖然說過了…♥！」,,"(Haah♥, I said that, but...♥!)","(하앗♥, 그렇다고는 말했지만…윽♥!)",(哈啊♥，话是这么说没错…♥！)
,,,,,,,,,,
Hisui.Core1-33,,(お腹が……熱いっ……ですっ…♥),(お腹が……熱いっ……ですっ…♥),,(肚子……好燙……♥),(肚子……好燙……呢……♥),,(My stomach... is hot... ♥),(배가…… 뜨거워……요…♥),(肚子……好烫……♥)
,,,,,,,,,,
Hisui.Core1-34,,(体中から何かがお腹に集まってきている感じ……っ♥),(体中から何かがお腹に集まってきている感じ……っ♥),,(感覺全身有什麼東西正集中到肚子……♥),身體各處好像有什麼東西聚集到肚子裡的感覺……♥,,(It feels like something from all over my body is gathering in my stomach...♥),(온몸에서 무언가가 배로 모여드는 느낌……윽♥),(感觉全身有什么东西正集中到肚子……♥)
,,,,,,,,,,
Hisui.Core1-35,,ギュルルルルッ！！ギュル！,ギュルルルルッ！！ギュル！,,咕嚕嚕嚕嚕！！咕嚕！,咕嚕嚕嚕嚕！！咕嚕！,,"Grrrrr, grrrrrrrr!",규르르르르릇!! 규르!,咕噜噜噜噜！！咕噜！
,,,,,,,,,,
Hisui.Core1-36,,突然K46号のお腹が音を立てる,突然K46号のお腹が音を立てる,,突然K46號的肚子發出了聲音,K46號的肚子突然發出聲響。,,Suddenly K46's stomach made a sound.,갑자기 K46호 배에서 소리가 난다,突然K46号的肚子发出了声音
,,,,,,,,,,
Hisui.Core1-37,K46号,「ひうっ♥！？、も、申し訳ございませんっ！」,「ひうっ♥！？、も、申し訳ございませんっ！」,,「呀♥！？非、非常抱歉！」,「唔♥！？抱歉，我、我很抱歉！」,,"""Hiuh♥?! I-I'm terribly sorry!""","「히웃♥!?, 죄, 죄송합니다!」",「呀♥！？、非、非常抱歉！」
,,,,,,,,,,
Hisui.Core1-38,072号,「いえ、適切な反応です。」,「いえ、適切な反応です。」,,「不，這是正常的反應。」,「不，這是適當的反應。」,,"""No, that's an appropriate reaction.""","「아니요, 적절한 반응입니다.」",「不，这是正常的反应。」
,,,,,,,,,,
Hisui.Core1-39,,「この治療では聖核を凝集させて排出するのが目的です。身を任せなさい。」,「この治療では聖核を凝集させて排出するのが目的です。身を任せなさい。」,,「這個治療的目的是將聖核凝聚並排出。放鬆身體。」,「這個治療的目的是凝聚聖核並排出。請放心交給我吧。」,,"""The purpose of this treatment is to condense and expel the Holy Core. Let yourself go.""",「이 치료에서는 성핵을 응집시켜 배출하는 것이 목적입니다. 몸을 맡기십시오.」,「这个治疗的目的是将圣核凝聚并排出。放松身体。」
,,,,,,,,,,
Hisui.Core1-40,K46号,「はあっ♥、はあっ♥、き、キィーーーーッ！！」,「はあっ♥、はあっ♥、き、キィーーーーッ！！」,,「哈啊♥、哈啊♥、嘰、嘰ーーーー！！」,「呼♥、呼♥、凱、凱——！！」,,"""Haah♥, haah♥, K-Kiiiiiiii!!""","「하앗♥, 하앗♥, 키, 키이ーーーー잇!!」",「哈啊♥、哈啊♥、叽、吱ーーーー！！」
,,,,,,,,,,
Hisui.Core1-41,,(ううぅ♥、おなかっ♥苦しい…♥！でもっ…♥がまんしなきゃっ…♥),(ううぅ♥、おなかっ♥苦しい…♥！でもっ…♥がまんしなきゃっ…♥),,(嗚嗚♥、肚子♥好難受…♥！但是…♥必須忍耐…♥),「唔唔♥、肚子♥好痛苦…♥！但是要忍耐…♥」,,"(Uuuh♥, my stomach♥ hurts...♥! But...♥ I have to endure...♥)","(으으읏♥, 배♥ 괴로워…♥! 하지만…♥ 참아야 해…♥)",(呜呜♥、肚子♥好难受…♥！但是…♥必须忍耐…♥)
,,,,,,,,,,
Hisui.Core1-42,Hisui core 1-4,ギュルルルルッ！！ギュル！ブポッ！,ギュルルルルッ！！ギュル！ブポッ！,,咕嚕嚕嚕嚕！！咕嚕！噗啵！,咕嚕嚕嚕！！咕嚕！嘭！,,Gurgle gurgle!! Gurgle! Pop!,규르르르르릇!! 규르! 부폿!,咕噜噜噜噜！！咕噜！噗啵！
,,,,,,,,,,
Hisui.Core1-43,K46号,「ひうううぅっ♥！？」,「ひうううぅっ♥！？」,,「呀嗚嗚嗚♥！？」,「呼呼呼呼♥！？」,,"""Hiuuuuh♥!?""",「히우우우웃♥!?」,「呀呜呜呜♥！？」
,,,,,,,,,,
Hisui.Core1-44,,「お゛っ♥…お゛おっ♥…これっ…♥どうなってぇ…っ♥」,「お゛っ♥…お゛おっ♥…これっ…♥どうなってぇ…っ♥」,,「喔♥…喔喔♥…這個…♥怎麼回事…♥」,「唔唔♥…唔唔♥…這…♥怎麼了…♥」,,"""Oh♥... ohhh♥... what's... happening...♥""",「오옷 옷♥… 오옷 오옷♥… 이거…♥ 어떻게 된 거야…윽♥」,「喔♥…喔喔♥…这个…♥怎么回事…♥」
,,,,,,,,,,
Hisui.Core1-45,,「おしりっ♥……あついいいぃっ♥……！！」,「おしりっ♥……あついいいぃっ♥……！！」,,「屁股♥……好燙啊啊♥……！！」,「屁股♥……好熱烈呀♥……！！」,,"""My butt♥... is so hooot♥...!!""",「엉덩이♥…… 뜨거워어어잇♥……!!」,「屁股♥……好烫啊啊♥……！！」
,,,,,,,,,,
Hisui.Core1-46,072号,「固形化した聖核が出てきましたね…想定通りの反応です。」,「固形化した聖核が出てきましたね…想定通りの反応です。」,,「固化的聖核出來了呢…和預期中的一樣。」,「聖核凝固了出來了呢…反應如預期一樣。」,,"""The solidified Holy Core is coming out... This is the expected reaction.""",「고형화된 성핵이 나왔군요… 예상대로의 반응입니다.」,「固化的圣核出来了呢…和预期中的一样。」
,,,,,,,,,,
Hisui.Core1-47,K46号,「はあっ♥、はあっ♥…んぅっ♥！」,「はあっ♥、はあっ♥…んぅっ♥！」,,「哈啊♥、哈啊♥…嗯♥！」,「呼♥、呼♥…嗯♥！」,,"""Haah♥, haah♥... nnh♥!""","「하앗♥, 하앗♥… 응읏♥!」",「哈啊♥、哈啊♥…嗯♥！」
,,,,,,,,,,
Hisui.Core1-48,,(お尻がっ……あつくてっ……出したいっ…♥！我慢できないッ♥！！),(お尻がっ……あつくてっ……出したいっ…♥！我慢できないッ♥！！),,(屁股……好燙……想排出來…♥！忍不住了♥！！),屁股……好熱呀……想要放出來♥！忍不住了♥！！,,(My butt... is so hot... I want to let it out...♥! I can't hold it♥!!),(엉덩이가…… 뜨거워서…… 내보내고 싶어…♥! 참을 수 없어♥!!),(屁股……好烫……想排出来…♥！忍不住了♥！！)
,,,,,,,,,,
Hisui.Core1-49,072号,「K46号、聖核の排出を許可します。」,「K46号、聖核の排出を許可します。」,,「K46號，允許排出聖核。」,「K46號，允許排出聖核。」,,"""K46, permission granted to expel the Holy Core.""","「K46호, 성핵 배출을 허가합니다.」",「K46号，允许排出圣核。」
,,,,,,,,,,
Hisui.Core1-50,,「き、きぃーーーーッ！！了解…しましたっ！」,「き、きぃーーーーッ！！了解…しましたっ！」,,「嘰、嘰ーーーー！！了解…了！」,「啊、啊——！！了解…了！」,,"""K-Kiiiiii!! Under...stood!""","「키, 키이ーーーー잇!! 알겠습니다…!」",「叽、吱ーーーー！！了解…了！」
,,,,,,,,,,
Hisui.Core1-51,,(これが出て行けばっ♥…私はっ、完全に戦闘員になれるっ♥！),(これが出て行けばっ♥…私はっ、完全に戦闘員になれるっ♥！),,(這個排出去的話♥…我就、能完全成為戰鬥員了♥！),這樣就可以出去了♥…我就能完全成為戰鬥員了♥！,,(If this comes out♥... I can become a complete soldier♥!),"(이것이 나가면♥… 나는, 완전히 전투원이 될 수 있어♥!)",(这个排出去的话♥…我就、能完全成为战斗员了♥！)
,,,,,,,,,,
Hisui.Core1-52,,(だからっ！出て行ってっ…私の中の聖核戦姫っ♥！),(だからっ！出て行ってっ…私の中の聖核戦姫っ♥！),,(所以！快出去…我體內的聖核戰姫♥！),(所以！出去吧…我內心的聖核戰姬♥！),,(So! Get out... the Holy Core Battlemaiden inside me♥!),(그러니까! 나가라… 내 안의 성핵전희♥!),(所以！快出去…我体内的圣核战姫♥！)
,,,,,,,,,,
Hisui.Core1-53,,そしてK46号はお尻に力を込めると――――,そしてK46号はお尻に力を込めると――――,,接著K46號往屁股用力――――,然後K46號集中力量在屁股上———,,And then K46 pushed hard...,그리고 K46호는 엉덩이에 힘을 주자――――,接着K46号往屁股用力――――
,,,,,,,,,,
Hisui.Core1-54,Hisui core 1-5,ムリュッ！グリュリュッ！,ムリュッ！グリュリュッ！,,姆啾！咕啾啾！,嗚啦—！咕嚕咕嚕—！,,Squelch! Squeeze!,무릇! 그릇릇!,姆啾！咕啾啾！
,,,,,,,,,,
Hisui.Core1-55,,「ほ゛おっ♥、聖核っ♥、出てますッ！わたしのっ♥」,「ほ゛おっ♥、聖核っ♥、出てますッ！わたしのっ♥」,,「喔喔♥、聖核♥、出來了！我的♥」,「嗚呀♥、聖核♥、出現了！我的♥」,,"""Hooh♥, the Holy Core♥ is coming out! My♥""","「호옷 오옷♥, 성핵♥, 나오고 있어요! 나의♥」",「喔喔♥、圣核♥、出来了！我的♥」
,,,,,,,,,,
Hisui.Core1-56,,(お゛っ♥、私の中のっ♥、エネルギーっ♥、どんどん消えてるのが分かるっ…けどっ♥),(お゛っ♥、私の中のっ♥、エネルギーっ♥、どんどん消えてるのが分かるっ…けどっ♥),,(喔♥、我體內的♥、能量♥、我感覺到正不斷消失…可是♥),「嗚呀♥、我內心的♥、能量♥、正在逐漸消失…但是♥」,,"(Oh♥, I can feel♥ the energy inside me♥ disappearing rapidly... but♥)","(오옷 옷♥, 내 안의♥, 에너지♥, 점점 사라지는 게 느껴져… 하지만♥)",(喔♥、我体内的♥、能量♥、我感觉到正不断消失…可是♥)
,,,,,,,,,,
Hisui.Core1-57,,「でてってぇっ♥！私の中のっ…！聖核戦姫なんてぇっっ♥！」,「でてってぇっ♥！私の中のっ…！聖核戦姫なんてぇっっ♥！」,,「快出去♥！我體內的…！什麼聖核戰姫♥！」,「出去吧♥！我內心的…！聖核戰姬什麼的♥！」,,"""Get out♥! The Holy Core Battlemaiden... inside me♥!""",「나가라앗♥! 내 안의…! 성핵전희 따위잇♥!」,「快出去♥！我体内的…！什么圣核战姫♥！」
,,,,,,,,,,
Hisui.Core1-58,,「私は財団に忠誠を誓った下級戦闘員っ♥、聖核エネルギーなんて必要ないぃっ♥！！」,「私は財団に忠誠を誓った下級戦闘員っ♥、聖核エネルギーなんて必要ないぃっ♥！！」,,「我是宣誓效忠財團的下級戰鬥員♥、才不需要什麼聖核能量♥！！」,「我是向財團宣誓忠誠的下級戰鬥員♥，根本不需要聖核能量呀♥！！」,,"""I'm a junior soldier who pledged loyalty to the Foundation♥, I don't need Holy Core energy♥!!""","「나는 재단에 충성을 맹세한 하급 전투원♥, 성핵 에너지 따위 필요 없어잇♥!!」",「我是宣誓效忠财团的下级战斗员♥、才不需要什么圣核能量♥！！」
,,,,,,,,,,
Hisui.Core1-59,,ブピッ♥、ブポンッ！,ブピッ♥、ブポンッ！,,噗嗶♥、噗啵！,噗咚♥、噗噗噗！,,"Pop, clang!","브핏♥, 브퐁!",噗哔♥、噗啵！
,,,,,,,,,,
Hisui.Core1-60,Hisui core 1-6,「ほおっ…♥、お゛っ…♥お゛おっ…♥」,「ほおっ…♥、お゛っ…♥お゛おっ…♥」,,「喔喔…♥、喔…♥喔喔…♥」,「嗚呀…♥、嗚呀…♥嗚呀…♥」,,"""Hooo♥ Ohhhh♥""","「호오옷…♥, 오옷 옷…♥ 오옷 오옷…♥」",「喔喔…♥、喔…♥喔喔…♥」
,,,,,,,,,,
Hisui.Core1-61,072号,「聖核残存量0.2％…ほぼ排出しきりましたね。」,「聖核残存量0.2％…ほぼ排出しきりましたね。」,,「聖核殘存量0.2％…幾乎都排乾淨了呢。」,「聖核殘存量0.2％…幾乎已經完全排出了呢。」,,"""Holy Core remnant at 0.2%. You got almost all of it out.""",「성핵 잔존량 0.2％… 거의 배출 완료되었군요.」,「圣核残存量0.2％…几乎都排干净了呢。」
,,,,,,,,,,
Hisui.Core1-62,K46号,「ほ゛おっ♥、き、きぃ――――っ！」,「ほ゛おっ♥、き、きぃ――――っ！」,,「喔喔♥、嘰、嘰————！」,「嗚呀♥、啊、啊――――！」,,"""Hoooo♥ Kiiiiii!""","「호옷 오옷♥, 키, 키이――――잇!」",「喔喔♥、叽、吱――――！」
,,,,,,,,,,
Hisui.Core1-63,,「お゛っ♥、あ、あれっ…これっ……♥、ああっ♥！」,「お゛っ♥、あ、あれっ…これっ……♥、ああっ♥！」,,「喔♥、啊、咦…這個……♥、啊啊♥！」,「嗚呀♥、啊、那個…這個……♥、啊啊♥！」,,"""Ohhhhh! Hmmm? This... Ahhh♥""","「오옷 옷♥, 아, 어라… 이거……♥, 아앗♥!」",「喔♥、啊、咦…这个……♥、啊啊♥！」
,,,,,,,,,,
Hisui.Core1-64,Hisui core 1-7,K46号の変身衣装が光と共に消え、戦闘員の服が現れる,K46号の変身衣装が光と共に消え、戦闘員の服が現れる,,K46號的變身服裝隨著光芒消失，戰鬥員的衣服出現了,K46號的變身服裝隨著光芒消失，換上戰鬥員的服裝。,,"K46's transformed suit faded with the light, and a soldier's combat suit appeared.","K46호의 변신 의상이 빛과 함께 사라지고, 전투원 옷이 나타난다",K46号的变身服装随着光芒消失，战斗员的衣服出现了
,,,,,,,,,,
Hisui.Core1-65,072号,「ふむ。これで完全にあなたの中の聖核戦姫の力は消えました。」,「ふむ。これで完全にあなたの中の聖核戦姫の力は消えました。」,,「嗯。這樣妳體內的聖核戰姫之力就完全消失了。」,「嗯。這樣一來，你體內的聖核戰姬的力量已經完全消失了。」,,"""Now the power of the Holy Core Battlemaidens in you has been driven away.""",「흠. 이걸로 완전히 당신 안의 성핵전희 힘은 사라졌습니다.」,「嗯。这样你体内的圣核战姫之力就完全消失了。」
,,,,,,,,,,
Hisui.Core1-66,,「これで晴れてあなたは身体の奥底まで下級戦闘員です。」,「これで晴れてあなたは身体の奥底まで下級戦闘員です。」,,「這樣妳就正式從身體深處都成為下級戰鬥員了。」,「這樣一來，你終於成為身體深處的一名下級戰鬥員了。」,,"""You are now a junior soldier down to the very core.""",「이걸로 마침내 당신은 몸속 깊은 곳까지 하급 전투원입니다.」,「这样你就正式从身体深处都成为下级战斗员了。」
,Hisui core 1-8,,,,,,,,,
Hisui.Core1-67,K46号,「あっ、わたしっ…これで本当に下級戦闘員に……♥」,「あっ、わたしっ…これで本当に下級戦闘員に……♥」,,「啊、我…這樣就真的成為下級戰鬥員了……♥」,「啊、我…這樣一來真的成為下級戰鬥員了……♥」,,"""I have really become a junior soldier♥""","「앗, 나… 이걸로 정말 하급 전투원으로……♥」",「啊、我…这样就真的成为下级战斗员了……♥」
,,,,,,,,,,
Hisui.Core1-68,,「キィーーーーーーッ！！ありがとうございました！」,「キィーーーーーーッ！！ありがとうございました！」,,「嘰ーーーーーー！！非常感謝您！」,「咦ーーーーーー！！謝謝你們！」,,"""Kiiiiii! Thank you very much!""",「키이ーーーーーー잇!! 감사합니다!」,「吱ーーーーーー！！非常感谢您！」
,,,,,,,,,,
Hisui.Core1-69,,「改めて、下級戦闘員K46号です！」,「改めて、下級戦闘員K46号です！」,,「我再次自我介紹，我是下級戰鬥員K46號！」,「再次確認，我是下級戰鬥員K46號！」,,"""Once again, I am junior soldier K46!""","「다시 한번, 하급 전투원 K46호입니다!」",「我再次自我介绍，我是下级战斗员K46号！」
,,,,,,,,,,
Hisui.Core1-70,,「財団に忠誠を！世界に支配と恐怖を！」,「財団に忠誠を！世界に支配と恐怖を！」,,「向財團獻上忠誠！帶給世界統治與恐怖！」,「為財團效忠！統治世界，帶來恐懼！」,,"""Loyalty to the Foundation! Rule the world with fear!""",「재단에 충성을! 세계에 지배와 공포를!」,「向财团献上忠诚！带给世界统治与恐怖！」
,,,,,,,,,,
Hisui.Core1-71,072号,「ふむ、いいでしょう。K46号これからも財団に尽くしなさい。」,「ふむ、いいでしょう。K46号これからも財団に尽くしなさい。」,,「嗯，很好。K46號，今後也要為財團盡心盡力。」,「嗯，好吧。K46號，以後也要繼續為財團服務。」,,"""Good. Please dedicate yourself to the Foundation, K46.""","「흠, 좋습니다. K46호 앞으로도 재단에 힘쓰십시오.」",「嗯，很好。K46号，今后也要为财团尽心尽力。」
,,,,,,,,,,
Hisui.Core1-72,,「キィーーーーーーッ！！」,「キィーーーーーーッ！！」,,「嘰ーーーーーー！！」,「咦ーーーーーー！！」,,"""Kiiiiiiii!!""",「키이ーーーーーー잇!!」,「吱ーーーーーー！！」
,,,,,,,,,,
Hisui.Core1-73,,(キィーーーーッ！！私はこれで完全にK46号！),(キィーーーーッ！！私はこれで完全にK46号！),,(嘰ーーーー！！我從此完全是K46號！),「咦ーーーーーッ！！我現在完全是K46號！」,,(Kiiiiiiii! I am now completely K46!),(키이ーーーー잇!! 나는 이걸로 완전히 K46호!),(吱ーーーー！！我从此完全是K46号！)
,,,,,,,,,,
Hisui.Core1-74,,(下級戦闘員として、好みのすべてを捧げます！！),(下級戦闘員として、好みのすべてを捧げます！！),,(作為下級戰鬥員，我將獻上我的全部！！),作為下級戰鬥員，我將奉獻所有喜好！！,,"(As a junior soldier, I will dedicate everything to the Foundation!)","(하급 전투원으로서, 모든 것을 바치겠습니다!!)",(作为下级战斗员，我将献上我的全部！！)
,,,,,,,,,,
Hisui.Core1-75,,(キィーーーーーーッ！！),(キィーーーーーーッ！！),,(嘰ーーーーーー！！),「咦ーーーーーー！！」,,(Kiiiiiiiii!),(키이ーーーーーー잇!!),(吱ーーーーーー！！)
,,,,,,,,,,
Hisui.Core1-76,,(キィーーーーーーッ！！),(キィーーーーーーッ！！),,(嘰ーーーーーー！！),「咦ーーーーーー！！」,,(Kiiiiiiiii!),(키이ーーーーーー잇!!),(吱ーーーーーー！！)
,,,,,,,,,,
Hisui.Core1-77,,(キィーーーーーーッ！！),(キィーーーーーーッ！！),,(嘰ーーーーーー！！),「咦ーーーーーー！！」,,(Kiiiiiiiii!),(키이ーーーーーー잇!!),(吱ーーーーーー！！)