Key,Comment,Japanese,Japanese_Steam,Traditional Chinese_Steam,English,English_Steam,Korean_Steam,Simplified Chinese_Steam
Kei Fallen Scene 1,注釈,闇堕ちシーン,闇堕ちシーン,,闇堕ちシーン,,타락화 이벤트,
Kei.Fallen1-1,黒背景,――――財団地下研究施設,――――財団地下研究施設,――――財團地下研究設施,―――― Foundation Underground Research Facility,At the Foundation's underground research facility,――――재단 지하 연구 시설,――――财团地下研究设施
,,,,,,,,
Kei.Fallen1-2,kei darkness 1-1,「―――おーい、私はいつまでこうしていればいいんだ？」,「―――おーい、私はいつまでこうしていればいいんだ？」,「―――喂，我還要這樣待到什麼時候？」,"""――― ""――――oh, how long do I have to keep doing this?""","""Hey, how long are you going to keep me here?""","「―――어이, 나는 언제까지 이렇게 있어야 하는 거야?」",「―――喂，我还要这样待到什么时候？」
,京,,,,,,,
Kei.Fallen1-3,,猫宮京は聖核エネルギーを無力化され、地下深くの施設に拘束されていた,猫宮京は聖核エネルギーを無力化され、地下深くの施設に拘束されていた,貓宮京的聖核能量被無效化，被拘束在地下深處的設施裡。,Nekomiya Kei was incapacitated from his Seikaku energy and held in a facility deep underground.,Kei Nekomiya's Holy Core was neutralized and she was confined in a facility deep underground.,"네코미야 케이는 성핵 에너지를 무력화당하고, 지하 깊숙한 시설에 구속되어 있었다",猫宫京的圣核能量被无效化，被拘束在地下深处的设施里。
,,,,,,,,
Kei.Fallen1-4,,「何時間も放置されていて流石に暇なんだが…」,「何時間も放置されていて流石に暇なんだが…」,「被晾了好幾個小時，實在是很無聊……」,"""'I'm bored with quicksand after hours of being left alone...'""","""There hasn't been anything to do for hours and I'm bored...""",「몇 시간이나 방치되어 있어서 정말 심심한데…」,「被晾了好几个小时，实在是很无聊……」
,,,,,,,,
Kei.Fallen1-5,,「他の捕らえられた聖核戦姫みたいに私も調教洗脳されるのだろう？」,「他の捕らえられた聖核戦姫みたいに私も調教されるのだろう？」,「我會像其他被捕獲的聖核戰姫一樣被教育吧？」,"""I will be trained and brainwashed like all the other captured Seikaku warriors, won't I?'""","""Aren't you going to re-educate me like you did with the other captured Holy Core Battlemaidens?""",「다른 붙잡힌 성핵전희처럼 나도 조교 교육당하는 거겠지?」,「我会像其他被捕获的圣核战姫一样被教育吧？」
,,,,,,,,
Kei.Fallen1-6,,「どうせなら早くやってくれ。暇すぎる方が苦痛だ」,「どうせなら早くやってくれ。暇すぎる方が苦痛だ」,「要動手的話就快點吧。太閒了反而更痛苦。」,"""I'd rather do it fast anyway. Too much free time is more painful.""","""Just do it quickly! I can't stand being bored.""",「어차피라면 빨리 해줘. 너무 심심한 게 더 고통이야」,「要动手的话就快点吧。太闲了反而更痛苦。」
,,,,,,,,
Kei.Fallen1-7,戦闘員,「あー、うるせえっ！お前これから何されるか理解してねえのか！？」,「あー、うるせえっ！お前これから何されるか理解してねえのか！？」,「啊ーー吵死了！妳難道不明白妳接下來會經歷什麼嗎！？」,"""Oh, shut up! Don't you realize what you're about to do to me?""","""Shut up! Don't you understand what's going to happen to you?""","「아-, 시끄러워! 너 이제부터 뭘 당할지 이해 못 하는 거야!?」",「啊ー，吵死了！你难道不明白你接下来会经历什么吗！？」
,,,,,,,,
Kei.Fallen1-8,京,「もちろん理解しているよ。私は凌辱の限りを尽くされ、調教洗脳されるのだろう？」,「もちろん理解しているよ。私は凌辱の限りを尽くされ、調教されるのだろう？」,「我當然明白。我會被極盡凌辱，然後被教育吧？」,"""Of course I understand. I will be humiliated, trained and brainwashed, won't I?""","""I do, you're going to humiliate me as much as possible and then re-educate me, right?""","「물론 이해하고 있어. 나는 능욕의 극한을 당하고, 조교 교육당하는 거겠지?」",「我当然明白。我会被极尽凌辱，然后被教育吧？」
,,,,,,,,
Kei.Fallen1-9,戦闘員,「良く分かってるじゃねえか。だが、それだと半分だな」,「良く分かってるじゃねえか。だが、それだと半分だな」,「知道就好。不過，那只說對了一半。」,"""You know exactly what you're doing. But that's only half of it.""","""So you do know. That's only half of it.""","「잘 알고 있잖아. 하지만, 그걸로는 절반이군」",「知道就好。不过，那只说对了一半。」
,,,,,,,,
Kei.Fallen1-10,京,「…半分？何か見逃してることがあったかな？」,「…半分？何か見逃してることがあったかな？」,「……一半？我漏掉了什麼嗎？」,"""'...half? Am I missing something?""","""Half? Did I miss something?""",「…절반? 뭔가 놓친 게 있었나?」,「……一半？我漏掉了什么吗？」
,,,,,,,,
Kei.Fallen1-11,戦闘員,「……お前が俺達のアジトにサイバー攻撃をしたせいで、俺達がどんな目にあったか分かってるか？」,「……お前が俺達のアジトにサイバー攻撃をしたせいで、俺達がどんな目にあったか分かってるか？」,「……因為妳對我們的基地的伺服器進行攻擊，害我們遭受了多大的損失，妳知道嗎？」,"""Do you have any idea what we've been through because of your cyber―attack on our hideout at ......?""","""...You launched a cyberattack on us. Do you have any idea what happened?""","「……네가 우리 아지트에 사이버 공격을 한 탓에, 우리가 어떤 꼴을 당했는지 알고 있나?」",「……你对我们的基地进行网路攻击，害我们遭受了多大的损失，你知道吗？」
,,,,,,,,
Kei.Fallen1-12,京,「………ああ、なるほど」,「………ああ、なるほど」,「………啊，原來如此。」,"""......... Oh, I see.""","""Oh, that.""","「………아아, 과연」",「………啊，原来如此。」
,,,,,,,,
Kei.Fallen1-13,戦闘員,「お前のせいで俺達がどれだけの被害を受けたと思っている！？」,「お前のせいで俺達がどれだけの被害を受けたと思っている！？」,「妳以為我們因為妳而遭受了多少損害！？」,"""Do you have any idea how much damage you've done to us!""","""How much damage did you think we sustained?""",「네 탓에 우리가 얼마나 큰 피해를 입었다고 생각하는 거야!?」,「你以为我们因为你而遭受了多少损害！？」
,,,,,,,,
Kei.Fallen1-14,,「アジトの戦闘員がお前をどう思っているのか考えてみろ！」,「アジトの戦闘員がお前をどう思っているのか考えてみろ！」,「想想看基地裡的戰鬥員們對妳抱持著什麼樣的恨意！」,"""Think of what the fighters in the compound think of you!""","""Think about what the soldiers think of you!""",「아지트 전투원들이 너를 어떻게 생각하는지 생각해 봐!」,「想想看基地里的战斗员们对你抱持着什么样的恨意！」
,,,,,,,,
Kei.Fallen1-15,京,「……それについては弁明のしようもないね…おとなしく受け入れるよ」,「……それについては弁明のしようもないね…おとなしく受け入れるよ」,「……對於這點我無話可說……我會乖乖接受的。」,"""...... I can't really defend myself on that one...I'll just meekly accept it.""","""...I have no excuse for that... I'll just take it.""",「……그 점에 대해서는 변명의 여지가 없네… 얌전히 받아들일게」,「……对于这点我无话可说……我会乖乖接受的。」
,Kei darkness 1-2,,,,,,,
Kei.Fallen1-16,,そして部屋に屈強な体の戦闘員達が入ってくる,そして部屋に屈強な体の戦闘員達が入ってくる,接著，體格強壯的戰鬥員們走進房間。,And into the room come the strong―bodied combatants.,Then muscular soldiers entered the room.,그리고 방에 튼튼한 몸의 전투원들이 들어온다,接着，体格强壮的战斗员们走进房间。
,,,,,,,,
Kei.Fallen1-17,京,「―――――っ！？」,「―――――っ！？」,「―――――！？」,"""―――――?""","""?!""",「―――――윽!?」,「―――――可恶！？」
,,,,,,,,
Kei.Fallen1-18,戦闘員,「お前は今から俺達戦闘員100人を全員相手にしてもらう」,「お前は今から俺達戦闘員100人を全員相手にしてもらう」,「妳現在開始要應付我們所有一百名戰鬥員。」,"""You are now going to have to deal with all 100 of us combatants.""","""You're going to take on all 100 of us soldiers now.""",「너는 지금부터 우리 전투원 100명 전원을 상대해야 한다」,「你现在开始要应付我们所有一百名战斗员。」
,,,,,,,,
Kei.Fallen1-19,,「一応上からは殺さない程度にと言われているがな、ここにいるのはお前に恨みを持った血気盛んな戦闘員達だ」,「一応上からは殺さない程度にと言われているがな、ここにいるのはお前に恨みを持った血気盛んな戦闘員達だ」,「雖然上頭說了不要玩死妳，但這裡都是對妳懷恨在心、血氣方剛的戰鬥員。」,"""I've been told from the top not to kill you, but these are just hot―blooded fighters who have a grudge against you.""","""We've been told from above not to kill you, but the soldiers here are hot-blooded guys who hold grudges against you.""","「일단 위에서는 죽이지 않을 정도로 하라고는 했지만, 여기 있는 건 너에게 원한을 품은 혈기 왕성한 전투원들이다」",「虽然上头说了不要玩死你，但这里都是对你怀恨在心、血气方刚的战斗员。」
,,,,,,,,
Kei.Fallen1-20,,「もしかしたら誰かがやり過ぎちまうかもなぁ？」,「もしかしたら誰かがやり過ぎちまうかもなぁ？」,「搞不好會有人玩過火也說不定呢？」,"""Maybe someone will overdo it?""","""Maybe someone might go too far, you know?""",「어쩌면 누군가가 너무 심하게 할지도 모르겠군?」,「搞不好会有人玩过火也说不定呢？」
,,,,,,,,
Kei.Fallen1-21,京,「…ああ、流石に私もちょっと身震いがするよ」,「…ああ、流石に私もちょっと身震いがするよ」,「……啊，連我都稍微打了個冷顫呢。」,"""...Oh, I shudder a little too, even for a quicksilver.""","""...Yeah, even I'm trembling a bit.""","「…아아, 나도 좀 몸서리쳐지는군」",「……啊，连我都稍微打了个冷颤呢。」
,,,,,,,,
Kei.Fallen1-22,,「……しかし流石にこれだけの……ペニス…に囲まれていると少し恥ずかしいね」,「……しかし流石にこれだけの……ペニス…に囲まれていると少し恥ずかしいね」,「……不過被這麼多陰莖……圍著，還是會有點害羞呢。」,"""......But it's a little embarrassing to be surrounded by so many ......penises... in quicksand.""","""...But being surrounded by this many... penises... is a bit embarrassing.""",「……하지만 아무리 그래도 이렇게 많은…… 페니스…에 둘러싸여 있으니 조금 부끄럽네」,「……不过被这么多阴茎……围着，还是会有点害羞呢。」
,,,,,,,,
Kei.Fallen1-23,戦闘員,「はずかしいだぁ？これから何百本もチンポを相手をするんだぞ、そんなこと言ってる場合か？」,「はずかしいだぁ？これから何百本もチンポを相手をするんだぞ、そんなこと言ってる場合か？」,「害羞？妳接下來要應付幾百根陽具，還有時間說這種話嗎？」,"""Embarrassing? You're going to be dealing with hundreds of cocks, is this really the time to be talking like that?""","""Embarrassed? You're about to handle hundreds of dicks, is this really the time for that?""","「부끄럽다고? 이제부터 몇 백 개의 자지를 상대해야 하는데, 그런 말 할 때인가?」",「害羞？你接下来要应付几百根阳具，还有时间说这种话吗？」
,,,,,,,,
Kei.Fallen1-24,,京は拘束を解かれ、目の前に何本ものチンポが差し出される,京は拘束を解かれ、目の前に何本ものチンポが差し出される,京的拘束被解開，好幾根陽具伸到她的面前。,Kei is released from his restraints and several cocks are presented in front of him,"Kei's restraints were removed, and multiple dicks were shoved in her face.","케이는 구속이 풀리고, 눈앞에 여러 개의 자지가 내밀어진다",京的拘束被解开，好几根阳具伸到她的面前。
,Kei darkness 1-3,,,,,,,
Kei.Fallen1-25,京,「うっ…、なるほど、実際に触るとこんな感じか…」,「うっ…、なるほど、実際に触るとこんな感じか…」,「唔……原來如此，實際摸起來是這種感覺嗎……」,"""Ugh...I see...so this is what it actually feels like to touch...""","""Ugh... I see, so this is what it feels like to actually touch one...""","「윽…, 과연, 실제로 만져보면 이런 느낌인가…」",「唔……原来如此，实际摸起来是这种感觉吗……」
,,,,,,,,
Kei.Fallen1-26,,「硬いようで弾力のある…そして焼けるように熱い…不思議な感触だ」,「硬いようで弾力のある…そして焼けるように熱い…不思議な感触だ」,「看似堅硬卻有彈性……而且熱得像要燒起來一樣……真是不可思議的觸感。」,"""It's hard and resilient... and searing hot... a strange sensation.""","""Hard yet elastic... and burning hot... such a strange sensation.""",「단단한 것 같으면서도 탄력이 있고… 그리고 타는 듯이 뜨겁고… 신기한 감촉이야」,「看似坚硬却有弹性……而且热得像要烧起来一样……真是不可思议的触感。」
,,,,,,,,
Kei.Fallen1-27,戦闘員,「お前ならこれからどうすればいいか分かってるよなぁ？」,「お前ならこれからどうすればいいか分かってるよなぁ？」,「妳應該知道接下來該怎麼做吧？」,"""You know what to do now, don't you?""","""You know what you need to do next, right?""",「너라면 이제부터 뭘 해야 할지 알고 있겠지?」,「你应该知道接下来该怎么做吧？」
,,,,,,,,
Kei.Fallen1-28,京,「…ああ、もちろんだ」,「…ああ、もちろんだ」,「……啊，當然。」,"""...Yeah, of course.""","""...Yeah, of course.""","「…아아, 물론이다」",「……啊，当然。」
,,,,,,,,
Kei.Fallen1-29,,「ペニスに繰り返し摩擦刺激を与えて自律神経を活性化させ、精液を排出させればいいのだろう？」,「ペニスに繰り返し摩擦刺激を与えて自律神経を活性化させ、精液を排出させればいいのだろう？」,「就是對陰莖反覆摩擦刺激，活化自律神經，排出精液吧？」,"""'I suppose we could give repeated frictional stimulation to the penis to activate the autonomic nervous system and get it to expel semen?'""","""I need to repeatedly apply frictional stimulation to the penis to activate the autonomic nervous system and cause semen discharge, right?""","「페니스에 반복적으로 마찰 자극을 주어 자율 신경을 활성화시켜, 정액을 배출시키면 되는 거겠지?」",「就是对阴茎反复摩擦刺激，活化自律神经，排出精液吧？」
,,,,,,,,
Kei.Fallen1-30,,「私からしたら全く理解できないが…恐らく生物学的に合理的な方法なんだろう」,「私からしたら全く理解できないが…恐らく生物学的に合理的な方法なんだろう」,「對我來說完全無法理解……但這或許是生物學上合理的方法吧。」,"""From my point of view, I don't understand it at all... but perhaps it's a biologically rational way of doing things.""","""From my perspective, I don't understand it at all... but it's probably a biologically rational method.""",「나로서는 전혀 이해할 수 없지만… 아마 생물학적으로 합리적인 방법이겠지」,「对我来说完全无法理解……但这或许是生物学上合理的方法吧。」
,,,,,,,,
Kei.Fallen1-31,戦闘員,「なにを訳の分からないことを言っていやがる？」,「なにを訳の分からないことを言っていやがる？」,「妳在說什麼鬼話？」,"""What the hell are you talking about?""","""What the hell are you babbling about?""",「무슨 말도 안 되는 소리를 하는 거야?」,「你在说什么鬼话？」
,,,,,,,,
Kei.Fallen1-32,,「それとペニスじゃねえ、チンポだ！わかったらとっとと始めろ！」,「それとペニスじゃねえ、チンポだ！わかったらとっとと始めろ！」,「還有，那不叫陰莖，叫陽具！懂了就快點開始！」,"""And it ain't a penis, it's a dick! Get on with it!""","""And it's not 'penis,' it's dick! Now that you understand, get started!""","「그리고 페니스가 아니야, 자지다! 알았으면 빨리 시작해!」",「还有，那不叫阴茎，叫阳具！懂了就快点开始！」
,,,,,,,,
Kei.Fallen1-33,京,「うっ、わかった…ではまず…チンポ…を握って…」,「うっ、わかった…ではまず…チンポ…を握って…」,「唔，我知道了……那麼首先……抓住陽具……」,"""Ugh, okay...so first...grab...your...dick...""","""Ugh, got it... So first... I grip the... dick...""","「윽, 알았다… 그럼 우선… 자지…를 잡고…」",「唔、我知道了……那么首先……抓住阳具……」
,,,,,,,,
Kei.Fallen1-34,,京は両手にチンポを握り、慣れない手つきで上下させる,京は両手にチンポを握り、慣れない手つきで上下させる,京雙手握住陽具，以生疏的手勢上下套弄。,Kei grips his cock in both hands and moves it up and down with an unaccustomed hand.,Kei gripped dicks in both hands and moved them up and down with inexperienced motions.,"케이는 양손에 자지를 쥐고, 익숙하지 않은 손놀림으로 위아래로 움직인다",京双手握住阳具，以生疏的手势上下套弄。
,,,,,,,,
Kei.Fallen1-35,,コスッ…、コスッ…,コスッ…、コスッ…,摩擦…摩擦…,"Koss..., Koss...","Rub, rub...",코슷… 코슷…,摩擦…、摩擦…
,,,,,,,,
Kei.Fallen1-36,戦闘員,「おいおいなんだその手つきは？ふざけてるのか？」,「おいおいなんだその手つきは？ふざけてるのか？」,「喂喂，妳那是什麼手法？在開玩笑嗎？」,"""Whoa, whoa, whoa, whoa, whoa, whoa, whoa, whoa, whoa, whoa, whoa, whoa, whoa, whoa, whoa, whoa, whoa. Are you kidding me?""","""Hey, what's with that clumsy technique! Are you an elementary schooler?!""",「어이어이 뭐야 그 손놀림은? 장난치는 건가?」,「喂喂，你那是什么手法？在开玩笑吗？」
,,,,,,,,
Kei.Fallen1-37,京,「っ、まちたまえっ、初めてなんだ、すぐにできるわけがないだろう？！」,「っ、まちたまえっ、初めてなんだ、すぐにできるわけがないだろう？！」,「等一下，這可是我的第一次，不可能馬上就會吧？！」,"""I've never done this before, how could I do it so quickly?""","""Ugh... It can't be helped since this is my first time...""","「윽, 기다려줘, 처음이란 말이야, 바로 할 수 있을 리 없잖아?!」",「可恶、等一下、这可是我的第一次，不可能马上就会吧？！」
,,,,,,,,
Kei.Fallen1-38,京,「っ、こう…か？いや、もっと…」,「っ、こう…か？いや、もっと…」,「這樣……嗎？不對，再更……」,"""Like this...? No, more like...""","""L-like this...? No, more...""","「윽, 이렇게…인가? 아니, 더…」",「可恶、这样……吗？不对、再更……」
,,,,,,,,
Kei.Fallen1-39,,コスッ、コスッ、コスッ,コスッ、コスッ、コスッ,摩擦、摩擦、摩擦,"Koss, koss, koss.","Rub, rub, rub","코슷, 코슷, 코슷",摩擦、摩擦、摩擦
,,,,,,,,
Kei.Fallen1-40,戦闘員,「……ったく、頭は良くてもこっちは全然だめだなぁ？」,「……ったく、頭は良くてもこっちは全然だめだなぁ？」,「……真是的，頭腦好歸好，但這方面完全不行啊？」,"""......, you're so smart, but not at all this way, huh?""","""...Geez, you may be smart but you're totally useless at this, huh?""","「……정말, 머리는 좋아도 이쪽은 전혀 안 되는군?」",「……真是的，头脑好归好，但这方面完全不行啊？」
,,,,,,,,
Kei.Fallen1-41,京,「……！、本当にこれで精液が出るのか！？全く想像がつかないんだが！」,「……！、本当にこれで精液が出るのか！？全く想像がつかないんだが！」,「……！真的這樣就能射出精液嗎！？我完全無法想像啊！」,"""......! I can't believe that this is really going to produce semen! I can't imagine that at all!""","""...! Will this really make semen come out?! I can't imagine it at all!","「……!, 정말 이걸로 정액이 나오는 건가!? 전혀 상상이 안 가는데!」",「……！真的这样就能射出精液吗！？我完全无法想像啊！」
,,,,,,,,
Kei.Fallen1-42,戦闘員,「じれってえ、俺が直接教えてやる、オラッ、口開けろ！」,「じれってえ、俺が直接教えてやる、オラッ、口開けろ！」,「真讓人心急，我來直接教妳，喂，把嘴張開！」,"""I'll tell you in person.""","""This is frustrating, I'll teach you directly. Come on, open your mouth!""","「답답하네, 내가 직접 가르쳐주지, 자! 입 벌려!」",「真让人心急，我来直接教你，喂，把嘴张开！」
,Kei darkness 1-4,,,,,,,
Kei.Fallen1-43,,一人の戦闘員が京の口にチンポを突っ込む,一人の戦闘員が京の口にチンポを突っ込む,一名戰鬥員將陽具塞進京的嘴裡。,One fighter puts his cock in Kei's mouth.,One of the soldiers shoved his dick into Kei's mouth.,한 명의 전투원이 케이의 입에 자지를 쑤셔 넣는다,一名战斗员将阳具塞进京的嘴里。
,,,,,,,,
Kei.Fallen1-44,京,「む゛っ！？」,「む゛っ！？」,「唔！」,"""Mwah!""","""Mmph?!""",「읍옷 !?」,「唔！」
,,,,,,,,
Kei.Fallen1-45,戦闘員,「チッ、コイツ口小さくて先端しか入らねえな」,「チッ、コイツ口小さくて先端しか入らねえな」,「嘖，這傢伙嘴巴太小了，只有前端進得去。」,"""Damn, his mouth is so small, only the tip goes in.""","""Tch, her mouth's so small only the tip fits.""","「칫, 이 녀석 입 작아서 끝부분밖에 안 들어가네」",「啧，这家伙嘴巴太小了，只能进去阳具头。」
,,,,,,,,
Kei.Fallen1-46,京,「グムッ、ん゛ん゛っ！」,「グムッ、ん゛ん゛っ！」,「唔、嗯嗯！」,"""Gummmm, dang!""","""Gmph, mmph!""","「크음, 응옷 응옷 윽!」",「唔、嗯嗯！」
,,,,,,,,
Kei.Fallen1-47,戦闘員,「どうやってチンポ扱くのか教えてやる！オラッ」,「どうやってチンポ扱くのか教えてやる！オラッ」,「我來告訴妳怎麼玩弄陽具！喂！」,"""I'll show you how to handle your dick! Oh, fuck.""","""I'll teach you how to handle a dick! Here!""",「어떻게 자지 흔드는지 가르쳐주지! 자!」,「我来告诉你怎么玩弄阳具！喂！」
,,,,,,,,
Kei.Fallen1-48,,戦闘員は京の頭をつかみ腰を振り始める,戦闘員は京の頭をつかみ腰を振り始める,戰鬥員抓住京的頭，開始搖動腰部。,The combatant grabs Kei's head and starts shaking his hips.,The soldier grabbed Kei's head and began thrusting his hips,전투원은 케이의 머리를 잡고 허리를 흔들기 시작한다,战斗员抓住京的头，开始摇动腰部。
,,,,,,,,
Kei.Fallen1-49,,ジュプッ、ジュプッ、パチュッ,ジュプッ、ジュプッ、パチュッ,咕啵、咕啵、啪啾,"Jup, jup, pattu.","Schlup, schlup, squelch","쥬풋, 쥬풋, 파츗",咕啵、咕啵、啪啾
,,,,,,,,
Kei.Fallen1-50,京,「む゛っ、ん゛ん゛っ～～～～！？」,「む゛っ、ん゛ん゛っ～～～～！？」,「唔、嗯嗯～～～～！？」,"""Mwah, mwah, mwah, ～～～～!""","""Mmph, mmmph?!""","「읍옷 , 응옷 응옷 윽~~~~!?」",「唔、嗯嗯～～～～！？」
,,,,,,,,
Kei.Fallen1-51,戦闘員,「ハハッ、コイツ口がちいせえからチンポに吸い付くぞ！」,「ハハッ、コイツ口がちいせえからチンポに吸い付くぞ！」,「哈哈，這傢伙嘴巴小，會緊緊吸住陽具！」,"""Hahaha, he's got a big mouth, he's gonna suck my dick!""","""Haha, her small mouth is wrapped tight around my dick!""",「하핫! 이 녀석 입 작아서 자지에 달라붙네!」,「哈哈，这家伙嘴巴小，会紧紧吸住阳具！」
,,,,,,,,
Kei.Fallen1-52,京,「ん゛ん゛っ！グパッ、―――まへ゛っ！、いきがっ！」,「ん゛ん゛っ！グパッ、―――まへ゛っ！、いきがっ！」,「嗯嗯！嘩啦―――等等！快不能呼吸了！」,"""D―D―D―D―D. G―p―pa―aaah! Breathe!""","""Mmph! Gasp—Wait! I can't breathe!""","「응옷 응옷 윽! 크팟, ―――자해!, 숨이!」",「嗯嗯！哗啦、―――可恶！我、我快不能呼吸了！」
,,,,,,,,
Kei.Fallen1-53,戦闘員,「ああ？知ったことか！お前は射精させることだけ考えてりゃいいんだよ！」,「ああ？知ったことか！お前は射精させることだけ考えてりゃいいんだよ！」,「啊？關我什麼事！妳只要專心讓我射精就好了！」,"""Oh?"" I don't care! All you need to think about is making me ejaculate!""","""Huh? Like I care! All you need to think about is making me come!""",「아아? 알 바 아니야! 너는 사정시키는 것만 생각하면 돼!」,「啊？关我什么事！你只要专心让它射精就好了！」
,,,,,,,,
Kei.Fallen1-54,,ジュプッ、チュプッ、ジュプッ！,ジュプッ、チュプッ、ジュプッ！,咕啵、啾啵、咕啵！,"Jup, chup, jup!","Schlup, slurp, schlup!","쥬풋, 츄풋, 쥬풋!",咕啵、啾啵、咕啵！
,,,,,,,,
Kei.Fallen1-55,京,「ん゛ん゛っ～～～っ！！、ん゛ん゛っ！！」,「ん゛ん゛っ～～～っ！！、ん゛ん゛っ！！」,「嗯嗯～～～！！嗯嗯！！」,"""¡n゛―！！！！！ D―D―D―D―D―D!!!""","""Mmmmph!! Mmph!!""","「응옷 응옷 윽~~~윽!!, 응옷 응옷 윽!!」",「嗯嗯～～～！！、嗯嗯！！」
,,,,,,,,
Kei.Fallen1-56,,(ぐっ、こんな速度で扱くものなのかっ！？),(ぐっ、こんな速度で扱くものなのかっ！？),(咕，是要用這種速度套弄嗎！？),"(Gosh, is it possible to handle it at such a speed?)","(Ugh, is this the speed you're supposed to stroke it?!)","(크윽, 이런 속도로 흔드는 건가!?)",(可恶、是要用这种速度套弄吗！？)
,,,,,,,,
Kei.Fallen1-57,,パチュッ！、パチュッ！、パチュッ！,パチュッ！、パチュッ！、パチュッ！,啪啾！啪啾！啪啾！,Patchu! Patchu! Patchoo!,Squelch! Squelch! Squelch!,"파츗!, 파츗!, 파츗!",啪啾！、啪啾！、啪啾！
,,,,,,,,
Kei.Fallen1-58,戦闘員,「オラッ、そろそろ出してやるっ！全部飲み込めっ！」,「オラッ、そろそろ出してやるっ！全部飲み込めっ！」,「喂！差不多要射出來了！全部吞下去！」,"""I'm about to let you out! Swallow it all!""","""Here, I'm gonna come soon! Swallow it all!""",「자! 슬슬 싸줄게! 전부 삼켜!」,「喂！差不多要射出来了！全部吞下去！」
,,,,,,,,
Kei.Fallen1-59,京,「ん゛ん゛っ！？ん゛っ！」,「ん゛ん゛っ！？ん゛っ！」,「嗯嗯！嗯！」,"""D―D―D―D―D―D―D? ""D―B―B―Y!""","""Mmph?! Mmph!""",「응옷 응옷 윽!? 응옷 윽!」,「嗯嗯！嗯！」
,,,,,,,,
Kei.Fallen1-60,,(まてっ、心の準備がっ！、っそもそも飲んで大丈夫なのか！？),(まてっ、心の準備がっ！、っそもそも飲んで大丈夫なのか！？),(等一下，我還沒做好心理準備！而且吞下去真的沒問題嗎！？),"(Wait, I'm not prepared for this! Is it safe to drink in the first place?)","(Wait, I'm not mentally prepared! Is it even safe to swallow?!)","(잠깐, 마음의 준비가!, 윽 애초에 마셔도 괜찮은 건가!?)",(等一下、我还没做好心理准备！而且、吞下去真的没问题吗！？)
,,,,,,,,
Kei.Fallen1-61,Kei darkness 1-5,その瞬間、戦闘員のチンポが激しく脈動し、京の口の中に精液が放たれる,その瞬間、戦闘員のチンポが激しく脈動し、京の口の中に精液が放たれる,就在這瞬間，戰鬥員的陽具劇烈脈動，精液射進了京的嘴裡。,"At that moment, the fighter's cock pulsates violently and semen is released into Kei's mouth!","At that moment, the soldier's dick pulsated violently and shot his semen into Kei's mouth.","그 순간, 전투원의 자지가 격렬하게 맥동하며, 케이의 입안에 정액이 방출된다",就在这瞬间，战斗员的阳具剧烈脉动，精液射进了京的嘴里。
,,,,,,,,
Kei.Fallen1-62,,ドビュッ！、ビュルルルッルッ！,ドビュッ！、ビュルルルッルッ！,咚！咻嚕嚕嚕嚕！,Dobruh! Doburrrrrrrrrrr!,Spurt! Splurrrt!,"도븃!, 뷰르르르릇르릇!",咚！、咻噜噜噜噜！
,,,,,,,,
Kei.Fallen1-63,京,「ん゛ん゛っ！？ん゛っ～～～！！！？」,「ん゛ん゛っ！？ん゛っ～～～！！！？」,「嗯嗯！嗯～～～！！！？」,"""D―D―D―D―D―D! dd~~~!!!!!!!""","""Mmph?! Mmmmmph?!""",「응옷 응옷 윽!? 응옷 윽~~~!!!?」,「嗯嗯！嗯～～～！！！？」
,,,,,,,,
Kei.Fallen1-64,戦闘員,「コイツッ、全部飲めって言ったのに漏らしやがってッ！」,「コイツッ、全部飲めって言ったのに漏らしやがってッ！」,「這傢伙，叫妳全吞下去竟然還漏出來！」,"""I told you to drink it all and you shit your pants!""","""Hey! I told you to swallow it all but you're spilling it!""","「이 자식!, 전부 마시라고 했는데 흘리고 있잖아!」",「这家伙、叫你全吞下去竟然还漏出来！」
,,,,,,,,
Kei.Fallen1-65,,「ゴプッ、ブピュッ、ん゛ん゛っ～～～！？」,「ゴプッ、ブピュッ、ん゛ん゛っ～～～！？」,「咳、噗滋、嗯嗯～～～！？」,"""Gobble, bup, bup, bup, bup, bup, bup, bup, bup, bup, bup, bup, bup, bup, bup, bup, bup!""","""Glup, splurt Mmmph?!""","「곱, 부퓻, 응옷 응옷 윽~~~!?」",「咳、噗滋、嗯嗯～～～！？」
,,,,,,,,
Kei.Fallen1-66,,(―――うあ、まっずっ！しかも喉に絡みついてっ！？),(―――うあ、まっずっ！しかも喉に絡みついてっ！？),(―――嗚啊，好難吃！而且還卡在喉嚨裡！？),"(―――Ugh, mazuzu! And it's tangled around my throat!)","(—Ugh, it tastes awful! And it's sticking to my throat?!)","(―――으아, 맛없어! 게다가 목에 달라붙어서!?)",(―――呜啊，好难吃！而且还卡在喉咙里！？)
,,,,,,,,
Kei.Fallen1-67,,(こんなもの飲み続けてたら体力が持たないっ),(こんなもの飲み続けてたら体力が持たないっ),(一直吞這種東西，體力會撐不住的。),"(If I keep drinking this stuff, I won't have the strength.)",(I'm not going to last very long if I keep swallowing this stuff),(이런 걸 계속 마시면 체력이 버티지 못해),(一直吞这种东西，体力会撑不住的。)
,,,,,,,,
Kei.Fallen1-68,,「まあ、まずはめでたく一人目だ、あと99人だな」,「まあ、まずはめでたく一人目だ、あと99人だな」,「嘛，恭喜妳，第一個完成了，還有99個人呢。」,"""Well, we've got one to go, and 99 more to go.""","""Well, congratulations on the first one. Only 99 more to go.""","「뭐, 우선은 경사스럽게 첫 번째다, 앞으로 99명이군」",「嘛，恭喜你，第一个完成了，还有99个人呢。」
,Kei darkness 1-6,,,,,,,
Kei.Fallen1-69,京,「っ！、まってくれ、流石に99人は…せめて9人ぐらいならっ…」,「っ！、まってくれ、流石に99人は…せめて9人ぐらいならっ…」,「可惡！等一下，再怎麼說99個也太多了……至少9個吧……」,"""I'm not going to do it! Wait a minute, I can't take ninety―nine people... at least nine...""","""Wait! 99 people is too much... at least make it nine...""","「윽!, 기다려줘, 아무리 그래도 99명은… 적어도 9명 정도라면…」",「可恶！等一下，再怎么说99个也太多了……至少9个吧……」
,,,,,,,,
Kei.Fallen1-70,,「拒否権はねえんだよ！、オラッ残り99人！」,「拒否権はねえんだよ！、オラッ残り99人！」,「妳沒有拒絕的權利！喂！剩下99人！」,"""I ain't got no veto power! There's only 99 left!""","""You don't get to refuse! Come on, 99 more!""","「거부권은 없어!, 자! 남은 99명!」",「你没有拒绝的权利！喂！剩下99人！」
,,,,,,,,
Kei.Fallen1-71,京,「―――っ、これは大変だ」,「―――っ、これは大変だ」,「―――可惡，這下麻煩了。」,"""――――, this is a big deal.""","""This is going to be rough.""","「―――윽, 이건 큰일인데」",「―――可恶，这下麻烦了。」
,暗転,,,,,,,
Kei.Fallen1-72,,「よっと！」,「よっと！」,「嘿！」,"""Yay!""","""Here we go!""",「자!」,「嘿！」
,,,,,,,,
Kei.Fallen1-73,,ズブッ！！,ズブッ！！,噗通！！,Zubu!,Thrust!!,즈븃!!,噗通！！
,,,,,,,,
Kei.Fallen1-74,京,「ひっぎいっ！！？」,「ひっぎいっ！！？」,「噫！」,"""Hi―gi―yi―yi―yi―yi!""","""Hgggggiiii!""",「히익기잇!!?」,「噫！」
,,,,,,,,
Kei.Fallen1-75,,京はI字バランスの状態で足を開かれ、割れ目に躊躇なくチンポを挿入される,京はI字バランスの状態で足を開かれ、割れ目に躊躇なくチンポを挿入される,京被擺成I字平衡的姿勢，雙腿打開，陽具毫不猶豫地被插進她的胯間。,Kei's legs are opened in an I―balanced position and his cock is inserted into the crack without hesitation.,"Kei's legs were spread wide open, and a dick was inserted into her slit without hesitation.","케이는 I자 밸런스 상태로 다리가 벌려지고, 갈라진 틈에 망설임 없이 자지가 삽입된다",京被摆成I字平衡的姿势，双腿打开，阳具毫不犹豫地被插进她的胯间。
,,,,,,,,
Kei.Fallen1-76,戦闘員,「うおっ、このマンコ良く締まるなっ」,「うおっ、このマンコ良く締まるなっ」,「喔，這鮑魚夾得真緊啊。」,"""Whoa, this pussy is so tight.""","""Whoa, this pussy's really tight!""","「우옷, 이 보지 잘 조이네」",「喔，这鲍鱼夹得真紧啊。」
,,,,,,,,
Kei.Fallen1-77,京,「おいちょっと待ってくれ！、私は処女だったんだぞ、そんな適当にっ！」,「おいちょっと待ってくれ！、私は処女だったんだぞ、そんな適当にっ！」,「喂！等一下！我還是處女啊，怎麼能這麼隨便！」,"""I was a virgin! I was a virgin, for God's sake!""","""Hey, wait a minute! I was a virgin, you can't just do it so carelessly!""","「어이 잠깐 기다려!, 나는 처녀였단 말이야, 그렇게 막!」",「喂！等一下！我还是处女啊，怎么能这么随便！」
,,,,,,,,
Kei.Fallen1-78,戦闘員,「ああ？これから99人相手にするのに今更何言ってんだ？」,「ああ？これから99人相手にするのに今更何言ってんだ？」,「啊？妳接下來要應付99個人，事到如今說這些有什麼用？」,"""Oh? What are you talking about when you're about to deal with 99 people?""","""Huh? You're about to take on 99 guys, what are you saying now?""",「아아? 이제부터 99명 상대해야 하는데 이제 와서 무슨 말이야?」,「啊？你接下来要应付99个人，事到如今说这些有什么用？」
,,,,,,,,
Kei.Fallen1-79,京,「っ、本当にやるのかっ？！」,「っ、本当にやるのかっ？！」,「可惡、你們真的要做嗎？！」,"""Are you sure you want to do this?""","""Are you really going through with this?!""","「윽, 정말 하는 건가!?」",「可恶、你们真的要做吗？！」
,,,,,,,,
Kei.Fallen1-80,戦闘員,「今のお前はただのオナホなんだよ！早く終わらせたかったらマンコに力入れて手を動かせ！」,「今のお前はただのオナホなんだよ！早く終わらせたかったらマンコに力入れて手を動かせ！」,「現在的妳只是個自慰器！想快點結束就鮑魚用力夾緊，手也動起來！」,"""'Now you're just a masturbator! If you want to get this over with quickly, you're going to have to work on your pussy and move your hands!""","""Right now you're just a sex toy! If you want this to end quickly, tighten your pussy and move your hands!""",「지금 너는 그냥 오나홀이야! 빨리 끝내고 싶으면 보지에 힘주고 손 움직여!」,「现在的你只是个自慰器！想快点结束就鲍鱼用力夹紧，手也动起来！」
,,,,,,,,
Kei.Fallen1-81,京,「っ！、……覚悟を決めるしかないな」,「っ！、……覚悟を決めるしかないな」,「可惡！……看來只能認命了。」,"""! I guess I'll just have to ...... brace myself.""","""...! I have no choice but to steel myself.","「윽!, ……각오를 다지는 수밖에 없군」",「可恶！……看来只能认命了。」
,,,,,,,,
Kei.Fallen1-82,,バコッ、バコッ、バコッ！,バコッ、バコッ、バコッ！,啪、啪、啪！,"Bakkop, bakkop, bakkop!","Slam, slam, slam!","바콧, 바콧, 바콧!",啪、啪、啪！
,,,,,,,,
Kei.Fallen1-83,京,「っ、ん゛ん゛っ♥、お゛お゛っ！」,「っ、ん゛ん゛っ♥、お゛お゛っ！」,「可惡♥，嗯嗯！喔喔！」,"""♥♥♥♥♥♥♥♥♥♥♥♥♥♥♥♥♥♥♥♥♥♥♥♥♥♥♥♥♥♥♥♥♥♥♥♥♥♥♥♥""","""Mmph♥ Ohhh!""","「윽, 응옷 응옷 윽♥, 오옷 오옷 옷!」",「可恶♥、嗯嗯！喔喔！」
,,,,,,,,
Kei.Fallen1-84,,「ん゛ん゛っ♥、お゛っ！、もっと、ゆっくりっ♥！」,「ん゛ん゛っ♥、お゛っ！、もっと、ゆっくりっ♥！」,「嗯嗯♥！喔！再、慢一點♥！」,"""D―d―d―d―d―d―d―d―d―d―d―d―d―d―d―d―d―d―d―d―d―d―d―d―d―d―d―d―d―d―d―d―d―d―d―d―d―d―d―d―d. ""Slower, slower, slower!""","""Mmph♥ Oh! More... Slowly♥!""","「응옷 응옷 윽♥, 오옷 옷!, 더, 천천히♥!」",「嗯嗯♥！喔！再、慢一点♥！」
,,,,,,,,
Kei.Fallen1-85,戦闘員,「知るかっ！、オラッ、こっちももっと手動かせっ！」,「知るかっ！、オラッ、こっちももっと手動かせっ！」,「誰管妳！喂！這邊也再快點動手！」,"""I don't know! I'm gonna need more manual control over here!""","""Like I care! Come on, move your hands more too!""","「알 바 아니야!, 자! 이쪽도 더 손 움직여!」",「谁管你！喂！这边也再快点动手！」
,,,,,,,,
Kei.Fallen1-86,,「ん゛ん゛っ♥、わかったっ♥」,「ん゛ん゛っ♥、わかったっ♥」,「嗯嗯♥知道了♥」,"""D―d―d―d―d―d―d―d―d―d―d―d―d―d―d―d―d―d―d―d―d―d―d―d―d―d―d―d―d―d―d―d―d―d―d―d―d―d―d―d―d―d―d―d.""","""Mmph♥ Got it♥""","「응옷 응옷 윽♥, 알았다♥」",「嗯嗯♥知道了♥」
,,,,,,,,
Kei.Fallen1-87,,シュコッ、シュコッ、シュコッ！,シュコッ、シュコッ、シュコッ！,咻、咻、咻！,"Shukk, shukk, shukk!","Stroke, stroke, stroke!","슈콧, 슈콧, 슈콧!",咻、咻、咻！
,,,,,,,,
Kei.Fallen1-88,戦闘員,「お？ちょっとは様になって来たじゃねえか」,「お？ちょっとは様になって来たじゃねえか」,「喔？開始有點樣子了嘛。」,"""Oh? You're starting to look good.""","""Oh? You're starting to look the part.""",「오? 좀 폼이 나기 시작했잖아」,「喔？开始有点样子了嘛。」
,,,,,,,,
Kei.Fallen1-89,京,「んお゛お゛っ♥、はやくっ♥、出してくれっ♥！」,「んお゛お゛っ♥、はやくっ♥、出してくれっ♥！」,「嗯喔喔♥、快點♥、快點射出來♥！」,"""Oh, oh, oh, oh, oh, oh, oh, oh, oh, oh, oh, oh, oh, oh, oh, oh, oh, oh, oh, let me out, let me out, let me out, let me out!""","""Ohhh♥ Hurry♥ And come♥!""","「응오옷 오옷 옷♥, 빨리♥, 싸줘♥!」",「嗯喔喔♥快点♥快点射出来♥！」
,,,,,,,,
Kei.Fallen1-90,戦闘員,「まあいい、後がつっかえてるしな、オラッ」,「まあいい、後がつっかえてるしな、オラッ」,「算了，後面還有人等著呢，喂！」,"""'Oh well, the rest of it's stuck, orah.""","""Fine, there's a line behind me anyway. Here!""","「뭐 됐어, 뒤가 밀렸으니까, 자!」",「算了，后面还有人等着呢，喂！」
,,,,,,,,
Kei.Fallen1-91,Kei darkness 1-7,ドビュッ、ビュルルルッルッ,ドビュッ、ビュルルルッルッ,咚、咻嚕嚕嚕嚕,,"Spurt, splurrrt","도븃, 뷰르르르릇르릇",咚、咻噜噜噜噜
,,,,,,,,
Kei.Fallen1-92,京,「ひぎっ、お゛お゛お゛っ♥！」,「ひぎっ、お゛お゛お゛っ♥！」,「噫！喔喔喔♥」,"""HIGH, OH, OH, OH, OH, OH ♥!""","""Hiiiiig, ooohhhhh♥!""","「히긱, 오옷 오옷 오옷 옷♥!」",「噫！喔喔喔♥」
,,,,,,,,
Kei.Fallen1-93,,「お゛っ、熱いのがお腹の中にっ、こ、これが膣内射精の感覚ッ♥」,「お゛っ、熱いのがお腹の中にっ、こ、これが膣内射精の感覚ッ♥」,「喔！熱熱的東西進到肚子裡了，這、這就是陰道內被射精的感覺！」,"""Oh, I'm so hot in my stomach, this is what vaginal ejaculation feels like!""","""Oh, hot stuff inside my belly, s-so this is what vaginal ejaculation feels like♥""","「오옷 옷, 뜨거운 게 배 안에, 이, 이게 질내 사정의 감각윽♥」",「喔、热热的东西进到肚子里了、这、这就是阴道内被射精的感觉！」
,,,,,,,,
Kei.Fallen1-94,戦闘員,「ぼーっとしてんじゃねえっ！次だ次！」,「ぼーっとしてんじゃねえっ！次だ次！」,「別發呆了！下一個下一個！」,"""Don't just stand there! Next, next!""","""Don't space out! Next, next!""",「멍하니 있지 마! 다음이야 다음!」,「别发呆了！下一个下一个！」
,,,,,,,,
Kei.Fallen1-95,,「射精したならとっとと変われ！」,「射精したならとっとと変われ！」,「射完了就快點換人！」,"""If you've ejaculated, then change!""","""If you came, hurry up and switch!""",「사정했으면 빨리 비켜!」,「射完了就快点换人！」
,,,,,,,,
Kei.Fallen1-96,京,「ま、待て少し休憩をっ」,「ま、待て少し休憩をっ」,「等、等我休息一下！」,"""Wait, wait, take a break.""","""W-wait, let me rest a bit...""","「자, 잠깐 휴식을」",「等、等我休息一下！」
,暗転,,,,,,,
Kei.Fallen1-97,Kei darkness 1-8,パンッ、パンッ、パンッ、パンッ！,パンッ、パンッ、パンッ、パンッ！,啪、啪、啪、啪！,"Pang, pang, pang, pang!",Slap... Slap... Slap...,팡! 팡! 팡! 팡!,啪、啪、啪、啪！
,,,,,,,,
Kei.Fallen1-98,京,「ん゛お゛っ♥、お゛っ♥、お゛っ♥」,「ん゛お゛っ♥、お゛っ♥、お゛っ♥」,「嗯喔♥、喔♥、喔♥」,"""Oh... oh... oh♥""","""Ngh♥ Oh♥ Oh♥""","「응옷 오옷 옷♥, 오옷 옷♥, 오옷 옷♥」",「嗯喔♥喔♥喔♥」
,,,,,,,,
Kei.Fallen1-99,戦闘員,「ハハッ、コイツ軽いから吊り下げて使えばちょうどいいな」,「ハハッ、コイツ軽いから吊り下げて使えばちょうどいいな」,「哈哈，這傢伙很輕，吊起來用剛剛好。」,"""Hahaha, this one is so light, it's perfect for hanging.""","""Haha, she's so light, it's perfect to use her hanging like this.""",「하핫! 이 녀석 가벼워서 매달아 쓰면 딱 좋네」,「哈哈，这家伙很轻，吊起来用刚刚好。」
,,,,,,,,
Kei.Fallen1-100,京,「ん゛あ゛っ♥、さっきからペニ…チンポが入りっぱなしなんだっ！」,「ん゛あ゛っ♥、さっきからペニ…チンポが入りっぱなしなんだっ！」,「嗯啊♥！陰莖……陽具一直插在裡面！」,"""Oh my god, I've had my dick in you for a while now!""","""Ngaah♥ The peni... dick has been inside me this whole time!""","「응옷 아옷 앗♥, 아까부터 페니… 자지가 계속 들어가 있어!」",「嗯啊♥！阴茎……阳具一直插在里面！」
,,,,,,,,
Kei.Fallen1-101,,「ん゛ん゛っ♥、このままではッ♥、ちょっと休ませて…っ♥」,「ん゛ん゛っ♥、このままではッ♥、ちょっと休ませて…っ♥」,「嗯嗯♥，再這樣下去♥…讓我休息一下！」,"""I'm going to have to take a break...""","""Mmph♥ At this rate♥ Let me rest a bit♥""","「응옷 응옷 윽♥, 이대로는♥, 조금 쉬게 해줘…♥」",「嗯嗯♥、这样下去♥、让我休息一下！」
,,,,,,,,
Kei.Fallen1-102,戦闘員,「ああ？オナホが口答えすんじゃねえよ！あと90人以上残ってんだぞ！」,「ああ？オナホが口答えすんじゃねえよ！あと90人以上残ってんだぞ！」,「啊？自慰器還敢頂嘴！後面還有90多個人等著呢！」,"""Oh? Don't talk back to me, masturbator! There's over 90 of us left!""","""Huh? A sex toy shouldn't talk back! There's still over 90 guys left!""",「아아? 오나홀이 말대꾸하지 마! 아직 90명 이상 남았다고!」,「啊？自慰器还敢顶嘴！后面还有90多个人等着呢！」
,,,,,,,,
Kei.Fallen1-103,京,「ひぎっ♥、お゛っ♥！そんなっ」,「ひぎっ♥、お゛っ♥！そんなっ」,「噫♥、喔♥！怎麼會！」,"""Hi―giggity, oh―gee―gee―gee! No.""","""Higi♥ Oh♥! No way""","「히긱♥, 오옷 옷♥! 그런」",「噫♥、喔♥！怎么会！」
,,,,,,,,
Kei.Fallen1-104,kei darkness 1-9,ビュルッ、ビュルルルッルッ！,ビュルッ、ビュルルルッルッ！,咻嚕嚕嚕嚕、咻！,"Burr, burr, burr!","Splurt, splurrrt!","뷰릇, 뷰르르르릇르릇!",咻噜噜噜噜、咻！
,,,,,,,,
Kei.Fallen1-105,京,「ん゛あぁっ♥！お゛お゛っ！、また出てるっ♥！？」,「ん゛あぁっ♥！お゛お゛っ！、また出てるっ♥！？」,「嗯啊！喔喔！又射出來了！？」,"""Aaah! Oh, oh, oh! I'm cumming again!""","""Ngaaah♥! Ohhh! Still coming♥?!""","「응옷 아앗♥! 오옷 오옷 옷!, 또 나왔어♥!?」",「嗯啊！喔喔！又射出来了！？」
,,,,,,,,
Kei.Fallen1-106,戦闘員,「ふう、コイツ穴だけは最高だな。おら、終わったぞ次の奴！」,「ふう、コイツ穴だけは最高だな。おら、終わったぞ次の奴！」,「呼，這傢伙的洞真是極品。好了，結束了，下一個！」,"""Yeah, this guy's got a great hole. Hey, I'm done, next guy!""","""Phew, her hole is the best at least. Hey, I'm done, next!""","「후우, 이 녀석 구멍만은 최고네. 자, 끝났다 다음 놈!」",「呼，这家伙的洞真是极品。好了，结束了，下一个！」
,暗転,,,,,,,
Kei.Fallen1-107,Kei darkness 1－10,パチュッ、パチュッ、パチュッ、パチュッ！,パチュッ、パチュッ、パチュッ、パチュッ！,啪啾、啪啾、啪啾、啪啾！,"Patch, patch, patch, patch!","Squelch, squelch, squelch, squelch!","파츗, 파츗, 파츗, 파츗!",啪啾、啪啾、啪啾、啪啾！
,,,,,,,,
Kei.Fallen1-108,京,「むぐっ！？♥ん゛ん゛ん♥！？」,「むぐっ！？♥ん゛ん゛ん♥！？」,「唔！？嗯♥嗯♥！？」,"""MUGGH! ♥♥♥♥♥?""","""Mugu?!♥ Mmmph♥?!""",「읍!?♥ 응옷 응옷 응♥!?」,「唔！？嗯♥嗯♥！？」
,,,,,,,,
Kei.Fallen1-109,戦闘員,「京ちゃん口もきつくてツインテも持ちやすくてマジでオナホだわ」,「京ちゃん口もきつくてツインテも持ちやすくてマジでオナホだわ」,「京醬嘴巴也夾得緊，雙馬尾也好抓，簡直就是個自慰器。」,"""Kei―chan's mouth is so tight, and her twin tweezers are so easy to hold, she's a real masturbator.""","""Your mouth is tight and your twintails are easy to grab, you're seriously a perfect sex toy.""",「케이쨩 입도 좁고 트윈테일도 잡기 쉬워서 진짜 오나홀이야」,「京小姐嘴巴也夹得紧，双马尾也好抓，简直就是个自慰器。」
,,,,,,,,
Kei.Fallen1-110,京,「ん゛ん゛っ♥！、ん゛ん゛♥！？」,「ん゛ん゛っ♥！、ん゛ん゛♥！？」,「嗯嗯♥！嗯嗯♥！」,"""mhmm....mmmm..mmm...! ""","""Mmph♥! Mmph♥?!""","「응옷 응옷 윽♥!, 응옷 응옷 ♥!?」",「嗯嗯♥！嗯嗯♥！」
,,,,,,,,
Kei.Fallen1-111,戦闘員,「ああ、腰も両手で持てるオナホサイズでちょうどいい」,「ああ、腰も両手で持てるオナホサイズでちょうどいい」,「啊，腰也正好是雙手能握住的自慰器尺寸。」,"""Oh, and the waist is just the right size of a masturbatorium to hold with both hands.""","""And your waist is the perfect size for a sex toy that I can hold with both hands.""","「아아, 허리도 양손으로 잡을 수 있는 오나홀 사이즈라 딱 좋아」",「啊，腰也正好是双手能抱住的自慰器尺寸。」
,,,,,,,,
Kei.Fallen1-112,,パチュッ、パチュッ、パチュッ、パチュッ！,パチュッ、パチュッ、パチュッ、パチュッ！,啪啾、啪啾、啪啾、啪啾！,"Patch, patch, patch, patch!","Squelch, squelch, squelch, squelch!","파츗, 파츗, 파츗, 파츗!",啪啾、啪啾、啪啾、啪啾！
,,,,,,,,
Kei.Fallen1-113,京,「ふごっ！？♥、む゛っ♥、む゛うっ♥！」,「ふごっ！？♥、む゛っ♥、む゛うっ♥！」,「唔♥！？唔♥、嗚♥！」,"""Fugg! ♥, mwah ♥, mwah ♥!""","""Fuuuuuu?!♥ Mmph♥ Mmuh♥!""","「후곳!?♥, 읍옷 ♥, 으읍♥!」",「唔♥！？唔♥、呜♥！」
,,,,,,,,
Kei.Fallen1-114,,(まずい…いきが……！？),(まずい…いきが……！？),(不妙……快不能呼吸了……！？),(Oh no... I can't breath......!),(This is bad... I can't breathe...?!),(위험해… 숨이……!?),(不妙……快不能呼吸了……！？)
,,,,,,,,
Kei.Fallen1-115,戦闘員,「いくら頭良くてもこうなっちゃただのオナホ穴だなっ！オラッ、マンコ締めろ！」,「いくら頭良くてもこうなっちゃただのオナホ穴だなっ！オラッ、マンコ締めろ！」,「就算頭腦再好，變成這樣也只是個自慰器洞！喂！鮑魚夾緊！」,"""Now you're just a masturbating hole, no matter how smart you're! Hey, tighten your pussy!""","""No matter how smart you are, you're just a sex toy! Come on, squeeze your pussy!""",「아무리 머리 좋아도 이렇게 되면 그냥 오나홀 구멍이네! 자! 보지 조여!」,「就算头脑再好，变成这样也只是个自慰器洞！喂！鲍鱼夹紧！」
,,,,,,,,
Kei.Fallen1-116,Kei darkness 1-11,ビュルルルッルッ、ビュルッ、ドブッ！,ビュルルルッルッ、ビュルッ、ドブッ！,咻嚕嚕嚕嚕、咻、咚！,,"Splurrrt, splurt, gush!","뷰르르르릇르릇, 뷰릇, 돕!",咻噜噜噜噜、咻、咚！
,,,,,,,,
Kei.Fallen1-117,京,「む゛～～～！？、ゴボッ、ん゛ん゛っ♥！？」,「む゛～～～！？、ゴボッ、ん゛ん゛っ♥！？」,「唔～～～！？咳、嗯嗯♥！？」,"""¡Mu~~! Gobo, niiiiiii♥!""","""Mmmm?! Glub, mmmmm♥?!""","「읍~~~~!?, 곱봇, 응옷 응옷 윽♥!?」",「唔～～～！？咳、嗯嗯♥！？」
,,,,,,,,
Kei.Fallen1-118,Kei darkness 1-12,「ゲホッ、ゴボッ、ジュルルッ♥」,「ゲホッ、ゴボッ、ジュルルッ♥」,「咳、咕嘟、咕嚕嚕♥」,"""Gobble, gobble, jell―o ♥""","""Cough, glub, slurrp♥""","「게홋, 곱봇, 쥬르르릇♥」",「咳、咕嘟、咕噜噜♥」
,,,,,,,,
Kei.Fallen1-119,戦闘員,「これが一番効率よく回せるな。オラ頑張れ！後90人ちょいだ！」,「これが一番効率よく回せるな。オラ頑張れ！後90人ちょいだ！」,「這樣是最有效率的輪姦方式。喂！加油！還有90多人呢！」,"""'This is the most efficient way to turn things around. I'll do my best! We've got a little over 90 to go!""","""This is the most efficient way to rotate. Come on, hang in there! Just over 90 more!""",「이게 제일 효율적으로 돌릴 수 있네. 자 힘내! 앞으로 90명 조금 넘게 남았다!」,「这样是最有效率的轮奸方式。喂！加油！还有90多人呢！」
,,,,,,,,
Kei.Fallen1-120,京,「ん゛んっ♥！？、ゴボッ！？、ま、まへっ！」,「ん゛んっ♥！？、ゴボッ！？、ま、まへっ！」,「嗯嗯♥！？咳！等、等一下！」,"""♥♥♥♥♥♥♥♥♥♥♥♥♥♥♥♥♥♥♥♥♥♥♥♥♥♥♥♥♥♥♥♥♥ Gobbo! Mahe, mahe!""","""Mmph♥?! Glub?! W-wait!""","「응옷 응윽♥!?, 곱봇!?, 자, 잠만!」",「嗯嗯♥！？咳！等、等一下！」
,暗転,,,,,,,
Kei.Fallen1-121,Kei darkness 1-13,数時間後,数時間後,數小時後,a few hours later,Several hours later...,수 시간 후,数小时后
,,,,,,,,
Kei.Fallen1-122,京,「――――へあっ♥、へっ♥、へっ♥」,「――――へあっ♥、へっ♥、へっ♥」,「哈♥、哈♥、哈♥！」,"""―――― heh ♥, heh ♥, heh ♥""","""...Haah♥ Heh♥ Heh♥""","「――――헤앗♥, 헤♥, 헤♥」",「哈♥、哈♥、哈♥！」
,,,,,,,,
Kei.Fallen1-123,戦闘員,「おい京ちゃんもうへばってガバガバじゃねえかっ！」,「おい京ちゃんもうへばってガバガバじゃねえかっ！」,「喂！京醬已經累得動不了了啊！」,"""Hey, Kei―chan, you're so weak, you're like a governor!""","""Hey, aren't you getting loose?""",「어이 케이쨩 이제 지쳐서 헐렁헐렁하잖아!」,「喂！京小姐已经累得张开了！」
,,,,,,,,
Kei.Fallen1-124,京,「お゛お゛っ、もう、むりぃ♥！しぬっ♥」,「お゛お゛っ、もう、むりぃ♥！しぬっ♥」,「喔喔、已經、不行了！快死了！」,"""Oh, God, I can't take it! I'm gonna die!""","""Ohhh, I can't anymore♥! I'll die♥""","「오옷 오옷 옷, 이제, 무리잇♥! 죽어♥」",「喔喔、已经、不行了！快死了！」
,,,,,,,,
Kei.Fallen1-125,戦闘員,「ああ？、後がつかえてんのにしょうがねえなぁ？無理やりはめるしかねえな」,「ああ？、後がつかえてんのにしょうがねえなぁ？無理やりはめるしかねえな」,「啊？後面還有人等著呢，真沒辦法啊？只能硬插了。」,"""Oh? What can I do when my rear end is stuck? We'll just have to force it in.""","""Huh? There's still a line waiting, can't be helped. Guess we'll have to force it in.""","「아아?, 뒤가 밀렸는데 어쩔 수 없네? 억지로 박는 수밖에 없겠군」",「啊？后面还有人等着呢，真没办法啊？只能硬插了。」
,,,,,,,,
Kei.Fallen1-126,,ドチュッ、ドチュッ、ドチュッ！,ドチュッ、ドチュッ、ドチュッ！,咚、咚、咚！,"Dotch, dotch, dotch!","Squelch, squelch, squelch!","도츗, 도츗, 도츗!",咚、咚、咚！
,,,,,,,,
Kei.Fallen1-127,京,「ひあっ♥！、おしりのあなっ♥、はなせっ♥！」,「ひあっ♥！、おしりのあなっ♥、はなせっ♥！」,「呀♥！屁眼♥！放開♥！」,"""Hi, oh, oh, oh! I'm gonna get my butt in a knot!""","""Hyah♥! My asshole♥ Let go♥!""","「히앗♥!, 엉덩이 구멍♥, 놔줘♥!」",「呀♥！屁眼♥！放开♥！」
,,,,,,,,
Kei.Fallen1-128,,ドチュッ、ズッブ、ドチュ！,ドチュッ、ズッブ、ドチュ！,咚、噗滋、咚！,"Dotch, zub, dotch!","Squelch, thrust, squelch!","도츗, 즈읏브, 도츗!",咚、噗滋、咚！
,,,,,,,,
Kei.Fallen1-129,Kei darkness 1-14,ドビュッ、ビュルルルッルッ！,ドビュッ、ビュルルルッルッ！,咚、咻嚕嚕嚕嚕！,"Dobut, burrrrrrrrrrrr!","Spurt, splurrrt!","도븃, 뷰르르르릇르릇!",咚、咻噜噜噜噜！
,,,,,,,,
Kei.Fallen1-130,京,「ほお゛お゛っ！、チンポッ♥！？」,「ほお゛お゛っ！、チンポッ♥！？」,「喔喔！陽具♥！」,"""Oh, oh, oh, oh, oh! Dick!""","""Hohhh! Dick♥?!""","「호오옷 오옷 옷!, 자지♥!?」",「喔喔！阳具♥！」
,,,,,,,,
Kei.Fallen1-131,戦闘員,「おら、やっと折り返しだ！しっかりマンコ絞めて奉仕しろっ！」,「おら、やっと折り返しだ！しっかりマンコ絞めて奉仕しろっ！」,「喂！好不容易剩下一半了！好好夾緊鮑魚服侍！」,"""I'm finally going to turn around! Squeeze my cunt and serve me well!""","""Hey, we're finally halfway! Squeeze your pussy hard and serve us!""","「자, 드디어 반환점이다! 제대로 보지 조여서 봉사해!」",「喂！好不容易剩下一半了！好好夹紧鲍鱼服侍！」
,,,,,,,,
Kei.Fallen1-132,京,「お゛お゛っ！？、むりだっ♥、しぬぅっ♥！」,「お゛お゛っ！？、むりだっ♥、しぬぅっ♥！」,「喔喔！？不行了♥，快死了♥！」,"""Oh, oh, oh! I can't do it, I can't do it!""","""Ohhh?! I can't♥ I'll die♥!""","「오옷 오옷 옷!?, 무리다♥, 죽어엇♥!」",「喔喔！？不行了♥、快死了♥！」
,暗転,,,,,,,
Kei.Fallen1-133,Kei darkness 1-15,更に数時間後,更に数時間後,又過了數小時後,A few more hours later,Several more hours later...,다시 수 시간 후,又过了数小时后
,,,,,,,,
Kei.Fallen1-134,京,「ほおっ♥、お゛っ、…お゛っ♥」,「ほおっ♥、お゛っ、…お゛っ♥」,「呼♥！喔…喔♥」,"""Ho ho ♥, ooh... ooh... ooh... ooh...""","""Hoh♥ Oh... Oh♥""","「호오옷♥, 오옷 옷, …오옷 옷♥」",「呼♥！喔、…喔♥」
,,,,,,,,
Kei.Fallen1-135,戦闘員,「おっし、これで全員終わったな！」,「おっし、これで全員終わったな！」,「好，這樣所有人就結束了！」,"""Oops, I guess we're all done now!""","""Alright, that's everyone!""","「좋아, 이걸로 전원 끝났군!」",「好，这样所有人就结束了！」
,,,,,,,,
Kei.Fallen1-136,,「ったく、ザーメン臭くてかなわねえな」,「ったく、ザーメン臭くてかなわねえな」,「真是的，精液味濃得受不了。」,"""God, it reeks of cum.""","""Damn, this place reeks of cum.""","「정말, 정액 냄새나서 못 견디겠네」",「真是的，精液味浓得受不了。」
,,,,,,,,
Kei.Fallen1-137,京,「ひあっ♥……お、…わった？」,「ひあっ♥……お、…わった？」,「呀♥……結……束了？」,"""Hiya ♥♥...... Is it... over?""","""Hyah♥... Is it... over?""","「히앗♥…… 그, …끝났어?」",「呀♥……结、……束了？」
,,,,,,,,
Kei.Fallen1-138,戦闘員,「ああ、まあ最後の方はほとんど動かなくてぶっかけてるだけだったがな」,「ああ、まあ最後の方はほとんど動かなくてぶっかけてるだけだったがな」,「啊，雖然最後面妳幾乎動不了，我們只是亂射一通就是了。」,"""Yeah, well, the last one was almost motionless, just bukkake.""","""Yeah, though toward the end you barely moved and we were just coming on you.""","「아아, 뭐 마지막에는 거의 움직이지 않고 뿌리기만 했지만」",「啊，虽然最后面你几乎动不了，我们只是乱射一通就是了。」
,,,,,,,,
Kei.Fallen1-139,,「これから100人相手にしてもらうからな、しっかり準備しておけ」,「これから100人相手にしてもらうからな、しっかり準備しておけ」,「接下來還要應付100個人，做好準備。」,"""You're going to be dealing with a hundred people from now on, so be prepared.""","""You'll be taking on 100 guys from now on, so be prepared.""","「이제부터 100명 상대해야 하니까, 제대로 준비해둬」",「接下来还要应付100个人，做好准备。」
,,,,,,,,
Kei.Fallen1-140,京,「……なっ！？、っ♥、…そんなっ♥！」,「……なっ！？、っ♥、…そんなっ♥！」,「……什麼！？可惡♥……怎麼會♥！」,"""......? No way....♥!""","...What?! ♥... No way♥!""","「……뭣!?, 윽♥, …그런♥!」",「……什么！？、可恶♥、……怎么会♥！」
,,,,,,,,
Kei.Fallen1-141,戦闘員,「これからアジト備え付けオナホとして頑張ってくれ、じゃあな」,「これからアジト備え付けオナホとして頑張ってくれ、じゃあな」,「接下來就作為基地專用的自慰器努力吧，再見了。」,"""Good luck as a masturbator in the safe house from now on.""","""From now on, work hard as the hideout's installed sex toy. See ya.""","「이제부터 아지트 상비 오나홀로서 힘내줘, 그럼 안녕」",「接下来就作为基地专用的自慰器努力吧，再见了。」
,,,,,,,,
Kei Fallen Scene２,,,,,,,,
,暗転,,,,,,,
Kei.Fallen2-1,,京への調教が始まって一週間ほど,京への調教が始まって一週間ほど,京的調教開始約一週後,It's been about a week since we started training to Keito.,About a week had passed since Kei's training began.,케이에 대한 조교가 시작된 지 일주일 정도,京的调教开始约一周后
,,,,,,,,
Kei.Fallen2-2,Kei darkness 2-1,部屋に戦闘員の男たちが入ってくる,部屋に戦闘員の男たちが入ってくる,房間裡走進了戰鬥員們。,Combat men come into the room.,Male soldiers entered the room.,방에 전투원 남자들이 들어온다,房间里走进了战斗员们。
,,,,,,,,
Kei.Fallen2-3,京,「…………ああ、今日もこの時間か…」,「…………ああ、今日もこの時間か…」,「…………啊，今天又是這個時間嗎……」,"""............ Ah, it's that time of day again...""","""...Ah, it's that time again today...""","「…………아아, 오늘도 이 시간인가…」",「…………啊，今天又是这个时间吗……」
,,,,,,,,
Kei.Fallen2-4,戦闘員,「おいおいすっかりおとなしくなっちまったなぁ？最初の頃の余裕はどうした？」,「おいおいすっかりおとなしくなっちまったなぁ？最初の頃の余裕はどうした？」,「喂喂，妳變得真乖順啊？剛開始那股從容勁兒跑哪去了？」,"""Hey, hey, hey, you've gone all quiet, haven't you? Where's that confidence you had in the beginning?""","""Hey, hey, you've become completely docile, haven't you? What happened to that confidence from the beginning?""",「어이어이 완전히 얌전해졌잖아? 처음의 그 여유는 어쨌어?」,「喂喂，你变得真乖顺啊？刚开始那股从容劲儿跑哪去了？」
,,,,,,,,
Kei.Fallen2-5,京,「……とっとと始めてくれ」,「……とっとと始めてくれ」,「……快點開始吧。」,"""...... get on with it.""","""...Just get started already.""",「……빨리 시작해줘」,「……快点开始吧。」
,,,,,,,,
Kei.Fallen2-6,戦闘員,「はっ、物分かりが良くなっちまったな。いいぜ、今日もたっぷりハメてやる」,「はっ、物分かりが良くなっちまったな。いいぜ、今日もたっぷりハメてやる」,「哈，變得這麼通情達理了啊。好啊，今天也讓妳被插個夠。」,"""I'm getting more understanding now. I'm going to fuck you again today.""","""Ha, you know the drill. Fine, I'll fuck you plenty today too.""","「핫, 말귀 알아듣게 되었군. 좋아, 오늘도 듬뿍 박아주지」",「哈，变得这么通情达理了啊。好啊，今天也让你被插个够。」
,暗転,,,,,,,
Kei.Fallen2-7,Kei darkness 2-2,パチュッ、パチュッ、パチュッ、パチュッ！,パチュッ、パチュッ、パチュッ、パチュッ！,啪啾、啪啾、啪啾、啪啾！,"Patch, patch, patch, patch!","Squelch, squelch, squelch, squelch!","파츗, 파츗, 파츗, 파츗!",啪啾、啪啾、啪啾、啪啾！
,,,,,,,,
Kei.Fallen2-8,京,「……………………」,「……………………」,「……………………」,"""........................""","""...""",「……………………」,「……………………」
,,,,,,,,
Kei.Fallen2-9,戦闘員,「あれだけ毎日犯してんのにまだまだキツマンだなっ！流石は聖核戦姫だっ」,「あれだけ毎日犯してんのにまだまだキツマンだなっ！流石は聖核戦姫だっ」,「明明每天都幹妳這麼多次了，鮑魚還是這麼緊！不愧是聖核戰姫！」,"""I'm still a hard man even though I'm getting fucked every day! You are the Seikaku Princess.""","""Even after fucking you every day, you're still tight! As expected of a Holy Core Battlemaiden!""",「저렇게 매일 박는데도 아직 빡빡하네! 역시 성핵전희야!」,「明明每天都干你这么多次了，鲍鱼还是这么紧！不愧是圣核战姫！」
,,,,,,,,
Kei.Fallen2-10,京,「……それはどうも。」,「……それはどうも。」,「……那還真是多謝了。」,"""...... thanks for that.""","""...Thanks for that.""",「……그거 고맙네.」,「……那还真是多谢了。」
,,,,,,,,
Kei.Fallen2-11,戦闘員,「コイツッ、手コキも上手くなりやがって！その小さい手でよくやるぜ」,「コイツッ、手コキも上手くなりやがって！その細い手でよくやるぜ」,「這傢伙，口交也變熟練了！就憑妳那纖細的手，真虧妳能做到。」,"""He's getting good hand jobs, too! You're so good with those little hands of yours.""","""This bitch has gotten good at handjobs too! You do well with those thin hands.""","「이 녀석!, 손으로 대딸하는 게 능숙해졌잖아! 그 가는 손으로 잘도 하네」",「这家伙、口交也变熟练了！就凭你那纤细的手，真亏你能做到。」
,,,,,,,,
Kei.Fallen2-12,京,「…まあこれだけ相手していればね。嫌でも上手くなるさ」,「…まあこれだけ相手していればね。嫌でも上手くなるさ」,「……嘛，應付了這麼多人，不想熟練也難啊。」,"""I'm not going to be able to do it. You'll get good at it.""","""...Well, after dealing with this much, I'd get good at it whether I wanted to or not.""",「…뭐 이렇게 상대하다 보면 말이야. 싫어도 능숙해지지」,「……嘛，应付了这么多人，不想熟练也难啊。」
,,,,,,,,
Kei.Fallen2-13,,「……さあ、膣に力入れるからとっとと射精してくれ」,「……さあ、膣に力入れるからとっとと射精してくれ」,「……來吧，我陰道已經出力夾緊了，快點射精吧。」,"""...... Now, I'm going to put some pressure on your vagina and you're going to ejaculate.""","""...Now, I'll going to squeeze my vagina very hard, so hurry up and ejaculate.""","「……자, 질에 힘줄 테니 빨리 사정해줘」",「……来吧，我要用阴道的力量夹紧了，快点射精吧。」
,,,,,,,,
Kei.Fallen2-14,戦闘員,「っ、コイツ急に締め付けやがって！うおっ、出るっ！」,「っ、コイツ急に締め付けやがって！うおっ、出るっ！」,「可惡、這傢伙突然夾緊！哇喔、要射了！」,"""He's suddenly tightening up! Oh, it's coming out!""","""Ugh, this bitch suddenly tightened up! Whoa, I'm coming!""","「윽, 이 녀석 갑자기 조여오잖아! 우옷, 싼다!」",「可恶、这家伙突然夹紧！哇喔、要射了！」
,,,,,,,,
Kei.Fallen2-15,Kei darkness 2-3,ドビュッ、ビュルルルッルッ！,ドビュッ、ビュルルルッルッ！,咚、咻嚕嚕嚕嚕！,"Dobut, burrrrrrrrrrrr!","Spurt, splurrrt!","도븃, 뷰르르르릇르릇!",咚、咻噜噜噜噜！
,,,,,,,,
Kei.Fallen2-16,京,「…………おっけー。じゃあ次行こうか」,「…………おっけー。じゃあ次行こうか」,「…………OK。那麼換下一個吧。」,"""I said, ""............ okay. Let's go next.""","""...Okay. Next.""",「…………오케이. 그럼 다음 가자」,「…………OK。那么换下一个吧。」
,暗転,,,,,,,
Kei.Fallen2-17,Kei darkness 2-4,パンッ、パンッ、パンッ、パンッ、パンッ！,パンッ、パンッ、パンッ、パンッ、パンッ！,啪、啪、啪、啪、啪！,"Pan, pan, pan, pan, pan, pan!","Slap, slap, slap, slap, slap!",팡! 팡! 팡! 팡! 팡!,啪、啪、啪、啪、啪！
,,,,,,,,
Kei.Fallen2-18,戦闘員,「ふうっ、オラどうだっ！」,「ふうっ、オラどうだっ！」,「呼……喂，怎麼樣！」,"""Phew, I'm good!""","""Phew, how's that?!""","「후웃, 자 어떠냐!」",「呼、喂，怎么样！」
,,,,,,,,
Kei.Fallen2-19,京,「…………………」,「…………………」,「…………………」,""".....................""","""...""",「…………………」,「…………………」
,,,,,,,,
Kei.Fallen2-20,戦闘員,「…コイツ随分無反応になりやがって、また汚ねえ声でアヘらせてやる！」,「…コイツ随分無反応になりやがって、また汚ねえ声でアヘらせてやる！」,「……這傢伙變得真沒反應，看我再把妳插到發出淫蕩的聲音！」,"""He's become so unresponsive, I'm going to make him fart in my filthy voice again!""","""...This bitch has become so unresponsive. I'll make you moan with that dirty voice again!""","「…이 녀석 상당히 무반응이 되었네, 다시 더러운 목소리로 아헤가오 시켜주마!」",「……这家伙变得真没反应，看我再把你插到发出淫荡的声音！」
,,,,,,,,
Kei.Fallen2-21,京,「…そうだね、もっとオナホを使うように激しく抽挿するといい」,「…そうだね、もっとオナホを使うように激しく抽挿するといい」,「……是啊，像自慰器一樣再激烈地抽插一點比較好。」,"""I think you should extract harder, like you would with a masturbator.""","""...Right, you should thrust more violently, like you're using a sex toy.""","「…그렇네, 더 오나홀을 사용하듯 격렬하게 왕복하는 게 좋아」",「……是啊，像自慰器一样再激烈地抽插一点比较好。」
,,,,,,,,
Kei.Fallen2-22,,「だんだん刺激にも慣れてきた。私もその方が楽しめるだろう」,「だんだん刺激にも慣れてきた。私もその方が楽しめるだろう」,「我已經漸漸習慣刺激了。這樣我會更享受的。」,"""I'm getting used to the stimulation. I'll probably enjoy it more that way too.""","""I've gradually gotten used to the stimulation. I'd probably enjoy it more that way too.""",「점점 자극에도 익숙해졌어. 나도 그 편이 더 즐거울 것 같아」,「我已经渐渐习惯刺激了。这样我会更享受的。」
,,,,,,,,
Kei.Fallen2-23,戦闘員,「……っ！コイツッ、舐めやがって！またチンポ教育が必要だなっ！」,「……っ！コイツッ、舐めやがって！またチンポ教育が必要だなっ！」,「……可惡！這傢伙、竟然敢小看我！需要再給妳來個陽具教育了！」,"""......! This guy's a licker! I need another dick education!""","""...! This bitch, looking down on me! I need to teach you with my dick!",「……윽! 이 녀석! 얕보고 있잖아! 다시 자지 교육이 필요하겠군!」,「……可恶！这家伙、竟然敢小看我！需要再给你来个阳具教育了！」
,,,,,,,,
Kei.Fallen2-24,,パンッ、パンッ、パンッ、パンッ、パンッ！,パンッ、パンッ、パンッ、パンッ、パンッ！,啪、啪、啪、啪、啪！,"Pan, pan, pan, pan, pan, pan!","Slap, slap, slap, slap, slap!",팡! 팡! 팡! 팡! 팡!,啪、啪、啪、啪、啪！
,,,,,,,,
Kei.Fallen2-25,京,「っ♥、ふう、んっ♥、流石戦闘員だっ…」,「っ♥、ふう、んっ♥、流石戦闘員だっ…」,「可惡♥，呼…嗯♥，不愧是戰鬥員……」,"""I'm a fighter...""","""Ah♥ Phew, nn♥ As expected of a soldier...""","「윽♥, 후우, 응읏♥, 역시 전투원이군…」",「可恶♥、呼、嗯♥、不愧是战斗员……」
,,,,,,,,
Kei.Fallen2-26,,「改造チンポでこれだけ突かれるのはっ♥、やはり凄いねっ」,「改造チンポでこれだけ突かれるのはっ♥、やはり凄いねっ」,「被改造過的陽具這樣捅♥……果然很厲害呢。」,"""I'm still amazed that a modified cock can penetrate me this much.""","""Being pounded this much by a modified dick♥ It's incredible...""","「개조 자지로 이만큼 찔리는 건♥, 역시 굉장하네」",「被改造过的阳具这样捅♥……果然很厉害呢。」
,,,,,,,,
Kei.Fallen2-27,,パンッ、パンッ、パンッ、パンッ、パンッ！,パンッ、パンッ、パンッ、パンッ、パンッ！,啪、啪、啪、啪、啪！,"Pan, pan, pan, pan, pan, pan!","Slap, slap, slap, slap, slap!",팡! 팡! 팡! 팡! 팡!,啪、啪、啪、啪、啪！
,,,,,,,,
Kei.Fallen2-28,戦闘員,「オラッ、イけっ！反省しろっ！」,「オラッ、イけっ！反省しろっ！」,「喂！射吧！好好反省一下！」,"""I'm going to come! Come on!""","""Come on, come already! Reflect on your attitude!""",「자! 가버려! 반성해!」,「喂！射吧！好好反省一下！」
,,,,,,,,
Kei.Fallen2-29,京,「っ♥、んっ、ふうっ……私も負けるわけにはいかないね…」,「っ♥、んっ、ふうっ……私も負けるわけにはいかないね…」,「♥嗯、呼……我也不能輸呢……」,"""I can't lose to you either...""","""Ah♥ Nn, phew... I can't afford to lose either...""","「윽♥, 응읏, 후웃…… 나도 질 수는 없지…」",「可恶♥、嗯、呼……我也不能输呢……」
,,,,,,,,
Kei.Fallen2-30,戦闘員,「っ、コイツ、急にっ、出すぞっ！」,「っ、コイツ、急にっ、出すぞっ！」,「這傢伙、突然！要射了！」,"""He's going to get it out!""","""Huh? Ugh, I'm coming!""","「윽, 이 녀석, 갑자기! 싼다!」",「可恶、这家伙、突然！要射了！」
,,,,,,,,
Kei.Fallen2-31,Kei darkness 2-5,ビュルッ、ビュルルルッルッ！,ビュルッ、ビュルルルッルッ！,咻嚕嚕嚕嚕、咻！,"Burr, burr, burr!","Splurt, splurrrt!","뷰릇, 뷰르르르릇르릇!",咻噜噜噜噜、咻！
,,,,,,,,
Kei.Fallen2-32,京,「……んっ♥、おっけー、しっかり濃いのでたっぽいね♥」,「……んっ♥、おっけー、しっかり濃いのでたっぽいね♥」,「……嗯♥、好，看來是射得很濃稠呢♥」,"""......, okay, it looks like it's really thick.""","""Nnnn♥ Wow, that was thick♥""","「……응읏♥, 오케이, 제대로 진한 거 나온 것 같네♥」",「……嗯♥、好，看来是射得很浓稠呢♥」
,,,,,,,,
Kei.Fallen2-33,戦闘員,「っ、はあ、はあ、コイツッ」,「っ、はあ、はあ、コイツッ」,「哈、哈，這傢伙。」,"""Ha, ha, ha, this guy.""","""Haaa... You...""","「윽, 하아, 하아, 이 녀석」",「可恶、哈、哈、这家蚪」
,,,,,,,,
Kei.Fallen2-34,,「…さて、次だ。とっとと全員やっちゃおうか」,「…さて、次だ。とっとと全員やっちゃおうか」,「……那麼，下一個。快點把所有人都解決掉吧。」,"""...Now, let's move on. Let's do them all quickly.""","""...Now then, next. Let's quickly do everyone.""","「…자, 다음이다. 빨리 전부 해치우자」",「……那么，下一个。快点把所有人都解决掉吧。」
,暗転,,,,,,,
Kei.Fallen2-35,Kei darkness 2-6,パチュッ、パチュッ、パチュッ、パチュッ！,パチュッ、パチュッ、パチュッ、パチュッ！,啪啾、啪啾、啪啾、啪啾！,"Patch, patch, patch, patch!","Squelch, squelch, squelch, squelch!","파츗, 파츗, 파츗, 파츗!",啪啾、啪啾、啪啾、啪啾！
,,,,,,,,
Kei.Fallen2-36,京,「んっ♥、んんっ、ジュルッ、ジュルッ、ジュプッ♥」,「んっ♥、んんっ、ジュルッ、ジュルッ、ジュプッ♥」,「嗯♥、嗯嗯、咕嚕、咕嚕、咕啵♥」,"""♥♥♥♥♥♥♥♥♥♥♥♥♥♥♥♥♥♥♥♥♥♥♥♥♥♥♥♥♥♥♥♥♥♥♥♥♥♥♥""","""Nn♥ Nnn, slurp, slurp, schlup♥""","「응읏♥, 응응읏, 쥬릇, 쥬릇, 쥬풋♥」",「嗯♥、嗯嗯、咕噜、咕噜、咕啵♥」
,,,,,,,,
Kei.Fallen2-37,戦闘員,「ぐッ、コイツの口オナホ吸い付き強くなりやがってっ」,「ぐッ、コイツの口オナホ吸い付き強くなりやがってっ」,「唔，這傢伙的嘴巴吸得比自慰器還緊。」,"""Damn, his mouth masturbator sucks harder and harder.""","""Guh, her mouth is is sucking really hard!""","「크윽, 이 녀석 입 오나홀 흡입력이 강해졌잖아」",「唔、这家伙的嘴巴吸得比自慰器还紧。」
,,,,,,,,
Kei.Fallen2-38,京,「ちゅぽっ♥、ジュルッ、ジュルッ♥」,「ちゅぽっ♥、ジュルッ、ジュルッ♥」,「啾啵♥、咕嚕、咕嚕♥」,"""Chupo ♥, julp, julp ♥.""","""Suck♥ Slurp, slurp♥""","「츄폿♥, 쥬릇, 쥬릇♥」",「啾啵♥、咕噜、咕噜♥」
,,,,,,,,
Kei.Fallen2-39,戦闘員,「口もマンコもチンポに吸い付いて離れねえっ！どうなってるんだ！？」,「口もマンコもチンポに吸い付いて離れねえっ！どうなってるんだ！？」,「嘴巴和鮑魚都緊緊吸住陽具不放！這是怎麼回事！？」,"""She said, ""My mouth and pussy are sucking on my cock and won't leave it! What's going on?""","""Both her mouth and pussy are sucking on my dick and won't let go! What's going on?!""",「입도 보지도 자지에 달라붙어서 떨어지지 않아! 어떻게 된 거야!?」,「嘴巴和鲍鱼都紧紧吸住阳具不放！这是怎么回事！？」
,Kei darkness 2-7,,,,,,,
Kei.Fallen2-40,京,「んっ♥、チュポッ、チュポッ、チュポッ、チュポッ♥」,「んっ♥、チュポッ、チュポッ、チュポッ、チュポッ♥」,「嗯♥、啾啵、啾啵、啾啵、啾啵♥」,"""♥♥♥♥♥♥♥♥♥♥♥♥♥♥♥♥♥""","""Nn♥ Suck, suck, suck, suck♥""","「응읏♥, 츄폿, 츄폿, 츄폿, 츄폿♥」",「嗯♥、啾啵、啾啵、啾啵、啾啵♥」
,,,,,,,,
Kei.Fallen2-41,,京は精液をねだるように上下の穴で激しく戦闘員のチンポに刺激を加える,京は精液をねだるように上下の穴で激しく戦闘員のチンポに刺激を加える,京用上下的洞劇烈地刺激戰鬥員的陽具，像是在索求精液。,Kei stimulates the fighter's cock violently with his upper and lower holes as if begging for semen,Kei stimulated the soldiers' dicks intensely with her holes as if begging for semen.,케이는 정액을 조르듯 위아래 구멍으로 격렬하게 전투원의 자지에 자극을 가한다,京用上下的洞剧烈地刺激战斗员的阳具，像是在索求精液。
,,,,,,,,
Kei.Fallen2-42,戦闘員,「くっ、コイツ生意気なっ！」,「くっ、コイツ生意気なっ！」,「咕，這傢伙真囂張！」,"""Damn, he's cocky!""","""Kuh, this bitch is getting cocky!""","「크윽, 이 녀석 건방지게!」",「可恶、这家伙真嚣张！」
,,,,,,,,
Kei.Fallen2-43,京,「グプッ、ジュプッ、ジュルルルッ！♥」,「グプッ、ジュプッ、ジュルルルッ！♥」,「咕啵、咕啵、咕嚕嚕嚕！♥」,"""Gup, jup, jup, jup! ♥♥""","""Glup, schlup, slurrrrp!♥""","「크풋, 쥬풋, 쥬르르르릇!♥」",「咕啵、咕啵、咕噜噜噜！♥」
,,,,,,,,
Kei.Fallen2-44,,「ジュプッ、ズルルッ！」,「ジュプッ、ズルルッ！」,「咕啵、咕溜！」,"""Jup, zulch!""","""Schlup, slurrp!""","「쥬풋, 즈르릇!」",「咕啵、咕溜！」
,,,,,,,,
Kei.Fallen2-45,戦闘員,「うおっ、耐えられねえっ、出るっ！」,「うおっ、耐えられねえっ、出るっ！」,「哇喔，受不了了，要射了！」,"""Oh, I can't stand it, I'm coming out!""","""Whoa, I can't hold it, I'm comoing!""","「우옷, 견딜 수 없어! 싼다!」",「哇喔、受不了了、要射了！」
,,,,,,,,
Kei.Fallen2-46,Kei darkness 2-8,ビュルルルッルッ、ビュルッ、ドブッ！,ビュルルルッルッ、ビュルッ、ドブッ！,咻嚕嚕嚕嚕、咻、咚！,,"Splurrrt, splurt, gush!","뷰르르르릇르릇, 뷰릇, 돕!",咻噜噜噜噜、咻、咚！
,,,,,,,,
Kei.Fallen2-47,京,「んっ♥、ジュルッ、ゴキュッ、ゴキュッ、んっ♥」,「んっ♥、ジュルッ、ゴキュッ、ゴキュッ、んっ♥」,「嗯♥、咕嚕、咕咚、咕咚、嗯♥」,"""♥♥♥, julp, gurgle, gurgle, mmm...""","""Nn♥ Slurp, gulp, gulp, nn♥""","「응읏♥, 쥬릇, 꿀꺽, 꿀꺽, 응읏♥」",「嗯♥、咕噜、咕咚、咕咚、嗯♥」
,,,,,,,,
Kei.Fallen2-48,,「ジュルルル♥、グプッ♥」,「ジュルルル♥、グプッ♥」,「咕嚕嚕♥、咕啵♥」,"""Jools ♥, gulp ♥.""","""Slurrrp♥ Glup♥""","「쥬르르르♥, 크풋♥」",「咕噜噜♥、咕啵♥」
,,,,,,,,
Kei.Fallen2-49,戦闘員,「っ、コイツ根元から吸い上げるようにっ！」,「っ、コイツ根元から吸い上げるようにっ！」,「這傢伙從根部開始吸！」,"""Oh, this thing is sucking me up from the root!""","""Ugh, she's sucking it up from the base!""",「윽! 이 녀석 뿌리부터 빨아올리듯!」,「可恶、这家伙从根部开始吸！」
,Kei darkness 2-9,,,,,,,
Kei.Fallen2-50,京,「ジュルルル、ジュプッ♥♥♥」,「ジュルルル、ジュプッ♥♥♥」,「咕嚕嚕、咕啵、咕啵♥♥♥」,"""Jools, Jupe ♥♥♥♥♥♥""","""Slurrrp, schlup♥♥♥""","「쥬르르르, 쥬풋♥♥♥」",「咕噜噜、咕啵、咕啵♥♥♥」
,,,,,,,,
Kei.Fallen2-51,戦闘員,「うおっ、ぐっ、全部吸い取られるっ！？」,「うおっ、ぐっ、全部吸い取られるっ！？」,「哇喔、唔、要被吸光了！？」,"""Whoa, geez, they're sucking it all away!""","""Whoa, guh, she's sucking it all out?!""","「우옷, 크윽, 전부 빨려나가!?」",「哇喔、唔、要被吸光了！？」
,,,,,,,,
Kei.Fallen2-52,京,「ズルルッ！ゴキュッ♥ゴキュッ♥……けぷっ」,「ズルルッ！ゴキュッ♥ゴキュッ♥……けぷっ」,「咕溜！咕咚♥、咕咚♥……嗝」,"""Zuruluppu! Gokyukk♥Gokyukk♥...... keppu.""","""Slurrp! Gulp♥ Gulp♥... burp""",「즈르릇! 꿀꺽♥꿀꺽♥…… 케풋」,「咕溜！咕咚♥、咕咚♥……嗝」
,,,,,,,,
Kei.Fallen2-53,,「んっ、おしまい。次行こうか」,「んっ、おしまい。次行こうか」,「嗯，結束了。換下一個吧。」,"""Hmm, that's it. Let's go next time.""","""Done. Next!""","「응읏, 끝. 다음 가자」",「嗯，结束了。换下一个吧。」
,暗転,,,,,,,
,Kei darkness 2-10,,,,,,,
Kei.Fallen2-54,京,「ジュルッ、ジュルッ、ジュルルル♥」,「ジュルッ、ジュルッ、ジュルルル♥」,「咕嚕、咕嚕、咕嚕嚕♥！」,"""Jools, jools, jools ♥""","""Slurp, slurp, slurrrp♥""","「쥬릇, 쥬릇, 쥬르르르♥」",「咕噜、咕噜、咕噜噜♥！」
,,,,,,,,
Kei.Fallen2-55,戦闘員,「ぐっ、コイツッ！フェラ上手くなりやがって！」,「ぐっ、コイツッ！フェラ上手くなりやがって！」,「唔，這傢伙！口交怎麽突然變得這麽熟練了！」,"""I'm like, ""Geez, this guy! He's getting so good at blowjobs!""","""Guh, this bitch! She's gotten good at blowjobs!""","「크윽, 이 녀석! 펠라 능숙해졌잖아!」",「唔、这家伙！口交怎么突然变得这么熟练了！」
,,,,,,,,
Kei.Fallen2-56,京,「チュパッ、チュパッ、ジュルルル♥、チュプッ♥」,「チュパッ、チュパッ、ジュルルル♥、チュプッ♥」,「啾啵、啾啵、咕嚕嚕嚕♥、啾啵！♥」,"""Chup, chup, chup, chup, chup, chup, chup, chup, chup, chup, chup, chup, chup, chup, chup, chup, chup, chup, chup.""","""Suck, suck, slurrrp♥, schlup♥""","「츄팟, 츄팟, 쥬르르르♥, 츄풋♥」",「啾啵、啾啵、咕噜噜噜♥、啾啵！♥」
,,,,,,,,
Kei.Fallen2-57,戦闘員,「くっ、先端がっ…出るっ」,「くっ、先端がっ…出るっ」,「唔，龜頭……要射了。」,"""Oh, the tip... comes out.""","""Kuh, the tip is... I'm cumming!""","「크윽, 끝부분이… 싼다!」",「可恶、龟头……要射了。」
,,,,,,,,
Kei.Fallen2-58,京,「んっ♥、んっ♥、ジュルルルッ♥！！」,「んっ♥、んっ♥、ジュルルルッ♥！！」,「嗯♥、嗯♥、咕嚕嚕嚕♥！」,"""♥♥♥♥♥♥♥♥♥♥♥♥♥♥♥♥♥♥♥♥♥♥♥♥♥♥♥♥♥♥♥♥♥♥♥♥♥♥♥♥♥♥♥♥♥♥♥♥♥""","""Nn♥ Nn♥ Slurrrrp♥!!""","「응읏♥, 응읏♥, 쥬르르르릇♥!!」",「嗯♥、嗯♥、咕噜噜噜♥！」
,,,,,,,,
Kei.Fallen2-59,Kei darkness 2-11,ビュルルルッルッ、ビュルッ、ドブッ！,ビュルルルッルッ、ビュルッ、ドブッ！,咻嚕嚕嚕嚕、咻、咚！,,"Splurrrt, splurt, gush!","뷰르르르릇르릇, 뷰릇, 돕!",咻噜噜噜噜、咻、咚！
,,,,,,,,
Kei.Fallen2-60,京,「ゴキュッ♥、ゴキュッ♥、ジュルルルッ♥」,「ゴキュッ♥、ゴキュッ♥、ジュルルルッ♥」,「咕咚♥、咕咚♥、咕嚕嚕嚕♥！」,"""Gokyukk♥, gokyukk♥, jurururukk♥.""","""Gulp♥ Gulp♥ Slurrrrp♥""","「꿀꺽♥, 꿀꺽♥, 쥬르르르릇♥」",「咕咚♥、咕咚♥、咕噜噜噜♥！」
,,,,,,,,
Kei.Fallen2-61,戦闘員,「……っ！ぐっ」,「……っ！ぐっ」,「……！唔！」,"""......! Ggh!""","""...! Guh!""",「……윽! 크윽」,「……可恶！唔！」
,Kei darkness 2-12,,,,,,,
Kei.Fallen2-62,京,「…プハッ……すまないね。やはり君たちの濃いザーメンを全部飲み込むのは難しくてね。少しこぼしてしまった」,「…プハッ……すまないね。やはり君たちの濃いザーメンを全部飲み込むのは難しくてね。少しこぼしてしまった」,「……呸哈……抱歉，要將你們這麼濃稠的精液全部吞下去還是有點難度呢，漏了一點。」,"""I'm sorry...puhah ...... It's still hard for me to swallow all of your thick cum. I spilled some.""","""...Pwah... Sorry about that. It's still difficult to swallow all of your thick semen. I spilled a little.""",「…푸핫…… 미안하네. 역시 너희들의 진한 정액을 전부 삼키는 건 어려워서. 조금 흘려버렸어」,「……呸哈……抱歉。要将你们这么浓稠的精液全部吞下去还是有点难度呢。漏了一点。」
,,,,,,,,
Kei.Fallen2-63,戦闘員,「…コイツっ、前は俺達のチンポで喘ぎまくってたくせにっ！何しやがった！？」,「…コイツっ、前は俺達のチンポで喘ぎまくってたくせにっ！何しやがった！？」,「……這傢伙、以前明明被我們的陽具插得淫叫連連！到底發生了什麼！？」,"""You were moaning on our dicks before! What the fuck did you do?""","""...This bitch, you were moaning like crazy from our dicks before! What did you do?!""","「…이 자식, 전에는 우리 자지로 마구 신음하던 주제에! 뭐 한 거야!?」",「……这家伙、以前明明被我们的阳具插得淫叫连连！到底发生了什么！？」
,,,,,,,,
Kei.Fallen2-64,京,「…ふふっ、流石にこれだけのチンポを相手にしていれば勝手も分かってくるさ」,「…ふふっ、流石にこれだけのチンポを相手にしていれば勝手も分かってくるさ」,「……呵呵，應付了這麼多陽具，自然就會知道訣竅了。」,"""...well, you know, when you're dealing with this many dicks, you learn to take care of yourself.""","""...Hehe, naturally after dealing with this many dicks, I've figured out how they work.""","「…후훗, 아무리 그래도 이만큼의 자지를 상대하다 보면 요령도 알게 되지」",「……呵呵，应付了这么多阳具，自然就会知道诀窍了。」
,,,,,,,,
Kei.Fallen2-65,京,「簡単な話だ、要は君たちのチンポに快楽が最大化するように物理的刺激を与えればいいだけだろう？」,「簡単な話だ、要は君たちのチンポに快楽が最大化するように物理的刺激を与えればいいだけだろう？」,「很簡單，就是給你們的陽具施加物理刺激，讓你們的快感最大化吧？」,"""It's simple, all we have to do is provide physical stimulation to your cocks to maximize pleasure, right?""","""It's simple. I just need to apply physical stimulation to maximize the pleasure to your dicks, right?""","「간단한 이야기야, 요는 너희들 자지에 쾌락이 최대화되도록 물리적 자극을 주면 되는 거겠지?」",「很简单，就是给你们的阳具施加物理刺激，让你们的快感最大化吧？」
,,,,,,,,
Kei.Fallen2-66,京,「膣圧と摩擦係数でチンポにかける圧力を計算して…と。この類の計算は私の得意分野だ」,「膣圧と摩擦係数でチンポにかける圧力を計算して…と。この類の計算は私の得意分野だ」,「計算陰道壓力和摩擦係數後，得出對陽具施加的壓力……這類計算是我的拿手領域。」,"""He said, ""I use the vaginal pressure and the coefficient of friction to calculate the pressure to be applied to the cock.... This kind of calculation is my specialty.""","""Calculating the pressure on the dick using vaginal pressure and friction coefficients... This type of calculation is my specialty.""",「질압과 마찰 계수로 자지에 가하는 압력을 계산해서… 뭐. 이런 종류의 계산은 내 특기 분야야」,「计算阴道压力和摩擦系数后，得出对阳具施加的压力……这类计算是我的拿手领域。」
,,,,,,,,
Kei.Fallen2-67,戦闘員,「っ、何を訳の分からないことをッ！そんなことが出来るわけが……」,「っ、何を訳の分からないことをッ！そんなことが出来るわけが……」,「妳在說什麼鬼話！怎麼可能做得到……」,"""What incomprehensible things! How is that possible? ......""","""What nonsense are you spouting?! There's no way you could...""","「윽, 무슨 말도 안 되는 소리를! 그런 게 가능할 리가……」",「可恶、你在说什么鬼话！怎么可能做得到……」
,,,,,,,,
Kei.Fallen2-68,京,「ふふっ、このような状況下でも頭脳は役に立つことが証明されたね」,「ふふっ、このような状況下でも頭脳は役に立つことが証明されたね」,「呵呵，看來在這種情況下，我的頭腦也能派上用場，這被證明了呢。」,"""Hmmm...proves that brains do come in handy in situations like this.""","""Hehe, it's been proven that intelligence is useful even in this situation.""","「후훗, 이런 상황에서도 두뇌는 도움이 된다는 게 증명되었네」",「呵呵，看来在这种情况下，我的头脑也能派上用场，这被证明了呢。」
,,,,,,,,
Kei.Fallen2-69,京,「それに君たちの精液…どういうわけか摂取すると私の聖核がうずくような気がしてね」,「それに君たちの精液…どういうわけか摂取すると私の聖核がうずくような気がしてね」,「而且你們的精液……不知怎麼地，攝取之後我的聖核就會蠢蠢欲動。」,"""And your semen... for some reason, it makes my sacrum tingle when I ingest it.""","""And your semen... for some reason when I consume it, I feel like my Holy Core throbs.""",「게다가 너희들 정액… 왠지 모르게 섭취하면 내 성핵이 욱신거리는 것 같아서 말이야」,「而且你们的精液……不知怎么地，摄取之后我的圣核就会蠢蠢欲动。」
,,,,,,,,
Kei.Fallen2-70,,「私の体がチンポを求めている気がするんだ。さあ、続きを始めようか」,「私の体がチンポを求めている気がするんだ。さあ、続きを始めようか」,「我的身體好像在渴望陰莖。來，繼續吧。」,"""'I feel like my body needs a cock. Come on, let's start the rest of this.""","""I feel like my body is craving dick. Now then, shall we continue?""","「내 몸이 자지를 원하고 있는 것 같아. 자, 계속하자」",「我的身体好像在渴望阴茎。来，继续吧。」
,,,,,,,,
Kei.Fallen2-71,戦闘員,「まて、今出したばっかで――――」,「まて、今出したばっかで――――」,「等一下，我才剛射完――――」,"""Wait, I just got it out of ――――.""","""Wait, I just came...""","「잠깐, 방금 쌌는데――――」",「等一下，我才刚射完――――」
,,,,,,,,
Kei.Fallen2-72,京,「おや、私が泣き喚いて気絶するまでハメ倒すんじゃなかったのかな？」,「おや、私が泣き喚いて気絶するまでハメ倒すんじゃなかったのかな？」,「哎呀，你們不是說要插到我哭喊著昏倒為止嗎？」,"""'Gee, I thought you were going to fuck me over until I passed out from crying and screaming?'""","""Oh? Weren't you going to fuck me until I cried and passed out?""","「어머, 내가 울부짖고 기절할 때까지 박아대는 거 아니었나?」",「哎呀，你们不是说要插到我哭喊着昏倒为止吗？」
,Kei darkness 2-13,,,,,,,
Kei.Fallen2-73,,かぷっ、ジュルルル♥,かぷっ、ジュルルル♥,含住、咕嚕嚕嚕♥！,"KAPPU, JURUURU♥","Chomp, slurrrp♥","카풋, 쥬르르르♥",含住、咕噜噜噜♥！
,,,,,,,,
Kei.Fallen2-74,戦闘員,「ぐっ！！、コイツッ！」,「ぐっ！！、コイツッ！」,「唔！！這傢伙！」,"""Ggh! This guy!""","""Guh! This bitch!""","「크윽!!, 이 자식!」",「唔！！这家伙！」
,,,,,,,,
Kei.Fallen2-75,京,「ジュルルル♥、ジュプッ♥」,「ジュルルル♥、ジュプッ♥」,「咕嚕嚕嚕♥、咕啵♥！」,"""Jools ♥, jupe ♥.""","""Slurrrp♥ Schlup♥""","「쥬르르르♥, 쥬풋♥」",「咕噜噜噜♥、咕啵♥！」
,,,,,,,,
Kei.Fallen2-76,,シュコッ、シュコッ、シュコッ！,シュコッ、シュコッ、シュコッ！,咻、咻、咻！,"Shukk, shukk, shukk!","Stroke, stroke, stroke!","슈콧, 슈콧, 슈콧!",咻、咻、咻！
,,,,,,,,
Kei.Fallen2-77,京,「ジュプッ、ジュプッ♥、ほあ、よこのふはりもはっはとらしたまえ♥」,「ジュプッ、ジュプッ♥、ほあ、よこのふはりもはっはとらしたまえ♥」,「咕啵、咕啵！喔，兩邊的也別給我閒著。」,"""Jup, jup, jup ♥, hoa, yokonofuhari hahatashitamae ♥.""","""Schlup, schlup♥ Come on, let the ones on the side have a turn too♥""","「쥬풋, 쥬풋♥, 호아, 요코노 후하리모 핫하토라시타마에♥」",「咕啵、咕啵！喔，两边的也别给我闲着。」
,,,,,,,,
Kei.Fallen2-78,戦闘員,「っ、コイツッ、これが最適化された動きっ！？」,「っ、コイツッ、これが最適化された動きっ！？」,「可惡、這傢伙、這就是優化過的動作！？」,"""Oh, this is the optimized move!""","""Bitch... These are optimized movements?!""","「윽!, 이 자식, 이게 최적화된 움직임!?」",「可恶、这家伙、这就是优化过的动作！？」
,,,,,,,,
Kei.Fallen2-79,京,「ジュルルッ♥、ジュポッ♥、ジュポッ♥」,「ジュルルッ♥、ジュポッ♥、ジュポッ♥」,「咕嚕嚕♥、咕啵♥、咕啵♥」,"""Joollllll♥, jooppoo♥, jooppoo♥""","""Slurrp♥ Schlup♥ Schlup♥""","「쥬르르릇♥, 쥬폿♥, 쥬폿♥」",「咕噜噜♥、咕啵♥、咕啵♥」
,,,,,,,,
Kei.Fallen2-80,戦闘員,「ぐっ、出るっ…！」,「ぐっ、出るっ…！」,「唔，要射了……！」,"""I'm coming out!""","""Guh, I'm coming...!""","「크윽, 싼다…!」",「唔、要射了……！」
,,,,,,,,
Kei.Fallen2-81,Kei darkness 2-14,ドビュッ、ビュルルルッルッ！ビュルルルッ,ドビュッ、ビュルルルッルッ！ビュルルルッ,咚、咻嚕嚕嚕嚕！咻嚕嚕嚕！,Doburrrrrrrrrrr! Burrrrrrrrrrrrrrrrrrrrrrrrrrrrr!,"Spurt, splurrrt! Splurrrt","도븃, 뷰르르르릇르릇! 비ュ르르릇",咚、咻噜噜噜噜！咻噜噜噜！
,,,,,,,,
Kei.Fallen2-82,京,「プハッ♥、んっ♥、んっ♥」,「プハッ♥、んっ♥、んっ♥」,「呸哈♥、嗯♥、嗯♥」,"""Puhhhh ♥, mmmm ♥, mmmm ♥""","""Pwah♥ Nn♥ Nn♥""","「푸핫♥, 응읏♥, 응읏♥」",「呸哈♥、嗯♥、嗯♥」
,,,,,,,,
Kei.Fallen2-83,,「んっ♥、そうだっ、全部私の顔にかけてくれっ♥」,「んっ♥、そうだっ、全部私の顔にかけてくれっ♥」,「嗯♥、對，全都射在我臉上吧♥」,"""♥♥, yeah, put it all over my face ♥♥.""","""Nn♥ That's right, unload it all on my face♥""","「응읏♥, 그래, 전부 내 얼굴에 뿌려줘♥」",「嗯♥、对、全都射在我脸上吧♥」
,,,,,,,,
Kei.Fallen2-84,戦闘員,「っ、ぐうっ！」,「っ、ぐうっ！」,「唔！」,"""Gosh!""","""Ugh, guuh!""","「윽, 크윽!」",「可恶、唔！」
,,,,,,,,
Kei.Fallen2-85,,ビュルルッ、ピュッ、ピュッ,ビュルルッ、ピュッ、ピュッ,咻嚕、咻！,,"Splurt, spurt, spurt","뷰르르릇, 퓻, 퓻",咻噜、咻！
,,,,,,,,
Kei.Fallen2-86,京,「んっ♥、全部出たようだね…」,「んっ♥、全部出たようだね…」,「嗯♥，好像全都射完了呢……」,"""I guess it's all coming out...""","""Nmn♥ Looks like it all came out...""","「응읏♥, 전부 나온 것 같네…」",「嗯♥、好像全都射完了呢……」
,Kei darkness 2-15,,,,,,,
Kei.Fallen2-87,京,「ふう…これで今日の分は全員かな？」,「ふう…これで今日の分は全員かな？」,「呼……這樣今天的人數都結束了嗎？」,"""'Fu...is that everyone for the day?'""","""Phew... Is that everyone for today?""",「후우… 이걸로 오늘의 분량은 전원인가?」,「呼……这样今天的人数都结束了吗？」
,,,,,,,,
Kei.Fallen2-88,,「…おや、今日は100人が3時間で終わってしまった」,「…おや、今日は100人が3時間で終わってしまった」,「……哎呀，今天100個人只花了3小時就結束了。」,"""...oh, well, a hundred people finished in three hours today.""","""...Oh my, today's 100 people finished in just 3 hours.""","「…어머, 오늘은 100명이 3시간 만에 끝나버렸네」",「……哎呀，今天100个人只花了3小时就结束了。」
,,,,,,,,
Kei.Fallen2-89,戦闘員,「はあ、はあ、まあいい、今日はこれで終わりだ…！」,「はあ、はあ、まあいい、今日はこれで終わりだ…！」,「哈、哈、算了，今天到此為止……！」,"""Ha, ha, well, that's it for today...!""","""Hah, hah, well fine, that's it for today...!""","「하아, 하아, 뭐 됐어, 오늘은 이걸로 끝이다…!」",「哈、哈、算了，今天到此为止……！」
,,,,,,,,
Kei.Fallen2-90,京,「うむ……どうやら私はまだ満足していないみたいだ」,「うむ……どうやら私はまだ満足していないみたいだ」,「嗯……看來我還沒滿足呢。」,"""Mm...... apparently I'm still not satisfied.""","""Hmm... It seems I'm still not satisfied.""",「음…… 아무래도 나는 아직 만족하지 못한 것 같아」,「嗯……看来我还没满足呢。」
,,,,,,,,
Kei.Fallen2-91,戦闘員,「なっ…！？100人相手にしてコイツっ！」,「なっ…！？100人相手にしてコイツっ！」,「什麼！？應付了100個人這傢伙還！」,"""What the hell? He's dealing with a hundred people!""","""What?! After taking on 100 guys? Are you for real?""",「뭣…!? 100명 상대하고 이 녀석!」,「什么！？应付了100个人这家伙还！」
,,,,,,,,
Kei.Fallen2-92,京,「まあいいじゃないか。どうなら私が気絶するまでハメ倒してくれ。それが任務なんだろう？」,「まあいいじゃないか。どうなら私が気絶するまでハメ倒してくれ。それが任務なんだろう？」,「沒關係啦。既然如此，就插到我昏倒為止吧。這就是你們的任務吧？」,"""I don't care. You can set me up until I pass out, if you want. That's your mission, isn't it?""","""Well, that's fine. Anyway, fuck me until I pass out. That's your mission, right?""",「뭐 어때. 기왕이면 내가 기절할 때까지 박아줘. 그게 임무잖아?」,「没关系啦。既然如此，就插到我昏倒为止吧。这就是你们的任务吧？」
,,,,,,,,
Kei.Fallen2-93,,「では2回戦と行こう…当然まだできるだろ？」,「では2回戦と行こう…当然まだできるだろ？」,「那麼進行第二回合吧……當然還能做得到吧？」,"""Let's go for a second round...of course you can still do it, right?""","""Let's go for round two... You can still do it, right?""",「그럼 2회전 가자… 당연히 아직 할 수 있겠지?」,「那么进行第二回合吧……当然还能做得到吧？」
,,,,,,,,
Kei.Fallen2-94,戦闘員,「ま、まて、少し休憩してから―――――」,「ま、まて、少し休憩してから―――――」,「等、等一下，先休息一下再說―――――」,"""Wait, wait, take a break and then ―――――""","""W-wait, let us rest a bit first...""","「자, 잠깐, 조금 쉬고 나서―――――」",「等、等一下，先休息一下再说―――――」
,,,,,,,,
Kei.Fallen2-95,京,「か弱い少女相手に大男が情けないな。私はお前達の性欲を発散するオナホなんだろう？」,「か弱い少女相手に大男が情けないな。私はお前達の性欲を発散するオナホなんだろう？」,「對付柔弱的少女還這麼沒用。我不是你們用來發洩性慾的自慰器嗎？」,"""I'm a big man against a little weak girl. I'm just a masturbator for your sexual desires, aren't I?""","""Big men being pathetic against a frail girl. I'm the sex toy for you to vent your lust on, right?""",「약한 소녀 상대로 거구의 남자가 한심하네. 나는 너희들의 성욕을 발산하는 오나홀이잖아?」,「对付柔弱的少女还这么没用。我不是你们用来发泄性欲的自慰器吗？」
,,,,,,,,
Kei.Fallen2-96,,「ふふ……さあ、私をもっと楽しませてくれ…！」,「ふふ……さあ、私をもっと楽しませてくれ…！」,「呵呵……來吧，讓我更享受一點吧……！」,"""'Hmmm ...... Come on, let me have some more fun...!'""","""Hehe... Come on, entertain me more...!""","「후후…… 자, 나를 더 즐겁게 해줘…!」",「呵呵……来吧，让我更享受一点吧……！」
Kei Fallen Scene３,,,,,,,,
,暗転,,,,,,,
Kei.Fallen3-1,,京の調教が始まってしばらくの後,京の調教が始まってしばらくの後,――――財團地下研究設施,After some time after Kei's training began,Some time after Kei's training had begun,케이의 조교가 시작된 지 얼마 후,――――财团地下研究设施
,,,,,,,,
Kei.Fallen3-2,Kei darkness 3-1,パチュッ、パチュッ、パチュッ、パチュッ！,パチュッ、パチュッ、パチュッ、パチュッ！,「―――喂，我還要這樣待到什麼時候？」,"Patch, patch, patch, patch!","Squelch, squelch, squelch, squelch!","파츗, 파츗, 파츗, 파츗!",「―――喂，我还要这样待到什么时候？」
,,,,,,,,
Kei.Fallen3-3,,アジトの地下の調教部屋に淫らな水音が響き渡る,アジトの地下の調教部屋に淫らな水音が響き渡る,在基地地下的調教室裡，響起了淫靡的水聲。,The sound of lewd water echoes in the training room in the basement of the hideaway.,Lewd wet sounds echoed throughout the underground training room of the hideout.,아지트 지하 조교실에 음란한 물소리가 울려 퍼진다,在基地地下的调教室里，响起了淫靡的水声。
,,,,,,,,
Kei.Fallen3-4,京,「ジュルルッ♥、ジュルッ♥、ふふっ♥、どうだ？」,「ジュルルッ♥、ジュルッ♥、ふふっ♥、どうだ？」,「咕嚕嚕♥、咕嚕♥、呵呵♥，怎麼樣？」,"""'Jools ♥, jools ♥, hmmm ♥, how's that?""","""Slurrp♥ Slurp♥ Hehe♥ How's that?""","「쥬르릇♥, 쥬릇♥, 후훗♥, 어때?」",「咕噜噜♥、咕噜♥、呵呵♥、怎么样？」
,,,,,,,,
Kei.Fallen3-5,戦闘員,「うっ、ぐうっ！」,「うっ、ぐうっ！」,「唔，唔嗚！」,"""Ugh!""","""Ugh, guuh!""","「윽, 크윽!」",「唔、可恶！」
,,,,,,,,
Kei.Fallen3-6,京,「おっと、まだ出すんじゃないぞ？今チンポの射精耐久性実験をしてるんだからな」,「おっと、まだ出すんじゃないぞ？今チンポの射精耐久性実験をしてるんだからな」,「喔，還不能射喔？現在正在進行陽具射精耐久性實驗呢。」,"""Whoa, don't let it out yet, okay? We're doing a cock ejaculation endurance experiment right now.""","""Oops, don't come yet. I'm conducting an experiment on dick ejaculation endurance.""","「어이쿠, 아직 싸지 마? 지금 자지 사정 내구성 실험 중이니까」",「喔，还不能射喔？现在正在进行阳具射精耐久性实验呢。」
,,,,,,,,
Kei.Fallen3-7,戦闘員,「ぐっ、コイツッ、調子に乗りやがってっ！」,「ぐっ、コイツッ、調子に乗りやがってっ！」,「唔，這傢伙，太得意忘形了！」,"""Damn this guy, he's on a roll!""","""Guh, this bitch is getting carried away!""","「크윽, 이 녀석! 잘난 척하기는!」",「可恶、这家伙、太得意忘形了！」
,,,,,,,,
Kei.Fallen3-8,京,「ふふっ、コイツとは酷いな？私は今は洗脳改造を受けたここの戦闘員なんだぞ？」,「ふふっ、コイツとは酷いな？私は今は改造を受けたここの戦闘員なんだぞ？」,「呵呵，說傢伙也太過分了吧？我現在可是接受了教育改造在這裡的戰鬥員喔？」,"""'Pfft, it's terrible with this guy, isn't it? I'm a brainwashed and modified combatant here now, remember?""","""Hehe, 'this bitch' is harsh. I'm now a modified soldier here, you know?""","「후훗, 이 녀석이라니 너무하네? 나는 지금 교육 개조를 받은 이곳 전투원이잖아?」",「呵呵，说家伙也太过分了吧？我现在可是接受了教育改造在这里的战斗员喔？」
,,,,,,,,
Kei.Fallen3-9,,「いや、戦闘員というより怪人なのかな？まあいい、しばらく耐えてくれ」,「いや、戦闘員というより怪人なのかな？まあいい、しばらく耐えてくれ」,「不對，與其說是戰鬥員，不如說是怪人吧？算了，再忍耐一下吧。」,"""'No, I'm more of a monster than a fighter? Oh well, bear with me for a while.""","""No, maybe I'm more of a fiend than a soldier? Well, whatever, hold on for a while.""","「아니, 전투원이라기보다는 괴인일까? 뭐 됐어, 잠시 참아줘」",「不对，与其说是战斗员，不如说是怪人吧？算了，再忍耐一下吧。」
,,,,,,,,
Kei.Fallen3-10,,チュパッ、チュパッ、ジュルルル♥、チュプッ♥,チュパッ、チュパッ、ジュルルル♥、チュプッ♥,啾啵、啾啵、咕嚕嚕嚕♥、啾啵♥,"Chup, chup, chup, chup, chup, chup, chup, chup, chup, chup, chup, chup, chup, chup, chup, chup, chup, chup.","Suck, suck, slurrrp♥, schlup♥","츄팟, 츄팟, 쥬르르르♥, 츄풋♥",啾啵、啾啵、咕噜噜噜♥、啾啵♥
,,,,,,,,
Kei.Fallen3-11,戦闘員,「ぐっ、一体どれだけやりゃ気がすむんだっ」,「ぐっ、一体どれだけやりゃ気がすむんだっ」,「唔，到底要玩多久才甘心！」,"""Damn, how much more of this do you have to do?""","""Guh, how long until you're satisfied?!""","「크윽, 대체 얼마나 해야 만족하는 거야」",「唔、到底要玩多久才甘心！」
,,,,,,,,
Kei.Fallen3-12,,ジュルルル♥、チュプッ♥、チュパッ、チュパッ,ジュルルル♥、チュプッ♥、チュパッ、チュパッ,咕嚕嚕嚕♥、啾啵♥、啾啵、啾啵,"Jjululu♥, chup, chup, chup, chup, chup, chup.","Slurrrp♥, schlup♥, suck, suck","쥬르르르♥, 츄풋♥, 츄팟, 츄팟",咕噜噜噜♥、啾啵♥、啾啵、啾啵
,,,,,,,,
Kei.Fallen3-13,京,「ジュルルッ♥、ふう、君たちが私を足腰が立たなくなるくらいハメ倒してくれればよかったのだが…♥」,「ジュルルッ♥、ふう、君たちが私を足腰が立たなくなるくらいハメ倒してくれればよかったのだが…♥」,「咕嚕嚕♥，呼，要是你們能把我插到連站都站不穩就好了呢……」,"""I wish you guys had fucked me to the point where I couldn't stand on my feet anymore.""","""Slurrp♥ Phew, it would have been nice if you guys had fucked me until my legs gave out...♥""","「쥬르릇♥, 후우, 너희들이 나를 허리도 못 펼 정도로 박아주면 좋았을 텐데…♥」",「咕噜噜♥、呼，要是你们能把我插到连站都站不稳就好了呢……」
,,,,,,,,
Kei.Fallen3-14,,「君たち戦闘員は何百人もいるのに情けない…こんなか弱い少女にいいようにされて悔しくないのかい？」,「君たち戦闘員は何百人もいるのに情けない…こんなか弱い少女にいいようにされて悔しくないのかい？」,「你們這些戰鬥員有幾百人卻這麼沒用……被我這麼一個柔弱的少女玩弄，難道不覺得不甘心嗎？」,"""You have hundreds of fighters and you're pathetic... don't you feel frustrated that you're being taken advantage of by such a weak girl?""","""There are hundreds of you soldiers yet you're pathetic... Aren't you frustrated being toyed with by such a frail girl?""",「너희들 전투원은 수백 명이나 있는데 한심하네… 이런 약한 소녀에게 당해서 분하지 않아?」,「你们这些战斗员有几百人却这么没用……被我这么一个柔弱的少女玩弄，难道不觉得不甘心吗？」
,,,,,,,,
Kei.Fallen3-15,,「それに私は君たちの性処理オナホなのだろう？役目を全うしているだけさ♥」,「それに私は君たちの性処理オナホなのだろう？役目を全うしているだけさ♥」,「而且我不是你們用來處理性慾的自慰器嗎？我只是在盡我的職責罷了。」,"""And I'm your sexual masturbator, aren't I? I'm just doing my job.""","""Besides, I'm your sex relief toy, right? I'm just fulfilling my role♥""",「게다가 나는 너희들의 성처리 오나홀이잖아? 역할을 다하고 있을 뿐이야♥」,「而且我不是你们用来处理性欲的自慰器吗？我只是在尽我的职责罢了。」
,,,,,,,,
Kei.Fallen3-16,,ジュルルル♥、チュプッ♥、ジュルル♥、ジュルッ♥,ジュルルル♥、チュプッ♥、ジュルル♥、ジュルッ♥,咕嚕嚕嚕♥、啾啵♥、咕嚕嚕♥、咕嚕♥,"Juluulu♥, chupu♥, julu♥, julu♥, julu♥, julu♥, julu♥.","Slurrrp♥, schlup♥, slurrp♥, slurp♥","쥬르르르♥, 츄풋♥, 쥬르르♥, 쥬릇♥",咕噜噜噜♥、啾啵♥、咕噜噜♥、咕噜♥
,,,,,,,,
Kei.Fallen3-17,,キュッ、パチュッ♥、パチュッ♥、パチュッ！,キュッ、パチュッ♥、パチュッ♥、パチュッ！,夾緊、啪啾♥、啪啾♥、啪啾！,Cu―cu―cu―cu―cu―cu―cu―cu―cu―cu―cu―cu―cu―cu―cu―cu―cu―cu―cu―cu―cu!,"Squeeze, squelch♥, squelch♥, squelch!","큣, 파츗♥, 파츗♥, 파츗!",夹紧、啪啾♥、啪啾♥、啪啾！
,,,,,,,,
Kei.Fallen3-18,戦闘員,「―――っ、ぐっ、なんだこのマンコはっ！」,「―――っ、ぐっ、なんだこのマンコはっ！」,「―――唔，這是什麼鮑魚！」,"""――――gggghh, what a cunt!""","""...Guh, what the hell is this pussy?!""","「―――윽, 크윽, 뭐야 이 보지는!」",「―――可恶、唔、这是什么鲍鱼！」
,,,,,,,,
Kei.Fallen3-19,京,「ふふっ、ここで改造手術を受けてから感覚が敏感になってね」,「ふふっ、ここで改造手術を受けてから感覚が敏感になってね」,「呵呵，自從在這裡接受了改造手術之後，我的感覺就變得敏銳了呢。」,"""Hmmm, my senses have become more sensitive since I had my remodeling surgery here.""","""Hehe, my senses have become more sensitive since I underwent modification surgery here.""","「후훗, 여기서 개조 수술을 받고 나서 감각이 민감해져서 말이야」",「呵呵，自从在这里接受了改造手术之后，我的感觉就变得敏锐了呢。」
,,,,,,,,
Kei.Fallen3-20,京,「君たちのチンポの血液の流れや体温、ホルモンに電気信号のシグナルまで手に取るように理解できるのさ」,「君たちのチンポの血液の流れや体温、ホルモンに電気信号のシグナルまで手に取るように理解できるのさ」,「你們陽具的血液流動、體溫、荷爾蒙，就像電器運作的訊息傳遞一樣，已經掌握地一清二楚喔。」,"""I can see the blood flow in your dick, your body temperature, your hormones, even your electrical signals.""","""I can understand everything about your dicks like the back of my hand. Blood flow, temperature, hormones, even electrical signals, you name it.""","「너희들 자지의 혈액 흐름이나 체온, 호르몬에 전기 신호의 시그널까지 손에 잡힐 듯이 이해할 수 있지」",「你们阳具的血液流动、体温、荷尔蒙，连电气讯号都能一清二楚地掌握喔。」
,,,,,,,,
Kei.Fallen3-21,戦闘員,「ぐっ、耐えられねえっ！」,「ぐっ、耐えられねえっ！」,「唔、受不了了！」,"""I can't stand it!""","""Guh, I can't hold it!""","「크윽, 견딜 수 없어!」",「唔、受不了了！」
,,,,,,,,
Kei.Fallen3-22,京,「ふふっ、搾精もここまで最適化すると楽しいね。これだけのチンポが全て私の思い通りだ♥」,「ふふっ、搾精もここまで最適化すると楽しいね。これだけのチンポが全て私の思い通りだ♥」,「呵呵，將搾精最佳化到這種地步，真是太有趣了。這麼多的陽具全都隨我心意！」,"""'Pfft, it's fun to optimize my sperming so much. All this cock is exactly what I want it to be ♥""","""Hehe, milking is fun when optimized to this level. All these dicks are completely under my control♥""","「후훗, 착정도 여기까지 최적화하면 즐겁네. 이만큼의 자지가 전부 내 마음대로야♥」",「呵呵，将搾精优化到这种地步，真是太有趣了。这么多的阳具全都随我心意！」
,,,,,,,,
Kei.Fallen3-23,京,「……さて、そろそろ出してもらおうかな？よっと」,「……さて、そろそろ出してもらおうかな？よっと」,「……那麼，差不多該讓你們射出來了吧？嘿。」,"""...... Well, I guess it's time to get them out. Yo!""","""...Now then, shall I have you come? Here we go.""","「……자, 슬슬 싸게 해줄까? 자」",「……那么，差不多该让你们射出来了吧？嘿。」
,,,,,,,,
Kei.Fallen3-24,,パチュッ！パチュッ！パチュッ！パチュッ！,パチュッ！パチュッ！パチュッ！パチュッ！,啪啾！啪啾！啪啾！啪啾！,Patchu! Patchu! Patchy! Patch!,Squelch! Squelch! Squelch! Squelch!,파츗! 파츗! 파츗! 파츗!,啪啾！啪啾！啪啾！啪啾！
,,,,,,,,
Kei.Fallen3-25,,ジュルッ♥、ジュポッ♥、ジュポッ♥、ジュポッ♥,ジュルッ♥、ジュポッ♥、ジュポッ♥、ジュポッ♥,咕嚕♥、咕啵♥、咕啵♥、咕啵♥,"Jjulk♥, jjulk♥, jjulk♥, jjulk♥, jjulk♥, jjulk♥, jjulk♥, jjulk♥, jjulk♥.",Slurp♥ Schlup♥ Schlup♥ Schlup♥,"쥬릇♥, 쥬폿♥, 쥬폿♥, 쥬폿♥",咕噜♥、咕啵♥、咕啵♥、咕啵♥
,,,,,,,,
Kei.Fallen3-26,,シュコッ♥、シュコッ♥シュコッ♥シュコッ♥,シュコッ♥、シュコッ♥シュコッ♥シュコッ♥,咻♥、咻♥咻♥咻♥,"Shuko♥, shuko♥, shuko♥, shuko♥, shuko♥.",Stroke♥ Stroke♥ Stroke♥ Stroke♥,"슈콧♥, 슈콧♥슈콧♥슈콧♥",咻♥、咻♥咻♥咻♥
,,,,,,,,
Kei.Fallen3-27,京,「……よし、出していいよ」,「……よし、出していいよ」,「……好，可以射了。」,"""...... Okay, you can let me out.""","""...Alright, you can come now.""","「……좋아, 싸도 돼」",「……好，可以射了。」
,,,,,,,,
Kei.Fallen3-28,戦闘員,「ぐっ、おおっ！」,「ぐっ、おおっ！」,「唔、喔！」,"""Gosh, oh!""","""Guh, ohhh!""","「크윽, 오오옷!」",「唔、喔！」
,,,,,,,,
Kei.Fallen3-29,Kei darkness 3-2,ドビュッ、ビュルルルッルッ！ビュルルルッ,ドビュッ、ビュルルルッルッ！ビュルルルッ,咚、咻嚕嚕嚕嚕！咻嚕嚕嚕,Doburrrrrrrrrrr! Burrrrrrrrrrrrrrrrrrrrrrrrrrrrr!,"Spurt, splurrrt! Splurrrt","도븃, 뷰르르르릇르릇! 뷰르르르릇",咚、咻噜噜噜噜！咻噜噜噜
,,,,,,,,
Kei.Fallen3-30,京,「ジュルッ♥、ジュルルル♥チュパッ♥」,「ジュルッ♥、ジュルルル♥チュパッ♥」,「咕嚕♥、咕嚕嚕嚕♥、啾啵♥！」,"""Jools ♥, jools ♥, chupa ♥.""","""Slurp♥ Slurrrp♥ Suck♥""","「쥬릇♥, 쥬르르르♥츄팟♥」",「咕噜♥、咕噜噜噜♥、啾啵♥！」
,,,,,,,,
Kei.Fallen3-31,戦闘員,「ぐっ、おお…」,「ぐっ、おお…」,「唔、喔……」,"""Gosh, oh...""","""Guh, ohh...""","「크윽, 오오…」",「唔、喔……」
,,,,,,,,
Kei.Fallen3-32,京,「ジュルルル♥ゴキュッ♥、……プハッ♥」,「ジュルルル♥ゴキュッ♥、……プハッ♥」,「咕嚕嚕嚕！咕咚♥……呸哈♥」,"""Jullll♥gocuk♥, ......puhhhh♥""","""Slurrrp♥ Gulp♥... Pwah♥""","「쥬르르르♥꿀꺽♥, ……푸핫♥」",「咕噜噜噜！咕咚♥、……呸哈♥」
,Kei darkness 3-3,,,,,,,
Kei.Fallen3-33,京,「…うん、みんなちょっとタンパク量が少ないかな…？今晩はもっと精の付くもの食べるのを推奨するよ」,「…うん、みんなちょっとタンパク量が少ないかな…？今晩はもっと精の付くもの食べるのを推奨するよ」,「……嗯，大家的蛋白質含量好像都有點少呢……？我建議今晚多吃點滋補的東西。」,"""...Yeah, I think we're all a little low on protein...? I suggest you eat something more hearty tonight.""","""...Hmm, everyone's protein levels seem a bit low... I recommend eating more stamina-building food tonight.""","「…응, 다들 좀 단백질 양이 부족한걸…? 오늘 밤은 더 정력에 좋은 걸 먹는 걸 추천할게」",「……嗯，大家的蛋白质含量好像都有点少呢……？我建议今晚多吃点滋补的东西。」
,,,,,,,,
Kei.Fallen3-34,京,「もっとも、私が昨日やり過ぎたせいかもしれないが…」,「もっとも、私が昨日やり過ぎたせいかもしれないが…」,「當然，也可能是因為我昨天玩過頭了……」,"""I may have overdone it yesterday, but...""","""I wonder if I overdid it yesterday...""","「물론, 내가 어제 너무 심하게 한 탓일지도 모르지만…」",「当然，也可能是因为我昨天玩过头了……」
,,,,,,,,
Kei.Fallen3-35,,京は戦闘員の睾丸を揉んで中身を確認する,京は戦闘員の睾丸を揉んで中身を確認する,京揉捏著戰鬥員的睪丸，檢查裡面的狀況。,Kei rubs the combatant's testicles to see what's inside.,Kei fondled the soldier's balls to check its contents.,케이는 전투원의 고환을 주물러 내용물을 확인한다,京揉捏着战斗员的睾丸，检查里面的状况。
,,,,,,,,
Kei.Fallen3-36,戦闘員,「うおっ！？やめろっ！」,「うおっ！？やめろっ！」,「哇喔！？住手！」,"""Whoa! Stop!""","""Hey, stop that!""",「우옷!? 그만둬!」,「哇喔！？住手！」
,,,,,,,,
Kei.Fallen3-37,京,「うん…この感じもう空っぽかな？」,「うん…この感じもう空っぽかな？」,「嗯……這個感覺，差不多空了吧？」,"""Yeah... this feels empty already, doesn't it?""","""Hmm, feels empty.""",「응… 이 느낌 이제 텅 비었나?」,「嗯……这个感觉，差不多空了吧？」
,,,,,,,,
Kei.Fallen3-38,,「ふむ…そろそろ勃起力と射精量を増強させる薬の開発でもしようかな」,「ふむ…そろそろ勃起力と射精量を増強させる薬の開発でもしようかな」,「嗯……看來差不多該開發增強勃起力和射精量的藥物了。」,"""Hmmm... maybe it's time to develop a drug to increase erectile strength and ejaculation volume.""","""Hmm... Maybe I should develop a drug to enhance erection strength and ejaculation volume.""",「흠… 슬슬 발기력과 사정량을 증강시키는 약 개발이라도 할까」,「嗯……看来差不多该开发增强勃起力和射精量的药物了。」
,,,,,,,,
Kei.Fallen3-39,,「君たちのチンポ弱くてね…飽きてきちゃった」,「君たちのチンポ弱くてね…飽きてきちゃった」,「你們的陽具太弱了……我已經開始感到無聊了。」,"""Your dicks are so weak I'm getting tired of them.""","""Your dicks are so weak... I'm getting bored.""",「너희들 자지 약해서 말이야… 질려버렸어」,「你们的阳具太弱了……我已经开始感到无聊了。」
,,,,,,,,
Kei.Fallen3-40,戦闘員,「っ、このガキがっ！俺達戦闘員を舐めるなッ！」,「っ、この雌猫がっ！俺達戦闘員を舐めるなッ！」,「這隻母貓！別小看我們戰鬥員！」,"""You little brat! Don't you dare lick us fighters!""","""You bitch! Don't underestimate us soldiers!""","「윽, 이 암고양이가! 우리 전투원을 얕보지 마!」",「可恶、这只母猫！别小看我们战斗员！」
,,,,,,,,
Kei.Fallen3-41,京,「おや？やる気になってくれたかな？」,「おや？やる気になってくれたかな？」,「哎呀？你們有幹勁了嗎？」,"""Oh? Are you motivated now?""","""Oh? Are you getting motivated?""",「어머? 의욕이 생겼나?」,「哎呀？你们有干劲了吗？」
,,,,,,,,
Kei.Fallen3-42,,「ふふ、じゃあ2回戦といこうか…今度は私を足腰が立たなくなるほど絶頂させてくれ」,「ふふ、じゃあ2回戦といこうか…今度は私を足腰が立たなくなるほど絶頂させてくれ」,「呵呵，那麼來進行第二回合吧……這次請把我插到連站都站不穩為止。」,"""'Hmmm, let's go for a second round then... this time, make me climax so hard I can't stand on my feet.""","""Hehe, then let's go for round two... This time make me come until my legs give out.""","「후후, 그럼 2회전 가볼까… 이번엔 나를 허리도 못 펼 정도로 절정시켜줘」",「呵呵，那么来进行第二回合吧……这次请把我插到连站都站不稳为止。」
,,,,,,,,
Kei.Fallen3-43,Kei darkness 3-1,京は淫靡な表情で差し出されたチンポにしゃぶりつく,京は淫靡な表情で差し出されたチンポにしゃぶりつく,京臉上帶著淫靡的表情，含住了伸到面前的陽具。,Kei sucks on the cock offered to him with a lewd look on his face.,Kei latched onto the presented cock with a lewd expression.,케이는 음란한 표정으로 내밀어진 자지에 달라붙는다,京脸上带着淫靡的表情，含住了伸到面前的阳具。
,,,,,,,,
Kei.Fallen3-44,,ジュプッ、ジュプッ、ジュプッ♥,ジュプッ、ジュプッ、ジュプッ♥,咕啵、咕啵、咕啵♥,"Jup, jup, jup, jup ♥","Schlup, schlup, schlup♥","쥬풋, 쥬풋, 쥬풋♥",咕啵、咕啵、咕啵♥
,,,,,,,,
Kei.Fallen3-45,京,「ふふっ、ここに連れてこられてた時はどうなるかと思ったが…案外ここの生活も悪くはない」,「ふふっ、ここに連れてこられてた時はどうなるかと思ったが…案外ここの生活も悪くはない」,「呵呵，剛被帶到這裡的時候，我還以為會怎麼樣呢……沒想到這裡的生活也還不錯。」,"""'Hmmm, I wondered what would happen when I was brought here, but life here isn't so bad after all.""","""Hehe, I wondered what would happen when I was brought here... but life here isn't so bad after all.""","「후훗, 여기에 끌려왔을 때는 어떻게 될까 생각했지만… 의외로 이곳 생활도 나쁘지 않아」",「呵呵，刚被带到这里的时候，我还以为会怎么样呢……没想到这里的生活也还不错。」
,,,,,,,,
Kei.Fallen3-46,京,「…そしてもはや生徒会も聖核戦姫も私からしたら邪魔者でしかないね…」,「…そしてもはやレギオンも聖核戦姫も私からしたら邪魔者でしかないね…」,「……而且對我來說，聖核軍團也好，聖核戰姫也好，都只是絆腳石而已呢……」,"""...And now the student council and the Seikaku Princess are nothing more than a distraction to me...""","""...And now the Legion and Holy Core Battlemaidens are nothing but obstacles to me...""",「…그리고 이제 레기온도 성핵전희도 나로서는 방해물일 뿐이네…」,「……而且对我来说，圣核军团也好，圣核战姫也好，都只是绊脚石而已呢……」
,,,,,,,,
Kei.Fallen3-47,京,「やれやれ…私もまさかこんなことになるとは思わなかったけど…」,「やれやれ…私もまさかこんなことになるとは思わなかったけど…」,「真是的……我也沒想到自己會變成這樣……」,"""'Oh dear...I didn't think this would happen either, but...'""","""Good grief... I never thought things would turn out like this...""",「이런이런… 나도 설마 이렇게 될 줄은 몰랐지만…」,「真是的……我也没想到自己会变成这样……」
,,,,,,,,
Kei.Fallen3-48,京,「これも何かの縁だ…行く所まで行ってやろうじゃないか…！」,「これも何かの縁だ…行く所まで行ってやろうじゃないか…！」,「這也是一種緣分吧……不如就順其自然地走下去吧！」,"""This is just the beginning... let's go as far as we can go...!""","""This must be fate... Let's see how far this goes...!""",「이것도 뭔가 인연이야… 갈 데까지 가보자고…!」,「这也是一种缘分吧……不如就顺其自然地走下去吧！」
,,,,,,,,
Kei.Fallen3-49,,そして京は怪しい笑みを浮かべ、暗闇の中快楽に溺れていくのだった,そして京は怪しい笑みを浮かべ、暗闇の中快楽に溺れていくのだった,接著，京臉上浮現出可疑的笑容，沉溺於黑暗中的快感。,"And Kei, with a suspicious smile on his face, was drowning in pleasure in the darkness.",And so Kei wore a suspicious smile as she drowned in pleasure in the darkness.,"그리고 케이는 수상한 미소를 띠며, 어둠 속에서 쾌락에 빠져드는 것이었다",接着，京脸上浮现出可疑的笑容，沉溺于黑暗中的快感。
,,,,,,,,
Kei Debauchery Scene　1,注釈,淫乱化シーン,淫乱化シーン,,淫乱化シーン,,음란화 이벤트,
Kei.Debauchery1-1,ホーム画面,京が財団に連れてこられてから数日後…,京が財団に連れてこられてから数日後…,距離京被帶到財團幾天後……,A few days after Kei was brought to the Foundation...,Several days after Kei was brought to the Foundation...,케이가 재단에 끌려온 지 며칠 후…,距离京被带到财团几天后……
,,,,,,,,
Kei.Debauchery1-2,京(制服),「……なんだい？尋問でもするのかな？」,「……なんだい？尋問でもするのかな？」,「……這是什麼？你們要對我進行審問嗎？」,"""I said, ""...... what's this? Are you going to interrogate me?""","""...What is it? Are you going to interrogate me?""",「……뭐야? 심문이라도 하려는 건가?」,「……这是什么？你们要对我进行审问吗？」
,,,,,,,,
Kei.Debauchery1-3,戦闘員,「……違う、今回は別の要件だ」,「……違う、今回は別の要件だ」,「……不，這次我們有別的事情。」,"""...... no, this time it's a different requirement.""","""...No, this time it's a different matter.""","「……아니, 이번엔 다른 용건이다」",「……不，这次我们有别的事情。」
,,,,,,,,
Kei.Debauchery1-4,戦闘員,「お前が俺達のアジトをハッキングしてめちゃくちゃにしたおかげで組織には多額の損害が出た」,「お前が俺達のアジトをハッキングしてめちゃくちゃにしたおかげで組織には多額の損害が出た」,「妳駭入我們的基地，造成了巨大的損失。組織蒙受了約一百億的損害。」,"""You hacked into our hideout and made a mess, costing our organization a lot of money.""","""Thanks to you hacking our hideout and making a mess of things, the organization suffered huge losses.""",「네가 우리 아지트를 해킹해서 엉망으로 만든 덕분에 조직에는 막대한 손해가 났다」,「你骇入我们的基地，造成了巨大的损失。组织蒙受了约一百亿的损害。」
,,,,,,,,
Kei.Debauchery1-5,京,「ああ。あったね、そんなことも」,「ああ。あったね、そんなことも」,「喔，確實還有這麼回事啊。」,"""Oh, yes. Yeah, that happened.""","""Ah. That did happen, didn't it.""","「아아. 있었지, 그런 일도」",「喔，确实还有这么回事啊。」
,,,,,,,,
Kei.Debauchery1-6,戦闘員,「というわけでお前には損失分―――約100億円を稼いでもらうことになった」,「というわけでお前には損失分―――約100億円を稼いでもらうことになった」,「所以，妳必須為我們賺回這筆損失——大約一百億。」,"""So you're going to earn about 10 billion yen for your losses.""","""So you're going to earn back the losses, which was about 10 billion yen.""",「그런 이유로 너에게는 손실분―――약 100억 엔을 벌게 할 거다」,「所以，你必须为我们赚回这笔损失——大约一百亿。」
,,,,,,,,
Kei.Debauchery1-7,京,「…ははあ。つまり銀行をハッキングして口座の数字を書き換えろと―――」,「…ははあ。つまり銀行をハッキングして口座の数字を書き換えろと―――」,「…哈。也就是說要我駭入銀行修改帳戶數字囉——」,"""Hahaha. In other words, you want me to hack the bank and rewrite the numbers on the account――""","""...I see. So you want me to hack banks and rewrite account numbers...""",「…하하. 즉 은행을 해킹해서 계좌 숫자를 바꾸라는 건가―――」,「…哈。也就是说要我骇入银行修改帐户数字啰——」
,,,,,,,,
Kei.Debauchery1-8,戦闘員,「違う！俺達よりも邪悪な事考えやがって！」,「違う！俺達よりも邪悪な事考えやがって！」,「才不是！妳怎麽想的事情比我們還邪惡！」,"""No,"" he said! You think more evil than we do!""","""Wrong! You're thinking of something more evil than us!""",「아니야! 우리보다 더 사악한 생각 하지 마!」,「才不是！你怎么想的事情比我们还邪恶！」
,,,,,,,,
Kei.Debauchery1-9,戦闘員,「お前にやってもらうのはこれだ―――――」,「お前にやってもらうのはこれだ―――――」,「我們要妳做的是這個——」,"""Here's what I need you to do: ―――――""","""What you'll be doing is this...""",「너에게 시킬 일은 이거다―――――」,「我们要你做的是这个——」
,,,,,,,,
,暗転,,,,,,,
,,,,,,,,
Kei.Debauchery1-10,京(淫乱化服),「……っ、なんだい？この破廉恥な服は？」,「……っ、なんだい？この破廉恥な服は？」,「……唔，這是什麼？這衣服也太不要臉了吧？」,"""I said, ""......, what's this? What's with the hideous outfit?""","""...What is this? What's with the lewd outfit?""","「……윽, 뭐야? 이 파렴치한 옷은?」",「……唔，这是什么？这衣服也太不要脸了吧？」
,,,,,,,,
Kei.Debauchery1-11,戦闘員,「お前にはこれからエロストリーマー兼広報として活動してもらう」,「お前にはこれからエロストリーマー兼広報として活動してもらう」,「妳接下來要作為情色實況主兼公關來活動。」,"""You'll be working as an erotic streamer and publicist from now on.""","""From now on, you'll be working as an adult streamer and publicist.""",「너에게는 이제부터 에로 스트리머 겸 홍보 담당으로 활동하게 할 거다」,「你接下来要作为情色实况主兼公关来活动。」
,,,,,,,,
Kei.Debauchery1-12,戦闘員,「頭のいいお前ならこの仕事が適任だと判断した」,「頭のいいお前ならこの仕事が適任だと判断した」,「妳的頭腦這麼好，這份工作最適合妳了。」,"""I decided you were smart enough for the job.""","""We decided that someone smart like you would be perfect for this job.""",「머리 좋은 너라면 이 일이 적임이라고 판단했다」,「你的头脑这么好，这份工作最适合你了。」
,,,,,,,,
Kei.Debauchery1-13,戦闘員,「心配するな。財団が根回しして視聴者無理やり集めてやるから」,「心配するな。財団が根回しして視聴者無理やり集めてやるから」,「不用擔心。我們會利用財團的資源硬幫妳拉點閱。」,"""Don't worry. The foundation will put the groundwork in place and force the audience to come together.""","""Don't worry. The Foundation will pull strings and forcibly gather viewers for you.""",「걱정하지 마. 재단이 손써서 시청자 억지로 모아줄 테니까」,「不用担心。我们会利用财团的资源硬帮你拉点阅。」
,,,,,,,,
Kei.Debauchery1-14,京,「…っ、いや、私はあまり人前に出るのは…しかもこの格好で！？」,「…っ、いや、私はあまり人前に出るのは…しかもこの格好で！？」,「…不行，我不太喜歡拋頭露面…況且還是穿成這副模樣！？」,"""I don't go out in public much...and dressed like this!""","""...No, I'm not really comfortable appearing in public... especially in this outfit?!""","「…윽, 아니, 나는 별로 사람들 앞에 나서는 건… 게다가 이 모습으로!?」",「…唔，不行，我不太喜欢抛头露面…况且还是穿成这副模样！？」
,,,,,,,,
Kei.Debauchery1-15,戦闘員,「物は試しだ、俺が助手してやるからさっさと準備するぞ」,「物は試しだ、俺が助手してやるからさっさと準備するぞ」,「試試看嘛，我來當妳的助手，快點準備！」,"""Let's just try it out, I'll be your assistant, and we'll get you set up quickly.""","""Just give it a try. I'll be your assistant, so hurry up and get ready.""","「시험 삼아 해보자, 내가 조수 해줄 테니 빨리 준비해」",「试试看嘛，我来当你的助手，快点准备！」
,,,,,,,,
,暗転,,,,,,,
,,,,,,,,
,Kei debauchery 1-1,,,,,,,
Kei.Debauchery1-16,京,「……うぅ、聞こえているだろうか？」,「……うぅ、聞こえているだろうか？」,「……嗚嗚，有人聽得見嗎？」,"""...... ugh, can you hear me?""","""...Ugh, can you hear me?""","「……으으, 들리는가?」",「……呜呜，有人听得见吗？」
,,,,,,,,
Kei.Debauchery1-17,,京は両足をつかまれ、一番恥ずかしい部分を強調するポーズでカメラに映っていた,京は両足をつかまれ、一番恥ずかしい部分を強調するポーズでカメラに映っていた,京被抓住雙腳，以強調最羞恥部位的姿勢入鏡。,Kei was posed for the camera in a pose that grabbed both of his legs and emphasized his most embarrassing parts.,"Kei's legs were held apart, displayed on camera in a pose that emphasized her most private parts.","케이는 양다리를 잡히고, 가장 부끄러운 부분을 강조하는 포즈로 카메라에 비치고 있었다",京被抓住双脚，以强调最羞耻部位的姿势入镜。
,,,,,,,,
Kei.Debauchery1-18,助手,「ほら1000人以上が見てます！もっと大きな声で！」,「ほら1000人以上が見てます！もっと大きな声で！」,「看！已經超過一千人看了！聲音再大一點！」,"""'Look, over a thousand people are watching! Louder!""","""Look, over a thousand people are watching! Louder!""",「자 1000명 이상이 보고 있어요! 더 큰 소리로!」,「看！已经超过一千人看了！声音再大一点！」
,,,,,,,,
Kei.Debauchery1-19,京,「うう、私のを…1000人以上が見ているのか…」,「うう、私のを…1000人以上が見ているのか…」,「嗚嗚，我的私密處…竟然有一千多人正在看嗎…」,"""'Ugh, my... over a thousand people are watching my...'""","""Ugh, over a thousand people... are looking at mine...""","「으으, 나의… 1000명 이상이 보고 있는 건가…」",「呜呜，我的私密处…竟然有一千多人正在看吗…」
,,,,,,,,
Kei.Debauchery1-20,京,「しかも至近距離でこんな格好で…流石に恥ずかしいな…」,「しかも至近距離でこんな格好で…流石に恥ずかしいな…」,「而且還用這麼近的距離和這種打扮…實在是太羞恥了…」,"""And at such close range, dressed like this... it's embarrassing...""","""So close, and in this outfit... this is really embarrassing...""",「게다가 아주 가까운 거리에서 이런 모습으로… 역시 부끄럽네…」,「而且还用这么近的距离和这种打扮…实在是太羞耻了…」
,,,,,,,,
Kei.Debauchery1-21,助手,「ほら、視聴者が待ってます！まずは挨拶を！」,「ほら、視聴者が待ってます！まずは挨拶を！」,「快，觀眾們在等妳！先來打個招呼！」,"""'Look, the audience is waiting for you! Greetings first!""","""Come on, the viewers are waiting! Start with a greeting!""","「자, 시청자들이 기다리고 있어요! 우선 인사를!」",「快，观众们在等你！先来打个招呼！」
,,,,,,,,
Kei.Debauchery1-22,京,「っ、そうだね…やるしかないか」,「っ、そうだね…やるしかないか」,「說得也是…只能上了」,"""I guess... we'll just have to do it.""","""Right... Guess I have no choice.""","「윽, 그렇네… 할 수밖에 없나」",「唔，说得也是…只能上了」
,,,,,,,,
Kei.Debauchery1-23,京,「……というわけで視聴者の諸君、初めまして。」,「……というわけで視聴者の諸君、初めまして。」,「……那麼，各位觀眾，初次見面。」,"""So nice to meet you, viewers of .......""","""...So then, viewers, nice to meet you.""","「……그런 이유로 시청자 여러분, 처음 뵙겠습니다.」",「……那么，各位观众，初次见面。」
,,,,,,,,
Kei.Debauchery1-24,京,「元聖核戦姫の天才エロストリーマー、ケイちゃんだ」,「元聖核戦姫の天才エロストリーマー、ケイちゃんだ」,「我是前聖核戰姫的天才情色實況主，京醬唷。」,"""I'm Kei, a genius erotic streamer formerly known as the Seikaku Princess.""","""I'm the genius erotic streamer and former Holy Core Battlemaiden, Kei.""","「전 성핵전희 천재 에로 스트리머, 케이쨩이다」",「我是前圣核战姫的天才情色实况主，京。」
,Kei debauchery1ｰ2,,,,,,,
Kei.Debauchery1-25,京,「聖核戦姫として戦っていたのだが…負けてしまってね、今は財団管理のもと配信を行っている」,「聖核戦姫として戦っていたのだが…負けてしまってね、今は財団管理のもと配信を行っている」,「我原本是作為聖核戰姫在戰鬥…但由於我輸了，現在在財團的管理下進行直播。」,"""I was fighting as the Seikaku Princess...but I lost, and now I distribute under the control of the Foundation.""","""I was fighting as a Holy Core Battlemaiden but... I lost, and now I'm streaming under Foundation management.""","「성핵전희로서 싸웠지만… 져버려서 말이야, 지금은 재단 관리 하에 방송을 하고 있다」",「我原本是作为圣核战姫在战斗…但由于我输了，现在在财团的管理下进行直播。」
,,,,,,,,
Kei.Debauchery1-26,京,「聖核戦姫として恥ずかしい限りだ…申し訳ない」,「聖核戦姫として恥ずかしい限りだ…申し訳ない」,「作為聖核戰姫，真是丟臉至極…非常抱歉。」,"""I am ashamed to be the Seikaku Princess...I am sorry.""","""As a Holy Core Battlemaiden, this is utterly shameful... I'm sorry.""",「성핵전희로서 부끄러울 따름이다… 죄송하다」,「作为圣核战姫，真是丢脸至极…非常抱歉。」
,Kei debauchery 1-3,,,,,,,
Kei.Debauchery1-27,助手,「ケイ先生、チャットでは誠意や反省を見せろと言われています」,「ケイ先生、チャットでは誠意や反省を見せろと言われています」,「京老師，聊天室說希望妳展現誠意和反省。」,"""'Dr. Kei, in the chat, I'm told to show sincerity and remorse.'""","""Miss Kei, the chat is saying you should show sincerity and remorse.""","「케이 선생님, 채팅에서는 성의나 반성을 보여달라고 하고 있습니다」",「京老师，聊天室说希望你展现诚意和反省。」
,,,,,,,,
Kei.Debauchery1-28,京,「う……しかし私にどうしろと…」,「う……しかし私にどうしろと…」,「嗚……可是我該怎麼做…」,"""U...... but what do you want me to do...""","""Umm, what am I supposed to do...""",「으…… 하지만 나에게 뭘 하라는 건가…」,「呜……可是我该怎么做…」
,,,,,,,,
Kei.Debauchery1-29,助手,「とりあえず一番恥ずかしい場所を見せて誠意を示しましょう！」,「とりあえず一番恥ずかしい場所を見せて誠意を示しましょう！」,「總之先露出最羞恥的地方來展現誠意吧！」,"""For now, let's show our sincerity by showing them the most embarrassing places!""","""Show them your most private parts to display your sincerity!""",「우선 가장 부끄러운 장소를 보여주며 성의를 보입시다!」,「总之先露出最羞耻的地方来展现诚意吧！」
,,,,,,,,
Kei.Debauchery1-30,京,「いや、もうすでに十分見せていると思うが？！」,「いや、もうすでに十分見せていると思うが？！」,「不，我已經露得夠多了吧？！」,"""'No, I think you've already shown me enough!""","""I thought I'm already showing them a lot.""","「아니, 이미 충분히 보여주고 있다고 생각하는데?!」",「不，我已经露得够多了吧？！」
,,,,,,,,
Kei.Debauchery1-31,助手,「マンコの中まで見せないと。エロストリーマーなんだから」,「マンコの中まで見せないと。エロストリーマーなんだから」,「得連小穴內部都露出來才行。妳是情色實況主嘛。」,"""'I have to show you the inside of my pussy. I'm an erotic streamer.""","""You should show them the inside of your vagina. You're an erotic streamer, after all.""",「보지 안까지 보여줘야지. 에로 스트리머니까」,「得连小穴内部都露出来才行。你是情色实况主嘛。」
,,,,,,,,
Kei.Debauchery1-32,京,「な…この1万人以上が見ている中で…っ、そんな変態的なっ！」,「な…この1万人以上が見ている中で…っ、そんな変態的なっ！」,「這…在這一萬多人都看著的時候…唔，做這麼變態的事！」,"""Hey...with over 10,000 people watching...that's so perverted!""","""Something so perverted... To over ten thousand people?""","「뭣… 이 1만 명 이상이 보고 있는 가운데…윽, 그런 변태적인!」",「这…在这一万多人都看着的时候…唔，做这么变态的事！」
,,,,,,,,
Kei.Debauchery1-33,助手,「どうせこれから何回も見られるんです。自己紹介だと思って！」,「どうせこれから何回も見られるんです。自己紹介だと思って！」,「反正妳接下來會被看很多次。就當作是自我介紹吧！」,"""I'm going to see you many times from now on anyway. Think of it as an introduction!""","""You'll be showing them in the long run anyway, think of it as introducing yourself!""",「어차피 이제부터 몇 번이나 보게 될 거예요. 자기소개라고 생각하고!」,「反正你接下来会被看很多次。就当作是自我介绍吧！」
,,,,,,,,
Kei.Debauchery1-34,Kei debauchery 1-4,京は恐る恐る自分の秘所に手を伸ばし、割れ目をぱっくりと開く,京は恐る恐る自分の秘所に手を伸ばし、割れ目をぱっくりと開く,京戰戰兢兢地將手伸向自己的祕處，將花瓣完全掰開。,Kei fearfully reaches for his secret place and cracks it open.,"Hesitant, Kei extended her hand to her crotch and spread her slit.","케이는 두려워하며 자신의 은밀한 곳에 손을 뻗어, 갈라진 틈을 활짝 벌린다",京战战兢兢地将手伸向自己的秘处，将花瓣完全掰开。
,,,,,,,,
Kei.Debauchery1-35,京,「～～～っ、これでいいだろうかっ！」,「～～～っ、これでいいだろうかっ！」,「～～～唔，這樣可以了吧！」,"""","""...Will this do?""","「~~~윽, 이걸로 됐을까!」",「～～～唔，这样可以了吧！」
,,,,,,,,
Kei.Debauchery1-36,助手,「流石です先生！既に4万人近くが見ています！」,「流石です先生！既に4万人近くが見ています！」,「不愧是老師！已經有將近四萬人正在觀看了！」,"""It's a quintessence, sir! Already nearly 40,000 people have seen it!""","""That's it! We've got more than 40,000 people watching now!""",「역시 선생님! 이미 4만 명 가까이 보고 있습니다!」,「不愧是老师！已经有将近四万人正在观看了！」
,,,,,,,,
Kei.Debauchery1-37,京,「っ、…うぅ…恥ずかしさで茹ってしまいそうだ…」,「っ、…うぅ…恥ずかしさで茹ってしまいそうだ…」,「唔…嗚嗚…我快要因為羞恥而熟透了…」,"""I'm going to boil with embarrassment...""","""So... humiliating...""","「윽, …으으… 부끄러워서 삶아질 것 같아…」",「唔，…呜呜…我快要因为羞耻而熟透了…」
,,,,,,,,
Kei.Debauchery1-38,京,「コメントも拾わないとな…おマンコピンク色でめっちゃ綺麗………あ、ありがとう……」,「コメントも拾わないとな…おマンコピンク色でめっちゃ綺麗………あ、ありがとう……」,「也得看一下留言呢…小穴是粉紅色的，超級漂亮………謝、謝謝……」,"""I'll have to pick up your comments too... your pussy is so pink and so beautiful ......... oh, thanks ......""","""Oh, the comments... 'Your pussy is pink and beautiful.' Thank you...""","「코멘트도 읽어야지… 보지 핑크색으로 엄청 예뻐……… 아, 고마워……」",「也得看一下留言呢…小穴是粉红色的，超级漂亮………谢、谢谢……」
,,,,,,,,
Kei.Debauchery1-39,助手,「いい調子です先生！」,「いい調子です先生！」,「狀態很好喔，老師！」,"""Keep up the good work, Doc!""","""You're doing great!""",「좋은 상태입니다 선생님!」,「状态很好喔，老师！」
,,,,,,,,
Kei.Debauchery1-40,助手,「ついでに視聴者さんに性教育しましょう！こんなにマンコがアップで見れること中々無いですから」,「ついでに視聴者さんに性教育しましょう！こんなにマンコがアップで見れること中々無いですから」,「順便給觀眾們上個性教育吧！很少有機會可以這麼近距離看到小穴的。」,"""And while we're at it, let's educate our viewers about sex! It's not every day you get to see a close―up of a pussy like this.""","""How about some sex ed? It's not like the viewers will get to see a pussy up close.""",「겸사겸사 시청자분들에게 성교육합시다! 이렇게 보지를 클로즈업해서 볼 수 있는 기회는 좀처럼 없으니까요」,「顺便给观众们上个性教育吧！很少有机会可以这么近距离看到小穴的。」
,Kei debauchery 1-42,,,,,,,
Kei.Debauchery1-41,京,「なっ！？…しかしっ」,「なっ！？…しかしっ」,「什麼！？…可是！」,"""What? ...But...""","""Huh? But...""",「뭣!?… 하지만」,「什么！？…可是！」
,,,,,,,,
Kei.Debauchery1-42,助手,「では私が指し示すので解説を。京先生ならその辺の知識はありますよね？」,「では私が指し示すので解説を。京先生ならその辺の知識はありますよね？」,「那麼我來指著，妳來解說。京老師應該有這方面的知識吧？」,"""Well, I'll point it out to you and you can explain it to me. Kei―sensei knows his stuff, doesn't he?""","""I will point it out, and you can explain. You do know those parts, right?""",「그럼 제가 가리킬 테니 해설을. 케이 선생님이라면 그 정도 지식은 있으시죠?」,「那么我来指着，你来解说。京老师应该有这方面的知识吧？」
,,,,,,,,
Kei.Debauchery1-43,京,「っ、…うう、わかった…しかし自分のをここまではっきり見るのは初めてだ…」,「っ、…うう、わかった…しかし自分のをここまではっきり見るのは初めてだ…」,「唔，…嗚嗚，我知道了…可是連我自己也是第一次這麼清楚地看到自己的私處…」,"""I've never seen my own so clearly before...""","""...Fine. I've never seen my own so close...""","「윽, …으으, 알았다… 하지만 내 것을 이렇게 또렷하게 보는 건 처음이야…」",「唔，…呜呜，我知道了…可是连我自己也是第一次这么清楚地看到自己的私处…」
,,,,,,,,
Kei.Debauchery1-44,,京は指示棒が示す自分の秘所の部分を順に解説していく,京は指示棒が示す自分の秘所の部分を順に解説していく,京依序解說著指示棒所指著的自己祕處部位。,Kei explains in turn the parts of his own secret places indicated by the instruction stick.,Kei explained her private parts with a stick.,케이는 지시봉이 가리키는 자신의 은밀한 부분을 차례로 해설해 나간다,京依序解说着指示棒所指着的自己秘处部位。
,,,,,,,,
Kei.Debauchery1-45,京,「ここは尿道で…排尿をする器官だ…オーガズム時には潮吹きの現象が見られるな…」,「ここは尿道で…排尿をする器官だ…オーガズム時には潮吹きの現象が見られるな…」,「這裡是尿道…是排尿的器官…在高潮的時候會出現噴潮的現象…」,"""This is the urethra... the organ that urinates... you see the phenomenon of squirting during orgasm...""","""This is where I pee... And where I squirt when I come.""",「여기는 요도이고… 배뇨를 하는 기관이다… 오르가즘 시에는 분수 현상이 보이지…」,「这里是尿道…是排尿的器官…在高潮的时候会出现喷潮的现象…」
,,,,,,,,
Kei.Debauchery1-46,京,「……っ、ここはクリトリスで…性的快感を感じるための器官だ…私はまだ分からないが…」,「……っ、ここはクリトリスで…性的快感を感じるための器官だ…私はまだ分からないが…」,「……唔，這裡是陰蒂…是用來感受性快感的器官…雖然我還不太清楚…」,"""......, this is the clitoris... the organ responsible for sexual pleasure... which I don't yet understand...""","""...This is the clitoris, and it's for feeling sexual pleasure. I'm not too familiar with that yet...""","「……윽, 여기는 클리토리스이고… 성적 쾌감을 느끼기 위한 기관이다… 나는 아직 모르지만…」",「……唔，这里是阴蒂…是用来感受性快感的器官…虽然我还不太清楚…」
,,,,,,,,
Kei.Debauchery1-47,京,「ここは膣口で…性交時に…ペニス……を挿入する場所だ…」,「ここは膣口で…性交時に…ペニス……を挿入する場所だ…」,「這裡是陰道口…在性交時…將陰莖……插入的地方…」,"""This is the vulva... where you insert your penis ...... during intercourse...""","""And this is the vagina, where... the penis goes in during intercourse...""",「여기는 질 입구이고… 성교 시에… 페니스……를 삽입하는 장소다…」,「这里是阴道口…在性交时…将阴茎……插入的地方…」
,Kei debauchery1-5,,,,,,,
Kei.Debauchery1-48,京,「うう…恥ずかしい…これで勉強になっただろうか…？」,「うう…恥ずかしい…これで勉強になっただろうか…？」,「嗚嗚…好羞恥…這樣有讓大家學習到嗎…？」,"""Ugh... embarrassing... did I learn anything from this?""","""Ugh... embarrassing... I wonder if this was educational...?""",「으으… 부끄러워… 이걸로 공부가 되었을까…?」,「呜呜…好羞耻…这样有让大家学习到吗…？」
,,,,,,,,
Kei.Debauchery1-49,京,「赤色…ゆ、有料チャット…？子宮みせて……？」,「赤色…ゆ、有料チャット…？子宮みせて……？」,「紅色…付、付費聊天…？想看子宮……？」,"""Red...yu...paid chat...? Let me see your uterus ......?""","""Red... p-paid chat...? Show my womb...?""","「붉은색… 유, 유료 채팅…? 자궁 보여줘……?」",「红色…付、付费聊天…？想看子宫……？」
,,,,,,,,
Kei.Debauchery1-50,助手,「先生！どうやらもっと奥が見たいそうです。視聴者の期待に応えましょう！」,「先生！どうやらもっと奥が見たいそうです。視聴者の期待に応えましょう！」,「老師！看樣子大家想看更裡面。我們要回應觀眾的期待！」,"""Teacher! Apparently, they want to see more in the back. Let's see what our viewers want to see!""","""Miss Kei! It seems they want to see more. Let's meet the viewers' expectations!""",「선생님! 아무래도 더 안쪽이 보고 싶은 모양입니다. 시청자의 기대에 부응합시다!」,「老师！看样子大家想看更里面。我们要回应观众的期待！」
,,,,,,,,
Kei.Debauchery1-51,京,「なっ…これでも精一杯広げているんだがっ！」,「なっ…これでも精一杯広げているんだがっ！」,「什麼…我已經盡全力撐開了呀！」,"""I'm spreading it out as best I can!""","""What... I'm spreading as wide as I can!""",「뭣… 이걸로도 최대한 벌리고 있는데!」,「什么…我已经尽全力撑开了呀！」
,,,,,,,,
Kei.Debauchery1-52,助手,「ここまでくれば後は一緒です。もっと広げて子宮まで見せちゃいましょう」,「ここまでくれば後は一緒です。もっと広げて子宮まで見せちゃいましょう」,「都到這一步了，剩下的都一樣。再撐開一點，把子宮也給大家看吧。」,"""Once you've reached this point, the rest is the same. Let's widen it even more and show her the womb.""","""You've already come this far, doesn't hurt to go further. Spread wider and show them your womb.""",「여기까지 왔으면 이제 똑같습니다. 더 벌려서 자궁까지 보여줍시다」,「都到这一步了，剩下的都一样。再撑开一点，把子宫也给大家看吧。」
,,,,,,,,
Kei.Debauchery1-53,京,「っ、ううっ…」,「っ、ううっ…」,「嗚嗚…」,"""Ugh...""","""Ugh...""","「윽, 으윽…」",「唔，呜呜…」
,Kei debauchery 1-6,,,,,,,
Kei.Debauchery1-54,京,「っ、これでいいだろうかっ！」,「っ、これでいいだろうかっ！」,「這樣可以了吧！」,"""Let's do this!""","""Is this good enough?!""","「윽, 이걸로 됐을까!」",「唔，这样可以了吧！」
,,,,,,,,
Kei.Debauchery1-55,助手,「流石です先生！ついでに解説もお願いします」,「流石です先生！ついでに解説もお願いします」,「不愧是老師！順便也麻煩解說一下！」,"""I'm sure you're right, sir! And while you're at it, could you give us an explanation?""","""Excellent! Please provide commentary as well.""",「역시 선생님! 겸사겸사 해설도 부탁합니다」,「不愧是老师！顺便也麻烦解说一下！」
,,,,,,,,
Kei.Debauchery1-56,京,「――――っ、これが…私の子宮口だ…私も初めて見るなっ……」,「――――っ、これが…私の子宮口だ…私も初めて見るなっ……」,「――――這就是…我的子宮頸…連我也是第一次看到啊……」,"""――――, this... is my cervix... I've never seen it before. ......""","""...This is... my cervix... It's my first time seeing it too...""","「――――윽, 이것이… 내 자궁 입구다… 나도 처음 보는군……」",「――――唔，这就是…我的子宫颈…连我也是第一次看到啊……」
,,,,,,,,
Kei.Debauchery1-57,京,「膣内射精された精液は…この中に入って…受精…するわけだな…」,「膣内射精された精液は…この中に入って…受精…するわけだな…」,「被內射的精液…會進入這裡面…進行受精…就是這麼一回事。」,"""So the semen ejaculated vaginally... goes in... and fertilizes... this... thing...?""","""The semen from vaginal ejaculation... enters here... and fertilization... happens...""",「질내 사정된 정액은… 이 안으로 들어가서… 수정…하는 거겠지…」,「被内射的精液…会进入这里面…进行受精…就是这么一回事。」
,,,,,,,,
Kei.Debauchery1-58,京,「なになに…子宮もかわいい…そ、そうか、コメントありがとう……」,「なになに…子宮もかわいい…そ、そうか、コメントありがとう……」,「什麼什麼…子宮也超可愛…是、是嗎，謝謝留言……」,"""What the... uterus is cute too... well, thanks for the comment ......""","""What's that... 'Your womb is cute too'... I-I see, thank you for the comment...""","「뭐야뭐야… 자궁도 귀여워… 그, 그래, 코멘트 고마워……」",「咦，什么什么…子宫也超可爱…是、是吗，谢谢留言……」
,,,,,,,,
Kei.Debauchery1-59,京,「本物見ながらだと分かりやすい…ううっ、理解を深められたようで何よりだ…」,「本物見ながらだと分かりやすい…ううっ、理解を深められたようで何よりだ…」,「看到實體來解說比較好理解…嗚嗚，能加深理解真是太好了…」,"""It's easier to understand when you see the real thing...ugh, I'm glad you're getting a better understanding...""","""It's easier to understand while looking at the real thing... Ugh, I'm glad you could deepen your understanding...""","「실물 보면서 하면 알기 쉬워… 으윽, 이해가 깊어진 것 같아 다행이다…」",「看到实体来解说比较好理解…呜呜，能加深理解真是太好了…」
,,,,,,,,
Kei.Debauchery1-60,京,「っ、ううっ…私のプライバシーは終わりだ…」,「っ、ううっ…私のプライバシーは終わりだ…」,「嗚嗚…我的隱私徹底沒了…」,"""Ugh... my privacy is over...""","""Ugh... my privacy is over...""","「윽, 으윽… 내 프라이버시는 끝이야…」",「唔，呜呜…我的隐私彻底没了…」
,,,,,,,,
Kei.Debauchery1-61,助手,「これで挨拶は一通り済みましたね。では本番と行きましょう」,「これで挨拶は一通り済みましたね。では本番と行きましょう」,「這樣打招呼就差不多結束了。那麼，進入正題吧。」,"""Now that we've done all the greetings, let's get down to business. Now let's get down to business.""","""That completes the greetings. Now let's move on to the main event.""",「이걸로 인사는 대충 끝났네요. 그럼 본방으로 가봅시다」,「这样打招呼就差不多结束了。那么，进入正题吧。」
,,,,,,,,
Kei.Debauchery1-62,Kei debauchery1-7,京の前にシリコンのピストンが現れる,京の前にシリコンのピストンが現れる,一個矽膠活塞出現在京的面前。,A silicon piston appears in front of Kei.,A silicone piston appeared in front of Kei.,케이 앞에 실리콘 피스톤이 나타난다,一个矽胶活塞出现在京的面前。
,,,,,,,,
Kei.Debauchery1-63,京,「なっ…！？」,「なっ…！？」,「什麼…！？」,"""What?""","""What?!""",「뭣…!?」,「什么…！？」
,,,,,,,,
Kei.Debauchery1-64,助手,「エロ配信ですからね。これだけで終わりなわけはないでしょう」,「エロ配信ですからね。これだけで終わりなわけはないでしょう」,「這是情色直播嘛。不可能只有這樣就結束吧。」,"""It's an erotic delivery. This can't be the end of it.""","""This is an erotic stream after all. Of course it wouldn't end with just this.""",「에로 방송이니까요. 이것만으로 끝날 리 없잖아요」,「这是情色直播嘛。不可能只有这样就结束吧。」
,,,,,,,,
Kei.Debauchery1-65,助手,「これは視聴者から投げ銭と連動して動くピストンです。お、早速誰か投げ銭を」,「これは視聴者から投げ銭と連動して動くピストンです。お、早速誰か投げ銭を」,「這是與觀眾的贊助金額連動的活塞。喔，這麼快就有人贊助了。」,"""This is a piston that works in tandem with the money thrown in by the viewer. Oh, someone throw in some money right away.""","""This piston moves in sync with viewer donations. Oh, someone's already donating.","「이것은 시청자로부터의 팁과 연동하여 움직이는 피스톤입니다. 오, 벌써 누군가 팁을」",「这是与观众的赞助金额连动的活塞。喔，这么快就有人赞助了。」
,,,,,,,,
Kei.Debauchery1-66,京,「っ、悪趣味なっ、ていうかこれ規約的に良いの―――――」,「っ、悪趣味なっ、ていうかこれ規約的に良いの―――――」,「品味真差！話說這在規定上沒問題嗎―――――」,"""I mean, is this even legal ―――――?""","""That's in bad taste, and is this even allowed by the terms of service...""","「윽, 악취미네, 그보다 이거 규약적으로 괜찮은 거야―――――」",「唔，品味真差！话说这在规定上没问题吗―――――」
,,,,,,,,
Kei.Debauchery1-67,Kei debauchery1-8,ズボッ！！,ズボッ！！,噗滋！！,Zbobo!,Thrust!!,즈봇!!,噗滋！！
,,,,,,,,
Kei.Debauchery1-68,京,「ひぐっ！？」,「ひぐっ！？」,「呀！」,"""Higg!""","""Hnnnnn!""",「히끅!?」,「呀！」
,,,,,,,,
Kei.Debauchery1-69,,京の膣内にピストンが挿入される,京の膣内にピストンが挿入される,活塞被插進京的陰道內。,Piston is inserted into Kei's vagina,The piston was inserted into Kei's vagina.,케이의 질 내에 피스톤이 삽입된다,活塞被插进京的阴道内。
,,,,,,,,
Kei.Debauchery1-70,助手,「お、ちゃんと動きましたね！それでは先生、沢山貰えるように頑張ってください！」,「お、ちゃんと動きましたね！それでは先生、沢山貰えるように頑張ってください！」,「喔，順利動起來了呢！那麼老師，為了能賺到很多錢，請加油吧！」,"""Oh, it worked! Well then, doctor, do your best to get lots of them!""","""Oh, it's working properly! Now then, please work hard to get lots of donations!""","「오, 제대로 움직였네요! 그럼 선생님, 많이 받을 수 있도록 힘내세요!」",「喔，顺利动起来了呢！那么老师，为了能赚到很多钱，请加油吧！」
,,,,,,,,
Kei.Debauchery1-71,京,「ちょ、ちょっとまて！まだ心の準備がっ！」,「ちょ、ちょっとまて！まだ心の準備がっ！」,「等、等一下！我還沒做好心理準備！」,"""Wait a minute! I'm not ready!""","""W-wait a minute! I'm not mentally prepared yet!""","「저, 잠깐 기다려! 아직 마음의 준비가!」",「等、等一下！我还没做好心理准备！」
,暗転,,,,,,,
Kei.Debauchery1-72,Kei debauchery1-9,ウィィィィイインンッ！ズボッ！ズボッ！ズボッ！,ウィィィィイインンッ！ズボッ！ズボッ！ズボッ！,嗡嗡嗡嗡嗡！噗滋！噗滋！噗滋！,Wheeeeeeeeeeeinnnggg! Zvobo! Zubo! Zubo!,Whirrr! Thrust! Thrust! Thrust!,위이이이이인! 즈봇! 즈봇! 즈봇!,嗡嗡嗡嗡嗡！噗滋！噗滋！噗滋！
,,,,,,,,
Kei.Debauchery1-73,京,「ひあっ♥、まってってっ！、まだ早いぃっ！」,「ひあっ♥、まってってっ！、まだ早いぃっ！」,「呀♥，等一下！還太快了啦！」,"""Oh, stop it! It's too early!""","""Hyah♥ I said wait! It's too fast!""","「히앗♥, 기다려줘!, 아직 일러잇!」",「呀♥、等一下！还太快了啦！」
,,,,,,,,
Kei.Debauchery1-74,,ズボッ！ズボッ！ズボッ！,ズボッ！ズボッ！ズボッ！,噗滋！噗滋！噗滋！,Zubo! Zubo! Zubo!,Thrust! Thrust! Thrust!,즈봇! 즈봇! 즈봇!,噗滋！噗滋！噗滋！
,,,,,,,,
Kei.Debauchery1-75,京,「ひあっ♥、おおっ♥、ほおっ♥！」,「ひあっ♥、おおっ♥、ほおっ♥！」,「呀♥、喔♥、呼♥！」,"""Oh, oh, oh, oh, oh!""","""Hyah♥ Ohh♥ Hoh♥!""","「히앗♥, 오옷♥, 호옷♥!」",「呀♥、喔♥、呼♥！」
,,,,,,,,
Kei.Debauchery1-76,助手,「凄いです先生！もう30万近くの投げ銭が！」,「凄いです先生！もう30万近くの投げ銭が！」,「太厲害了老師！已經有將近三十萬的贊助了！」,"""He said, ""It's great, sir! Nearly 300,000 thrown in already!""","""Amazing, Sensei! We're already near 300,000 in donations!""",「굉장해요 선생님! 벌써 30만 가까운 팁이!」,「太厉害了老师！已经有将近三十万的赞助了！」
,,,,,,,,
Kei.Debauchery1-77,京,「あっ♥、視聴者ッ！、もういいからっ♥！、もっと有意義なことに金を使えっ♥」,「あっ♥、視聴者ッ！、もういいからっ♥！、もっと有意義なことに金を使えっ♥」,「啊♥、觀眾們！夠了啦♥！把錢花在更有意義的事情上啦♥」,"""Oh, viewers! Enough already! Spend your money on something more meaningful.""","""Ah♥ Viewers! That's enough♥! Use your money for something more meaningful♥""","「앗♥, 시청자!, 이제 됐으니까♥!, 더 유익한 일에 돈을 써♥」",「啊♥、观众们！够了啦♥！把钱花在更有意义的事情上啦♥」
,,,,,,,,
Kei.Debauchery1-78,助手,「駄目ですよ先生！しっかり集金しないと」,「駄目ですよ先生！しっかり集金しないと」,「不行喔老師！不努力賺錢怎麼行。」,"""No, sir! We must collect the money.""","""That won't do! We need to collect money properly.""",「안 돼요 선생님! 제대로 모금해야죠」,「不行喔老师！不努力赚钱怎么行。」
,,,,,,,,
Kei.Debauchery1-79,京,「ひぐっ♥、そんなこと言ったってぇ♥」,「ひぐっ♥、そんなこと言ったってぇ♥」,「嗚♥，話是這麼說沒錯啊♥」,"""I said that.""","""Hnnnn♥ Even if you say that♥""","「히극♥, 그런 말 해도오♥」",「呜♥，话是这么说没错啊♥」
,,,,,,,,
,暗転,,,,,,,
,Kei debauchery1-10,,,,,,,
Kei.Debauchery1-80,,ウィィィィイインンッ！ズボッ！ズボッ！ズボッ！,ウィィィィイインンッ！ズボッ！ズボッ！ズボッ！,嗡嗡嗡嗡嗡！噗滋！噗滋！噗滋！,Wheeeeeeeeeeeinnnggg! Zvobo! Zubo! Zubo!,Whirrr! Thrust! Thrust! Thrust!,위이이이이인! 즈봇! 즈봇! 즈봇!,嗡嗡嗡嗡嗡！噗滋！噗滋！噗滋！
,,,,,,,,
Kei.Debauchery1-81,京,「ん゛お゛っ♥、お゛っ♥、お゛っ♥」,「ん゛お゛っ♥、お゛っ♥、お゛っ♥」,「嗯嗚♥、嗚♥、嗚♥」,"""","""Ngh♥ Oh♥ Oh♥""","「응옷 오옷 옷♥, 오옷 옷♥, 오옷 옷♥」",「嗯呜♥、呜♥、呜♥」
,,,,,,,,
Kei.Debauchery1-82,,プシュッ、プシャアアアア,プシュッ、プシャアアアア,噗咻、噗夏啊啊啊啊,"Push, pushaaaah!","Squirt, gushhhhh","푸슛, 푸샤아아아아",噗咻、噗夏啊啊啊啊
,,,,,,,,
Kei.Debauchery1-83,助手,「京先生は実況どころではないので私が代わりに解説していますが…投げ銭が300万超えた所で5回目の潮吹きです！」,「京先生は実況どころではないので私が代わりに解説していますが…投げ銭が300万超えた所で5回目の潮吹きです！」,「京老師已經沒空實況了，所以由我來代替解說…在贊助金額超過三百萬的時候，是第五次的噴潮！」,"""Kei―sensei is not in the mood for play―by―play, so I'm doing the commentary for him...and we've just passed the 3 million mark in throws, and it's our fifth squirt!""","""Since Miss Kei can't commentate, I'll explain instead... With donations exceeding 3 million, that's her fifth squirting!""",「케이 선생님은 실황할 정신이 없으므로 제가 대신 해설하고 있습니다만… 팁이 300만 넘은 시점에서 5번째 분수입니다!」,「京老师已经没空实况了，所以由我来代替解说…在赞助金额超过三百万的时候，是第五次的喷潮！」
,,,,,,,,
Kei.Debauchery1-84,京,「まってぇっ♥、止めてっ♥、イキ死ぬぅっ♥！」,「まってぇっ♥、止めてっ♥、イキ死ぬぅっ♥！」,「等一下啦♥，快停下來♥，我要高潮死掉了啦♥！」,"""Stop, stop, I'm dying!""","""Wait♥ Stop♥ I'll die from coming♥!""","「기다려요오♥, 멈춰줘♥, 가서 죽어버려어♥!」",「等一下啦♥、快停下来♥、我要高潮死掉了啦♥！」
,,,,,,,,
Kei.Debauchery1-85,助手,「先生、20万人がこの配信を見ていますが、何か感想は？」,「先生、20万人がこの配信を見ていますが、何か感想は？」,「老師，有二十萬人在看這個直播，有什麼感想嗎？」,"""'Sir, 200,000 people are watching this feed, any thoughts?""","""200,000 people are watching this stream. Any thoughts?""","「선생님, 20만 명이 이 방송을 보고 있습니다만, 뭔가 감상은?」",「老师，有二十万人在看这个直播，有什么感想吗？」
,,,,,,,,
Kei.Debauchery1-86,京,「止めてッ♥、本当にもうむりぃっ♥！！」,「止めてッ♥、本当にもうむりぃっ♥！！」,「快停下來啦♥、我真的已經受不了了啦♥！！」,"""Stop it, I really can't take it anymore!""","""Stop it♥ I really can't anymore♥""","「멈춰줘♥, 정말 이제 무리잇♥!!」",「快停下来啦♥、我真的已经受不了了啦♥！！」
,,,,,,,,
Kei.Debauchery1-87,助手,「え～京先生はこのように言っていますが、大丈夫です。聖核戦姫なので」,「え～京先生はこのように言っていますが、大丈夫です。聖核戦姫なので」,「呃～京老師是這麼說，不過沒關係的。她是聖核戰姫嘛。」,"""He said, ""Yes ― Kei―sensei says this, but it's all right. I am a Seikaku Princess.""","""Well, that's what Miss Kei is saying this, but it's fine. She's a Holy Core Battlemaiden after all.""","「에~ 케이 선생님은 이렇게 말씀하고 계십니다만, 괜찮습니다. 성핵전희니까요」",「呃～京老师是这么说，不过没关系的。她是圣核战姫嘛。」
,,,,,,,,
Kei.Debauchery1-88,京,「お゛お゛っ！？、むりだっ♥、しぬぅっ♥！」,「お゛お゛っ！？、むりだっ♥、しぬぅっ♥！」,「喔喔！？我不行了♥、要死掉了啦♥！」,"""Oh, oh, oh! I can't do it, I can't do it!""","""Ohhh?! I can't♥ I'll die♥!""","「오옷 오옷 옷!?, 무리닷♥, 죽어엇♥!」",「喔喔！？我不行了♥、要死掉了啦♥！」
,,,,,,,,
Kei.Debauchery1-89,暗転,30分後,30分後,三十分鐘後,30 minutes later,Thirty minutes later...,30분 후,三十分钟后
,Kei debauchery1-11,,,,,,,
Kei.Debauchery1-90,,ケイからピストンが引き抜かれる,ケイからピストンが引き抜かれる,活塞從京的私處被拔出來。,Piston is pulled out of Kei.,The piston was pulled out of Kei.,케이에게서 피스톤이 뽑혀 나온다,活塞从京的私处被拔出来。
,,,,,,,,
Kei.Debauchery1-91,助手,「終了です！これで今回のピストンは終わりとさせていただきます！」,「終了です！これで今回のピストンは終わりとさせていただきます！」,「結束了！這次的活塞運動就到此為止！」,"""It's over! This concludes this round of pistons!""","""That's it! This concludes today's piston session!""",「종료입니다! 이걸로 이번 피스톤은 끝내도록 하겠습니다!」,「结束了！这次的活塞运动就到此为止！」
,,,,,,,,
Kei.Debauchery1-92,京,「お゛おっ♥、おわっ…た♥？」,「お゛おっ♥、おわっ…た♥？」,「喔喔♥結…束了♥？」,"""Oh, oh, oh, oh, oh, oh, oh, oh, oh, oh, oh, oh, oh, oh, oh, oh, oh, oh, oh, oh, oh, oh...?""","""Ohh♥ It's... over?""","「오옷 오옷♥, 끝…났…어♥?」",「喔喔♥、结…束了♥？」
,,,,,,,,
Kei.Debauchery1-93,助手,「今回集まった投げ銭の総量は1千100万円！累計1000回以上ピストンされました！」,「今回集まった投げ銭の総量は1千100万円！累計1000回以上ピストンされました！」,「這次募到的贊助總額是一千一百萬！活塞累積運動了一千多次！」,"""The total amount of money raised this time was 11 million yen! Pistons have been pistoned more than 1,000 times in total!""","""The total donations collected this time amount to 11 million yen! You were pistoned over 1000 times in total!""",「이번에 모인 팁 총액은 1천100만 엔! 누계 1000회 이상 피스톤되었습니다!」,「这次募到的赞助总额是一千一百万！活塞累积运动了一千多次！」
,,,,,,,,
Kei.Debauchery1-94,京,「ひぐっ♥、まだジンジンするっ♥、おマンコがっ、閉じれないぃっ♥」,「ひぐっ♥、まだジンジンするっ♥、おマンコがっ、閉じれないぃっ♥」,「嗚♥，私密處還在隱隱作痛♥、小穴、合不起來了啦♥」,"""I can't close my pussy.""","""Hnngh♥ It's still throbbing♥ My pussy... won't close♥""","「히극♥, 아직 징징거려♥, 보지가, 닫히지 않아앗♥」",「呜♥，私密处还在隐隐作痛♥、小穴、合不起来了啦♥」
,,,,,,,,
Kei.Debauchery1-95,助手,「それでは今日の配信はこの辺で。京先生挨拶をお願いします」,「それでは今日の配信はこの辺で。京先生挨拶をお願いします」,「那麼今天的直播就到這裡。京老師，麻煩妳跟大家說再見。」,"""Well, that's about it for today's delivery. Dr. Kei, please say a few words.""","""Well then, that's all for today's stream. Miss Kei, please give your closing remarks.""",「그럼 오늘의 방송은 이쯤에서. 케이 선생님 인사 부탁드립니다」,「那么今天的直播就到这里。京老师，麻烦你跟大家说再见。」
,Kei debauchery1-12,,,,,,,
Kei.Debauchery1-96,京,「ん゛っ♥、ピストンしてくれた視聴者のみんなっ♥…あ、ありがとうっ♥」,「ん゛っ♥、ピストンしてくれた視聴者のみんなっ♥…あ、ありがとうっ♥」,「嗯♥，活塞的各位觀眾們♥…謝、謝謝你們♥」,"""I'm so grateful to all the viewers who pistoned me...oh, thank you!""","""Mmh♥ To all the viewers who donated for pistons♥... Th-thank you♥""","「응옷 윽♥, 피스톤 해준 시청자 여러분♥… 고, 고마워♥」",「嗯♥，活塞的各位观众们♥…谢、谢谢你们♥」
,,,,,,,,
Kei.Debauchery1-97,京,「お゛っ♥、これから定期的にこんな感じでっ♥、エッチな配信するからっ♥」,「お゛っ♥、これから定期的にこんな感じでっ♥、エッチな配信するからっ♥」,「嗚♥，接下來我們會定期像這樣♥，進行色色的直播♥」,"""Oh, I'm going to be doing this kind of naughty delivery on a regular basis from now on.""","""Ohh♥ From now on I'll be doing♥ naughty streams like this regularly♥""","「오옷 옷♥, 이제부터 정기적으로 이런 식으로♥, 야한 방송할 테니까♥」",「呜♥，接下来我们会定期像这样♥，进行色色的直播♥」
,,,,,,,,
Kei.Debauchery1-98,京,「チャンネル登録と高評価をよろしく頼むっ♥では…また次の配信で…っ♥」,「チャンネル登録と高評価をよろしく頼むっ♥では…また次の配信で…っ♥」,「請大家幫我按訂閱和讚喔♥那麼…我們下次直播見♥」,"""Please subscribe to our channel and give us a high rating, and we'll see you next time.""","""E-everyone♥ Please subscribe and stuff♥""",「채널 구독과 좋아요 부탁할게♥ 그럼… 다음 방송에서…윽♥」,「请大家帮我按订阅和赞喔♥那么…我们下次直播见♥」
,,,,,,,,
Kei Debauchery Scene　2,注釈,淫乱化シーン,淫乱化シーン,,淫乱化シーン,,음란화 이벤트,
,,,,,,,,
Kei.Debauchery2-1,暗転,京が配信を始めてから1か月後,京が配信を始めてから1か月後,京開始直播後一個月,One month after Kei started delivering,One month after Kei started streaming,케이가 방송을 시작한 지 1개월 후,京开始直播后一个月
,Kei debauchery2ｰ1,,,,,,,
Kei.Debauchery2-2,京,「あー、あー、映っているかな？」,「あー、あー、映っているかな？」,「啊～啊～有拍到嗎？」,"""Uh, uh, are we in the picture?""","""Has it started?""","「아-, 아-, 나오고 있을까?」",「啊～啊～有映出来吗？」
,,,,,,,,
Kei.Debauchery2-3,京,「深夜の天才ストリーマー、ケイちゃんの絶頂配信の時間だ」,「深夜の天才ストリーマー、ケイちゃんの絶頂配信の時間だ」,「深夜的天才實況主，京醬的極致高潮直播時間到囉。」,"""It's time for the late-night streaming genius, Kei-chan, to deliver her climax.""","""It's time for the orgasm stream of Kei, the late night genius streamer!""","「심야의 천재 스트리머, 케이쨩의 절정 방송 시간이다」",「深夜的天才实况主，京的极致高潮直播时间到啰。」
,,,,,,,,
Kei.Debauchery2-4,京,「うぉ…全世界60万人近くが配信を見てるのか…凄い数だな」,「うぉ…全世界60万人近くが配信を見てるのか…凄い数だな」,「哇…全世界有將近六十萬人在看直播嗎…真是驚人的數字。」,"""Wow...almost 600,000 people worldwide are watching the feed...that's a lot of people.""","""Whoa... Nearly 600,000 people worldwide are watching the stream... That's an incredible number.""",「우옷… 전 세계 60만 명 가까이가 방송을 보고 있나… 굉장한 숫자네」,「哇…全世界有将近六十万人在看直播吗…真是惊人的数字。」
,,,,,,,,
Kei.Debauchery2-5,京,「え～コメント…“ケイちゃん種付けプレスで絶対孕ますマン”さん…ひどい名前だ」,「え～コメント…“ケイちゃん種付けプレスで絶対孕ますマン”さん…ひどい名前だ」,「呃～留言…『京醬播種內射絕對讓妳懷孕男』先生…名字真難聽。」,"""Ehhh, comment... 'Mr. Man who will definitely impregnate Kei with his seed press'... that's a terrible name.""","""Let's see the comments... 'KeiMatingPressMan'... What a terrible username.""",「에~ 코멘트… “케이쨩 씨받이 프레스로 절대 임신시킬 남자” 씨… 심한 이름이네」,「呃～留言…「京播种内射绝对让你怀孕男」先生…名字真难听。」
,,,,,,,,
Kei.Debauchery2-6,京,「“今日もケイちゃんのおまんこ見れて眼福です、いつかハメたい”……あ、ありがとう」,「“今日もケイちゃんのおまんこ見れて眼福です、いつかハメたい”……あ、ありがとう」,「『今天又看到了京醬的小穴真是大飽眼福，總有一天我要內射妳』……謝、謝謝你。」,"""I'm so happy to see Kei's pussy again today, I want to fuck her someday."" ...... ""Oh, thank you.""","""'Thanks for the stream today, Kei, hope to fuck someday'... Th-thank you.""","「“오늘도 케이쨩 보지 봐서 눈 호강입니다, 언젠가 박고 싶다”…… 아, 고마워」",「「今天又看到了京的小穴真是大饱眼福，总有一天我要内射你」……谢、谢谢你。」
,,,,,,,,
Kei.Debauchery2-7,京,「まぁ…私のおまんこなどもはや隠す意味もない。少し検索すれば無限に出てくるからな」,「まぁ…私のおまんこなどもはや隠す意味もない。少し検索すれば無限に出てくるからな」,「算了…我的小穴之類的東西已經沒必要隱藏了。稍微搜尋一下就能找到無限多張。」,"""'Well... there's no longer any point in hiding my pussy or anything else. A little searching will reveal an infinite number of them.""","""Well... There's no point in hiding my pussy anymore. A quick search would show endless results anyway.""",「뭐… 내 보지 따위 이제 숨길 의미도 없어. 조금 검색하면 무한히 나오니까」,「算了…我的小穴之类的东西已经没必要隐藏了。稍微搜寻一下就能找到无限多张。」
,,,,,,,,
Kei.Debauchery2-8,京,「…さて、では早速今日の配信だが…」,「…さて、では早速今日の配信だが…」,「…那麼，馬上就是今天的直播內容…」,"""...Now, let's get right to today's delivery...""","""...Now then, let's get to today's stream...""","「…자, 그럼 바로 오늘 방송이지만…」",「…那么，马上就是今天的直播内容…」
,,,,,,,,
Kei.Debauchery2-9,京,「感謝の1000万人登録アクメレーザー耐久という事で…」,「感謝の1000万人登録アクメレーザー耐久という事で…」,「以感謝一千萬人訂閱的雷射高潮耐久挑戰來說…」,"""It's called ""Thanks 10 Million Registered Acme Laser Endurance...""","""As thanks for 10 million subscribers, we'll be doing the orgasm laser endurance challenge...""",「감사의 1000만 명 등록 절정 레이저 버티기라는 것으로…」,「以感谢一千万人订阅的雷射高潮耐久挑战来说…」
,,,,,,,,
Kei.Debauchery2-10,京,「まあ実践した方が早いな。ちょっと準備を」,「まあ実践した方が早いな。ちょっと準備を」,「還是實際操作比較快。請稍等一下準備。」,"""'Well, it's quicker to put it into practice. Just get ready.""","""Well, it's faster to just demonstrate. Let me get ready.""",「뭐 실천하는 편이 빠르겠네. 잠깐 준비를」,「还是实际操作比较快。请稍等一下准备。」
,,,,,,,,
Kei.Debauchery2-11,Kei debauchery2-2,諸々の準備が終わり、京は目隠しをつける,諸々の準備が終わり、京は目隠しをつける,準備工作結束後，京戴上了眼罩。,"After all preparations are complete, Kei puts on the blindfold.","After various preparations were complete, Kei put on a blindfold.","여러 준비가 끝나고, 케이는 눈가리개를 한다",准备工作结束后，京戴上了眼罩。
,,,,,,,,
Kei.Debauchery2-12,京,「よし準備が完了した…では助手君レーザーのスイッチだが――――」,「よし準備が完了した…では助手君レーザーのスイッチだが――――」,「好，準備完成了…那麼助手君，關於雷射的開關是―――」,"""Okay, we're all set... now, Mr. Assistant, let's switch on the laser: ――――""","""Alright, preparations are complete... Now, the laser switch is...""",「좋아 준비 완료했다… 그럼 조수 군 레이저 스위치지만――――」,「好，准备完成了…那么助手君，关于雷射的开关是―――」
,,,,,,,,
Kei.Debauchery2-13,助手,「行きますよ先生、ほいっ」,「行きますよ先生、ほいっ」,「我要開始了喔老師，嘿。」,"""Here we go, doctor.""","""Here we go, professor!""","「갑니다 선생님, 자」",「我要开始了喔老师，嘿。」
,,,,,,,,
Kei.Debauchery2-14,,助手がスイッチを入れた瞬間、ピンク色のレーザーが京の乳首とマンコに照射される,助手がスイッチを入れた瞬間、ピンク色のレーザーが京の乳首とマンコに照射される,助手按下開關的瞬間，粉紅色的雷射射向京的乳頭和小穴。,"The moment the assistant flips the switch, pink lasers are irradiated on Kei's nipples and pussy.","The moment the assistant flipped the switch, pink lasers were directed at Kei's nipples and pussy.","조수가 스위치를 넣은 순간, 분홍색 레이저가 케이의 유두와 보지에 조사된다",助手按下开关的瞬间，粉红色的雷射射向京的乳头和小穴。
,,,,,,,,
Kei.Debauchery2-15,Kei debauchery2-3,ジジッ！ピ――――！,ジジッ！ピ――――！,滋滋！嗶―――！,Geez! Pi――――!,Zap! Beeeep!,지직! 피――――!,滋滋！哔―――！
,,,,,,,,
Kei.Debauchery2-16,京,「ひあっ♥！？、んっ♥、んあっ♥！？」,「ひあっ♥！？、んっ♥、んあっ♥！？」,「呀♥！？嗯♥、嗯啊♥！？」,"""Hi ♥♥! Oh, oh, oh, oh, oh, oh, oh, oh, oh, oh, oh, oh, oh, oh, oh, oh, oh, oh, oh, oh.""","""Hyah♥!? Nn♥, nah♥!?""","「히앗♥!?, 응읏♥, 응앗♥!?」",「呀♥！？、嗯♥、嗯啊♥！？」
,,,,,,,,
Kei.Debauchery2-17,京,「ま、まってっ♥、まだ付けろとは言っていなかっただろ…っ♥！」,「ま、まってっ♥、まだ付けろとは言っていなかっただろ…っ♥！」,「等、等一下♥，我還沒說要打開吧…♥！」,"""I didn't tell you to put it on yet...!""","""W-wait♥, I didn't say to turn it on yet...♥!""","「자, 잠깐♥, 아직 켜라고는 말 안 했는데…윽♥!」",「等、等一下♥，我还没说要打开吧…♥！」
,,,,,,,,
Kei.Debauchery2-18,京,「んっ♥、このように、レーザーがっ♥発射されるわけだがっ♥」,「んっ♥、このように、レーザーがっ♥発射されるわけだがっ♥」,「嗯♥，像這樣，雷射會♥發射出來♥」,"""This is how the lasers are fired.""","""Nn♥, as you can see, the laser is♥ being fired♥""","「응읏♥, 이렇게, 레이저가♥ 발사되는 것이다♥」",「嗯♥，像这样，雷射会♥发射出来♥」
,Kei debauchery2-4,,,,,,,
Kei.Debauchery2-19,京,「絶頂には至れずっ♥、ひうっ♥、永遠に軽イキ地獄を味わい続けることになるっ…♥」,「絶頂には至れずっ♥、ひうっ♥、永遠に軽イキ地獄を味わい続けることになるっ…♥」,「但還沒達到高潮♥，唔♥，就會永遠持續在輕微高潮的地獄裡…♥」,"""I can't climax... I'm going to be in a light―quivering hell forever... ♥""","""It doesn't take me to actual orgasm♥, hyu♥, so I'm forced to endure endless edging torture...♥""","「절정에는 이르지 못하고♥, 히웃♥, 영원히 가벼운 절정 지옥을 맛보게 된다…♥」",「但还没达到高潮♥，唔♥，就会永远持续在轻微高潮的地狱里…♥」
,,,,,,,,
Kei.Debauchery2-20,京,「そう…っ♥、だからケイちゃんの頭が快楽でやられる前にっ♥」,「そう…っ♥、だからケイちゃんの頭が快楽でやられる前にっ♥」,「所以…♥，在京醬的頭腦因為快感而崩潰之前♥」,"""So, before Kei―chan's head is destroyed by pleasure....""","""Yes...♥, so before my mind is overwhelmed♥""","「그래…♥, 그러니까 케이쨩 머리가 쾌락으로 망가지기 전에♥」",「所以…♥，在京的头脑因为快感而崩溃之前♥」
,,,,,,,,
Kei.Debauchery2-21,京,「チャンネル登録…♥、それと私の配信をSNSに…拡散…してくれると嬉しい…♥」,「チャンネル登録…♥、それと私の配信をSNSに…拡散…してくれると嬉しい…♥」,「如果能幫我訂閱頻道…♥，還有把我的直播分享到社群網站上…♥我就會很高興…♥」,"""Subscribe to my channel...♥ and spread the word...♥ on your social networking sites...♥""","""Please subscribe...♥, and share my stream on social media...♥""","「채널 구독…♥, 그리고 내 방송을 SNS에… 확산… 해주면 기쁘겠어…♥」",「如果能帮我订阅频道…♥，还有把我的直播分享到社群网站上…♥我就会很高兴…♥」
,,,,,,,,
Kei.Debauchery2-22,京,「ふふっ♥、まあこのレーザー程度っ♥、いくらでも耐えられるがなっ♥！」,「ふふっ♥、まあこのレーザー程度っ♥、いくらでも耐えられるがなっ♥！」,「呵呵♥，不過這種程度的雷射♥，我隨時都能忍受的啦♥！」,"""Well, I can withstand this laser for as long as I want.""","""Fufu♥, well this laser is nothing♥, I can endure it easily♥!""","「후훗♥, 뭐 이 레이저 정도♥, 얼마든지 견딜 수 있지만♥!」",「呵呵♥，不过这种程度的雷射♥，我随时都能忍受的啦♥！」
,暗転,,,,,,,
Kei.Debauchery2-23,Kei debauchery2-5,配信が始まってから4時間後―――――,配信が始まってから4時間後―――――,直播開始後過了四小時―――――,Four hours after delivery began: ―――――,Four hours after the stream began...,방송이 시작된 지 4시간 후―――――,直播开始后过了四小时―――――
,,,,,,,,
Kei.Debauchery2-24,京,「ん゛っ♥、お゛お゛っ♥、ん゛っ♥、ん゛っ♥！？」,「ん゛っ♥、お゛お゛っ♥、ん゛っ♥、ん゛っ♥！？」,「嗯嗚♥、喔喔♥、嗯♥、嗯♥！？」,"""","""Ngh♥, ooh♥, nn♥, nn♥!?""","「응옷 윽♥, 오옷 오옷 옷♥, 응옷 윽♥, 응옷 윽♥!?」",「嗯呜♥、喔喔♥、嗯♥、嗯♥！？」
,,,,,,,,
Kei.Debauchery2-25,,ジリジリジリッ♥ジーーーーッ！,ジリジリジリッ♥ジーーーーッ！,滋滋滋滋滋♥滋―――――！,Jiggle Jiggle Jiggle ♥ Jeeeeeeeee!,Bzzzzt♥ Beeeeep!,지리 지리 지릿♥ 지ーーーー잇!,滋滋滋滋滋♥滋―――――！
,,,,,,,,
Kei.Debauchery2-26,京,「ひうっ♥、登録者、ま、まだなのかっ♥ん゛っ♥」,「ひうっ♥、登録者、ま、まだなのかっ♥ん゛っ♥」,「唔♥，訂閱數，還、還沒到嗎♥？嗯♥」,"""Hiuuh, I'm not sure if you're a subscriber yet.""","""Hyu♥, the subscribers, a-are we there yet♥ ngh♥""","「히웃♥, 구독자, 아, 아직인가♥ 응옷 윽♥」",「唔♥，订阅者，还、还没到吗♥嗯♥」
,,,,,,,,
Kei.Debauchery2-27,京,「流石にっ…んっ♥、甘イキし過ぎてっ♥、おマンコの感覚がっ♥！」,「流石にっ…んっ♥、甘イキし過ぎてっ♥、おマンコの感覚がっ♥！」,「真的已經…嗯♥，輕微高潮太久了♥，小穴的感覺都…♥！」,"""I'm so sweet, I can't feel my pussy!""","""This is too much... nn♥, too much edging♥, my sensitivity has gone crazy♥!""","「아무래도… 응읏♥, 가벼운 절정 너무 해서♥, 보지 감각이♥!」",「真的已经…嗯♥，轻微高潮太久了♥，小穴的感觉都…♥！」
,,,,,,,,
Kei.Debauchery2-28,助手,「いえ、耐久ですから。残り人数を教えるわけには…」,「いえ、耐久ですから。残り人数を教えるわけには…」,「不行，這是耐久挑戰。不能告訴妳還剩下多少人…」,"""No, it's endurance. I can't tell you how many people are left...""","""No, this is an endurance challenge. I can't tell you the remaining count...""","「아뇨, 버티기니까요. 남은 인원수를 가르쳐드릴 수는…」",「不行，这是耐久挑战。不能告诉你还剩下多少人…」
,,,,,,,,
Kei.Debauchery2-29,京,「ひうっ♥、後どれくらいかのっ♥、ヒントだけでもっ♥！」,「ひうっ♥、後どれくらいかのっ♥、ヒントだけでもっ♥！」,「唔♥，給一點還剩多少的♥，提示也好♥！」,"""Hiuu♥, how much more to go, just a hint!""","""Hyu♥, at least give me♥ a hint about how much longer♥!""","「히웃♥, 앞으로 얼마나 남았는지♥, 힌트만이라도♥!」",「唔♥，给一点还剩多少的♥，提示也好♥！」
,,,,,,,,
Kei.Debauchery2-30,助手,「それならまあ…えー残り半分くらいですね。絵面が変わらないので視聴者も少し飽きているようです」,「それならまあ…えー残り半分くらいですね。絵面が変わらないので視聴者も少し飽きているようです」,「這個嘛…呃，大概還剩下一半左右。因為畫面都沒有變化，觀眾們似乎有點膩了。」,"""Then, well... well, there's about half a year left. The viewers seem to be getting a little bored because the picture doesn't change.""","""Well then... about halfway there. The viewers seem a bit bored since nothing's changing visually.""",「그렇다면 뭐… 에- 남은 절반 정도네요. 화면이 변하지 않아서 시청자도 조금 질린 것 같습니다」,「这个嘛…呃，大概还剩下一半左右。因为画面都没有变化，观众们似乎有点腻了。」
,,,,,,,,
Kei.Debauchery2-31,京,「ひぐっ♥！？ま、まだ半分っ！？」,「ひぐっ♥！？ま、まだ半分っ！？」,「呀！？還、還有一半！？」,"""HIGGH! Still halfway!""","""Higu♥!? St-still only halfway!?""","「히극♥!? 자, 아직 절반!?」",「呀！？还、还有一半！？」
,,,,,,,,
Kei.Debauchery2-32,助手,「このままじゃいつまでたっても終わらないので…そうですね、新しくルールを追加しましょう」,「このままじゃいつまでたっても終わらないので…そうですね、新しくルールを追加しましょう」,「這樣下去永遠不會結束的…那麼，我們來新增一條規則吧。」,"""'This is not going to go on forever, so...yes, let's add a new rule.'""","""At this rate it'll never end... Let's add a new rule.""","「이대로는 언제 끝나도 끝나지 않으니… 그렇군요, 새롭게 규칙을 추가합시다」",「这样下去永远不会结束的…那么，我们来新增一条规则吧。」
,,,,,,,,
Kei.Debauchery2-33,京,「なっ♥、で、でもっ♥、何をっ♥！？」,「なっ♥、で、でもっ♥、何をっ♥！？」,「什麼♥那、那是什麼♥！？」,"""But, but, but, what?""","""Higu♥!? St-still only halfway!?""","「뭣♥, 그, 그래도♥, 무엇을♥!?」",「什么♥、那、那是什么♥！？」
,,,,,,,,
Kei.Debauchery2-34,助手,「メンバーシップ…つまり我が財団の戦闘員となる契約をしてくれた方一人につき10人とカウントしましょう」,「メンバーシップ…つまり我が財団の戦闘員となる契約をしてくれた方一人につき10人とカウントしましょう」,「加入會員…也就是跟我們財團簽訂成為戰鬥員契約的人，一個人就算十人份。」,"""Membership...that is, for each person who signs up to be a fighter for our foundation, we will count 10.""","""Membership... meaning anyone who enters a contract to become a Foundation soldier counts as 10 people.""",「멤버십… 즉 우리 재단의 전투원이 되는 계약을 해준 분 한 명당 10명으로 카운트합시다」,「会员订阅…也就是跟我们财团签订成为战斗员契约的人，一个人就算十人份。」
,,,,,,,,
Kei.Debauchery2-35,京,「なっ♥、そんな視聴者を悪の道に誘うようなことを…っ♥」,「なっ♥、そんな視聴者を悪の道に誘うようなことを…っ♥」,「什麼♥、怎麼能做出引誘觀眾走向邪路的事情…♥」,"""What are you doing to lead the viewers down such an evil path?""","""What♥, leading viewers down the path of evil...♥""","「뭣♥, 그런 시청자를 악의 길로 유혹하는 짓을…윽♥」",「什么♥、怎么能做出引诱观众走向邪路的事情…♥」
,,,,,,,,
Kei.Debauchery2-36,助手,「でもこのままじゃいつまでたっても終わりませんよ？」,「でもこのままじゃいつまでたっても終わりませんよ？」,「可是這樣下去永遠不會結束喔？」,"""But it won't be over anytime soon, will it?""","""But at this rate it'll never end, you know?""",「하지만 이대로는 언제 끝나도 끝나지 않아요?」,「可是这样下去永远不会结束喔？」
,Kei debauchery2-6,,,,,,,
Kei.Debauchery2-37,京,「っ、ん゛あっ♥、しょうがないっ♥、視聴者の諸君っ♥聞こえているかっ？」,「っ、ん゛あっ♥、しょうがないっ♥、視聴者の諸君っ♥聞こえているかっ？」,「唔、嗯啊♥、沒辦法了♥，各位觀眾♥，聽得到嗎？」,"""Oh, God, I can't help it, my dear viewers, can you hear me?""","""Ngh, nah♥, fine♥, viewers♥ can you hear me?""","「윽, 응옷 앗♥, 어쩔 수 없지♥, 시청자 여러분♥ 들리는가?」",「唔、嗯啊♥、没办法了♥、各位观众♥听得到吗？」
,,,,,,,,
Kei.Debauchery2-38,京,「というわけだ、メンバーシップ…つまり戦闘員になってくれれば一人当たり10人分が加算されるっ♥」,「というわけだ、メンバーシップ…つまり戦闘員になってくれれば一人当たり10人分が加算されるっ♥」,「就是這麼回事，加入會員…也就是成為戰鬥員的話，一個人可以加算十人份♥」,"""So, membership... that is, if you become a combatant, you get 10 extra per person ♥.""","""So that's how it is, membership... meaning if you become a soldier, each person counts as 10♥""","「그런 이유다, 멤버십… 즉 전투원이 되어주면 한 명당 10명분으로 가산된다♥」",「就是这么回事，会员订阅…也就是成为战斗员的话，一个人可以加算十人份♥」
,,,,,,,,
Kei.Debauchery2-39,京,「戦闘員となった者は…早い者勝ちだっ、ケイちゃんに生ハメセックスの権利…を与えようっ♥」,「戦闘員となった者は…早い者勝ちだっ、ケイちゃんに生ハメセックスの権利…を与えようっ♥」,「成為戰鬥員的人…先搶先贏，我會給予和京無套內射性交的權利…♥」,"""The first one to become a combatant wins the right to have live sex with Kei―chan.""","""Those who become soldiers... first come first served, will get special privileges with Kei♥""","「전투원이 된 자는… 선착순이다, 케이쨩에게 생으로 박는 섹스 권리…를 주도록 하지♥」",「成为战斗员的人…先抢先赢，我会给予和京**生内射性交的权利…♥」
,,,,,,,,
Kei.Debauchery2-40,京,「んっ♥、どうだろうかっ…♥これで多少は登録者が増えて…」,「んっ♥、どうだろうかっ…♥これで多少は登録者が増えて…」,「嗯♥，怎麼樣呢…♥這樣多少能增加一點訂閱數…」,"""I wonder if this will increase the number of registrations somewhat...""","""Nn♥, I wonder...♥ this should increase subscribers somewhat...""","「응읏♥, 어떨까…♥ 이걸로 조금은 구독자가 늘어서…」",「嗯♥，怎么样呢…♥这样多少能增加一点订阅者…」
,,,,,,,,
Kei.Debauchery2-41,,その瞬間、登録者数が凄い勢いで伸び始める,その瞬間、登録者数が凄い勢いで伸び始める,就在那一瞬間，訂閱人數以驚人的速度暴增。,"At that moment, the number of registrations starts growing at a tremendous rate.","At that moment, the subscriber count began going up rapidly.","그 순간, 구독자 수가 굉장한 기세로 늘어나기 시작한다",就在那一瞬间，订阅人数以惊人的速度暴增。
,,,,,,,,
Kei.Debauchery2-42,助手,「おっ？…おおっ？」,「おっ？…おおっ？」,「喔？…喔喔？」,"""Whoa? ...Oh?""","""Oh? ...Ooh?""",「옷?… 오오옷?」,「喔？…喔喔？」
,,,,,,,,
Kei.Debauchery2-43,京,「んっ♥、どうしたっ♥…？―――――っ！？」,「んっ♥、どうしたっ♥…？―――――っ！？」,「嗯♥，怎麼了♥…？―――――唔！？」,"""What's wrong with you? ―――――!""","""Nn♥, what happened♥...? ...!?""","「응읏♥, 왜 그래♥…?―――――윽!?」",「嗯♥，怎么了♥…？―――――唔！？」
,,,,,,,,
Kei.Debauchery2-44,Kei debauchery2-7,登録者が1000万に到達した瞬間レーザーが太くなり、弱い刺激にさらされ続けた京の秘所を直撃する,登録者が1000万に到達した瞬間レーザーが太くなり、弱い刺激にさらされ続けた京の秘所を直撃する,在訂閱人數達到一千萬的瞬間，雷射變粗，直接命中京被微弱刺激持續折磨的祕處。,"The moment the number of registered users reaches 10 million, the laser becomes thicker and strikes Kei's secret place, which has been exposed to weak stimulation for a long time.","The moment subscribers reached 10 million, the laser intensified, directly hitting Kei's oversensitized areas.","구독자가 1000만에 도달한 순간 레이저가 굵어지고, 약한 자극에 계속 노출되었던 케이의 은밀한 곳을 직격한다",在订阅人数达到一千万的瞬间，雷射变粗，直接命中京被微弱刺激持续折磨的秘处。
,,,,,,,,
Kei.Debauchery2-45,京,「ん゛おっ♥！？、お゛お゛っ♥、お゛お゛っ♥！？」,「ん゛おっ♥！？、お゛お゛っ♥、お゛お゛っ♥！？」,「嗯喔♥！？喔喔♥、喔喔♥！？」,"""OHHHH! oh, oh, oh, oh, oh, oh, oh, oh, oh, oh, oh, oh, oh, oh, oh, oh, oh, oh, oh, oh, oh, oh, oh, oh, oh.""","""Ngoh♥!? Ooh♥, ooh♥!?""","「응옷 오옷♥!?, 오옷 오옷 옷♥, 오옷 오옷 옷♥!?」",「嗯喔♥！？、喔喔♥、喔喔♥！？」
,,,,,,,,
Kei.Debauchery2-46,京,「えっ♥！？、まてっ♥、も、もうっ♥！？」,「えっ♥！？、まてっ♥、も、もうっ♥！？」,「咦♥！？等一下♥、我、我已經♥！？」,"""What? Wait, wait, wait, wait, wait, wait, wait, wait, wait, wait, wait, wait, wait, wait, wait, wait, wait, wait, wait, wait, wait, wait, wait.""","""Eh♥!? Wait♥, a-already♥!?""","「엣♥!?, 잠깐♥, 보, 벌써♥!?」",「咦♥！？、等一下♥、我、我已经♥！？」
,,,,,,,,
Kei.Debauchery2-47,,バチバチバチッ！ビシュッッ！！！,バチバチバチッ！ビシュッッ！！！,啪滋啪滋啪滋！噴射！！！,Bee bee bee bee bee bee bee bee bee bee bee! Bish bish bish bish bish bish bish bish bish bish bish bish bish bish bish!,Crackle crackle! Splash!!!,바치바치바칫! 비슛!!,啪滋啪滋啪滋！喷射！！！
,,,,,,,,
Kei.Debauchery2-48,京,「んあ゛っ♥、ひぎゅうううっっっ♥♥！！？！？」,「んあ゛っ♥、ひぎゅうううっっっ♥♥！！？！？」,「嗯啊♥、呀嗚嗚嗚嗚♥♥！！？！？！」,"""'Nnnngggghhhhhhhhhhhhhhhhhhhhhhhhhhhhhhhhhhhhhhhhhh!""","""Ngah♥, higyuuuuu♥♥!!?!?""","「응아옷 앗♥, 히규우우우웃♥♥!!?!?!」",「嗯啊♥、呀呜呜呜呜♥♥！！？！？！」
,,,,,,,,
Kei.Debauchery2-49,,プシュッ、プシイイイッ！,プシュッ、プシイイイッ！,噗咻、噗滋滋滋！,,"Squirt, squiiirt!","푸슛, 푸시이이잇!",噗咻、噗滋滋滋！
,,,,,,,,
Kei.Debauchery2-50,,数時間焦らされた快楽を開放され、京は激しく潮を噴き上げる,数時間焦らされた快楽を開放され、京は激しく潮を噴き上げる,數小時的煎熬被解放，京激烈地噴潮。,Kei squirts violently as the pleasure of being rushed for several hours is released!,"After hours of being edged, Kei squirted violently.","몇 시간 동안 애태워진 쾌락이 해방되어, 케이는 격렬하게 분수를 뿜어 올린다",数小时的煎熬被解放，京激烈地喷潮。
,,,,,,,,
Kei.Debauchery2-51,京,「ん゛あっ♥、お゛お゛っ♥！？」,「ん゛あっ♥、お゛お゛っ♥！？」,「嗯啊♥、喔喔♥！？」,"""♥♥♥♥♥♥♥♥!""","""Ngah♥, ooh♥!?""","「응옷 앗♥, 오옷 오옷 옷♥!?」",「嗯啊♥、喔喔♥！？」
,Kei debauchery2-8,,,,,,,
Kei.Debauchery2-52,助手,「京先生！おめでとうございますっ！」,「京先生！おめでとうございますっ！」,「京老師！恭喜妳！」,"""Dr. Kei! Congratulations!""","""Professor Kei! Congratulations!""",「케이 선생님! 축하드립니다!」,「京老师！恭喜你！」
,,,,,,,,
Kei.Debauchery2-53,,京は目隠しを外され、戦闘員の男達から精液を掛けられる,京は目隠しを外され、戦闘員の男達から精液を掛けられる,京被拿下眼罩，被戰鬥員們的精液潑灑。,Kei is blindfolded and doused with semen by male combatants.,Kei's blindfold was removed as the male soldiers celebrated by splashing her with their jizz.,"케이는 눈가리개를 벗겨지고, 전투원 남자들에게 정액을 뒤집어쓴다",京被拿下眼罩，被战斗员们的精液泼洒。
,,,,,,,,
Kei.Debauchery2-54,京,「ん゛っ♥！？、はあっ♥、はあっ♥、はあっ♥」,「ん゛っ♥！？、はあっ♥、はあっ♥、はあっ♥」,「嗯♥！？哈♥、哈♥、哈♥」,"""Aaahhh! ""Ah―ha―ha―ha―ha―ha―ha―ha―ha.""","""Ngh♥!? Haa♥, haa♥, haa♥""","「응옷 윽♥!?, 하앗♥, 하앗♥, 하앗♥」",「嗯♥！？、哈♥、哈♥、哈♥」
,,,,,,,,
Kei.Debauchery2-55,助手,「ついに1000万人到達です！流石京先生！」,「ついに1000万人到達です！流石京先生！」,「終於達到一千萬人訂閱了！不愧是京老師！」,"""At last, we have reached 10 million users! Quite an achievement, Dr. Kei!""","""We finally reached 10 million! As expected of Professor Kei!""",「드디어 1000만 명 도달입니다! 역시 케이 선생님!」,「终于达到一千万人订阅了！不愧是京老师！」
,,,,,,,,
Kei.Debauchery2-56,京,「ん゛あっ♥、あっ♥、ありがとうっ♥」,「ん゛あっ♥、あっ♥、ありがとうっ♥」,「嗯啊♥、啊♥、謝謝你們♥」,"""Oh, oh, oh, oh, thank you.""","""Ngah♥, ah♥, thank you♥""","「응옷 앗♥, 앗♥, 고마워♥」",「嗯啊♥、啊♥、谢谢你们♥」
,,,,,,,,
Kei.Debauchery2-57,助手,「戦闘員になったら京先生をハメれるってのが効きましたね！」,「戦闘員になったら京先生をハメれるってのが効きましたね！」,「成為戰鬥員就能內射京老師這招真有效呢！」,"""The fact that I could frame Dr. Kei if I became a combatant worked for me!""","""The incentive about meeting Professor Kei if they became soldiers really worked!""",「전투원이 되면 케이 선생님을 박을 수 있다는 게 효과가 있었네요!」,「成为战斗员就能内射京老师这招真有效呢！」
,,,,,,,,
Kei.Debauchery2-58,京,「んあっ♥、そ、そうだったがっ♥」,「んあっ♥、そ、そうだったがっ♥」,「嗯啊♥，的、的確是這樣♥」,"""Oh, yes, that's right.""","""Nah♥, th-that's right♥""","「응앗♥, 그, 그랬던가♥」",「嗯啊♥、的、的确是这样♥」
,,,,,,,,
Kei.Debauchery2-59,助手,「大体3000人位が戦闘員になってくれましたので…まあ頑張ってください」,「大体3000人位が戦闘員になってくれましたので…まあ頑張ってください」,「大約有三千人成為戰鬥員了…那麼請加油吧。」,"""Roughly 3,000 people have become fighters, so... well, good luck with that.""","""About 3000 people became soldiers... well, good luck with that.""",「대략 3000명 정도가 전투원이 되어주셨으니… 뭐 힘내세요」,「大约有三千人成为战斗员了…那么请加油吧。」
,,,,,,,,
Kei.Debauchery2-60,京,「なっ♥！？、3000人っ♥！？」,「なっ♥！？、3000人っ♥！？」,「什麼♥！？三千人♥！？」,"""Nah! 3,000 people?""","""What♥!? 3000 people♥!?""","「뭣♥!?, 3000명♥!?」",「什么♥！？、三千人♥！？」
,,,,,,,,
Kei.Debauchery2-61,助手,「では先生！最後に視聴者の皆様に挨拶を！」,「では先生！最後に視聴者の皆様に挨拶を！」,「那麼老師！最後請跟觀眾們打個招呼！」,"""'Well then, Doctor! One last word to our viewers!""","""Now Professor! Please say something to the viewers before we leave!""",「그럼 선생님! 마지막으로 시청자 여러분께 인사를!」,「那么老师！最后请跟观众们打个招呼！」
,Kei debauchery2-9,,,,,,,
Kei.Debauchery2-62,京,「っ、ううっ…♥、というわけで…ありがとう視聴者の諸君」,「っ、ううっ…♥、というわけで…ありがとう視聴者の諸君」,「唔、嗚嗚♥…所以說…謝謝各位觀眾。」,"""Ugh...♥, so...thank you, dear viewers.""","""Ugh...♥ So... thank you, everyone that's watching.""","「윽, 으윽…♥, 그런 이유로… 고마워 시청자 여러분」",「唔、呜呜♥…所以说…谢谢各位观众。」
,,,,,,,,
Kei.Debauchery2-63,京,「…約束は約束だ…新しく戦闘員になった皆、楽しみにしていてくれ…♥」,「…約束は約束だ…新しく戦闘員になった皆、楽しみにしていてくれ…♥」,「…承諾就是承諾…新成為戰鬥員的各位，敬請期待…♥」,"""...A promise is a promise....all you newly minted combatants, look forward to it... ♥""","""...A promise is a promise... All new soldiers, please look forward to it...♥""","「…약속은 약속이다… 새롭게 전투원이 된 모두, 기대하고 있어줘…♥」",「…承诺就是承诺…新成为战斗员的各位，敬请期待…♥」
,,,,,,,,
Kei.Debauchery2-64,京,「じゃあ…これからも色々企画やっていくから…っ♥」,「じゃあ…これからも色々企画やっていくから…っ♥」,「那麼…接下來還會舉辦各種企劃…♥」,"""I'll be doing a lot of projects from now on... ♥""","""Well... I'll be doing more things on stream from now on...♥""",「자 그럼… 앞으로도 여러 기획 해나갈 테니…윽♥」,「那么…接下来还会举办各种企划…♥」
,,,,,,,,
Kei.Debauchery2-65,京,「ではまた次の配信で会おうっ♥、今後ともケイちゃんをよろしくっ♥」,「ではまた次の配信で会おうっ♥、今後ともケイちゃんをよろしくっ♥」,「那麼我們下次直播見♥，今後也請多多指教京醬喔♥」,"""See you on the next delivery, and please keep in touch with Kei―chan.""","""See you in the next stream♥, please continue supporting me♥""","「그럼 다음 방송에서 만나자♥, 앞으로도 케이쨩을 잘 부탁해♥」",「那么我们下次直播见♥，今后也请多多指教京喔♥」
,,,,,,,,
Kei Core Scene,注釈,聖核シーン,聖核シーン,,聖核シーン,,성핵 이벤트,
Kei.Core1-1,アジト,京が捕獲されて調教が続いていたある日,京が捕獲されて調教が続いていたある日,京被捕獲並持續進行調教的某一天,One day after Kei was captured and training continued.,"One day, while Kei's captivity and training continued...",케이가 포획되어 조교가 계속되던 어느 날,京被捕获并持续进行调教的某一天
,,,,,,,,
Kei.Core1-2,京(変身),「なんだ？こんな所に連れ出して」,「なんだ？こんな所に連れ出して」,「什麼？把我帶到這種地方來？」,"""What the hell? Take me out to this place.""","""What? Why bring me to a place like this?""",「뭐야? 이런 곳에 끌고 와서」,「什么？把我带到这种地方来？」
,,,,,,,,
Kei.Core1-3,,京は様々な機械のある治療室のような場所に連れ出されていた,京は様々な機械のある治療室のような場所に連れ出されていた,京被帶到一個有著各種機械的治療室般的場所。,Kei was taken out to what looked like a treatment room with various machines.,Kei had been brought to a place resembling a treatment room filled with various machines.,케이는 다양한 기계가 있는 치료실 같은 장소로 끌려와 있었다,京被带到一个有着各种机械的治疗室般的场所。
,,,,,,,,
Kei.Core1-4,研究員(立ち絵無し),「お前には実験の被験体になってもらう。なに、死ぬような手術じゃない」,「お前には実験の被験体になってもらう。なに、死ぬような手術じゃない」,「妳將成為實驗的受試者。放心，這不是會死的手術。」,"""You will be the subject of an experiment. It's not an operation that will kill you.""","""You'll be a test subject for an experiment. Don't worry, it's not a life-threatening procedure.""","「너에게는 실험 피험체가 되어줘야겠다. 뭐, 죽을 만한 수술은 아니야」",「你将成为实验的受试者。放心，这不是会死的手术。」
,,,,,,,,
Kei.Core1-5,京,「ふむ、それならまあ…たまには自分自身がラットになるのも悪くはないかな」,「ふむ、それならまあ…たまには自分自身がラットになるのも悪くはないかな」,「嗯，既然如此…偶爾把自己當成實驗品也不錯。」,"""Hm, well then... it's not a bad idea to be a rat yourself once in a while.""","""Hmm, well then... It might not be bad to be the lab rat myself for once.""","「흠, 그렇다면 뭐… 가끔은 나 자신이 쥐가 되는 것도 나쁘지는 않겠군」",「嗯，既然如此…偶尔把自己当成实验品也不错。」
,,,,,,,,
Kei.Core1-6,,「さあ、とっとと手術なりしてくれ。むしろ少し興味がわいてきた」,「さあ、とっとと手術なりしてくれ。むしろ少し興味がわいてきた」,「來吧，快點進行手術。我反而有點好奇了。」,"""Well, get on with it and have the surgery or something. I'm getting rather a little curious.""","""Come on, hurry up with the procedure. I'm actually getting a bit curious.""","「자, 빨리 수술이든 뭐든 해줘. 오히려 조금 흥미가 생겼어」",「来吧，快点进行手术。我反而有点好奇了。」
,,,,,,,,
Kei.Core1-7,研究員,「ははっ…相変わらずのイカれっぷりだな。望み通りすぐにそうしてやる」,「ははっ…相変わらずのイカれっぷりだな。望み通りすぐにそうしてやる」,「哈哈…妳還是一如既往的瘋狂啊。如妳所願，我馬上就動手。」,"""'Haha... you're as crazy as ever. I'll do so as soon as you wish.""","""Haha... Still as crazy as ever. I'll do as you wish right away.""",「하핫… 여전히 이상한 녀석이군. 원하는 대로 바로 해주지」,「哈哈…你还是一如既往的疯狂啊。如你所愿，我马上就动手。」
,,,,,,,,
,暗転,,,,,,,
,,,,,,,,
Kei.Core1-8,Kei core 1-1,数時間後―――――,数時間後―――――,數小時後―――――,A few hours later: ―――――,Several hours later...,수 시간 후―――――,数小时后―――――
,,,,,,,,
Kei.Core1-9,京,「ううっ…手術が終わって目が覚めてみたら…何だこれはっ…！？」,「ううっ…手術が終わって目が覚めてみたら…何だこれはっ…！？」,「嗚…手術結束後我醒來…這是什麼！？」,"""Ugh...I woke up after the surgery...what the heck...!""","""Ugh... I woke up and... What is this...!?""",「으윽… 수술이 끝나고 눈을 떠보니… 뭐야 이건!」,「呜…手术结束后我醒来…这是什么！？」
,,,,,,,,
Kei.Core1-10,,「これは男性器…だがっ、一体何のためにこんな手術を…」,「これは男性器…だがっ、一体何のためにこんな手術を…」,「這是男性生殖器…但是，到底為什麼要做這種手術…」,"""This is a male organ... but what in the world is this surgery for?""","""This is a male reproductive organ... But why would they perform such a procedure...""","「이것은 남성기… 하지만, 대체 무엇 때문에 이런 수술을…」",「这是男性生殖器…但是，到底为什么要做这种手术…」
,,,,,,,,
Kei.Core1-11,研究員,「おっ、目が覚めたみたいだな」,「おっ、目が覚めたみたいだな」,「喔，妳醒過來啦。」,"""Whoa, looks like you're awake.""","""Oh, looks like you're awake.""","「옷, 눈을 뜬 모양이군」",「喔，你醒过来啦。」
,,,,,,,,
Kei.Core1-12,京,「っ、どういうことだ…！？何の目的で私に男性器…ペニスをっ！？」,「っ、どういうことだ…！？何の目的で私に男性器…ペニスをっ！？」,「唔，這是怎麼回事…！？目的是什麼？為什麼要給我男性生殖器…陰莖！？」,"""What do you mean? What did you do to me with your penis?""","""What's the meaning of this...!? What's the purpose of giving me a male reproductive organ... A penis...!?""","「윽, 무슨 소리야…!? 무슨 목적으로 나에게 남성기… 페니스를!」",「唔，这是怎么回事…！？目的是什么？为什么要给我男性生殖器…阴茎！？」
,,,,,,,,
Kei.Core1-13,研究員,「目的はまあすぐにわかる。定着するまで3時間くらいその部屋で待機していろ」,「目的はまあすぐにわかる。定着するまで3時間くらいその部屋で待機していろ」,「目的妳很快就會知道。在那個房間裡等三個小時左右，讓它定型。」,"""You'll find out what we're here for in a minute. You'll be in that room for about three hours until you settle in.""","""You'll understand the purpose soon enough. Stay in that room for about three hours until it settles.""",「목적은 뭐 바로 알게 될 거야. 정착할 때까지 3시간 정도 그 방에서 대기해라」,「目的你很快就会知道。在那个房间里等三个小时左右，让它定型。」
,,,,,,,,
Kei.Core1-14,京,「っ、釈然としないが…しょうがないなっ」,「っ、釈然としないが…しょうがないなっ」,「唔，雖然不能釋懷…但也沒辦法了！」,"""I don't know what to say... but I can't help it.""","""I'm not satisfied with this explanation... but I suppose I have no choice.""","「윽, 납득은 안 가지만… 어쩔 수 없군」",「唔，虽然不能释怀…但也没办法了！」
,,,,,,,,
Kei.Core1-15,京,「………しかし……っ……」,「………しかし……っ……」,「………不過……唔……」,"""........., but ...... and ......""","""However...""",「………하지만……윽……」,「………不过……唔……」
,,,,,,,,
Kei.Core1-16,,「ぅ…何だこの感覚は…気分が高鳴るような…」,「ぅ…何だこの感覚は…気分が高鳴るような…」,「嗚…這是什麼感覺…好像有種興奮的感覺…」,"""Oh... what's this feeling... like a rush of excitement...""","""Ugh... What is this feeling... Like I'm getting a little excited...""",「읏… 뭐야 이 감각은… 기분이 고양되는 듯한…」,「呜…这是什么感觉…好像有种兴奋的感觉…」
,,,,,,,,
Kei.Core1-17,,「それに…なぜか目が離せないっ…こんなの気持ち悪いはずなんだが……」,「それに…なぜか目が離せないっ…こんなの気持ち悪いはずなんだが……」,「而且…為什麼我會移不開視線…照理說這應該很噁心的……」,"""And... for some reason I can't take my eyes off of it... this is supposed to be weird. ......""","""And... I can't look away for some reason... This really should be disgusting, but...""",「게다가… 왠지 눈을 뗄 수가 없어… 이런 건 기분 나빠야 하는데……」,「而且…为什么我会移不开视线…照理说这应该很恶心的……」
,,,,,,,,
Kei.Core1-18,,京は好奇心を抑えられず、無意識のうちにチンポに手を伸ばす,京は好奇心を抑えられず、無意識のうちにチンポに手を伸ばす,京壓抑不住好奇心，無意識地將手伸向陰莖。,Kei can't suppress his curiosity and unconsciously reaches for his cock,"Unable to suppress her curiosity, Kei unconsciously reached out.","케이는 호기심을 억누르지 못하고, 무의식 중에 자지에 손을 뻗는다",京压抑不住好奇心，无意识地将手伸向阴茎。
,Kei core 1-2,,,,,,,
Kei.Core1-19,京,「っ、んっ♥、何だこの感覚っ♥」,「っ、んっ♥、何だこの感覚っ♥」,「唔、嗯♥，這是什麼感覺♥」,"""What is this sensation?""","""Nn♥, what is this sensation♥""","「윽, 응읏♥, 뭐야 이 감각♥」",「唔、嗯♥，这是什么感觉♥」
,,,,,,,,
Kei.Core1-20,,「いつも調教されている時とは違う…これがチンポの感覚っ？」,「いつも調教されている時とは違う…これがチンポの感覚っ？」,「跟平時被調教時的感覺不一樣…這就是陰莖的感覺嗎？」,"""'This isn't the same as when I'm being trained all the time...is this what a cock feels like?'""","""It's different from the usual training... Is this what it feels like?""",「언제나 조교당할 때와는 달라… 이것이 자지의 감각?」,「跟平时被调教时的感觉不一样…这就是阴茎的感觉吗？」
,,,,,,,,
Kei.Core1-21,,いつの間にか京は観察するように小さい手でチンポを弄りだす,いつの間にか京は観察するように細い手でチンポを弄りだす,京不知不覺間，用細長的手開始像觀察一樣玩弄起陰莖。,"Before long, Kei starts playing with his dick with his little hand as if to observe","Before she knew it, Kei began examining her dick with her slender hands, as if observing scientifically.",어느새 케이는 관찰하듯 가는 손으로 자지를 만지작거린다,京不知不觉间，用细长的手开始像观察一样玩弄起阴茎。
,,,,,,,,
Kei.Core1-22,,「んっ♥、尿道の構造はこうなっていて…っ♥、先端の感触はこんな感じなのかっ♥」,「んっ♥、尿道の構造はこうなっていて…っ♥、先端の感触はこんな感じなのかっ♥」,「嗯♥，尿道的構造是這樣…♥，龜頭的觸感是這種感覺嗎♥」,"""The structure of the urethra is like this...♥♥, and the tip feels like this?""","""Nn♥, so this is the urethra... ♥ and this is how the tip feels♥""","「응읏♥, 요도 구조는 이렇게 되어 있고…윽♥, 끝부분 감촉은 이런 느낌인가♥」",「嗯♥，尿道的构造是这样…♥，龟头的触感是这种感觉吗♥」
,,,,,,,,
Kei.Core1-23,,「んっ♥、なるほどっ♥、ここを刺激すると体の奥にまで電流が流れるような感じがっ♥」,「んっ♥、なるほどっ♥、ここを刺激すると体の奥にまで電流が流れるような感じがっ♥」,「嗯♥，原來如此♥，刺激這裡的話，會感覺有電流流到身體深處♥」,"""I see, when I stimulate this place, it feels as if an electric current is flowing deep inside my body.""","""Nn♥, I see♥, stimulating here sends electrical sensations through the body♥""","「응읏♥, 과연♥, 여기를 자극하면 몸속 깊은 곳까지 전류가 흐르는 듯한 느낌이♥」",「嗯♥，原来如此♥，刺激这里的话，会感觉有电流流到身体深处♥」
,Kei core 1-3,,,,,,,
Kei.Core1-24,,「効率的に刺激を与えるにはっ♥、チンポを掴んでっ♥…上下に…っ♥」,「効率的に刺激を与えるにはっ♥、チンポを掴んでっ♥…上下に…っ♥」,「要有效率地給予刺激♥，就得握住陰莖♥…上下地…♥」,"""To stimulate it efficiently, grab my cock... up and down... ♥""","""For efficient stimulation♥, one would grip the dick♥... and move up and down...♥""","「효율적으로 자극을 주려면♥, 자지를 잡고♥… 위아래로…윽♥」",「要有效率地给予刺激♥，就得握住阴茎♥…上下地…♥」
,,,,,,,,
Kei.Core1-25,,シコッ、シコッ、シコッ,シコッ、シコッ、シコッ,摩擦，摩擦，摩擦,"Shiccup, shiccup, shiccup.","Stroke, stroke, stroke","시콧, 시콧, 시콧",摩擦，摩擦，摩擦
,,,,,,,,
Kei.Core1-26,,「んあっ♥な、何をやっているんだっ♥、こんなものに夢中になってはいけないっ♥」,「んあっ♥な、何をやっているんだっ♥、こんなものに夢中になってはいけないっ♥」,「嗯啊♥，我、我在做什麼♥，不應該沉迷於這種東西♥」,"""I'm not supposed to get carried away with this stuff.""","""Nah♥ wh-what am I doing♥, I shouldn't be enjoying this♥""","「응앗♥ 무, 뭘 하는 거야♥, 이런 것에 정신 팔리면 안 돼♥」",「嗯啊♥，我、我在做什么♥，不应该沉迷于这种东西♥」
,,,,,,,,
Kei.Core1-27,,しかし、理性とは裏腹に京は腕を上下させるのをやめることが出来ない,しかし、理性とは裏腹に京は腕を上下させるのをやめることが出来ない,然而，與理性相反，京無法停止手臂上下套弄的動作。,"But despite his reason, Kei can't stop moving his arms up and down.","However, contrary to her reasoning, Kei couldn't stop the motion.","하지만, 이성과는 반대로 케이는 팔을 위아래로 움직이는 것을 멈출 수 없다",然而，与理性相反，京无法停止手臂上下套弄的动作。
,,,,,,,,
Kei.Core1-28,京,「はっ♥、はっ♥、はあっ♥、んっ♥、何故だっ♥」,「はっ♥、はっ♥、はあっ♥、んっ♥、何故だっ♥」,「哈♥，哈♥，哈啊♥，嗯♥，為什麼會這樣♥」,"""Ha―ha―ha―ha―ha―ha―ha―ha―ha―ha―ha―ha―ha―ha―ha―ha―ha―ha―ha―ha―ha―ha―ha―ha―ha―ha―ha.""","""Hah♥, hah♥, haa♥, nn♥, why♥""","「핫♥, 핫♥, 하앗♥, 응읏♥, 왜 이러지♥」",「哈♥，哈♥，哈啊♥，嗯♥，为什么会这样♥」
,,,,,,,,
Kei.Core1-29,,シコッ、シコッ、シコッ,シコッ、シコッ、シコッ,摩擦，摩擦，摩擦,"Shiccup, shiccup, shiccup.","Stroke, stroke, stroke","시콧, 시콧, 시콧",摩擦，摩擦，摩擦
,,,,,,,,
Kei.Core1-30,,「チンポっ♥、チンポをしごく手が止められないっ♥」,「チンポっ♥、チンポをしごく手が止められないっ♥」,「陰莖♥，套弄陰莖的手停不下來♥」,"""I can't stop fucking my dick.""","""I can't♥ stop my hand from stroking my dick♥""","「자지♥, 자지 흔드는 손을 멈출 수가 없어♥」",「阴茎♥，套弄阴茎的手停不下来♥」
,,,,,,,,
Kei.Core1-31,,「これはっ♥、何らかの認識阻害なのかっ♥！？、そうだとしたら今すぐやめなければっ♥！」,「これはっ♥、何らかの認識阻害なのかっ♥！？、そうだとしたら今すぐやめなければっ♥！」,「這是♥，某種認知干擾嗎♥！？如果是的話，我必須馬上停止♥！」,"""Is this some kind of cognitive blockage? If that's the case, I have to stop this right now!""","""This is♥ some kind of cognitive interference♥!? If so, I must stop immediately♥!""","「이것은♥, 어떤 인식 장애인가♥!?, 그렇다면 지금 당장 멈춰야 해♥!」",「这是♥，某种认知干扰吗♥！？如果是的话，我必须马上停止♥！」
,,,,,,,,
Kei.Core1-32,,「それにっ♥、何かが体の中から上がってくる感覚…っ♥」,「それにっ♥、何かが体の中から上がってくる感覚…っ♥」,「而且♥，有種什麼東西從身體裡湧上來的感覺…♥」,"""And I felt something coming up from inside my body...♥♥♥""","""And♥ some kind of sensation is rising from within...♥""","「게다가♥, 뭔가 몸속에서 올라오는 감각…윽♥」",「而且♥，有种什么东西从身体里涌上来的感觉…♥」
,,,,,,,,
Kei.Core1-33,,「駄目だっ♥、快感に身を委ねてはっ♥！理性を取り戻さなくてはっ♥」,「駄目だっ♥、快感に身を委ねてはっ♥！理性を取り戻さなくてはっ♥」,「不行♥，不能屈服於快感♥！我必須找回理性♥」,"""No, don't give in to the pleasure! I must regain my reason.""","""No♥, I can't give in to pleasure♥! I must regain my reason♥""","「안돼♥, 쾌감에 몸을 맡기면♥! 이성을 되찾아야 해♥」",「不行♥，不能屈服于快感♥！我必须找回理性♥」
,,,,,,,,
Kei.Core1-34,,京の理性は全力でチンポをしごく手を止めようとするが、脳はそれにあらがえない,京の理性は全力でチンポをしごく手を止めようとするが、脳はそれにあらがえない,京的理性全力想阻止套弄陰莖的手，但大腦卻無法抵抗。,"Kei's rational mind tries with all its might to stop his hand from squeezing his cock, but his brain won't let him.","Kei's reason tried with all its might to stop her hand from stroking the penis, but her brain couldn't resist.","케이의 이성은 온 힘을 다해 자지를 흔드는 손을 멈추려 하지만, 뇌는 그것에 저항할 수 없다",京的理性全力想阻止套弄阴茎的手，但大脑却无法抵抗。
,,,,,,,,
Kei.Core1-35,,「んあっ♥、まるでチンポに意識が乗っ取られたかのようだっ♥、やめっ♥、やめろっ♥」,「んあっ♥、まるでチンポに意識が乗っ取られたかのようだっ♥、やめっ♥、やめろっ♥」,「嗯啊♥，我的意識好像被陰莖奪走了♥，停♥，快住手♥」,"""Oh, it's as if my consciousness has been taken over by a cock.""","""Nah♥, it's as if my consciousness has been taken over by my dick♥ Stop♥, stop it♥""","「응앗♥, 마치 자지에 의식이 빼앗긴 것 같아♥, 그만♥, 그만둬♥」",「嗯啊♥，我的意识好像被阴茎夺走了♥，停♥，快住手♥」
,,,,,,,,
Kei.Core1-36,,瞬間、京のチンポに電流が走る,瞬間、京のチンポに電流が走る,瞬間，電流竄過京的陰莖。,"Instantly, an electric current runs through Kei's cock.",Then an electric sensation ran through Kei's penis.,"순간, 케이의 자지에 전류가 흐른다",瞬间，电流窜过京的阴茎。
,,,,,,,,
Kei.Core1-37,,「お゛っ♥お゛っ♥！？、まずいっ♥、…なんだっ♥！？」,「お゛っ♥お゛っ♥！？、まずいっ♥、…なんだっ♥！？」,「喔♥喔♥！？不妙♥，…是什麼♥！？」,"""Oh, oh, oh, oh! Oh, no, no, no, no, no, no, no, no, no, no, no, no, no, no, no, no, no, no, no, no, no, no...""","""Oh♥ oh♥!? This is bad♥... what is this♥!?""","「오옷 옷♥오옷 옷♥!?, 위험해♥, …뭐야♥!?」",「喔♥喔♥！？不妙♥，…是什么♥！？」
,,,,,,,,
Kei.Core1-38,,「何かがすぐそこまで上がってきているっ♥！」,「何かがすぐそこまで上がってきているっ♥！」,「有什麼東西快要湧到出口了♥！」,"""Something's coming up just around the corner ♥!""","""Something is rising... Coming...♥!""",「뭔가가 바로 거기까지 올라오고 있어♥!」,「有什么东西快要涌到出口了♥！」
,,,,,,,,
Kei.Core1-39,,「だ、駄目だっ♥！これは多分出しちゃ駄目だっ♥！」,「だ、駄目だっ♥！これは多分出しちゃ駄目だっ♥！」,「不、不行♥！這個東西絕對不能射出來♥！」,"""Oh, no, no, no, no! I probably shouldn't let this out!""","""N-No♥! I probably shouldn't let this out♥!""","「다, 안돼♥! 이건 아마 내면 안 돼♥!」",「不、不行♥！这个东西绝对不能射出来♥！」
,,,,,,,,
Kei.Core1-40,,シコッ、シコッ、シコッ！,シコッ、シコッ、シコッ！,摩擦，摩擦，摩擦,"Shiccup, shiccup, shiccup!","Stroke, stroke, stroke!","시콧, 시콧, 시콧!",摩擦，摩擦，摩擦
,,,,,,,,
Kei.Core1-41,,「だからっ♥チンポをしごくのを辞めなければっ♥」,「だからっ♥チンポをしごくのを辞めなければっ♥」,「所以說♥，我必須停止套弄陰莖♥」,"""I have to stop sucking your dick.""","""So♥ I have to stop stroking it♥""",「그러니까♥ 자지 흔드는 걸 멈춰야 해♥」,「所以说♥，我必须停止套弄阴茎♥」
,Kei core 1-4,,,,,,,
Kei.Core1-42,,その瞬間、京のチンポから緑色に発光したゲル状の物質が勢いよく放出される,その瞬間、京のチンポから緑色に発光したゲル状の物質が勢いよく放出される,就在那一瞬間，綠色發光的凝膠狀物質從京的陰莖猛烈地噴射出來。,"At that moment, a gelatinous substance emitting green light is vigorously released from Kei's cock.","At that moment, a glowing green gel-like substance forcefully shot out from Kei.","그 순간, 케이의 자지에서 녹색으로 발광하는 겔 상태의 물질이 힘차게 방출된다",就在那一瞬间，绿色发光的凝胶状物质从京的阴茎猛烈地喷射出来。
,,,,,,,,
Kei.Core1-43,,ビュルルルッルッ！ドビュルルルルッ！,ビュルルルッルッ！ドビュルルルルッ！,咻嚕嚕嚕！咚咻嚕嚕嚕！, ,Spurt! Gush!,뷰르르르릇르릇! 도뷰르르르르릇!,咻噜噜噜！咚咻噜噜噜！
,,,,,,,,
Kei.Core1-44,,「ほ゛おっ♥お゛お゛お゛おおおおっっっ！？！？！？」,「ほ゛おっ♥お゛お゛お゛おおおおっっっ！？！？！？」,「吼喔♥喔喔喔喔喔喔喔喔♥♥！？！？！？」,"""Oh, oh, oh, oh, oh, oh, oh, oh, oh, oh, oh, oh, oh, oh, oh, oh, oh, oh, oh, oh, oh, oh, oh, oh, oh, oh, oh, oh.""","""Hooh♥ Ooooooooh!?!?!?""",「호옷 오옷♥오옷 오옷 오옷 오오오옷!!!?!?!?」,「吼喔♥喔喔喔喔喔喔喔喔♥♥！？！？！？」
,,,,,,,,
Kei.Core1-45,,ビュクッ、ドビュルルッ！,ビュクッ、ドビュルルッ！,噴、咚咻嚕嚕嚕！,"Bukk, dobululul!","Burst, gush!","븃큣, 도뷰르릇!",喷、咚咻噜噜噜！
,,,,,,,,
Kei.Core1-46,,「と、とまれぇ♥、チンポとまれっ♥！！」,「と、とまれぇ♥、チンポとまれっ♥！！」,「停、停下來♥，陰莖停下來♥！！」,"""Stop, stop, stop your dick!""","""St-Stop♥, stop it♥!!""","「멈, 멈춰어♥, 자지 멈춰♥!!」",「停、停下来♥，阴茎停下来♥！！」
,,,,,,,,
Kei.Core1-47,,京の抵抗虚しくチンポからは液体が噴きだし続け、足元に緑の水たまりができる,京の抵抗虚しくチンポからは液体が噴きだし続け、足元に緑の水たまりができる,京的抵抗徒勞無功，液體不斷從陰莖噴出，在腳邊形成一灘綠色水窪。,"Kei's resistance was futile and his cock kept spurting out liquid, creating a green puddle at his feet.","Despite Kei's resistance, liquid continued spurting from her penis, forming a green puddle at her feet.","케이의 저항도 헛되이 자지에서는 액체가 계속 뿜어져 나와, 발밑에 녹색 물웅덩이를 만든다",京的抵抗徒劳无功，液体不断从阴茎喷出，在脚边形成一滩绿色水洼。
,Kei core 1-5,,,,,,,
Kei.Core1-48,京,「はあっ♥、はあっ♥、はあっ♥！お゛おっ♥」,「はあっ♥、はあっ♥、はあっ♥！お゛おっ♥」,「哈♥，哈♥，哈啊♥！喔喔♥」,"""Oh, oh, oh, oh, oh, oh, oh, oh, oh, oh, oh, oh, oh, oh, oh, oh, oh, oh, oh, oh, oh, oh! Oh, oh, oh, oh, oh, oh!""","""Haa♥, haa♥, haa♥! Ooh♥""","「하앗♥, 하앗♥, 하앗♥! 오옷 오옷♥」",「哈♥，哈♥，哈啊♥！喔喔♥」
,,,,,,,,
Kei.Core1-49,,「お゛っ♥この私がっ、こんなっ、バカみたいなっ♥」,「お゛っ♥この私がっ、こんなっ、バカみたいなっ♥」,「喔♥我這個人、竟然做出這種、笨蛋一樣的事♥」,"""Oh, my God, I'm so stupid!""","""Oh♥ I... That was ridiculous...♥""","「오옷 옷♥ 이 내가, 이런, 바보 같은♥」",「喔♥我这个人、竟然做出这种、笨蛋一样的事♥」
,,,,,,,,
Kei.Core1-50,,「それにっ♥、チンポから出たこれは恐らく…私の聖核っ……」,「それにっ♥、チンポから出たこれは恐らく…私の聖核っ……」,「而且♥，從陰莖裡射出來的這東西恐怕是…我的聖核……」,"""And ♥, this thing from my dick is probably... my Seikaku. ......""","""And♥ what came out my cock was probably... my Holy Core...""","「게다가♥, 자지에서 나온 이것은 아마… 나의 성핵……」",「而且♥，从阴茎里射出来的这东西恐怕是…我的圣核……」
,,,,,,,,
Kei.Core1-51,,「まずいなっ♥…聖核は聖核戦姫の意識の器っ…出すごとに私自身が無くなっていく…っ♥！」,「まずいなっ♥…聖核は聖核戦姫の意識の器っ…出すごとに私自身が無くなっていく…っ♥！」,「不妙啊♥…聖核是聖核戰姫意識的容器…每射出來一次，我自身就會逐漸消失…♥！」,"""The Seikaku is the vessel of the consciousness of the Seikaku Princess....with each emission, I lose myself......♥♥!""","""This is bad♥... The Holy Core is the vessel of a Battlemaid's consciousness... Each release diminishes me...♥!""",「위험하네♥… 성핵은 성핵전희 의식의 그릇… 내뱉을 때마다 나 자신이 사라져가…윽♥!」,「不妙啊♥…圣核是圣核战姫意识的容器…每射出来一次，我自身就会逐渐消失…♥！」
,,,,,,,,
Kei.Core1-52,,「………現に既に頭がぼやけて意識が定まらなくなってきた……♥」,「………現に既に頭がぼやけて意識が定まらなくなってきた……♥」,「………事實上，我的頭腦已經開始模糊，意識也變得不穩定……♥」,""".........I'm already starting to feel fuzzy―headed and disoriented ......♥""","""...Indeed, my head is already getting foggy and my mind is becoming unfocused...♥""",「………현실적으로 이미 머리가 멍해져서 의식이 흐릿해져 가고 있어……♥」,「………事实上，我的头脑已经开始模糊，意识也变得不稳定……♥」
,,,,,,,,
Kei.Core1-53,,「恐らく次にこれだけの量を出してしまったら私から聖核が完全に出てしまう…それだけは避けなければっ！」,「恐らく次にこれだけの量を出してしまったら私から聖核が完全に出てしまう…それだけは避けなければっ！」,「恐怕下次射出這麼大的量，聖核就會完全從我體內出來…絕對不能讓這種事發生！」,"""Perhaps the next time I let out this much, the Seikaku will come out of me completely...I must avoid that!""","""If I release this much again, my Holy Core will be completely expelled... I must avoid that at all costs!""",「아마 다음에 이만큼의 양을 내뱉으면 나에게서 성핵이 완전히 나와버릴 거야… 그것만은 피해야 해!」,「恐怕下次射出这么大的量，圣核就会完全从我体内出来…绝对不能让这种事发生！」
,Kei core 1-6,,,,,,,
Kei.Core1-54,,「そ、そうと分かれば対処は簡単だっ！聖核を射精しない――――つまりチンポをしごかなければいいだけっ！」,「そ、そうと分かれば対処は簡単だっ！聖核を射精しない――――つまりチンポをしごかなければいいだけっ！」,「知、知道是怎麼回事就好解決了！不射出聖核――――也就是不套弄陰莖就行了！」,"""Once you know that, it's easy to deal with! Just don't ejaculate the Seikaku ――――, i.e., don't squeeze your dick!""","""N-Now that I understand, the solution is simple! Don't ejaculate the Holy Core! In other words, just don't stroke!""","「그, 그렇다면 대처는 간단해! 성핵을 사정하지 않는다―――― 즉 자지를 흔들지 않으면 되는 것뿐!」",「知、知道是怎么回事就好解决了！不射出圣核――――也就是不套弄阴茎就行了！」
,,,,,,,,
Kei.Core1-55,,「ふふっ、流石は私だっ！なんて完璧な作戦なんだっ！」,「ふふっ、流石は私だっ！なんて完璧な作戦なんだっ！」,「呵呵，不愧是我♥！這是多麼完美的作戰啊♥！」,"""I was the one who was in control! What a perfect plan!""","""Fufu, as expected of me! What a perfect strategy!""","「후훗, 역시 나야! 정말 완벽한 작전이야!」",「呵呵，不愧是我♥！这是多么完美的作战啊♥！」
,,,,,,,,
Kei.Core1-56,,「チンポごときでこの私をどうこうできると思ったら大間違いだ！」,「チンポごときでこの私をどうこうできると思ったら大間違いだ！」,「如果以為區區陰莖就能把我怎麼樣，那就大錯特錯了！」,"""If you think you can control me with your dick, you're wrong!""","""If you think my cock owns me, you're gravely mistaken!""",「자지 따위로 이 나를 어떻게 할 수 있다고 생각하면 큰 오산이야!」,「如果以为区区阴茎就能把我怎么样，那就大错特错了！」
,,,,,,,,
Kei.Core1-57,,「そう、チンポなんぞに…チンポに……チンポ…」,「そう、チンポなんぞに…チンポに……チンポ…」,「沒錯，陰莖這種東西…陰莖…陰莖…」,"""Yeah, for a dick... a dick... a ...... dick...""","""Yes, this cock... cock... cock...""","「그래, 자지 따위에… 자지에…… 자지…」",「没错，阴茎这种东西…阴茎…阴茎…」
,,,,,,,,
Kei.Core1-58,暗転,―――――3分後,―――――3分後,―――――三分鐘後,―――――3 minutes later,Three minutes later...,―――――3분 후,―――――三分钟后
,Kei core 1-7,,,,,,,
Kei.Core1-59,京,「ほおっ♥、チンポッ♥、チンポッ♥、チンポッ♥！」,「ほおっ♥、チンポッ♥、チンポッ♥、チンポッ♥！」,「吼喔♥，陰莖♥，陰莖♥，陰莖♥！」,"""Ho ho ♥, ding dong ♥, ding dong ♥, ding dong ♥!""","""Hooh♥, cock♥, cock♥, cock♥!""","「호오옷♥, 자지♥, 자지♥, 자지♥!」",「吼喔♥，阴茎♥，阴茎♥，阴茎♥！」
,,,,,,,,
Kei.Core1-60,,シコッ、シコッ、シコッ、シコッ！,シコッ、シコッ、シコッ、シコッ！,摩擦、摩擦、摩擦、摩擦！,"Shiccup, shiccup, shiccup, shiccup!","Stroke, stroke, stroke, stroke!","시콧, 시콧, 시콧, 시콧!",摩擦、摩擦、摩擦、摩擦！
,Kei cor1-8,,,,,,,
Kei.Core1-61,,「お゛っほ♥駄目なのにっ♥、チンポ擦るのやめられないぃッ♥！」,「お゛っほ♥駄目なのにっ♥、チンポ擦るのやめられないぃッ♥！」,「喔吼♥明明知道不行♥，卻停不下來摩擦陰莖啊♥！」,"""I can't stop rubbing my dick!""","""Ohho♥ Even though I shouldn't♥, I can't stop stroking♥!""","「오옷 옷호♥ 안 되는데♥, 자지 문지르는 걸 멈출 수가 없어잇♥!」",「喔吼♥明明知道不行♥，却停不下来摩擦阴茎啊♥！」
,,,,,,,,
Kei.Core1-62,,「とまれっ♥、これ以上はっ♥」,「とまれっ♥、これ以上はっ♥」,「停下來♥，不能再繼續了♥」,"""Stop, stop, no more.""","""Stop♥, any more than this and I...♥""","「멈춰♥, 이 이상은♥」",「停下来♥，不能再继续了♥」
,,,,,,,,
Kei.Core1-63,,「これ以上チンポをシコり続けると本当に死んでしまうッ♥」,「これ以上チンポをシコり続けると本当に死んでしまうッ♥」,「再這樣繼續套弄陰莖真的會死掉♥」,"""If I keep shimmying my dick any longer, I'm really going to die.""","""If I keep stroking any more, I'll really die♥""",「이 이상 자지를 계속 흔들면 정말 죽어버려♥」,「再这样继续套弄阴茎真的会死掉♥」
,,,,,,,,
Kei.Core1-64,,しかし京の理性に反して手の動きは更に加速していく,しかし京の理性に反して手の動きは更に加速していく,然而，與京的理性相反，手的動作卻進一步加速。,"But against Kei's reason, the hand movement accelerates further.","However, contrary to Kei's reason, her hand sped up.",하지만 케이의 이성과는 반대로 손놀림은 더욱 가속된다,然而，与京的理性相反，手的动作却进一步加速。
,Kei core 1-9,,,,,,,
Kei.Core1-65,,「ほおっ♥、ほおっ♥、お゛おっ♥、おっ！！」,「ほおっ♥、ほおっ♥、お゛おっ♥、おっ！！」,「吼喔♥，吼喔♥，喔喔♥，喔！！」,"""Ho ♥, ho ♥, oh ♥, oh ♥, oh ♥!""","""Hooh♥, hooh♥, ooh♥, oh!!""","「호오옷♥, 호오옷♥, 오옷 오옷♥, 옷!!」",「吼喔♥，吼喔♥，喔喔♥，喔！！」
,,,,,,,,
Kei.Core1-66,,ビクンッ♥！ビクンッ♥！,ビクンッ♥！ビクンッ♥！,抽動♥！抽動♥！,Bikkkk♥! Bikkkk♥!,Twitch♥! Twitch♥!,비쿤♥! 비쿤♥!,抽动♥！抽动♥！
,,,,,,,,
Kei.Core1-67,,「ま、まずいぃ♥、さっき射精した時の感覚がまたッ♥♥♥」,「ま、まずいぃ♥、さっき射精した時の感覚がまたッ♥♥♥」,「不、不妙♥，剛才射精時的感覺又來了♥♥♥」,"""I can't feel the sensation I had when I ejaculated just now again.""","""Th-This is bad♥, the sensation from the previous ejaculation... I can feel it...♥♥♥""","「위, 위험해♥, 아까 사정했을 때의 감각이 또♥♥♥」",「不、不妙♥，刚才射精时的感觉又来了♥♥♥」
,,,,,,,,
Kei.Core1-68,,「駄目だっ、命とチンポシコるのどっちが大事なのか冷静に考えろっ♥」,「駄目だっ、命とチンポシコるのどっちが大事なのか冷静に考えろっ♥」,「不行，冷靜思考一下生命和套弄陰莖哪個更重要♥」,"""No, you need to calmly consider what's more important, your life or getting a cock sucking.""","""No, think calmly about what's more important, life or your cock!""","「안돼, 목숨과 자지 흔드는 것 중 어느 것이 중요한지 냉정하게 생각해♥」",「不行，冷静思考一下生命和套弄阴茎哪个更重要♥」
,,,,,,,,
Kei.Core1-69,,「お゛っ♥でもチンポッ♥♥、あとちょっとっ♥チンポシコるっ♥！」,「お゛っ♥でもチンポッ♥♥、あとちょっとっ♥チンポシコるっ♥！」,「喔♥但是陰莖♥♥，再一下下♥，套弄陰莖♥！」,"""Oh, but I'm going to fuck your dick, I'm going to fuck your dick, I'm going to fuck your dick!""","""Oh♥ but cock♥♥, just a little more♥ stroking♥!""","「오옷 옷♥ 하지만 자지♥♥, 조금만 더♥ 자지 흔들자♥!」",「喔♥但是阴茎♥♥，再一下下♥，套弄阴茎♥！」
,,,,,,,,
Kei.Core1-70,,ビュクッ、ビュルッ,ビュクッ、ビュルッ,抽、咻嚕,"Bukk, burb.",Spurt! Gush!,"뷰큣, 뷰릇",抽、咻噜
,,,,,,,,
Kei.Core1-71,,「やばいっ、本当にイクッ♥、なのにっ♥、チンポシコるのやめられないぃぃいっ♥」,「やばいっ、本当にイクッ♥、なのにっ♥、チンポシコるのやめられないぃぃいっ♥」,「糟了，真的要高潮了♥，可是♥，停不下來套弄陰莖啊啊啊啊♥」,"""I'm cumming, I'm cumming, but I can't stop cumming...""","""This is bad, I'm really coming♥, but still♥, I can't stop stroking♥""","「위험해, 정말 가버렷♥, 그런데♥, 자지 흔드는 걸 멈출 수가 없어어어잇♥」",「糟了，真的要高潮了♥，可是♥，停不下来套弄阴茎啊啊啊啊♥」
,Kei core 1-10,,,,,,,
Kei.Core1-72,,ビュルルルッルッ！ドビュルルルルッ！,ビュルルルッルッ！ドビュルルルルッ！,咻嚕嚕嚕嚕！咚咻嚕嚕嚕！, ,Spurt! Gush!,뷰르르르릇르릇! 도뷰르르르르릇!,咻噜噜噜噜！咚咻噜噜噜！
,,,,,,,,
Kei.Core1-73,,「ほおっ♥、お゛お゛っ♥お゛おおおおっっっ！？！？！？」,「ほおっ♥、お゛お゛っ♥お゛おおおおっっっ！？！？！？」,「吼喔♥、喔喔♥、喔喔喔喔喔喔喔喔♥♥！？！？！？」,"""Ho, ho, ho, ho, ho, ho, ho, ho, ho, ho, ho, ho, ho, ho, ho, ho, ho, ho, ho, ho, ho, ho, ho, ho, ho, ho, ho, ho, ho, ho.""","""Hooh♥, ooh♥ ooooooh!?!?!?""","「호오옷♥, 오옷 오옷 옷♥오옷 오오오옷!!!?!?!?」",「吼喔♥、喔喔♥、喔喔喔喔喔喔喔喔♥♥！？！？！？」
,,,,,,,,
Kei.Core1-74,,ビュクッ、ビュルルルッルッ♥,ビュクッ、ビュルルルッルッ♥,抽、咻嚕嚕嚕嚕♥,"Bukk, bülllllllllll♥","Burst, spurt♥","뷰큣, 뷰르르르릇르릇♥",抽、咻噜噜噜噜♥
,,,,,,,,
Kei.Core1-75,,「イグッ、お゛っ♥おおおっっっ！？」,「イグッ、お゛っ♥おおおっっっ！？」,「射了，喔♥喔喔喔喔♥！？」,"""Iggghh, oooh ♥ oooh!""","""Coming, oh♥ ooooh!?""","「가버렷, 오옷 옷♥오오오옷!!!?」",「射了、喔♥喔喔喔喔♥！？」
,,,,,,,,
Kei.Core1-76,,京は聖核を射精しながらも、チンポを上下する手を止めることが出来ない,京は聖核を射精しながらも、チンポを上下する手を止めることが出来ない,京一邊射出聖核，一邊無法停止陰莖上下套弄的手。,Kei can't stop his hand from going up and down on his cock while ejaculating his Seikaku.,"Even while ejaculating her Holy Core, Kei couldn't stop her hand from stroking her cock.","케이는 성핵을 사정하면서도, 자지를 위아래로 움직이는 손을 멈출 수가 없다",京一边射出圣核，一边无法停止阴茎上下套弄的手。
,,,,,,,,
Kei.Core1-77,,「お゛っ♥？お゛お゛おおっ♥♥？お゛あっ♥」,「お゛っ♥？お゛お゛おおっ♥♥？お゛あっ♥」,「喔♥？喔喔喔喔喔♥♥？喔啊♥」,"""OH―oh―oh―oh―oh―oh―oh―oh―oh―oh―oh―oh―oh―oh. oh oh oh oh ♥♥♥? OHHHH!""","""Oh♥? Ooooh♥♥? Oah♥""",「오옷 옷♥? 오옷 오옷 오오옷♥♥? 오옷 앗♥」,「喔♥？喔喔喔喔喔♥♥？喔啊♥」
,,,,,,,,
Kei.Core1-78,,ぴゅるっ、ぴゅる,ぴゅるっ、ぴゅる,滴答、滴答,"Ping, ping, ping.","Dribble, dribble","퓨릇, 퓨릇",滴答、滴答
,Kei core 1-11,,,,,,,
Kei.Core1-79,,「お゛っ♥…………―――――」,「お゛っ♥…………―――――」,「喔♥…………―――――」,"""♥Oh ♥............―――――""","""Oh♥...""",「오옷 옷♥…………―――――」,「喔♥…………―――――」
,,,,,,,,
Kei.Core1-80,,チンポから最後の一滴が堕ち、京の手が止まり目から光が消えうせる,チンポから最後の一滴が堕ち、京の手が止まり目から光が消えうせる,最後一滴從陰莖滴落，京的手停了下來，眼睛失去了光芒。,"The last drop falls from his cock, Kei's hand stops and the light disappears from his eyes.","The last drop fell, Kei's hand stopped, and the light faded from her eyes.","자지에서 마지막 한 방울이 떨어지고, 케이의 손이 멈추고 눈에서 빛이 사라진다",最后一滴从阴茎滴落，京的手停了下来，眼睛失去了光芒。
,,,,,,,,
Kei.Core1-81,京,(あああああああっっ♥、や、やってしまったっ♥！),(あああああああっっ♥、や、やってしまったっ♥！),（啊啊啊啊啊啊啊♥我、我竟然鑄成大錯了♥！）,"(Aaahhhhhh, I did it!)","(Aaaaaah♥, I-I've done it♥!)","(아아아아아아앗♥, 저, 저질러 버렸어♥!)",（啊啊啊啊啊啊啊♥、我、我竟然铸成大错了♥！）
,,,,,,,,
Kei.Core1-82,,(こ、この私がこんなみっともない最期を迎えるなんてッ♥),(こ、この私がこんなみっともない最期を迎えるなんてッ♥),（我、我這個人竟然迎來這麼丟臉的死法啊♥！）,(I can't believe I'm going to meet such a miserable end.),(T-To think I would meet such a pathetic end♥),"(이, 이 내가 이런 꼴사나운 최후를 맞이하다니♥)",（我、我这个人竟然迎来这么丢脸的死法啊♥！）
,,,,,,,,
Kei.Core1-83,,(こうなってしまってはもうどうしようもないじゃないかっ！),(こうなってしまってはもうどうしようもないじゃないかっ！),（變成這樣就無可挽回了不是嗎！）,(What can we do now that this has happened?),"(Now that it's come to this, there's nothing I can do!)",(이렇게 되어버리면 이제 어쩔 도리가 없잖아!),（变成这样就无可挽回了不是吗！）
,,,,,,,,
Kei.Core1-84,,その時、スピーカーから声が響く,その時、スピーカーから声が響く,這時，擴音器傳來聲音。,"At that moment, a voice echoes from the speakers","At that moment, a voice echoed from the speaker.","그때, 스피커에서 목소리가 울린다",这时，扩音器传来声音。
,,,,,,,,
Kei.Core1-85,研究員,「はははっ！いいもの見させてもらったぜ！」,「はははっ！いいもの見させてもらったぜ！」,「哈哈哈哈！真是讓我大飽眼福！」,"""Haha! I got to see some good stuff!""","""Hahaha! That was quite a show!""",「하하핫! 좋은 구경 시켜줘서 고맙다!」,「哈哈哈哈！真是让我大饱眼福！」
,,,,,,,,
Kei.Core1-86,,「あの天才聖核戦姫がシコ猿みてえに聖核ぶちまけて逝くなんてなっ」,「あの天才聖核戦姫がシコ猿みてえに聖核ぶちまけて逝くなんてなっ」,「那位天才聖核戰姫竟然像擼管的猴子一樣噴出聖核然後死掉了啊。」,"""I can't believe that genius Seikaku Princess just blew her Seikakus all over the place like a little shit monkey.""","""To think that genius Holy Core Battlemaid would go out like that, jacking off like a monkey and spilling her Holy Core...""",「그 천재 성핵전희가 딸딸이 원숭이처럼 성핵 흩뿌리며 죽어가다니」,「那位天才圣核战姫竟然像撸管的猴子一样喷出圣核然后死掉了啊。」
,,,,,,,,
Kei.Core1-87,京,(なっ、私の痴態を全てみられていたのかっ！？),(なっ、私の痴態を全てみられていたのかっ！？),（什麼，我的醜態全都被看見了嗎！？）,"(What, did they see all my lasciviousness?)","(What, they saw everything!?)","(뭣, 내 추태를 전부 보고 있었던 건가!?)",（什么，我的丑态全都被看见了吗！？）
,,,,,,,,
Kei.Core1-88,,(くそっ、この私がこんなバカみたいな最後っ…！？),(くそっ、この私がこんなバカみたいな最後っ…！？),（可惡，我竟然迎來這麼愚蠢的結局…！？）,"(Damn, I'm the last one to be this stupid...!)","(Damn it, to think I would meet such a ridiculous end...!?)","(젠장, 이 내가 이런 바보 같은 최후를…!?)",（可恶，我竟然迎来这么愚蠢的结局…！？）
,,,,,,,,
Kei.Core1-89,研究員,「まあ心配するな、お前の体も聖核も無駄にはしねえからよ」,「まあ心配するな、お前の体も聖核も無駄にはしねえからよ」,「不用擔心，妳的身體和聖核都不會浪費的。」,"""Don't worry, we won't waste your body or the Seikaku.""","""Well, don't worry. Neither your body nor your Holy Core will go to waste.""","「뭐 걱정하지 마라, 네 몸도 성핵도 헛되이 하지는 않을 테니」",「不用担心，你的身体和圣核都不会浪费的。」
,,,,,,,,
Kei.Core1-90,京,(っ、ううっ…),(っ、ううっ…),（唔，嗚嗚…）,(Woohoo...),(Ugh...),"(윽, 으윽…)",（唔，呜呜…）
,,,,,,,,
Kei.Core1-91,,――――その後、京の聖核と抜け殻の肉体は資源として回収され、加工されるのだった,――――その後、京の聖核と抜け殻の肉体は資源として回収され、加工されるのだった,――――之後，京的聖核和空殼的肉體被作為資源回收，進行加工。,"―――― Then, Kei's Seikaku and shelled body were recovered and processed as a resource.","After that, Kei's Holy Core and empty body were collected as resources and processed.","――――그 후, 케이의 성핵과 껍데기뿐인 육체는 자원으로서 회수되어, 가공되는 것이었다",――――之后，京的圣核和空壳的肉体被作为资源回收，进行加工。
,,,,,,,,
Kei Core Scene２,注釈,聖核シーン２,聖核シーン２,,聖核シーン２,,성핵 이벤트 2,
,,,,,,,,
Kei.Core2-1,,京が聖核を排出してからしばらくして,京が聖核を排出してからしばらくして,京的聖核被排出後過了一段時間,Some time after Kei discharged the Seikaku,Some time after Kei expelled her Holy Core...,케이가 성핵을 배출한 후 얼마 지나지 않아,京的圣核被排出后过了一段时间
,,,,,,,,
Kei.Core2-2,Kei core 2ｰ1,京の聖核はオナホに加工され、意識を失った元の体のチンポにハメられていた,京の聖核はオナホに加工され、意識を失った元の体のチンポにハメられていた,京的聖核被加工成自慰套，套在失去意識的她原本的身體的陰莖上。,Kei's Seikaku was processed into a masturbator and fucked by the cock of his former unconscious body.,"Kei's Holy Core had been processed into a pocket pussy and placed around the cock on her unconscious physical body, now mindless.","케이의 성핵은 오나홀로 가공되어, 의식을 잃은 원래 몸의 자지에 박혀 있었다",京的圣核被加工成自慰套，套在失去意识的她原本的身体的阴茎上。
,,,,,,,,
Kei.Core2-3,京,(んあっ♥、な、何だこれはッ♥、どうなっているっ♥！？),(んあっ♥、な、何だこれはッ♥、どうなっているっ♥！？),（嗯啊♥，這、這是什麼♥，發生什麼事了♥！？）,"(Nnnn, what the hell is this?)","(Nah♥, wh-what is this♥, what's happening♥!?)","(응앗♥, 무, 뭐야 이건♥, 어떻게 된 거야♥!?)",（嗯啊♥，这、这是什么♥，发生什么事了♥！？）
,,,,,,,,
Kei.Core2-4,研究員,「ははっ久しぶりの体とのご対面だな、どうだ？自分のチンポは」,「ははっ久しぶりの体とのご対面だな、どうだ？自分のチンポは」,「哈哈，很久沒和自己的身體見面了，感覺如何？妳自己的陰莖。」,"""Ha ha, haven't seen your body in a long time, how do you like it? How's your dick?""","""Haha, reunited with your body after so long. How did your cock feel?""","「하핫 오랜만의 몸과의 재회구나, 어떠냐? 네 자지는」",「哈哈，很久没和自己的身体见面了，感觉如何？你自己的阴茎。」
,,,,,,,,
Kei.Core2-5,,(私は確かあの後圧縮されたり型に流し込まれたりして…),(私は確かあの後圧縮されたり型に流し込まれたりして…),（我記得我之後被壓縮，然後灌入模具…）,(I'm pretty sure I was compressed or poured into a mold after that...),(I remember being compressed and molded after that...),(나는 분명 그 후 압축되거나 틀에 부어지거나 해서…),（我记得我之后被压缩、然后灌入模具…）
,,,,,,,,
Kei.Core2-6,京,(んっ♥、なるほど…っ♥、つまり、今は私はオナホになって元の体に…っ♥),(んっ♥、なるほど…っ♥、つまり、今は私はオナホになって元の体に…っ♥),（嗯♥，原來如此…♥，也就是說，現在我變成自慰套，套回原本的身體上…♥）,"(Nnnn♥, I see...♥, I mean, now I'm a masturbator and in my original body...♥)","(Nn♥, I see...♥ So now I've been turned into a pocket pussy for my original body...♥)","(응읏♥, 과연…윽♥, 즉, 지금 나는 오나홀이 되어 원래 몸에…윽♥)",（嗯♥，原来如此…♥，也就是说，现在我变成自慰套，套回原本的身体上…♥）
,,,,,,,,
Kei.Core2-7,研究員,「コイツは聖核が抜けてから壊れた機械みたいにずっとチンポいじっていてな」,「コイツは聖核が抜けてから壊れた機械みたいにずっとチンポいじっていてな」,「這傢伙聖核出來後，就跟壞掉的機械一樣一直玩弄陰莖。」,"""This guy has been fiddling with his dick like a broken machine ever since the Seikaku was removed.""","""Since the Holy Core was expelled, it's been acting like a broken machine, constantly stimulating itself.""",「이 녀석은 성핵이 빠지고 나서 망가진 기계처럼 계속 자지를 만지작거려서 말이야」,「这家伙圣核出来后，就跟坏掉的机械一样一直玩弄阴茎。」
,,,,,,,,
Kei.Core2-8,,「かわいそうに聖核が排出される最後の瞬間が脳に焼き付いちまったんだろうな」,「かわいそうに聖核が排出される最後の瞬間が脳に焼き付いちまったんだろうな」,「真可憐，聖核排出的最後一刻一定深深地烙印在腦海裡了吧。」,"""Poor guy must have had that last moment of the Seikaku being expelled burned into his brain.""","""Poor thing, that final moment of expelling the Holy Core must have been burned into its brain.""",「불쌍하게도 성핵이 배출되는 마지막 순간이 뇌에 새겨져 버린 거겠지」,「真可怜，圣核排出的最后一刻一定深深地烙印在脑海里了吧。」
,,,,,,,,
Kei.Core2-9,京,(なっ、私の体が今そんなことにっ！？),(なっ、私の体が今そんなことにっ！？),（什麼，我的身體現在在做這種事！？）,"(What, my body just did that?)","(What, my body is now doing that!?)","(뭣, 내 몸이 지금 그런 상태라고!?)",（什么，我的身体现在在做这种事！？）
,,,,,,,,
Kei.Core2-10,研究員,「まあ可哀そうだと思うんならオナホらしく相手してやるんだな」,「まあ可哀そうだと思うんならオナホらしく相手してやるんだな」,「如果覺得可憐的話，就像個自慰套一樣好好地伺候吧。」,"""Well, if you feel sorry for him, then treat him like a masturbator.""","""Well, if you feel sorry for it, then act like a proper pocket pussy and take care of it.""",「뭐 불쌍하다고 생각한다면 오나홀답게 상대해주도록 해라」,「如果觉得可怜的话，就像个自慰套一样好好地伺候吧。」
,,,,,,,,
Kei.Core2-11,,そして京の抜け殻の体はオナホになった京を使ってチンポをしごき始める,そして京の抜け殻の体はオナホになった京を使ってチンポをしごき始める,接著，京的空殼身體開始用變成自慰套的京來套弄陰莖。,And Kei's shell of a body begins to use Kei as a masturbator to squirt his cock.,And so Kei's empty body began fucking the pocket pussy that Kei had become.,그리고 케이의 껍데기뿐인 몸은 오나홀이 된 케이를 사용해서 자지를 흔들기 시작한다,接着，京的空壳身体开始用变成自慰套的京来套弄阴茎。
,,,,,,,,
Kei.Core2-12,,シコッ、シコッ、シコッ、シコッ！,シコッ、シコッ、シコッ、シコッ！,摩擦、摩擦、摩擦、摩擦！,"Shiccup, shiccup, shiccup, shiccup!","Stroke, stroke, stroke, stroke!","시콧, 시콧, 시콧, 시콧!",摩擦、摩擦、摩擦、摩擦！
,,,,,,,,
Kei.Core2-13,京,(んあっ♥、ま、まて私っ♥！私の許可なく勝手に動くなっ♥),(んあっ♥、ま、まて私っ♥！私の許可なく勝手に動くなっ♥),（嗯啊♥，等、等一下我的身體♥！不准未經我的允許擅自行動♥）,"(Oh, no, no, no, no, no, no, no! Don't move without my permission.)","(Nah♥, w-wait, me♥! Don't move without my permission♥)","(응앗♥, 자, 잠깐 나!♥ 내 허락 없이 멋대로 움직이지 마♥)",（嗯啊♥，等、等一下我的身体♥！不准未经我的允许擅自行动♥）
,,,,,,,,
Kei.Core2-14,,(くうっ♥、ほとんど全ての感覚がチンポをこするのに集中しているっ♥),(くうっ♥、ほとんど全ての感覚がチンポをこするのに集中しているっ♥),（嗚♥，幾乎所有的感覺都集中在摩擦陰莖上♥）,"(Kuu♥, almost all my senses are focused on rubbing my dick.)","(Kuh♥, almost all sensations are concentrated on the stroking♥)","(크읏♥, 거의 모든 감각이 자지를 문지르는 데 집중되어 있어♥)",（呜♥，几乎所有的感觉都集中在摩擦阴茎上♥）
,,,,,,,,
Kei.Core2-15,,シコッ、シコッ、シコッ、シコッ！,シコッ、シコッ、シコッ、シコッ！,摩擦、摩擦、摩擦、摩擦！,"Shiccup, shiccup, shiccup, shiccup!","Stroke, stroke, stroke, stroke!","시콧, 시콧, 시콧, 시콧!",摩擦、摩擦、摩擦、摩擦！
,,,,,,,,
Kei.Core2-16,,(体全体でっ♥、チンポを受け止めている感覚だっ♥、んあっ♥),(体全体でっ♥、チンポを受け止めている感覚だっ♥、んあっ♥),（整個身體♥，都在承受著陰莖的感覺♥，嗯啊♥）,(My whole body is receiving the cock.),(My entire being♥ is focused on taking in the cock♥ Nnnah♥),"(온몸으로♥, 자지를 받아들이는 감각이야♥, 응앗♥)",（整个身体♥，都在承受着阴茎的感觉♥，嗯啊♥）
,,,,,,,,
Kei.Core2-17,,そしてオナホを動かす手が早くなったかと思うと京のチンポがだんだんと熱を帯び始める,そしてオナホを動かす手が早くなったかと思うと京のチンポがだんだんと熱を帯び始める,正當自慰套的手套弄開始加快時，京的陰莖也逐漸發熱。,And then Kei's cock begins to heat up as his hand moves the masturbator faster and faster.,"As the movements quickened, Kei's penis grew hotter and hotter.",그리고 오나홀을 움직이는 손이 빨라지자 케이의 자지가 점점 뜨거워지기 시작한다,正当自慰套的手套弄开始加快时，京的阴茎也逐渐发热。
,,,,,,,,
Kei.Core2-18,,(んっ♥、な、なんだっ♥、チンポが脈打ってっ♥),(んっ♥、な、なんだっ♥、チンポが脈打ってっ♥),（嗯♥，什、什麼♥，陰莖在搏動♥）,"(♥♥♥, what the hell, my dick is pulsating...)","(Nn♥, wh-what♥, it's pulsating♥)","(응읏♥, 무, 뭐야♥, 자지가 맥박치고♥)",（嗯♥，什、什么♥，阴茎在搏动♥）
,,,,,,,,
Kei.Core2-19,,(ま、まさかっ♥、ちょっと待て私！心の準備を―――――),(ま、まさかっ♥、ちょっと待て私！心の準備を―――――),（難、難道是♥，等一下我的身體！我還沒做好心理準備―――――）,"(Well, no way ♥, wait a minute, me! Prepare yourself ―――――)","(N-No way♥, wait, me! I'm not mentally prepared for this...)","(서, 설마♥, 잠깐 기다려 나! 마음의 준비를―――――)",（难、难道是♥，等一下我的身体！我还没做好心理准备―――――）
,Kei core 2-2,,,,,,,
Kei.Core2-20,,ドクッ！、ドビュルルルルッッ！！！,ドクッ！、ドビュルルルルッッ！！！,噗通！咚咻嚕嚕嚕嚕！！！,Doc! Doburrrrrrrrrrrrrrrrr!,Throb! Gush!!!,"도큣!, 도뷰르르르릇!!!",噗通！咚咻噜噜噜噜！！！
,,,,,,,,
Kei.Core2-21,,(んおおおおっっっ♥♥♥、んああっ♥♥！！),(んおおおおっっっ♥♥♥、んああっ♥♥！！),（嗯喔喔喔喔喔♥♥♥，嗯啊啊啊♥♥！！）,(Nnooooooooooooooooooooooooooooooooooooooooooooooooooooooooooooooooooooooooooooooooooooooooooooooooo!),"(Noooooh♥♥♥, naah♥♥!!)","(응오오오옷♥♥♥, 응아앗♥♥!!)",（嗯喔喔喔喔喔♥♥♥，嗯啊啊啊♥♥！！）
,,,,,,,,
Kei.Core2-22,,京のオナホの中に大量の白濁液が放たれ、勢い余って口部分からも精液が噴きだす,京のオナホの中に大量の白濁液が放たれ、勢い余って口部分からも精液が噴きだす,大量的白色液體被釋放到京的自慰套裡，精液勢不可擋地從開口噴出來。,"A large amount of white sperm is released into Kei's masturbatorium, and the semen spurts out from the mouth part with too much vigor.","A large amount of semen was shot into the pocket pussy that is Kei, spilling out from the opening.","케이의 오나홀 안에 대량의 백탁액이 방출되고, 기세가 넘쳐 입 부분에서도 정액이 뿜어져 나온다",大量的白色液体被释放到京的自慰套里，精液势不可挡地从开口喷出来。
,,,,,,,,
Kei.Core2-23,,(ほおっ♥、体の中をっ♥、熱い流れがドクドクしてっ、イクッ♥♥),(ほおっ♥、体の中をっ♥、熱い流れがドクドクしてっ、イクッ♥♥),（吼喔♥，體內♥，一陣熱流在劇烈地搏動，高潮♥♥）,"(Ooh ♥♥, inside my body, a hot stream is throbbing, I'm cumming ♥♥♥)",(Hooh♥ I can feel the hot liquid coursing through♥ I'm coming♥),"(호오옷♥, 몸속을♥, 뜨거운 흐름이 두근두근거려서, 가버렷♥♥)",（吼喔♥，体内♥，一阵热流在剧烈地搏动，高潮♥♥）
,,,,,,,,
Kei.Core2-24,,ビュクッ、ビュルルッ、ドピュッ♥,ビュクッ、ビュルルッ、ドピュッ♥,抽、咻嚕嚕、噗♥,,"Burst, spurt, splash♥","뷰큣, 뷰르릇, 도퓻♥",抽、咻噜噜、噗♥
,,,,,,,,
Kei.Core2-25,,(んあっ♥、頭に直接射精されてるっ♥！),(んあっ♥、頭に直接射精されてるっ♥！),（嗯啊♥，精液直接射在我的頭腦裡♥！）,"(♥♥, it's ejaculating directly into my head!)","(Nah♥, ejaculating into my consciousness♥!)","(응앗♥, 머리에 직접 사정당하고 있어♥!)",（嗯啊♥，精液直接射在我的头脑里♥！）
,,,,,,,,
Kei.Core2-26,,(んっ♥、体中がマンコになった感じでっ、チンポの事しか考えられないっ♥！！),(んっ♥、体中がマンコになった感じでっ、チンポの事しか考えられないっ♥！！),（嗯♥，全身就像小穴一樣，滿腦子都只剩下陰莖♥！！）,"(♥♥♥, I feel like my whole body is pussy, all I can think about is my dick!)","(Nn♥, it's like my entire body became a pussy, and I can only think about cocks♥!!)","(응읏♥, 온몸이 보지가 된 느낌으로, 자지 생각밖에 할 수 없어♥!!)",（嗯♥，全身就像小穴一样，满脑子都只剩下阴茎♥！！）
,Kei core 2ｰ3,,,,,,,
Kei.Core2-27,,何度か小さく射精した後、京の射精が止む,何度か小さく射精した後、京の射精が止む,經過幾次微小的射精後，京的射精終於停止。,"After several small ejaculations, Kei's ejaculation stops.","After ejaculating several more times, Kei finally stopped.","몇 번이나 작게 사정한 후, 케이의 사정이 멈춘다",经过几次微小的射精后，京的射精终于停止。
,,,,,,,,
Kei.Core2-28,,(はあっ♥、はあっ♥、私のチンポめっ♥、いくら何でも出し過ぎだっ！！),(はあっ♥、はあっ♥、私のチンポめっ♥、いくら何でも出し過ぎだっ！！),（哈♥，哈♥，我的陰莖啊♥，再怎麼說也射太多了吧！！）,"(Ah, ah, ah, ah, ah, my cock, you've taken too much!)","(Haa♥, haa♥, my cock♥, that was way too much!!)","(하앗♥, 하앗♥, 내 자지 녀석♥, 아무리 그래도 너무 많이 쌌잖아!!)",（哈♥，哈♥，我的阴茎啊♥，再怎么说也射太多了吧！！）
,,,,,,,,
Kei.Core2-29,,(…………しかしっ…何故だろうか…♥),(…………しかしっ…何故だろうか…♥),（…………可是…為什麼呢…♥）,(............ but...why...♥),(...But... why is it...♥),(…………하지만… 왜일까…♥),（…………可是…为什么呢…♥）
,,,,,,,,
Kei.Core2-30,,(私は妙な満足感を…♥、オナホとして射精してもらったことに喜びを感じている…っ♥！？),(私は妙な満足感を…♥、オナホとして射精してもらったことに喜びを感じている…っ♥！？),（我感覺到一種奇妙的滿足感…♥，為自己作為自慰套被射精而感到喜悅…♥！？）,"(I feel a strange sense of satisfaction... ♥, I feel pleasure in having him ejaculate as a masturbator... ♥!)",(I feel a strange satisfaction...♥ Joy from being used as a pocket pussy...♥!?),"(나는 묘한 만족감을…♥, 오나홀로서 사정받은 것에 기쁨을 느끼고 있어…윽♥!?)",（我感觉到一种奇妙的满足感…♥，为自己作为自慰套被射精而感到喜悦…♥！？）
,,,,,,,,
Kei.Core2-31,,(っ、それは駄目だっ♥、心までオナホになってしまったら本当にただのオナホじゃないかっ！),(っ、それは駄目だっ♥、心までオナホになってしまったら本当にただのオナホじゃないかっ！),（唔，這不行♥，如果連心也墮落成自慰套，那我就真的只是個自慰套了不是嗎！）,"(No, you can't do that! If your mind becomes a masturbator, you're really just a masturbator!)","(No, that's wrong♥, if my mind becomes like one, I'll really just be a pocket pussy!)","(윽, 그건 안 돼♥, 마음까지 오나홀이 되어버리면 정말 그냥 오나홀이잖아!)",（唔，这不行♥，如果连心也堕落成自慰套，那我就真的只是个自慰套了不是吗！）
,,,,,,,,
Kei.Core2-32,,(体はオナホになっても心までは堕ちないっ♥、これが最後の尊厳だっ！),(体はオナホになっても心までは堕ちないっ♥、これが最後の尊厳だっ！),（即使身體變成了自慰套，心也絕不墮落♥，這是最後的尊嚴了！）,"(My body may be a masturbator, but my mind is not corrupted.)","(Even if my body has become a pocket pussy, my mind won't fall♥ This is my last dignity!)","(몸은 오나홀이 되어도 마음까지는 타락하지 않아♥, 이것이 마지막 존엄이다!)",（即使身体变成了自慰套，心也绝不堕落♥，这是最后的尊严了！）
,,,,,,,,
Kei.Core2-33,,オナホの京が思考をめぐらせていると、京のチンポが再び固くなり始める,オナホの京が思考をめぐらせていると、京のチンポが再び固くなり始める,就在自慰套京思索著時，京的陰莖再次開始硬挺。,"As the masturbator Kei is thinking, Kei's cock begins to harden again!","As pocket pussy-Kei was thinking, Kei's cock grew hard again.","오나홀 케이가 생각을 하고 있자, 케이의 자지가 다시 단단해지기 시작한다",就在自慰套京思索着时，京的阴茎再次开始硬挺。
,,,,,,,,
Kei.Core2-34,,(なっ♥！？、またっ！、今さっき射精したばかりだろうっ♥！？),(なっ♥！？、またっ！、今さっき射精したばかりだろうっ♥！？),（什麼♥！？又來了！剛才才射精過吧♥！？）,"(♥! Oh, no! You just ejaculated a minute ago!)",(What♥!? Again! It just finished moments ago♥!?),"(뭣♥!?, 또!, 방금 막 사정했잖아♥!?)",（什么♥！？又来了！刚才才射精过吧♥！？）
,,,,,,,,
Kei.Core2-35,,(私っ！、いくら何でも盛り過ぎだっ♥！いい加減にしろっ♥！),(私っ！、いくら何でも盛り過ぎだっ♥！いい加減にしろっ♥！),（我的身體！慾望也太強了吧♥！給我適可而止♥！）,(Me! You're too much! That's enough!),(Me! This is too much♥! Stop it already♥!),"(나!, 아무리 그래도 너무 흥분했어♥! 적당히 해♥!)",（我的身体！欲望也太强了吧♥！给我适可而止♥！）
,Kei core 2-4,,,,,,,
Kei.Core2-36,,シコッ、シコッ、シコッ、シコッ！,シコッ、シコッ、シコッ、シコッ！,摩擦、摩擦、摩擦、摩擦！,"Shiccup, shiccup, shiccup, shiccup!","Stroke, stroke, stroke, stroke!","시콧, 시콧, 시콧, 시콧!",摩擦、摩擦、摩擦、摩擦！
,,,,,,,,
Kei.Core2-37,,(お゛おっ♥、チンポッ♥、またっ♥),(お゛おっ♥、チンポッ♥、またっ♥),（喔喔♥，陰莖♥，又來了♥）,"(Oh, oh, oh, oh, oh, oh, oh, oh, oh, oh, oh, oh, oh, oh, oh, oh, oh, oh, oh, oh, oh, oh, oh, oh, oh, oh, oh, oh, oh, oh, oh.)","(Ooh♥, cock♥, again♥)","(오옷 오옷♥, 자지♥, 또♥)",（喔喔♥，阴茎♥，又来了♥）
,,,,,,,,
Kei.Core2-38,,(んあっ♥、駄目なのにっ♥、使ってもらってっ♥嬉しくなっている自分がいるっ♥),(んあっ♥、駄目なのにっ♥、使ってもらってっ♥嬉しくなっている自分がいるっ♥),（嗯啊♥，明明是不可以的♥，因為被當作自慰套♥而感到高興的自己♥）,"(Oh, I'm so happy to be used, even though I shouldn't be...)","(Nah♥, even though I shouldn't♥, part of me is happy being used♥)","(응앗♥, 안 되는데♥, 사용받아서♥ 기뻐하고 있는 내가 있어♥)",「我来告诉你怎么玩弄阳具！喂！」
,,,,,,,,
Kei.Core2-39,,(駄目だっ♥、また射精されたらっ♥、オナホから戻れなくなるっ♥),(駄目だっ♥、また射精されたらっ♥、オナホから戻れなくなるっ♥),（不行♥，要是再被射精♥，我就會回不來自慰套的狀態了♥）,"(No, if he ejaculates again, I won't be able to go back from the masturbator.)","(No♥, if my body comes again♥, I'll just be a pocket pussy forever♥)","(안 돼♥, 또 사정당하면♥, 오나홀에서 돌아갈 수 없게 돼♥)",（不行♥，要是再被射精♥，我就会回不来自慰套的状态了♥）
,,,,,,,,
Kei.Core2-40,,しかし京の思考に反し、京の体はチンポを扱く手の激しさを増していく,しかし京の思考に反し、京の体はチンポを扱く手の激しさを増していく,然而，與京的思考相反，京的身體套弄陰莖的手勢頭越來越猛烈。,"But against Kei's thoughts, Kei's body is getting more intense with his hand on his cock.","However, contrary to Kei's thoughts, Kei's movements quickened and stroked itself harder.","하지만 케이의 생각과는 반대로, 케이의 몸은 자지를 흔드는 손의 격렬함을 더해간다",然而，与京的思考相反，京的身体套弄阴茎的手势头越来越猛烈。
,,,,,,,,
Kei.Core2-41,,シコッ、シコッ、シコッ、シコッ！,シコッ、シコッ、シコッ、シコッ！,摩擦、摩擦、摩擦、摩擦！,"Shiccup, shiccup, shiccup, shiccup!","Stroke, stroke, stroke, stroke!","시콧, 시콧, 시콧, 시콧!",摩擦、摩擦、摩擦、摩擦！
,,,,,,,,
Kei.Core2-42,,(お゛っ♥、お゛っ♥、チンポッ♥、チンポッ♥！),(お゛っ♥、お゛っ♥、チンポッ♥、チンポッ♥！),（喔♥、喔♥、陰莖♥、陰莖♥！）,"(Oh, dang, dang, dang, dang, dang, dang, dang!)","(Oh♥, oh♥, cock♥, cock♥!)","(오옷 옷♥, 오옷 옷♥, 자지♥, 자지♥!)",（喔♥、喔♥、阴茎♥、阴茎♥！）
,,,,,,,,
Kei.Core2-43,,(お゛っ♥、私はオナホじゃないッ♥！射精された所でっ♥),(お゛っ♥、私はオナホじゃないッ♥！射精された所でっ♥),（喔♥，我不是自慰套♥！是要被射精的東西♥）,"(Oh, I'm not a masturbator! I just got ejaculated on.)","(Oh♥, I'm not a pocket pussy! I know I'm being ejaculated into, but...♥)","(오옷 옷♥, 나는 오나홀이 아니야! 사정당한 곳에서♥)",（喔♥，我不是自慰套♥！就算被射精♥）
,Kei core 2-5,,,,,,,
Kei.Core2-44,,ドクドクッ、ドビュルルルルッッッ！,ドクドクッ、ドビュルルルルッッッ！,噗通噗通、咚咻嚕嚕嚕嚕嚕！,"Thud, thud, thud, thud, thud!","Throb, throb, gush!!!","도큣도큣, 도뷰르르르릇!!",噗通噗通、咚咻噜噜噜噜噜！
,,,,,,,,
Kei.Core2-45,,京のチンポから再び容赦なく白濁液が吐き出され、オナホの中を満たす,京のチンポから再び容赦なく白濁液が吐き出され、オナホの中を満たす,京的陰莖再次毫不留情地吐出白色液體，充滿了自慰套的內部。,"Kei's cock once again spits out a relentless white fluid, filling the masturbatorium.","Once again, white liquid shot out from Kei's cock violently, filling the pocket pussy.","케이의 자지에서 다시 용서 없이 백탁액이 토해져 나와, 오나홀 안을 채운다",京的阴茎再次毫不留情地吐出白色液体，充满了自慰套的内部。
,,,,,,,,
Kei.Core2-46,,(んあっ♥、精液きたっっ♥！！),(んあっ♥、精液きたっっ♥！！),（嗯啊♥，精液來了♥♥！！）,"(Oh, I'm cumming!!!!!!!)",(Semen♥ And lots of it♥),"(응앗♥, 정액 왔다♥♥!!)",（嗯啊♥，精液来了♥♥！！）
,,,,,,,,
Kei.Core2-47,,(出されてるのにっ♥、射精してもらったことが嬉しいっ♥！),(出されてるのにっ♥、射精してもらったことが嬉しいっ♥！),（明明是射出的，卻又對被射精感到高興♥！）,"(I'm being ejaculated on, and I'm so happy that I got ejaculated on!)","(Even though it came inside me, I'm happy that it came for me♥)","(싸여지고 있는데♥, 사정받은 것이 기뻐♥!)",（明明是射出的，却又对被射精感到高兴♥！）
,,,,,,,,
Kei.Core2-48,,(達成感を感じてしまうっ♥、オナホになりたくなってしまうっ♥),(達成感を感じてしまうっ♥、オナホになりたくなってしまうっ♥),（感覺到成就感♥，我開始想變成自慰套了♥）,"(I feel a sense of accomplishment ♥, I want to be a masturbator ♥)",(I feel a sense of accomplishment... It makes me want to be a pocket pussy♥),"(성취감을 느껴버려♥, 오나홀이 되고 싶어져♥)",（感觉到成就感♥，我开始想变成自慰套了♥）
,,,,,,,,
Kei.Core2-49,,ドクンッ♥、ドクッ♥！,ドクンッ♥、ドクッ♥！,噗通♥、噗通♥！,"Boom ♥, boom ♥!",Throb! Throb!,"도쿤♥, 도큣♥!",噗通♥、噗通♥！
,,,,,,,,
Kei.Core2-50,,(お゛っ♥お゛っ♥、射精していただきっ♥、ありがとうございますっ♥！),(お゛っ♥お゛っ♥、射精していただきっ♥、ありがとうございますっ♥！),（喔♥喔♥，謝謝射精♥，謝謝您使用我♥！）,"(Oooooooooooooooooooooooooooooooooooooooooooooooooooooooooooooo, thank you for ejaculating!)",(Ohhh♥ Ohhh♥ Thank you for coming♥),"(오옷 옷♥오옷 옷♥, 사정해주셔서♥, 감사합니다♥!)",（喔♥喔♥，谢谢射精♥，谢谢您使用我♥！）
,,,,,,,,
Kei.Core2-51,,(気持ちよく使ってくださりっ♥オナホ冥利に尽きますっ♥),(気持ちよく使ってくださりっ♥オナホ冥利に尽きますっ♥),（您用得這麼舒服♥，自慰套真是死而無憾♥）,(Thank you for using it so comfortably ♥ I am very happy to be able to use a masturbator!),(Making the cock feel good is this pocket pussy's greatest honor♥),(기분 좋게 사용해주셔서♥ 오나홀로서 더할 나위 없습니다♥),（您用得这么舒服♥，自慰套真是死而无憾♥）
,,,,,,,,
Kei.Core2-52,,そして京はその後肉体から4度の射精を受け、その後は聖核に再利用されるまで戦闘員や怪人のオナホとして使われるのだった,そして京はその後肉体から4度の射精を受け、その後は聖核に再利用されるまで戦闘員や怪人のオナホとして使われるのだった,隨後，京又受到了肉體四次的射精，之後直到聖核被再利用之前，都被作為戰鬥員和怪人的自慰套使用著。,Kei would then ejaculate four times from his body and then be used as a masturbator for fighters and monsters until he was repurposed by the Seikaku.,"After that, the body ejaculated into Kei four more times before Kei's Holy Core was repurposed as a pocket pussy for soldiers and fiends.","그리고 케이는 그 후 육체로부터 4번의 사정을 받고, 그 후에는 성핵으로 재이용될 때까지 전투원이나 괴인의 오나홀로서 사용되는 것이었다",随后，京又受到了肉体四次的射精，之后直到圣核被再利用之前，都被作为战斗员和怪人的自慰套使用着。