Key,Comment,Japanese,Japanese_Steam,Traditional Chinese_Steam,English,English_Steam,Korean_Steam,Simplified Chinese_Steam
Nayuta Fallen Scene,注釈,闇堕ちシーン,闇堕ちシーン,,闇堕ちシーン,,타락 이벤트,
Nayuta.Fallen1-1,暗転,那由多は財団に捕らえられ、地下深くの施設に厳重に拘束されていた,那由多は財団に捕らえられ、地下深くの施設に厳重に拘束されていた,那由多被財團抓走，被嚴密地拘束在地下深處的設施裡。,Nayuta was captured by the Foundation and held tightly in a facility deep underground.,Nayuta had been captured by the Foundation and was heavily restrained deep within an underground facility.,"나유타는 재단에 붙잡혀, 지하 깊숙한 시설에 엄중히 구속되어 있었다",那由多被财团抓走，被严密地拘束在地下深处的设施里。
,Nayuta darkness 1-1,,,,,,,
Nayuta.Fallen1-2,那由多,(……この鎖…かなり丈夫な素材で作られていますね…),(……この鎖…かなり丈夫な素材で作られていますね…),（……這條鎖鏈…是用相當堅固的材料做的呢…）,(...... this chain... it is made of a very strong material...),(...These chains... They're made from quite a sturdy material...),(……이 사슬… 꽤 튼튼한 소재로 만들어졌군요…),（……这条锁链…是用相当坚固的材料做的呢…）
,,,,,,,,
Nayuta.Fallen1-3,,(……………とはいえこの程度なら変身さえすれば破壊できるでしょう),(……………とはいえこの程度なら変身さえすれば破壊できるでしょう),（……………話雖如此，只要變身的話，應該就能破壞掉。）,"(Even though it is ..............., this level of destruction will be possible as long as it is transformed.)","(...That said, I should be able to destroy them if I just transform.)",(……………라고는 해도 이 정도라면 변신만 하면 파괴할 수 있겠죠),（……………话虽如此，只要变身的话，应该就能破坏掉。）
,,,,,,,,
Nayuta.Fallen1-4,,(…聖核エネルギーを貯めて……脱出できればこのアジト程度すぐにでも壊滅させられるでしょう。),(…聖核エネルギーを貯めて……脱出できればこのアジト程度すぐにでも壊滅させられるでしょう。),（…只要儲存聖核能量…然後成功逃脫，這個基地馬上就能毀滅。）,"(...If we can store the Seikaku energy and escape from ......, we can destroy this hideout immediately...)","(If I can accumulate Holy Core Energy... Once I escape, I can easily destroy a hideout of this level.)",(…성핵 에너지를 모아서…… 탈출할 수 있다면 이 아지트 정도는 즉시 괴멸시킬 수 있을 겁니다.),（…只要储存圣核能量…然后成功逃脱，这个基地马上就能毁灭。）
,,,,,,,,
Nayuta.Fallen1-5,,(……脅威になりえるのはエレナぐらいですが…次は油断しません！),(……脅威になりえるのはエレナぐらいですが…次は油断しません！),（……能構成威脅的只有艾蓮娜，但下次我不會再大意了！）,(......The only one who could be a threat is Erena... but I won't let my guard down next time!),(The only real threat would be Erena... But I won't let my guard down next time!),(……위협이 될 만한 것은 엘레나 정도지만… 다음엔 방심하지 않겠습니다!),（……能构成威胁的只有艾莲娜，但下次我不会再大意了！）
,,,,,,,,
Nayuta.Fallen1-6,,その時、部屋にスピーカーで声が響く,その時、部屋にスピーカーで声が響く,這時，房間裡的擴音器響起一個聲音。,"At that moment, a voice echoes through the speakers in the room","At that moment, a voice echoed through the room's speakers.","그때, 방에 스피커로 목소리가 울린다",这时，房间里的扩音器响起一个声音。
,,,,,,,,
Nayuta.Fallen1-7,戦闘員,「おう、おとなしく拘束されてるな！最強の聖核戦姫が良いざまだ」,「おう、おとなしく拘束されてるな！最強の聖核戦姫が良いざまだ」,「喔，妳比想象中還要老實呢！最強的聖核戰姫，真是狼狽啊。」,"Oh, she's being held up quietly! The most powerful Holy Core Battlemaiden is in good shape.""","""Oh, look at you all tied up and obedient! What a sight, the strongest Holy Core Battlemaiden!""","「어이, 얌전히 구속되어 있군! 최강의 성핵전희 꼴 좋다」",「喔，你比想象中还要老实呢！最强的圣核战姫，真是狼狈啊。」
,,,,,,,,
Nayuta.Fallen1-8,那由多,「…………っ！」,「…………っ！」,「…………唔！」,"""............!""","""...!""",「…………윽!」,「…………唔！」
,,,,,,,,
Nayuta.Fallen1-9,戦闘員,「これまで狩りの対象でしかなかった相手に敗北して拘束されるのはどんな気分だ？」,「これまで狩りの対象でしかなかった相手に敗北して拘束されるのはどんな気分だ？」,「被妳一直視為獵物的對手打敗並拘束，是什麼感覺？」,"How does it feel to be defeated and held captive by someone you've only ever hunted?""","""How does it feel to be defeated and restrained by those who were nothing but prey to you?""",「지금까지 사냥 대상에 불과했던 상대에게 패배하여 구속되는 기분은 어떤가?」,「被你一直视为猎物的对手打败并拘束，是什么感觉？」
,,,,,,,,
Nayuta.Fallen1-10,那由多,「……………これも私の未熟ゆえ…何も言うことはありません」,「……………これも私の未熟ゆえ…何も言うことはありません」,「……………這也是我不成熟的緣故…我無話可說。」,"............... this is also due to my inexperience...I have nothing to say.""","""...This is due to my own inexperience... I have nothing to say.""",「……………이것도 제 미숙함 때문… 아무 말도 할 수 없습니다」,「……………这也是我不成熟的缘故…我无话可说。」
,,,,,,,,
Nayuta.Fallen1-11,戦闘員,「…まあいい…さて、これからのお前の処遇だが…」,「…まあいい…さて、これからのお前の処遇だが…」,「…算了…那麼，接下來對妳的處置是…」,"Well, now, what's going to happen to you?""","""...Well, fine... Now, about what we're going to do with you...""","「…뭐 좋다… 자, 이제부터 너의 처우지만…」",「…算了…那么，接下来对你的处置是…」
,,,,,,,,
Nayuta.Fallen1-12,戦闘員,「お前は俺達にとっての最大の障害だったからな。いつもは洗脳調教して戦力にするつもりだったが今回は無しだ」,「お前は俺達にとっての最大の障害だったからな。いつもは調教して戦力にするつもりだったが今回は無しだ」,「妳是我們最大的障礙。雖然平常會教育後當作戰力，但這次不用了。」,"You've been our biggest obstacle. Normally, we would have brainwashed and trained you to be a force to be reckoned with, but not this time.""","""You were our greatest obstacle. Usually, we'd re-educate and train you to become our fighting force, but not this time.""",「너는 우리에게 있어 최대의 장애물이었으니까. 평소에는 세뇌 조교해서 전력으로 삼을 생각이었지만 이번엔 아니다」,「你是我们最大的障碍。虽然平常会教育后当作战力，但这次不用了。」
,,,,,,,,
Nayuta.Fallen1-13,那由多,「………………？」,「………………？」,「………………？」,"""..................?""","""...?""",「………………?」,「………………？」
,,,,,,,,
Nayuta.Fallen1-14,戦闘員,「お前はそこで俺達が世界征服するのをただ指をくわえて見ていればいい」,「お前はそこで俺達が世界征服するのをただ指をくわえて見ていればいい」,「妳就在那邊袖手旁觀，看著我們征服世界就好。」,"You can just sit there and watch us take over the world with your fingers crossed.""","""You can just sit there and watch helplessly as we conquer the world.""",「너는 거기서 우리가 세계 정복하는 것을 그저 손가락 빨며 보고 있으면 된다」,「你就在那边袖手旁观，看着我们征服世界就好。」
,,,,,,,,
Nayuta.Fallen1-15,那由多,「………っ！」,「………っ！」,「………唔！」,""".........!""","""...!""",「………윽!」,「………唔！」
,,,,,,,,
Nayuta.Fallen1-16,,(…いえ、焦る必要はありません。精神を集中して聖核エネルギーを貯める。やるべきことをやるだけです),(…いえ、焦る必要はありません。精神を集中して聖核エネルギーを貯める。やるべきことをやるだけです),（…不，不用焦急。集中精神儲存聖核能量。我只要做好該做的事就好。）,"(...No, there is no need to rush. Concentrate your mind and store the Seikaku energy. Just do what you have to do.)","(No, there's no need to panic. I'll concentrate and accumulate Holy Core Energy. I just need to do what must be done.)","(…아니, 초조해할 필요는 없습니다. 정신을 집중해서 성핵 에너지를 모으는 것. 해야 할 일을 할 뿐입니다)",（…不，不用焦急。集中精神储存圣核能量。我只要做好该做的事就好。）
,,,,,,,,
Nayuta.Fallen1-17,戦闘員,「ああ、そういやお前に一つやってもらいたいことがあるんだが…」,「ああ、そういやお前に一つやってもらいたいことがあるんだが…」,「啊，對了，有件事想讓妳幫忙…」,"'Oh, well, there's one thing I need you to do...'","""Oh yeah, there's actually one thing we want you to do...""","「아아, 그러고 보니 너에게 한 가지 해줬으면 하는 일이 있는데…」",「啊，对了，有件事想让你帮忙…」
,,,,,,,,
Nayuta.Fallen1-18,那由多,「…………？」,「…………？」,「…………？」,"""............?""","""...?""",「…………?」,「…………？」
,暗転,,,,,,,
Nayuta.Fallen1-19,Nayuta darkness 1-2,そして、何かが部屋に入ってくる,そして、何かが部屋に入ってくる,隨後，有什麼東西走進了房間。,And then something comes into the room.,"Then, something entered the room.","그리고, 무언가가 방으로 들어온다",随后，有什么东西走进了房间。
,,,,,,,,
Nayuta.Fallen1-20,???,「グギャッ、グギャッ！」,「グギャッ、グギャッ！」,「咕嘎、咕嘎！」,"Ggah, ggah!""","""Gugya! Gugya!""","「크악, 크악!」",「咕嘎、咕嘎！」
,,,,,,,,
Nayuta.Fallen1-21,那由多,「……っ！…これは？」,「……っ！…これは？」,「……唔！…這是？」,"""......! ...what's this?""","""...! What is this?""",「……윽!…이것은?」,「……唔！…这是？」
,,,,,,,,
Nayuta.Fallen1-22,戦闘員,「こいつはある聖核戦姫に産ませた怪人だが…性欲だけ強くて何の役にも立たねえんだ」,「こいつはある聖核戦姫に産ませた怪人だが…性欲だけ強くて何の役にも立たねえんだ」,「這是讓某個聖核戰姫生下的怪人…但牠只有性慾強，一點實際用都沒有。」,"He's a monster I birthed for a certain Holy Core Battlemaiden, but he's useless to me because he's got a strong libido.","""This is a fiend born from a certain Holy Core Battlemaiden... But it's useless, only good for its strong sexual urges.""",「이 녀석은 어떤 성핵전희에게 낳게 한 괴인이지만… 성욕만 강하고 아무 쓸모도 없어」,「这是让某个圣核战姫生下的怪人…但牠只有性欲强，一点实际用都没有。」
,,,,,,,,
Nayuta.Fallen1-23,,「どうせ暇ならコイツの相手をしておいてくれ。なに、戦闘力は全く無いから安心しろ」,「どうせ暇ならコイツの相手をしておいてくれ。なに、戦闘力は全く無いから安心しろ」,「反正妳閒著也是閒著，就陪牠玩玩吧。沒事，牠完全沒有戰鬥力，妳放心。」,"If you're not busy, you can deal with him. Don't worry, he's not a fighter at all.","""Since you're free anyway, keep this thing company. Don't worry, it has absolutely no combat abilities.""","「어차피 심심하면 이 녀석 상대나 해줘라. 뭐, 전투력은 전혀 없으니 안심해라」",「反正你闲着也是闲着，就陪牠玩玩吧。没事，牠完全没有战斗力，你放心。」
,,,,,,,,
Nayuta.Fallen1-24,ゴブリン型怪人,「グギャッ、グギャッ！？」,「グギャッ、グギャッ！？」,「咕嘎、咕嘎！？」,"Ggah, ggah!""","""Gugya! Gugya!?""","「크악, 크악!?」",「咕嘎、咕嘎！？」
,,,,,,,,
Nayuta.Fallen1-25,那由多,「………そのようですね」,「………そのようですね」,「………似乎是這樣呢。」,"......... seems to be the case.""","""...So it seems.""",「………그런 것 같군요」,「………他们是这样说的喔。」
,,,,,,,,
Nayuta.Fallen1-26,,(……まあこの程度の怪人なら相手にするべくもないでしょう),(……まあこの程度の怪人なら相手にするべくもないでしょう),（……這種程度的怪人，根本不值一提。）,"(...... Well, if it's a monster of this caliber, it's probably not worth the effort.)","(Well, a fiend of this level shouldn't be worth dealing with.)",(……뭐 이 정도 괴인이라면 상대할 필요도 없겠죠),（……这种程度的怪人，根本不值一提。）
,,,,,,,,
Nayuta.Fallen1-27,,(…適当にオーラで威圧して上下関係を教え込みましょうか),(…適当にオーラで威圧して上下関係を教え込みましょうか),（…隨便用氣場威嚇牠一下，讓牠知道上下關係好了。）,(...should we use an appropriate aura to intimidate them and teach them about hierarchy?),(I'll just intimidate it with my aura and teach it its place.),(…적당히 오라로 위압해서 상하 관계를 가르쳐줄까요),（…随便用气场威吓牠一下，让牠知道上下关系好了。）
,,,,,,,,
Nayuta.Fallen1-28,ゴブリン型怪人,「ギャッ！ギャッ！」,「ギャッ！ギャッ！」,「嘎！嘎！」,"Gah! Gah!""","""Gya! Gya!""",「갹! 갹!」,「嘎！嘎！」
,,,,,,,,
Nayuta.Fallen1-29,那由多,「―――――黙りなさい」,「―――――黙りなさい」,「―――――安靜。」,"""――――― shut up.""","""Silence.""",「―――――조용히 하십시오」,「―――――安静。」
,,,,,,,,
Nayuta.Fallen1-30,,那由多の威圧感のある声で怪人が一瞬動きを止める,那由多の威圧感のある声で怪人が一瞬動きを止める,那由多充滿威壓感的聲音讓怪人的動作瞬間停滯。,Nayuta's intimidating voice causes the monster to stop moving for a moment.,The fiend momentarily stopped moving at Nayuta's intimidating voice.,나유타의 위압감 있는 목소리에 괴인이 순간 움직임을 멈춘다,那由多充满威压感的声音让怪人的动作瞬间停滞。
,,,,,,,,
Nayuta.Fallen1-31,ゴブリン型怪人,「グギャッ！？」,「グギャッ！？」,「咕嘎！？」,"Ggah!""","""Gugya!?""",「크악!?」,「咕嘎！？」
,,,,,,,,
Nayuta.Fallen1-32,那由多,「―――そこの矮小な怪人。目の前にいるのは最強の聖核戦姫、八雲那由多です」,「―――そこの矮小な怪人。目の前にいるのは最強の聖核戦姫、八雲那由多です」,「―――那邊矮小的怪人。站在你面前的是最強的聖核戰姫，八雲那由多。」,"""―――― you diminutive monster there. In front of you is the strongest Holy Core Battlemaiden, Yakumo Nayuta.""","""You insignificant fiend. Before you stands the strongest Holy Core Battlemaiden, Nayuta Yakumo.""","「―――거기 왜소한 괴인. 눈앞에 있는 것은 최강의 성핵전희, 야쿠모 나유타입니다」",「―――那边矮小的怪人。站在你面前的是最强的圣核战姫，八云那由多。」
,,,,,,,,
Nayuta.Fallen1-33,,「これからこの部屋で一切の言葉を発することを禁じます。部屋の隅で静かに―――――」,「これからこの部屋で一切の言葉を発することを禁じます。部屋の隅で静かに―――――」,「從現在開始，你被禁止在這個房間裡發出任何聲音。在房間角落安靜地―――――」,"From now on, no words of any kind are allowed in this room. Quietly in the corner of the room: ―――――""","""From now on, you are forbidden from uttering any words in this room. Quietly go to the corner and...""",「이제부터 이 방에서 일절 말을 하는 것을 금지합니다. 방 구석에서 조용히―――――」,「从现在开始，你被禁止在这个房间里发出任何声音。在房间角落安静地―――――」
,,,,,,,,
Nayuta.Fallen1-34,Nayuta darkness 1-３,ズボッッ！！！グリュリュッッ！,ズボッッ！！！グリュリュッッ！,噗滋！！！咕嚕嚕！！,Zubotsuk! Gruelggghhhh!,Shove! Squelch!,즈봇!! 그릇릇!!,噗滋！！！咕噜噜！！
,,,,,,,,
Nayuta.Fallen1-35,那由多,「ひっぎいっ！？おあっ？？お゛お゛おぉっ！？」,「ひっぎいっ！？おあっ？？お゛お゛おぉっ！？」,「呀噫！？喔啊？？喔喔喔喔！」,"""Hi―gi―yi! Ooooh? Oh, oh, oh, oh!","""Hggggnnnn? Aaaahh?? Ohhhhhhhhh?!""",「히익기잇!? 오앗?? 오옷 오옷 오옷!?」,「呀噫！？喔啊？？喔喔喔喔！」
,,,,,,,,
Nayuta.Fallen1-36,ゴブリン型怪人,「ゲギャッ！ギャギャ！」,「ゲギャッ！ギャギャ！」,「給嘎！嘎嘎！」,"Geegawd! Ggagh!""","""Gegya! Gyagya!""",「케갹! 갸갸!」,「给嘎！嘎嘎！」
,,,,,,,,
Nayuta.Fallen1-37,那由多,「――――はっ？、え、何をっ！？」,「――――はっ？、え、何をっ！？」,「――――咦？欸，你在做什麼！？」,"""―――― what? What?","""...Huh? Wh-what are you!?""","「――――핫?, 에, 무엇을!?」",「――――咦？，呃，你在做什么！？」
,,,,,,,,
Nayuta.Fallen1-38,,一瞬の出来事に那由多は何が起きたのかを理解できない,一瞬の出来事に那由多は何が起きたのかを理解できない,突如其來的狀況讓那由多無法理解發生了什麼。,"In a split second, Nayuta can't understand what happened.",Nayuta couldn't understand what had happened in the blink of an eye.,순간적인 일에 나유타는 무슨 일이 일어났는지 이해하지 못한다,突如其来的状况让那由多无法理解发生了什么。
,,,,,,,,
Nayuta.Fallen1-39,那由多,「…は？腕が……？なん…でっ？」,「…は？腕が……？なん…でっ？」,「…咦？手臂…？為、為什麼！」,"I'm like, ""...what? My arm is ......? What...?""","""Huh? My arms...? Wh...y?""",「…하? 팔이……? 무…슨?」,「…咦？手臂…？为、为什么！」
,,,,,,,,
Nayuta.Fallen1-40,ゴブリン型怪人,「ギャギャギャ♪」,「ギャギャギャ♪」,「嘎嘎嘎♪」,"♪ Gah, gah, gah ♪","""Gyagyagya♪""",「갸갸갸♪」,「嘎嘎嘎♪」
,,,,,,,,
Nayuta.Fallen1-41,,グチュッ、グチュッ、グチュッ！,グチュッ、グチュッ、グチュッ！,咕啾、咕啾、咕啾！,"Gut, gut, gut!","Squelch, squelch, squelch!","구츗, 구츗, 구츗!",咕啾、咕啾、咕啾！
,Nayuta darkness 1-4,,,,,,,
Nayuta.Fallen1-42,那由多,「お゛お゛っ！？やめっ、私の中をっ、いじくるなっ！！」,「お゛お゛っ！？やめっ、私の中をっ、いじくるなっ！！」,「喔喔！住手、不准在我裡面亂動！」,"""Ooooh! Stop, you're messing with my insides!","""Oooh!? Stop! Don't mess around inside me!!""","「오옷 오옷 옷!? 그만둬, 내 안을, 만지지 마!!」",「喔喔！住手、不准在我里面乱动！」
,,,,,,,,
Nayuta.Fallen1-43,,「グギャッ！グギャッ！グギャッ！」,「グギャッ！グギャッ！グギャッ！」,「咕嘎！咕嘎！咕嘎！」,"Ggagh! Guggah! Guggach!""","""Gugya! Gugya! Gugya!""",「크악! 크악! 크악!」,「咕嘎！咕嘎！咕嘎！」
,,,,,,,,
Nayuta.Fallen1-44,那由多,「ほお゛お゛っ！、これっ、子宮に直接っ♥！？」,「ほお゛お゛っ！、これっ、子宮に直接っ♥！？」,「吼喔喔！這、這直接刺激到子宮了♥！？」,"""Oh, oh, oh, oh! This is directly in my womb!","""Hoooh! This is going directly to my womb♥""","「호오옷 오옷 옷!, 이거, 자궁에 직접♥!?」",「吼喔喔！这、这直接刺激到子宫了♥！？」
,,,,,,,,
Nayuta.Fallen1-45,,コリュッ、コリュッ,コリュッ、コリュッ,咕嚕、咕嚕,"Korück, korück.","Grind, grind","코릇, 코릇",咕噜、咕噜
,,,,,,,,
Nayuta.Fallen1-46,那由多,「んお゛お゛っ♥、やめっ♥、離しなさいっ♥！」,「んお゛お゛っ♥、やめっ♥、離しなさいっ♥！」,「嗯喔喔♥，住手♥，放開我♥！」,"""Oh, oh, oh, oh, oh, stop it, stop it, let go of me!""","""Noooh♥ Stop♥ Let go of me♥""","「응오옷 오옷 옷♥, 그만둬♥, 놓으십시오♥!」",「嗯喔喔♥，住手♥，放开我♥！」
,,,,,,,,
Nayuta.Fallen1-47,,那由多の声に耳を貸さず、怪人は無邪気な子供のように那由多の膣内をまさぐり続ける,那由多の声に耳を貸さず、怪人は無邪気な子供のように那由多の膣内をまさぐり続ける,怪人對那由多的聲音充耳不聞，像個天真的孩子般不斷在那由多的陰道內摸索。,"Without listening to Nayuta's voice, the monster continues to play with Nayuta's vagina like an innocent child.","Ignoring Nayuta's voice, fiend monster continued to explore inside her like an innocent child.","나유타의 목소리에 귀 기울이지 않고, 괴인은 천진난만하게 나유타의 질 내를 계속 만지작거린다",怪人对那由多的声音充耳不闻，像个天真的孩子般不断在那由多的阴道内摸索。
,,,,,,,,
Nayuta.Fallen1-48,那由多,「んあ゛っ♥お゛っ♥、お゛♥」,「んあ゛っ♥お゛っ♥、お゛♥」,「嗯啊♥喔♥、喔♥」,"""Aaahh ♥ oohh ♥, oohh ♥.""","""Naah♥ Oh♥ Oh♥""","「응앗옷 ♥ 오옷 옷♥, 오옷 옷♥」",「嗯啊♥喔♥、喔♥」
,,,,,,,,
Nayuta.Fallen1-49,ゴブリン型怪人,「ギャギャギャ！」,「ギャギャギャ！」,「嘎嘎嘎！」,"Gah―gah!""","""Gyagyagya!""",「갸갸갸!」,「嘎嘎嘎！」
,,,,,,,,
Nayuta.Fallen1-50,那由多,「ひぎゅううううううっっっっっ♥♥♥！！！」,「ひぎゅううううううっっっっっ♥♥♥！！！」,「呀嗚嗚嗚嗚嗚嗚嗚♥♥♥！！！」,,"""Higyuuuuuuu♥♥♥""",「히규우우우우우우웃♥♥♥!!!」,「呀呜呜呜呜呜呜呜♥♥♥！！！」
,,,,,,,,
Nayuta.Fallen1-51,Nayuta darkness 1-5,プシッ、プシュウウウウウッ♥！,プシッ、プシュウウウウウッ♥！,噗滋、噗咻嗚嗚嗚嗚♥！,"Pshhhh, pshhhhhh ♥!","Pssh, pshuuuuu♥","푸싯, 푸슈우우우우웃♥!",噗滋、噗咻呜呜呜呜♥！
,,,,,,,,
Nayuta.Fallen1-52,ゴブリン型怪人,「ギャッ♪　ギャッ♪」,「ギャッ♪　ギャッ♪」,「嘎♪　嘎♪」,♪ Gah ♪ ♪ Gah ♪,"""Gya♪ Gya♪""",「갹♪　갹♪」,「嘎♪　嘎♪」
,,,,,,,,
Nayuta.Fallen1-53,那由多,「お゛おっ………お゛っ♥」,「お゛おっ………お゛っ♥」,「喔喔………喔♥」,"Ooooh ......... Ooooh ♥""","""Ooh... Oh♥""",「오옷 오옷……… 오옷 옷♥」,「喔喔………喔♥」
,Nayuta darkness 1-6,,,,,,,
Nayuta.Fallen1-54,那由多,「―――――っ！、私ッ、今この怪人にっ…絶頂…させられた！？」,「―――――っ！、私ッ、今この怪人にっ…絶頂…させられた！？」,「―――――唔！我竟然，被這個怪人…弄到高潮了！？」,I just had a climax......made by this monster! I've just been made to climax by this monster!,"""...! I... I just... came... because of this fiend!?""","「―――――윽!, 나, 지금 이 괴인에게… 절정… 당했다!?」",「―――――唔！，我竟然、被这个怪人…弄到高潮了！？」
,,,,,,,,
Nayuta.Fallen1-55,,「ぐううっ、私がっ…こんな雑魚にっ…」,「ぐううっ、私がっ…こんな雑魚にっ…」,「嗚嗚嗚，我竟然…被這種雜魚…」,"""Ugh, I... such a small fish...""","""Guuuh, for me to... by such a small fry...""","「크으으윽, 내가… 이런 잡것에게…」",「呜呜呜，我竟然…被这种杂鱼…」
,,,,,,,,
Nayuta.Fallen1-56,ゴブリン型怪人,「ゲギャッ♪　ゲギャッ♪」,「ゲギャッ♪　ゲギャッ♪」,「給嘎♪　給嘎♪」,♪ Geegaw ♪ ♪ Geegaw ♪,"""Gegya♪ Gegya♪""",「케갹♪　케갹♪」,「给嘎♪　给嘎♪」
,,,,,,,,
Nayuta.Fallen1-57,那由多,「っ、こんな屈辱っ、ぐうっ、絶対に許さな―――――」,「っ、こんな屈辱っ、ぐうっ、絶対に許さな―――――」,「唔，這種屈辱，嗚，絕對不會原諒―――――」,I'll never forgive this humiliation. ―――――,"""This humiliation... Guh... I'll never forgive...""","「윽, 이런 굴욕, 크윽, 절대로 용서하지 않―――――」",「唔，这种屈辱、呜，绝对不会原谅―――――」
,Nayuta darkness 1-7,,,,,,,
Nayuta.Fallen1-58,那由多,「んお゛お゛っ！？んん゛！？」,「んお゛お゛っ！？んん゛！？」,「嗯喔喔！？嗯嗯！」,"""Aaah! D― d― d― d―?","""Noooh!? Nnn!?""",「응오옷 오옷 옷!? 응응옷 !?」,「嗯喔喔！？嗯嗯！」
,,,,,,,,
Nayuta.Fallen1-59,ゴブリン型怪人,「ギャギャギャ♪♪」,「ギャギャギャ♪♪」,「嘎嘎嘎♪♪」,"♪ Gah, gah, gah ♪","""Gyagyagya♪♪""",「갸갸갸♪♪」,「嘎嘎嘎♪♪」
,Nayuta darkness 1-8,,,,,,,
Nayuta.Fallen1-60,那由多,「なっ！？、コイツッ、のペニス…が私の中にっ！？」,「なっ！？、コイツッ、のペニス…が私の中にっ！？」,「什麼！？這傢伙…的陰莖…竟然在我裡面！？」,"""What? He's got his penis inside me!","""What!? This thing's penis... is inside me!?""","「뭣!?, 이 자식, 의 페니스…가 내 안에!?」",「什么！？这家伙、的阴茎…竟然在我里面！？」
,,,,,,,,
Nayuta.Fallen1-61,那由多,「っ、今すぐその汚いものを抜きなさいっ！」,「っ、今すぐその汚いものを抜きなさいっ！」,「唔，馬上把那骯髒的東西拔出來！」,"Pull that filthy thing out now!""","""Pull that filthy thing out immediately!""","「윽, 지금 당장 그 더러운 것을 빼십시오!」",「唔，马上把那肮脏的东西拔出来！」
,,,,,,,,
Nayuta.Fallen1-62,,那由多は怪人を振り落とそうと必死に腰を動かす,那由多は怪人を振り落とそうと必死に腰を動かす,那由多拼命地擺動腰部，想把怪人甩下來。,Nayuta moves her hips frantically trying to shake off the monster.,Nayuta desperately moved her hips trying to shake off the fiend.,나유타는 괴인을 떨쳐내려 필사적으로 허리를 움직인다,那由多拼命地摆动腰部，想把怪人甩下来。
,,,,,,,,
Nayuta.Fallen1-63,ゴブリン型怪人,「ギャギャ？ギャッ！ギャッ！！」,「ギャギャ？ギャッ！ギャッ！！」,「嘎嘎？嘎！嘎！！」,"Gah―gah?"" Gah! Gah!!!""","""Gyagya? Gya! Gya!!""",「갸갸? 갹! 갹!!」,「嘎嘎？嘎！嘎！！」
,Nayuta darkness 1-7,,,,,,,
Nayuta.Fallen1-64,那由多,パンッ♥、パンッ♥、パンッ♥、パンッ♥！,パンッ♥、パンッ♥、パンッ♥、パンッ♥！,啪♥、啪♥、啪♥、啪♥！,"Pang ♥, pang ♥, pang ♥, pang ♥!",Slap♥ Slap♥ Slap♥ Slap♥!,"팡♥, 팡♥, 팡♥, 팡♥!",啪♥、啪♥、啪♥、啪♥！
,,,,,,,,
Nayuta.Fallen1-65,,「んおっ♥！、おっ♥、やめっ♥、腰をっ…振るなぁっ♥！」,「んおっ♥！、おっ♥、やめっ♥、腰をっ…振るなぁっ♥！」,「嗯喔♥！喔♥、住手♥、不准搖…腰啊♥！」,"""Oh, oh, oh! Don't... don't... don't... don't shake your hips!","""Noh♥! Oh♥ Stop♥ Don't... move your hips♥!""","「응오옷♥!, 옷♥, 그만둬♥, 허리를… 흔들지 마앗♥!」",「嗯喔♥！、喔♥、住手♥、不准摇…腰啊♥！」
,,,,,,,,
Nayuta.Fallen1-66,,怪人は那由多が抵抗するほど強くしがみつき、腰を激しく振る,怪人は那由多が抵抗するほど強くしがみつき、腰を激しく振る,怪人越是被那由多抵抗，就抱得越緊，搖擺腰部得越劇烈。,"The monster clings to Nayuta so tightly that she resists, and shakes her hips violently.","The more Nayuta resisted, the tighter the fiend clung to her, vigorously thrusting its hips.","괴인은 나유타가 저항할수록 강하게 매달려, 허리를 격렬하게 흔든다",怪人越是被那由多抵抗，就抱得越紧，摇摆腰部得越剧烈。
,Nayuta darkness 1-8,,,,,,,
Nayuta.Fallen1-67,,「んあっ゛♥、んっ♥、くうううっ♥、私がぁ♥、こんな雑魚にイかされるなどっ♥、あってはいけません♥♥！！」,「んあっ゛♥、んっ♥、くうううっ♥、私がぁ♥、こんな雑魚にイかされるなどっ♥、あってはいけません♥♥！！」,「嗯啊♥、嗯♥、嗚嗚嗚♥，我竟然♥，被這種雜魚弄到高潮♥，絕不允許♥♥！！」,I can't let this little fish make me come!,"""Naah♥ Nn♥ Kuuuh♥ For me♥ to be made to climax by such a small fry♥ This cannot be happening♥♥""","「응앗옷 ♥, 응읏♥, 크으으으웃♥, 내가아♥, 이런 잡것에게 가게 되다니♥, 있어서는 안 됩니다♥♥!!」",「嗯啊♥、嗯♥、呜呜呜♥，我竟然♥，被这种杂鱼弄到高潮♥，绝不允许♥♥！！」
,,,,,,,,
Nayuta.Fallen1-68,,パンッ♥、パンッ♥、パンッ♥、パンッ♥！,パンッ♥、パンッ♥、パンッ♥、パンッ♥！,啪♥、啪♥、啪♥、啪♥！,"Pang ♥, pang ♥, pang ♥, pang ♥!",Slap♥ Slap♥ Slap♥ Slap♥!,"팡♥, 팡♥, 팡♥, 팡♥!",啪♥、啪♥、啪♥、啪♥！
,,,,,,,,
Nayuta.Fallen1-69,ゴブリン型怪人,「ギャギャ！ギャッ！」,「ギャギャ！ギャッ！」,「嘎嘎！嘎！」,"Gah! Gah!""","""Gyagya! Gya!""",「갸갸! 갹!」,「嘎嘎！嘎！」
,,,,,,,,
Nayuta.Fallen1-70,,怪人は那由多の反応を頼むように、更に激しく那由多の子宮を突き上げる,怪人は那由多の反応を頼むように、更に激しく那由多の子宮を突き上げる,怪人像是回應那由多的反應一樣，更加猛烈地撞擊那由多的子宮。,"The monster thrusts Nayuta's womb even harder, as if to beg for a reaction from her.","As if encouraged by Nayuta's reactions, the fiend penetrated even more violently into her womb.","괴인은 나유타의 반응을 즐기듯, 더욱 격렬하게 나유타의 자궁을 찔러 올린다",怪人像是回应那由多的反应一样，更加猛烈地撞击那由多的子宫。
,,,,,,,,
Nayuta.Fallen1-71,那由多,「お゛っ♥、お゛っ♥、お゛っ♥、まって♥、止まりなさいっ♥」,「お゛っ♥、お゛っ♥、お゛っ♥、まって♥、止まりなさいっ♥」,「喔♥、喔♥、喔♥、等一下♥，停下來♥」,"""D―D―D―D―D―Don't, don't, don't, don't, don't, don't, don't, don't, don't, don't, don't, don't, don't, don't.""","""Oh♥ Oh♥ Oh♥ Wait♥ Stop it♥""","「오옷 옷♥, 오옷 옷♥, 오옷 옷♥, 기다려♥, 멈추십시오♥」",「喔♥、喔♥、喔♥、等一下♥，停下来♥」
,,,,,,,,
Nayuta.Fallen1-72,,徐々に怪人のチンポが熱を帯び、ブルブルと振動し始める,徐々に怪人のチンポが熱を帯び、ブルブルと振動し始める,怪人的陰莖逐漸發熱，開始顫抖。,"Gradually, the monster's cock begins to heat up and vibrate with a buzzing sound","Gradually, the fiend's penis became hot and began to vibrate.","서서히 괴인의 자지가 뜨거워지며, 부들부들 떨리기 시작한다",怪人的阴茎逐渐发热，开始颤抖。
,,,,,,,,
Nayuta.Fallen1-73,ゴブリン型怪人,「ギャギャッ！、ギャギャッ！」,「ギャギャッ！、ギャギャッ！」,「嘎嘎！嘎嘎！」,"""Gah―gah! Gah―gah!""","""Gyagya! Gyagya!""","「갸갸윽!, 갸갸윽!」",「嘎嘎！、嘎嘎！」
,,,,,,,,
Nayuta.Fallen1-74,那由多,「――――な、何をしようとっ♥、――――っ、まさか！？」,「――――な、何をしようとっ♥、――――っ、まさか！？」,「――――你、你想做什麼♥――――難道是！？」,"""――――, what are you doing ♥, ――――, no way!""","""...W-what are you trying to...♥ No, it can't be!?""","「――――뭣, 무엇을 하려는 건가♥, ――――윽, 설마!?」",「――――你、你想做什么♥、――――唔、难道是！？」
,,,,,,,,
Nayuta.Fallen1-75,,「っ、やめなさ―――――」,「っ、やめなさ―――――」,「唔、快住―――――」,Stop it. ―――――,"""Stop...""","「윽, 그만둬―――――」",「唔、快住―――――」
,Nayuta darkness 1-9,,,,,,,
Nayuta.Fallen1-76,,ドビュルルルッルルッ！ビュルッ、ドビュルルルッ！,ドビュルルルッルルッ！ビュルッ、ドビュルルルッ！,咚咻嚕嚕嚕嚕！咻嚕、咚咻嚕嚕嚕！, ,"Splurt! Spurt, splurt!","도뷰르르르릇르릇! 뷰릇, 도뷰르르르릇!",咚咻噜噜噜噜！咻噜、咚咻噜噜噜！
,,,,,,,,
Nayuta.Fallen1-77,那由多,「お゛お゛お゛お゛っ！？？、子宮にッ♥、精子がッ♥！？」,「お゛お゛お゛お゛っ！？？、子宮にッ♥、精子がッ♥！？」,「喔喔喔喔喔喔！？子宮裡♥，精子！？！」,"""Oh, oh, oh, oh, oh, oh, oh! Sperm in my womb!","""Ooooh!? In my womb♥ Sperm♥!?""","「오옷 오옷 오옷 오옷 옷!??, 자궁에♥, 정자가♥!?」",「喔喔喔喔喔喔！？子宫里♥，精子！？！」
,,,,,,,,
Nayuta.Fallen1-78,ゴブリン,「ギャギャギャッ！！、ギャッ！」,「ギャギャギャッ！！、ギャッ！」,「嘎嘎嘎！！嘎！」,"""Gah, gah, gah! Gah―gah!""","""Gyagyagya!! Gya!""","「갸갸갸!!, 갹!」",「嘎嘎嘎！！、嘎！」
,,,,,,,,
Nayuta.Fallen1-79,那由多,「お゛お゛っ♥！？、しゃせいっ♥、ながいっ！？」,「お゛お゛っ♥！？、しゃせいっ♥、ながいっ！？」,「喔喔♥！？射精♥，好久！？」,"""OHHHHH! Oh, sha―sha―sha―sha, long!""","""Oooh♥!? The ejaculation♥ is taking a long time!?""","「오옷 오옷 옷♥!?, 사정♥, 길엇!?」",「喔喔♥！？射精♥，好久！？」
,,,,,,,,
Nayuta.Fallen1-80,,ビュルルッ、ドクッ、ドクッ！,ビュルルッ、ドクッ、ドクッ！,咻嚕嚕、噗通、噗通！,,"Spurt, throb, throb!","뷰르릇, 도큣, 도큣!",咻噜噜、噗通、噗通！
,,,,,,,,
Nayuta.Fallen1-81,那由多,「お゛っ…ん゛あ゛っ……♥」,「お゛っ…ん゛あ゛っ……♥」,「喔…嗯啊……♥」,"""OHHHHHHHHHHH ......♥""","""Oh... Naah...♥""",「오옷 옷… 응옷 앗옷 ……♥」,「喔…嗯啊……♥」
,,,,,,,,
Nayuta.Fallen1-82,ゴブリン,「ギャギャ……♪」,「ギャギャ……♪」,「嘎嘎……♪」,♪ Gya gya ...... ♪,"""Gyagya...♪""",「갸갸……♪」,「嘎嘎……♪」
,Nayuta darkness 1-10,,,,,,,
Nayuta.Fallen1-83,那由多,「はあっ、はあっ、」,「はあっ、はあっ、」,「哈……哈……」,"""Ha―ha―ha.""","""Haa, haa...""","「하앗, 하앗,」",「哈、哈、」
,,,,,,,,
Nayuta.Fallen1-84,,「っ、……こんな雑魚怪人に私がっ…！？」,「っ、……こんな雑魚怪人に私がっ…！？」,「唔……我竟然被這種雜魚怪人…！？」,"""What, ......, such a small fry monster has me...?","""To think that I... by such a weak fiend...!?""","「윽, …… 이런 잡것 괴인에게 내가…!?」",「唔、……我竟然被这种杂鱼怪人…！？」
,,,,,,,,
Nayuta.Fallen1-85,,「………ん゛っ♥――――っっ！？」,「………ん゛っ♥――――っっ！？」,「………嗯♥―――――唔！！？」,"""......... ♥――――!","""...Nnh♥ ...!?""",「………응옷 윽♥――――윽!?」,「………嗯♥―――――唔！！？」
,,,,,,,,
Nayuta.Fallen1-86,,「気が付きませんでしたがっ…私の中の聖核エネルギーが減少しているっ！？」,「気が付きませんでしたがっ…私の中の聖核エネルギーが減少しているっ！？」,「我竟然沒察覺到…我體內的聖核能量正在減少！？」,"""I didn't realize...the Seikaku energy in me is diminishing!""","""I didn't notice but... the Holy Core Energy inside me is on the decline!?""",「눈치채지 못했지만… 내 안의 성핵 에너지가 감소하고 있어!?」,「我竟然没察觉到…我体内的圣核能量正在减少！？」
,,,,,,,,
Nayuta.Fallen1-87,ゴブリン型怪人,「ギャギャ♪ギャギャ！」,「ギャギャ♪ギャギャ！」,「嘎嘎♪嘎嘎！」,"♪ Gah, gah, gah!""","""Gyagya♪ Gyagya!""",「갸갸♪갸갸!」,「嘎嘎♪嘎嘎！」
,,,,,,,,
Nayuta.Fallen1-88,那由多,「っ……！これは…私の聖核エネルギーが消滅…いえ、この怪人に吸収されているっ！？」,「っ……！これは…私の聖核エネルギーが消滅…いえ、この怪人に吸収されているっ！？」,「唔……！難道是…我的聖核能量消失了…不對，是被這個怪人吸收了！？」,"I'm not sure what to do...""......! This is... my Seikaku energy is being dissipated... no, it's being absorbed by this monster!","""...! This is... my Holy Core Energy is disappearing... no, it's being absorbed by this fiend!?""","「윽……! 이것은… 나의 성핵 에너지가 소멸… 아니, 이 괴인에게 흡수되고 있어!?」",「唔……！难道是…我的圣核能量消失了…不对，是被这个怪人吸收了！？」
,,,,,,,,
Nayuta.Fallen1-89,,怪人はさっき射精したにも関わらず、再びチンポを那由多の中で硬くしている,怪人はさっき射精したにも関わらず、再びチンポを那由多の中で硬くしている,怪人儘管剛才射精了，陰莖卻在那由多體內再次變硬。,"The monster is making his cock hard inside Nayuta again, even though he ejaculated earlier!","Despite having just ejaculated, the fiend's penis was getting hard again inside Nayuta.","괴인은 방금 사정했음에도 불구하고, 다시 자지를 나유타 안에서 단단하게 세우고 있다",怪人尽管刚才射精了，阴茎却在那由多体内再次变硬。
,,,,,,,,
Nayuta.Fallen1-90,,「っ！、まずいですねっ…、仮に聖核エネルギーを吸収して成長するなら…この怪人が弱いうちに何とかしなければっ！」,「っ！、まずいですねっ…、仮に聖核エネルギーを吸収して成長するなら…この怪人が弱いうちに何とかしなければっ！」,「唔！不妙…！假設牠吸收聖核能量成長…就必須趁這個怪人還弱的時候想辦法解決！」,I've got to do something about this monster while it's still weak! If it grows by absorbing the Seikaku energy... we have to do something while this monster is still weak!,"""This is bad... If it grows by absorbing Holy Core Energy... I need to do something while this fiend is still weak!""","「윽!, 위험하군요… 만약 성핵 에너지를 흡수해서 성장한다면… 이 괴인이 약할 때 어떻게든 해야!」",「唔！不妙…！假设牠吸收圣核能量成长…就必须趁这个怪人还弱的时候想办法解决！」
,,,,,,,,
Nayuta.Fallen1-91,ゴブリン型怪人,「ギャッ、ギャ！」,「ギャッ、ギャ！」,「嘎、嘎！」,"Gah, gah!""","""Gya, gya!""","「갹, 갸!」",「嘎、嘎！」
,,,,,,,,
Nayuta.Fallen1-92,,パチュッ、パチュッ！,パチュッ、パチュッ！,啪嘰、啪嘰！,Patu―patu―patu!,"Slap, slap!","파츗, 파츗!",啪叽、啪叽！
,,,,,,,,
Nayuta.Fallen1-93,那由多,「ぐうっ、またッ！？――いえ、大丈夫です、精神を集中させれば聖核エネルギーの流出を抑えられるはずっ！」,「ぐうっ、またッ！？――いえ、大丈夫です、精神を集中させれば聖核エネルギーの流出を抑えられるはずっ！」,「嗚，又來了！？――不對，沒關係，集中精神的話應該能抑制聖核能量的流失！」,"""Ugh, again? ――No, it's okay, if you concentrate your mind, you should be able to suppress the outflow of the Seikaku energy!","""Guh, again!? ...No, it's fine. If I concentrate, I should be able to suppress the leaking of Holy Core Energy!""","「크윽, 또!?―― 아니, 괜찮습니다, 정신을 집중하면 성핵 에너지 유출을 억제할 수 있을 터!」",「呜、又来了！？――不对，没关系，集中精神的话应该能抑制圣核能量的流失！」
,,,,,,,,
Nayuta.Fallen1-94,,「二度と先ほどのような無様は晒しませんっ！私の精神力を舐めないでくださいっ！」,「二度と先ほどのような無様は晒しませんっ！私の精神力を舐めないでくださいっ！」,「我絕不會再露出剛才那種丟臉的模樣！不要小看我的精神力！」,"I will never again display the same ineptitude as I did earlier! Don't you dare lick my spirit!""","""I won't show such disgrace again! Don't underestimate my mental fortitude!""",「두 번 다시 방금과 같은 추태는 보이지 않겠습니다! 제 정신력을 얕보지 마십시오!」,「我绝不会再露出刚才那种丢脸的模样！不要小看我的精神力！」
,暗転,,,,,,,
Nayuta.Fallen1-95,,――――そして5分後,――――そして5分後,――――然後五分鐘後,―――― and 5 minutes later,And five minutes later...,――――그리고 5분 후,――――然后五分钟后
,Nayuta darkness 1-14,,,,,,,
Nayuta.Fallen1-96,,ドビュルルルッルルッ！ビュルッ、ドビュルルルッ！,ドビュルルルッルルッ！ビュルッ、ドビュルルルッ！,咚咻嚕嚕嚕嚕！咻嚕、咚咻嚕嚕嚕！, ,"Splurt! Spurt, splurt!","도뷰르르르릇르릇! 뷰릇, 도뷰르르르릇!",咚咻噜噜噜噜！咻噜、咚咻噜噜噜！
,,,,,,,,
Nayuta.Fallen1-97,那由多,「ひっぐうううううっっ♥♥！？！また中に出てるっ♥！？」,「ひっぐうううううっっ♥♥！？！また中に出てるっ♥！？」,「呀嗚嗚嗚嗚嗚♥♥！？又射在裡面了♥！？」,I'm coming inside again! It's inside me again!,"""Hggggnnn♥♥!? It's coming inside again♥!?""",「히익극우우우우웃♥♥!?! 또 안에 싸고 있어♥!?」,「呀呜呜呜呜呜♥♥！？又射在里面了♥！？」
,,,,,,,,
Nayuta.Fallen1-98,ゴブリン型怪人,「ギャッ♪ギャッ♪」,「ギャッ♪ギャッ♪」,「嘎♪嘎♪」,♪ Gah ♪ ♪ Gah ♪,"""Gya♪ Gya♪""",「갹♪갹♪」,「嘎♪嘎♪」
,,,,,,,,
Nayuta.Fallen1-99,那由多,「お゛お゛っ、そんなっ♥、また聖核エネルギー奪われてるっ♥♥」,「お゛お゛っ、そんなっ♥、また聖核エネルギー奪われてるっ♥♥」,「喔喔，怎麼會♥，又被奪走聖核能量了♥♥」,"""Oh, oh, oh, oh, oh, oh, oh, oh, oh, oh, oh, oh, oh, oh, oh, oh, they're taking the Seikaku energy again.","""Oooh, no♥ My Holy Core Energy is being stolen again♥♥""","「오옷 오옷 옷, 그런♥, 또 성핵 에너지를 빼앗기고 있어♥♥」",「喔喔，怎么会♥，又被夺走圣核能量了♥♥」
,,,,,,,,
Nayuta.Fallen1-100,,「お゛ほ゛っ♥、私はっ♥、こんな雑魚にいっ♥、絶対負けませんっ！」,「お゛ほ゛っ♥、私はっ♥、こんな雑魚にいっ♥、絶対負けませんっ！」,「喔吼♥，我♥，對這種雜魚♥，絕不會輸！」,I will not be defeated by such a small fish!,"""Ohoh♥ I won't♥ ever lose to such a small fry♥!""","「오옷 홋♥, 나는♥, 이런 잡것에게잇♥, 절대 지지 않겠습니다!」",「喔吼♥，我♥，对这种杂鱼♥，绝不会输！」
,,,,,,,,
Nayuta.Fallen1-101,,「ひぎっ♥、お゛お゛っ♥」,「ひぎっ♥、お゛お゛っ♥」,「呀♥、喔喔♥」,"""HIGH ♥, OHHHH ♥.""","""Hgggggiii♥ Oooh♥""","「히긱♥, 오옷 오옷 옷♥」",「呀♥、喔喔♥」
,,,,,,,,
Nayuta.Fallen1-102,,那由多の抵抗もむなしく、小さな怪人による凌辱は一晩中続くのだった,那由多の抵抗もむなしく、怪人による凌辱は一晩中続くのだった,那由多的抵抗徒勞無功，怪人對她的凌辱持續了一整晚。,"Nayuta's resistance was futile, and the little monster's humiliation continued throughout the night.","Despite Nayuta's resistance, the fiend's violation continued throughout the night.","나유타의 저항도 헛되이, 괴인에 의한 능욕은 밤새도록 계속되는 것이었다",那由多的抵抗徒劳无功，怪人对她的凌辱持续了一整晚。
,,,,,,,,
Nayuta Fallen Scene２,注釈,闇堕ちシーン,闇堕ちシーン,,闇堕ちシーン,,타락 이벤트,
,,,,,,,,
Nayuta.Fallen2-1,Nayuta darkness 2-1,那由多がゴブリン型怪人に調教され始めてから2日,那由多がゴブリン型怪人に調教され始めてから2日,那由多被哥布林型怪人調教開始後的第二天,Two days after Nayuta started being trained by the goblin―type monster.,Two days had passed since Nayuta began being trained by the goblin fiend.,나유타가 고블린형 괴인에게 조교당하기 시작한 지 이틀째,那由多被哥布林型怪人调教开始后的第二天
,,,,,,,,
Nayuta.Fallen2-2,,ジュブッ、ブボッ、ジュルッ、ジュポッ、ジュポッ！,ジュブッ、ブボッ、ジュルッ、ジュポッ、ジュポッ！,咕津、噗波、咕嚕、啾波、啾波！,"Jub, bub, jub, jub, jub!","Slurp, squelch, suck, slurp, slurp!","쥬붓, 브봇, 쥬르륵, 쥬폿, 쥬폿!",咕津、噗波、咕噜、啾波、啾波！
,,,,,,,,
Nayuta.Fallen2-3,,拘束室に水音が響く,拘束室に水音が響く,水聲在拘束室內迴響。,The sound of water echoes in the holding room.,Wet sounds echoed through the restraint room.,구속실에 물소리가 울린다,水声在拘束室内回响。
,,,,,,,,
Nayuta.Fallen2-4,ゴブリン型怪人,「グギャッ、グギャッ！」,「グギャッ、グギャッ！」,「咕嘎、咕嘎！」,"Ggah, ggah!""","""Gugya! Gugya!""","「크악, 크악!」",「咕嘎、咕嘎！」
,,,,,,,,
Nayuta.Fallen2-5,那由多,「ん゛ん～～～っ！、ジュプッ、ジュプッ♥」,「ん゛ん～～～っ！、ジュプッ、ジュプッ♥」,「嗯嗯～～～唔！啾噗、啾噗♥」,"♥""♥♥♥♥♥♥♥♥♥♥♥♥♥♥♥♥♥ Jup, jup, jup ♥""","""Mmm! Slurp, slurp♥""","「응옷 응~~~윽!, 쥬풋, 쥬풋♥」",「嗯嗯～～～唔！、啾噗、啾噗♥」
,,,,,,,,
Nayuta.Fallen2-6,ゴブリン型怪人,「ギャッ！、ギャッ！」,「ギャッ！、ギャッ！」,「嘎！嘎！」,"Gah! Gah!""","""Gya! Gya!""","「갹!, 갹!」",「嘎！、嘎！」
,,,,,,,,
Nayuta.Fallen2-7,,怪人はもっと強くしゃぶれと言うように那由多の頭を叩き、不機嫌そうな声を上げる,怪人はもっと強くしゃぶれと言うように那由多の頭を叩き、不機嫌そうな声を上げる,怪人發出不滿的聲音，拍打那由多的頭，彷彿在說要吸得更用力。,The monster smacks Nayuta on the head as if to tell her to suck harder and makes a grumpy sound,"The fiend hit Nayuta's head as if telling her to suck harder, making displeased sounds.","괴인은 더 강하게 빨라는 듯 나유타의 머리를 때리며, 불쾌한 듯한 소리를 낸다",怪人发出不满的声音，拍打那由多的头，仿佛在说要吸得更用力。
,,,,,,,,
Nayuta.Fallen2-8,那由多,「ん゛んっ♥！？、ジュポッ♥、ジュルルルッ♥、ジュポッ♥」,「ん゛んっ♥！？、ジュポッ♥、ジュルルルッ♥、ジュポッ♥」,「嗯嗯♥！？啾波♥、咕嚕嚕♥、啾波♥」,"""¡Humph! Jupo ♥, jupo ♥, jupo ♥.""","""Mmh♥ Slurp♥ Sluuurp♥ Slurp♥""","「응옷 응윽♥!?, 쥬폿♥, 쥬르르륵♥, 쥬폿♥」",「嗯嗯♥！？、啾波♥、咕噜噜♥、啾波♥」
,,,,,,,,
Nayuta.Fallen2-9,,那由多は口で怪人のチンポをさらに激しく愛撫する,那由多は口で怪人のチンポをさらに激しく愛撫する,那由多用嘴巴更激烈地愛撫怪人的陰莖。,Nayuta caresses the monster's cock even harder with her mouth,Nayuta caressed the fiend's penis even more intensely with her mouth.,나유타는 입으로 괴인의 자지를 더욱 격렬하게 애무한다,那由多用嘴巴更激烈地爱抚怪人的阴茎。
,,,,,,,,
Nayuta.Fallen2-10,那由多,「ジュルッ♥、ジュポッ♥、ジュポッ♥、ジュポッ♥！」,「ジュルッ♥、ジュポッ♥、ジュポッ♥、ジュポッ♥！」,「咕嚕♥、啾波♥、啾波♥、啾波♥！」,"Jools ♥, joo poo ♥, joo poo ♥, joo poo ♥!""","""Slurp♥ Slurp♥ Slurp♥ Slurp♥!""","「쥬륵♥, 쥬폿♥, 쥬폿♥, 쥬폿♥!」",「咕噜♥、啾波♥、啾波♥、啾波♥！」
,,,,,,,,
Nayuta.Fallen2-11,ゴブリン怪人,「グギャッ♪、グギャッ♪」,「グギャッ♪、グギャッ♪」,「咕嘎♪、咕嘎♪」,"♪ Guggah ♪, guggah ♪","""Gugya♪ Gugya♪""","「크갸악♪, 크갸악♪」",「咕嘎♪、咕嘎♪」
,,,,,,,,
Nayuta.Fallen2-12,那由多,「ん゛ふっ♥、ジュプッ、ジュプッ♥」,「ん゛ふっ♥、ジュプッ、ジュプッ♥」,「嗯呼♥、啾噗、啾噗♥」,"""Jup, jup, jup, jup, jup, jup, jup.""","""Mfuh♥ Slurp, slurp♥""","「응옷 훗♥, 쥬풋, 쥬풋♥」",「嗯呼♥、啾噗、啾噗♥」
,,,,,,,,
Nayuta.Fallen2-13,ゴブリン型怪人,「ギャッギャッ！、ギャッ！！！」,「ギャッギャッ！、ギャッ！！！」,「嘎嘎！嘎！！！」,"Gah―gah!"" Gah―gah!!!""","""Gyagya! Gya!!!""","「갹갹!, 갹!!!」",「嘎嘎！、嘎！！！」
,,,,,,,,
Nayuta.Fallen2-14,Nayuta darkness 2-2,ドビュルルルッルルッ！ビュルッ、ドビュルルルッ！,ドビュルルルッルルッ！ビュルッ、ドビュルルルッ！,咚咻嚕嚕嚕嚕！咻嚕、咚咻嚕嚕嚕！, ,"Splurt! Spurt, splurt!","도뷰르르르릇르릇! 뷰릇, 도뷰르르르릇!",咚咻噜噜噜噜！咻噜、咚咻噜噜噜！
,,,,,,,,
Nayuta.Fallen2-15,,怪人は那由多の頭を押さえつけ、精液を飲み込ませる,怪人は那由多の頭を押さえつけ、精液を飲み込ませる,怪人按住那由多的頭，讓她吞下精液。,The monster holds Nayuta's head down and makes her swallow his semen.,"The fiend held Nayuta's head down, making her swallow its load.","괴인은 나유타의 머리를 누르고, 정액을 삼키게 한다",怪人按住那由多的头，让她吞下精液。
,,,,,,,,
Nayuta.Fallen2-16,那由多,「ん゛ん゛っ、ゴブッ、ゴキュ、ジュルッ♥」,「ん゛ん゛っ、ゴブッ、ゴキュ、ジュルッ♥」,「嗯嗯、咕嘟、咕啾、咕嚕♥」,"""Gobble, gobble, gulp, julp ♥""","""Mmm, gulp, swallow, slurp♥""","「응옷 응옷 윽, 곱, 고큣, 쥬륵♥」",「嗯嗯、咕嘟、咕啾、咕噜♥」
,,,,,,,,
Nayuta.Fallen2-17,Nayuta darkness 2-3,「ん゛ん゛っ！オエ゛ッ、ゲホッ、ゴホッ！」,「ん゛ん゛っ！オエ゛ッ、ゲホッ、ゴホッ！」,「嗯嗯！嘔、咳、咳！」,"""D―D―D―D―D. ""Aaahhh, gee whiz, gee whiz!""","""Mmm! Ugh, cough, cough!""","「응옷 응옷 윽! 오엣, 게홋, 고홋!」",「嗯嗯！呕、咳、咳！」
,,,,,,,,
Nayuta.Fallen2-18,,那由多の口に射精された精液が逆流し、盛大にむせ返る,那由多の口に射精された精液が逆流し、盛大にむせ返る,射在那由多口中的精液逆流，讓她劇烈地嗆咳。,The semen ejaculated into Nayuta's mouth flows backwards and she swallows heavily.,"The semen ejaculated into Nayuta's mouth came back up, choking her violently.","나유타의 입에 사정된 정액이 역류하여, 심하게 기침한다",射在那由多口中的精液逆流，让她剧烈地呛咳。
,Nayuta darkness 2-4,,,,,,,
Nayuta.Fallen2-19,那由多,「ゲホッ、ゴホッ…」,「ゲホッ、ゴホッ…」,「咳、咳…」,"""Gobble, gobble...""","""Cough, cough...""","「게홋, 고홋…」",「咳、咳…」
,,,,,,,,
Nayuta.Fallen2-20,那由多,「プハッ、はあっ、はあっ、はあっ！」,「プハッ、はあっ、はあっ、はあっ！」,「噗哈、哈、哈、哈！」,"Puh―lease, ha―ha―ha!""","""Pfaaaa! Haa, haa, haa!""","「푸핫, 하앗, 하앗, 하앗!」",「噗哈、哈、哈、哈！」
,,,,,,,,
Nayuta.Fallen2-21,ゴブリン型怪人,「ギャッ♪、ギャッ♪」,「ギャッ♪、ギャッ♪」,「嘎♪、嘎♪」,"♪ Gah, gah ♪","""Gya♪ Gya♪""","「갹♪, 갹♪」",「嘎♪、嘎♪」
,,,,,,,,
Nayuta.Fallen2-22,那由多,「ハアッ、ハアッ…ッ、調子に乗って…とはいえ、これで少しは時間が稼げましたか…？」,「ハアッ、ハアッ…ッ、調子に乗って…とはいえ、これで少しは時間が稼げましたか…？」,「哈啊、哈啊…唔，雖然是被得寸進尺了…不過這樣是否爭取到一點時間了呢…？」,,"""Haa, haa... Getting carried away... But at least I bought some time...?""","「하앗, 하앗…윽, 조롱하는 듯한… 하지만, 이걸로 조금은 시간을 벌었을까요…?」",「哈啊、哈啊…唔，虽然是被得寸进尺了…不过这样是否争取到一点时间了呢…？」
,,,,,,,,
Nayuta.Fallen2-23,,(……この怪人は私が女性器で絶頂するごとに私から聖核エネルギーを吸収します…),(……この怪人は私が女性器で絶頂するごとに私から聖核エネルギーを吸収します…),（……這個怪人每當我女性生殖器高潮時，就會從我這裡吸收聖核能量…）,(...... this monster absorbs Seikaku energy from me every time I climax with my vagina...),(...This fiend absorbs my Holy Core Energy every time I climax with my female parts...),(……이 괴인은 제가 여성기로 절정할 때마다 저에게서 성핵 에너지를 흡수합니다…),（……这个怪人每当我女性生殖器高潮时，就会从我这里吸收圣核能量…）
,,,,,,,,
Nayuta.Fallen2-24,,(聖核エネルギーを吸収されないよう、どうにか口で処理してしのいでいますが…),(聖核エネルギーを吸収されないよう、どうにか口で処理してしのいでいますが…),（為了不讓聖核能量被吸收，我設法用口部處理來拖延…）,(I somehow manage to handle it with my mouth so that it doesn't absorb the Seikaku energy...),"(I'm somehow managing by handling it with my mouth to avoid having my Holy Core Energy absorbed, but...)","(성핵 에너지를 흡수당하지 않도록, 어떻게든 입으로 처리하며 버티고 있지만…)",（为了不让圣核能量被吸收，我设法用口部处理来拖延…）
,,,,,,,,
Nayuta.Fallen2-25,,「っ…、こんな雑魚怪人にっ、こんな屈辱的な事しかできないなんて…っ！」,「っ…、こんな雑魚怪人にっ、こんな屈辱的な事しかできないなんて…っ！」,「唔…我竟然只能對這種雜魚怪人做這種屈辱的事…！」,I can't believe I can only do such a humiliating thing to such a small fry monster!,"""To think I can only do such humiliating things against such a weak fiend...!""","「윽…, 이런 잡몹 괴인에게, 이런 굴욕적인 짓밖에 할 수 없다니…윽!」",「唔…，我竟然只能对这种杂鱼怪人做这种屈辱的事…！」
,,,,,,,,
Nayuta.Fallen2-26,,「しかし所詮は知能も低い雑魚…エネルギーが溜まって変身したら一瞬で細切れにします！」,「しかし所詮は知能も低い雑魚…エネルギーが溜まって変身したら一瞬で細切れにします！」,「但牠終究是智力低下的雜魚…等能量積蓄變身後，我會瞬間將牠碎屍萬段！」,"But it is only a small fish with low intelligence...when it builds up energy and transforms, it will shred you in an instant!""","""But it's just a low-intelligence weakling after all... Once I gather energy and transform, I'll shred it in an instant!""",「하지만 어차피 지능도 낮은 잡몹… 에너지가 모여 변신하면 단숨에 갈기갈기 찢어버리겠습니다!」,「但牠终究是智力低下的杂鱼…等能量积蓄变身后，我会瞬间将牠碎尸万段！」
,,,,,,,,
Nayuta.Fallen2-27,Nayuta darkness 2-5,「ギャッ♪ギャッ♪ギャギャ！」,「ギャッ♪ギャッ♪ギャギャ！」,「嘎♪嘎♪嘎嘎！」,♪ Gah ♪ ♪ Gah ♪ ♪ Gah ♪ ♪ Gah ♪ ♪ Gah ♪ ♪ Gah ♪,"""Gya♪ Gya♪ Gyagya!""",「갹♪갹♪갸갸!」,「嘎♪嘎♪嘎嘎！」
,,,,,,,,
Nayuta.Fallen2-28,,突然、ゴブリンが那由多の膣内に腕を突っ込み子宮を刺激する,突然、ゴブリンが那由多の膣内に腕を突っ込み子宮を刺激する,突然，哥布林將手臂伸進那由多的陰道內，刺激她的子宮。,"Suddenly, the goblin thrusts his arm into Nayuta's vagina and stimulates her uterus","Suddenly, the goblin thrust its arm into Nayuta's vagina and stimulated her womb.","갑자기, 고블린이 나유타의 질 내에 팔을 쑤셔 넣어 자궁을 자극한다",突然，哥布林将手臂伸进那由多的阴道内，刺激她的子宫。
,,,,,,,,
Nayuta.Fallen2-29,那由多,「ひぐっ！？、こ、このっ！」,「ひぐっ！？、こ、このっ！」,「呀！？這、這個傢伙！」,"""Higg! Ko, ko, ko!""","""Hggggg!? Y-you!""","「히끅!?, 이, 이놈!」",「呀！？这、这个家伙！」
,,,,,,,,
Nayuta.Fallen2-30,,「下を弄られるのはまずいですね…っ！、何とか興味を逸らさないとっ！」,「下を弄られるのはまずいですね…っ！、何とか興味を逸らさないとっ！」,「被玩弄下面很不妙…唔！必須想辦法轉移牠的注意力！」,"I'm not supposed to be playing with my bottom...! I have to distract them somehow!""","""Having my crotch played with is bad...! I need to divert its attention somehow!""","「아래를 희롱당하는 것은 좋지 않습니다…윽!, 어떻게든 관심을 돌려야…!」",「被玩弄下面很不妙…唔！必须想办法转移牠的注意力！」
,,,,,,,,
Nayuta.Fallen2-31,,那由多は舌をを突き出し、フェラの素振りをする,那由多は舌をを突き出し、フェラの素振りをする,那由多伸出舌頭，做出口交的樣子。,Nayuta sticks out her tongue and pretends to suck,Nayuta stuck out her tongue and made fellatio gestures.,"나유타는 혀를 내밀어, 펠라하는 시늉을 한다",那由多伸出舌头，做出口交的样子。
,,,,,,,,
Nayuta.Fallen2-32,那由多,「れろっ、んっ♥、こっちで抜いてあげますからっ！れろっ♥」,「れろっ、んっ♥、こっちで抜いてあげますからっ！れろっ♥」,「咧囉、嗯♥，我會用這裡幫你射出來的♥！咧囉♥」,I'll pull it out this way! Rerotsu!,"""Lick, nn♥ I'll get you off with this instead! Lick♥""","「레롯, 응읏♥, 이쪽으로 빼드릴 테니! 레롯♥」",「咧啰、嗯♥，我会用这里帮你射出来的♥！咧啰♥」
,,,,,,,,
Nayuta.Fallen2-33,ゴブリン型怪人,「ギャギャ？」,「ギャギャ？」,「嘎嘎？」,"""Gah―gah?""","""Gyagya?""",「갸갸?」,「嘎嘎？」
,,,,,,,,
Nayuta.Fallen2-34,那由多,(～～～っ、この私がこんな屈辱的な事をっ、しかし仕方ありませんっ！脱出するためですっ！),(～～～っ、この私がこんな屈辱的な事をっ、しかし仕方ありませんっ！脱出するためですっ！),（～～～唔，我竟然做出這麼屈辱的事♥，但是沒辦法！這是為了逃脫！）,"(~~~~, this is such a humiliating thing for me to do, but I have no choice! To escape!)",(For me to do such humiliating things... But I have no choice! It's for my escape!),"(~~~윽, 이 내가 이런 굴욕적인 짓을, 하지만 어쩔 수 없습니다! 탈출하기 위해서입니다!)",（～～～唔，我竟然做出这么屈辱的事♥，但是没办法！这是为了逃脱！）
,,,,,,,,
Nayuta.Fallen2-35,,「ほらっ♥、れろっ♥、こっちの方がっ♥、気持ちいいれすよっ♥、れろっ♥！」,「ほらっ♥、れろっ♥、こっちの方がっ♥、気持ちいいれすよっ♥、れろっ♥！」,「快點♥，咧囉♥，這裡會更♥，舒服喔♥，咧囉♥！」,"""Here, here, here, here, here, here, here, here, here, here, here, here, here, here, here, here, here, here, here, here, here!""","""Come on♥ Lick♥ This feels♥ much better♥ Lick♥!""","「자♥, 레롯♥, 이쪽이♥, 더 기분 좋아요♥, 레롯♥!」",「快点♥，咧啰♥，这里会更♥，舒服喔♥，咧啰♥！」
,,,,,,,,
Nayuta.Fallen2-36,ゴブリン型怪人,「ギャッギャッ？！ギャギャギャwww」,「ギャッギャッ？！ギャギャギャwww」,「嘎嘎？！嘎嘎嘎www」,"Gah―gah?"" Gah―gah―www!""","""Gyagya?! Gyagyagya www""",「갹갹?! 갸갸갸ㅋㅋㅋ」,「嘎嘎？！嘎嘎嘎www」
,,,,,,,,
Nayuta.Fallen2-37,,怪人は那由多の様子を見て腹を抱えて笑う,怪人は那由多の様子を見て腹を抱えて笑う,怪人看到那由多的樣子，抱著肚子大笑。,The monster looks at Nayuta and laughs in his belly.,The fiend held its belly and laughed at Nayuta's behavior.,괴인은 나유타의 모습을 보고 배를 잡고 웃는다,怪人看到那由多的样子，抱着肚子大笑。
,,,,,,,,
Nayuta.Fallen2-38,那由多,「つっ！？、このっ、馬鹿にしてっ！」,「つっ！？、このっ、馬鹿にしてっ！」,「唔！？你、你這個笨蛋，竟然嘲笑我！」,What? You idiot!,"""Tch!? You're mocking me!""","「윽!?, 이놈, 바보 취급을!」",「唔！？你、你这个笨蛋，竟然嘲笑我！」
,,,,,,,,
Nayuta.Fallen2-39,ゴブリン型怪人,「ギャギャッ…」,「ギャギャッ…」,「嘎嘎…」,"""Gah gah...""","""Gyagya...""",「갸갸윽…」,「嘎嘎…」
,,,,,,,,
Nayuta.Fallen2-40,,突然ゴブリン型怪人が部屋から出て行く,突然ゴブリン型怪人が部屋から出て行く,突然，哥布林型怪人走出了房間。,Suddenly a goblin―type monster leaves the room.,"Suddenly, the goblin fiend left the room.",갑자기 고블린형 괴인이 방에서 나간다,突然，哥布林型怪人走出了房间。
,,,,,,,,
Nayuta.Fallen2-41,那由多,「なっ？……いきなり何を…」,「なっ？……いきなり何を…」,「什麼？……突然怎麼了…」,"What? ...... what are you suddenly...""","""What? Why...""",「앗?……갑자기 무엇을…」,「什么？……突然怎么了…」
,Nayuta darkness 2-8,,,,,,,
Nayuta.Fallen2-42,ゴブリン型怪人,「ギャギャ！」,「ギャギャ！」,「嘎嘎！」,"Gah―gah!""","""Gyagya!""",「갸갸!」,「嘎嘎！」
,,,,,,,,
Nayuta.Fallen2-43,那由多,「っ……！それは私の刀っ！あなたが勝手に触っていいようなものではありませんっ！」,「っ……！それは私の刀っ！あなたが勝手に触っていいようなものではありませんっ！」,「唔……！那是我的刀！不是你可以隨便亂碰的東西！」,You can find it at ......! That's my sword! It is not something you are allowed to touch without permission!,"""...! That's my sword! That's not something you can just touch!""",「윽……! 그것은 나의 검! 당신이 함부로 만져도 되는 물건이 아닙니다!」,「唔……！那是我的刀！不是你可以随便乱碰的东西！」
,,,,,,,,
Nayuta.Fallen2-44,ゴブリン型怪人,「ギャギャ……ギャ！」,「ギャギャ……ギャ！」,「嘎嘎……嘎！」,"""Gah gah ...... gah!""","""Gyagya... Gya!""",「갸갸……갹!」,「嘎嘎……嘎！」
,,,,,,,,
Nayuta.Fallen2-45,,怪人は刀を握り、両側に力をこめる,怪人は刀を握り、両側に力をこめる,怪人握住刀，向兩側施力。,The monster grips his sword and strains on both sides.,The fiend gripped the sword and applied force from both sides.,"괴인은 검을 잡고, 양쪽에 힘을 준다",怪人握住刀，向两侧施力。
,,,,,,,,
Nayuta.Fallen2-46,那由多,「なっ、何をするつもりですか！？、やめなさい！」,「なっ、何をするつもりですか！？、やめなさい！」,「妳想做什麼！？住手！」,What are you doing? Stop it!,"""What are you doing?! Stop it!""","「앗, 뭘 할 셈입니까!?, 그만두세요!」",「你想做什么！？住手！」
,,,,,,,,
Nayuta.Fallen2-47,,「その刀は家系に代々伝わって来たもの…！私の聖核戦姫の誇りでっ―――――」,「その刀は家系に代々伝わって来たもの…！私の聖核戦姫の誇りでっ―――――」,「這把刀是代代相傳的家傳之寶…！是我聖核戰姫的驕傲―――――」,"The sword has been in my family for generations! It is the pride of my Holy Core Battlemaiden. ―――――""","""That sword has been passed down through my family for generations...! It's my pride as a Holy Core Battlemaiden...""",「그 검은 집안 대대로 전해져 내려온 것…! 나의 성핵전희로서의 긍지인데―――――」,「这把刀是代代相传的家传之宝…！是我圣核战姫的骄傲―――――」
,,,,,,,,
Nayuta.Fallen2-48,Nayuta darkness 2-9,バキッ！！,バキッ！！,喀嚓！！,Baki!,Crack!,빠각!!,喀嚓！！
,,,,,,,,
Nayuta.Fallen2-49,那由多,「―――――なっ！！」,「―――――なっ！！」,「―――――什麼！！」,"""―――――!!!!""","""...What?!""",「―――――앗!!」,「―――――什么！！」
,,,,,,,,
Nayuta.Fallen2-50,ゴブリン型怪人,「ギャッ♪　ギャッ♪」,「ギャッ♪　ギャッ♪」,「嘎♪　嘎♪」,♪ Gah ♪ ♪ Gah ♪,"""Gya♪ Gya♪""",「갹♪　갹♪」,「嘎♪　嘎♪」
,,,,,,,,
Nayuta.Fallen2-51,那由多,「―――――よくも私の刀をっ！絶対に許さなひぐッっッ！？！」,「―――――よくも私の刀をっ！絶対に許さなひぐッっッ！？！」,「―――――你竟然弄壞我的刀！我絕不原諒你呀呀！！！」,I'll never allow you to use my sword! I will never forgive you!,"""...How dare you break my sword! I'll never forgive you... Hnnngggg!""",「―――――잘도 나의 검을! 절대로 용서 못… 히끅윽윽!?」,「―――――你竟然弄坏我的刀！我绝不原谅你呀呀！！！」
,,,,,,,,
Nayuta.Fallen2-52,Nayuta darkness 2-10,那由多の膣内に刀の持ち手が突っ込まれる,那由多の膣内に刀の持ち手が突っ込まれる,刀的握柄被捅進那由多的陰道內。,The handle of the sword is plunged into Nayuta's vagina,The sword's handle was thrust into Nayuta's vagina.,나유타의 질 내에 검의 손잡이가 쑤셔 박힌다,刀的握柄被捅进那由多的阴道内。
,,,,,,,,
Nayuta.Fallen2-53,ゴブリン型怪人,「ギャッ、ギャッ！」,「ギャッ、ギャッ！」,「嘎、嘎！」,"Gah, gah!""","""Gya, gya!""","「갹, 갹!」",「嘎、嘎！」
,,,,,,,,
Nayuta.Fallen2-54,那由多,「お゛お゛っ！？、お゛おっ♥」,「お゛お゛っ！？、お゛おっ♥」,「喔喔！？喔喔♥」,"""Oh―oh―oh! Oh, oh, oh ♥""","""Oooh!? Ooh♥""","「오옷!?, 오옷♥」",「喔喔！？喔喔♥」
,,,,,,,,
Nayuta.Fallen2-55,,ズボッ、ズボッ、グチュッ！,ズボッ、ズボッ、グチュッ！,噗通、噗通、咕啾！,"Zubotsu, zubotsu, guchu!","Thrust, thrust, squelch!","즈봇, 즈봇, 구츄욱!",噗通、噗通、咕啾！
,,,,,,,,
Nayuta.Fallen2-56,那由多,「ひぎっ、この刀はっ、私の誇りなのにッ！、こんなっ！」,「ひぎっ、この刀はっ、私の誇りなのにッ！、こんなっ！」,「呀，這把刀是…我的驕傲！竟然變成這樣！」,I'm so proud of this sword! Don't you dare!,"""Hgggg, this sword is my pride! How could you!""","「히끅, 이 검은, 나의 긍지인데! 이런!」",「呀，这把刀是、我的骄傲！竟然变成这样！」
,,,,,,,,
Nayuta.Fallen2-57,,その時、怪人が言葉を発する,その時、怪人が言葉を発する,這時，怪人開口說話了。,"At that moment, the monster utters the words","At that moment, the fiend spoke.","그때, 괴인이 말을 했다",这时，怪人开口说话了。
,,,,,,,,
Nayuta.Fallen2-58,ゴブリン型怪人,「ギャギャッ！オマエ、バカッ！」,「ギャギャッ！オマエ、バカッ！」,「嘎嘎！妳、笨蛋！」,"""Gah, gah, gah! You idiot!""","""Gyagya! You, stupid!""","「갸갸! 너, 바보!」",「嘎嘎！你、笨蛋！」
,,,,,,,,
Nayuta.Fallen2-59,那由多,「ん゛ん゛っ♥、お゛！？コイツッ、な、なんで喋ってっ！」,「ん゛ん゛っ♥、お゛！？コイツッ、な、なんで喋ってっ！」,「嗯嗯♥，喔！？這傢伙，怎、怎麼會說話！」,"""D―d―d―d―d―d―d―d―d―d―d―d! He's talking, why is he talking?","""Mmm♥ Oh!? This thing, w-why is it talking!""","「응옷 응옷 윽♥, 오옷!? 이놈, 왜 말을!」",「嗯嗯♥、喔！？这家伙、怎、怎么会说话！」
,,,,,,,,
Nayuta.Fallen2-60,ゴブリン型怪人,「ニゲル、ツモリ、バレバレダッタ！」,「ニゲル、ツモリ、バレバレダッタ！」,「想逃跑，早就被識破了！」,"Nigel, tsumori, vare vare datta!""","""Run away, plan, totally obvious!""","「도망칠, 생각, 다 들켰다!」",「想逃跑，早就被识破了！」
,,,,,,,,
Nayuta.Fallen2-61,那由多,「なっ！…、そんなっ♥、お゛ほ゛っ♥！」,「なっ！…、そんなっ♥、お゛ほ゛っ♥！」,「什麼！…怎麼會♥，喔吼♥！」,"""Nah! ...oh, my God!","""What! No way♥ Ohoh♥""","「앗!…, 그럴, 오홋♥!」",「什么！…，怎么会♥，喔吼♥！」
,,,,,,,,
Nayuta.Fallen2-62,ゴブリン型怪人,「チンポ、ワザト、クチニ、イレテヤッタ！」,「チンポ、ワザト、クチニ、イレテヤッタ！」,「陰莖，故意讓妳吸的！」,"""Dick, wazato, kuchi ni irette yatta!""","""Dick, on purpose, in mouth, I put!""","「자지, 일부러, 입에, 넣어줬다!」",「阴茎，故意让你吸的！」
,,,,,,,,
Nayuta.Fallen2-63,那由多,「ひぎっ♥、そんなっ♥、私、コイツに遊ばれてたっ？！ひぐっ♥」,「ひぎっ♥、そんなっ♥、私、コイツに遊ばれてたっ？！ひぐっ♥」,「呀♥，怎麼會♥，我被這傢伙耍了？！呀♥」,I was playing with this guy? I'm so sorry.,"""Hgggg♥ No way♥ I was being toyed with by this thing!? Hgggg♥""","「히끅♥, 그런♥, 나, 이놈에게 놀아나고 있었나?! 히끅♥」",「呀♥，怎么会♥，我被这家伙耍了？！呀♥」
,,,,,,,,
Nayuta.Fallen2-64,,怪人は激しく刀を出し入れし、持ち手の凹凸が那由多の膣内をこすり上げる,怪人は激しく刀を出し入れし、持ち手の凹凸が那由多の膣内をこすり上げる,怪人猛烈地將刀抽出又捅入，握柄上的凹凸摩擦著那由多的陰道內部。,"The monster violently moves the sword in and out, the unevenness of the handle rubbing up against Nayuta's vagina.","The fiend violently thrust the handle in and out, its ridges scraping inside Nayuta's vagina.","괴인은 격렬하게 검을 넣고 빼며, 손잡이의 울퉁불퉁함이 나유타의 질 내부를 긁어 올린다",怪人猛烈地将刀抽出又捅入，握柄上的凹凸摩擦着那由多的阴道内部。
,,,,,,,,
Nayuta.Fallen2-65,ゴブリン型怪人,「ギャギャ！サアイケッ！イケッ！」,「ギャギャ！サアイケッ！イケッ！」,「嘎嘎！快高潮！高潮！」,"Gya gya! Saai kekk! Yikes!""","""Gyagya! Now come! Come!""",「갸갸! 자 가라! 가라!」,「嘎嘎！快高潮！高潮！」
,,,,,,,,
Nayuta.Fallen2-66,那由多,「ひぎっ♥、お゛お゛っ♥」,「ひぎっ♥、お゛お゛っ♥」,「呀♥、喔喔♥」,"""HIGH ♥, OHHHH ♥.""","""Hgggggiii♥ Oooh♥""","「히끅♥, 오옷 오옷 옷♥」",「呀♥、喔喔♥」
,Nayuta darkness 2-12,,,,,,,
Nayuta.Fallen2-67,,プシュッ、プシュッ、プシャアアアアッ！,プシュッ、プシュッ、プシャアアアアッ！,噗咻、噗咻、噗夏啊啊啊啊！,"Push, push, pushaaaah!","Squirt, squirt, gushhh!","푸슛, 푸슛, 푸샤아아아앗!",噗咻、噗咻、噗夏啊啊啊啊！
,,,,,,,,
Nayuta.Fallen2-68,ゴブリン型怪人,「ギャッ！ギャッ！ブザマッ！ブザマッ！」,「ギャッ！ギャッ！ブザマッ！ブザマッ！」,「嘎！嘎！丟臉！丟臉！」,"Gah! Gah! Buzamat! Buzammah!""","""Gya! Gya! Pathetic! Pathetic!""",「갹! 갹! 꼴사납다! 꼴사납다!」,「嘎！嘎！丢脸！丢脸！」
,,,,,,,,
Nayuta.Fallen2-69,那由多,「お゛お゛っ♥……お゛っ♥…」,「お゛お゛っ♥……お゛っ♥…」,「喔喔♥……喔♥…」,"""Oooooooh ♥...... oooooh ♥...""","""Oooh♥... Oh♥...""",「오옷 오옷 옷♥…… 오옷 옷♥…」,「喔喔♥……喔♥…」
,Nayuta darkness 2-4,,,,,,,
Nayuta.Fallen2-70,那由多,「―――――っ！、一体どれだけ私に辱めをっ！絶対に許せませんッ！」,「―――――っ！、一体どれだけ私に辱めをっ！絶対に許せませんッ！」,「―――――唔！你到底想給我多少羞辱！我絕不饒恕你！」,"I've been on the receiving end of a lot of ""―――――. How many times have you humiliated me? I will never forgive you!","""...! How much more will you humiliate me! I absolutely cannot forgive this!""","「―――――윽!, 대체 얼마나 나를 모욕해야! 절대로 용서할 수 없습니다!」",「―――――唔！，你到底想给我多少羞辱！我绝不饶恕你！」
,,,,,,,,
Nayuta.Fallen2-71,ゴブリン型怪人,「ギャギャ♪　ムリッ！オマエ、モウオシマイ！」,「ギャギャ♪　ムリッ！オマエ、モウオシマイ！」,「嘎嘎♪　不行！妳，已經完蛋了！」,"""Gah, gah, mr! You, moooshimai!""","""Gyagya♪ Impossible! You, already finished!""","「갸갸♪　무리! 너, 이제 끝이다!」",「嘎嘎♪　不行！你，已经完蛋了！」
,,,,,,,,
Nayuta.Fallen2-72,那由多,「っ、私は最強の聖核戦姫です！あなたになどに負け―――――ん゛お゛っ♥！」,「っ、私は最強の聖核戦姫です！あなたになどに負け―――――ん゛お゛っ♥！」,「唔，我是最強的聖核戰姫！我才不會輸給你這種―――――嗯喔♥！」,I am the most powerful Holy Core Battlemaiden! You can't beat me!,"""I am the strongest Holy Core Battlemaiden! I won't lose to someone like... Nnnoooh♥!""","「윽, 나는 최강의 성핵전희입니다! 당신 따위에게 질 리가―――――응옷 오옷 옷♥!」",「唔，我是最强的圣核战姫！我才不会输给你这种―――――嗯喔♥！」
,Nayuta darkness 2-14,,,,,,,
Nayuta.Fallen2-73,,パンッ、パンッ、パンッ、パンッ！,パンッ、パンッ、パンッ、パンッ！,啪、啪、啪、啪！,"Pang, pang, pang, pang!",Slap... Slap... Slap...,"팡앙, 팡앙, 팡앙, 팡앙!",啪、啪、啪、啪！
,,,,,,,,
Nayuta.Fallen2-74,,怪人は那由多に飛びつき、腰を振り始める,怪人は那由多に飛びつき、腰を振り始める,怪人跳到那由多身上，開始擺動腰部。,The monster jumps on Nayuta and starts shaking his hips,The fiend jumped on Nayuta and began thrusting its hips.,"괴인은 나유타에게 달려들어, 허리를 흔들기 시작한다",怪人跳到那由多身上，开始摆动腰部。
,,,,,,,,
Nayuta.Fallen2-75,ゴブリン型怪人,「ギャギャッ！ココニ、エネルギー、アルノ、ワカッテル！」,「ギャギャッ！ココニ、エネルギー、アルノ、ワカッテル！」,「嘎嘎！這裡，有能量，我知道！」,"""Gah, gah, gah! I've got energy in here, I know it!""","""Gyagya! Here, energy, exists, I know!""","「갸갸악! 여기에, 에너지, 있는 거, 안다!」",「嘎嘎！这里，有能量，我知道！」
,,,,,,,,
Nayuta.Fallen2-76,那由多,「ひぐうっ♥、そんなっ♥、待ってっ♥！」,「ひぐうっ♥、そんなっ♥、待ってっ♥！」,「呀嗚♥，怎麼會♥，等一下♥！」,"""Hi―guh, oh, no, wait!","""Hgggguuh♥ No♥ Wait♥""","「히끅윽♥, 그런♥, 기다려♥!」",「呀呜♥，怎么会♥，等一下♥！」
,,,,,,,,
Nayuta.Fallen2-77,那由多,(いえ―――、こんな時こそ落ち着きなさいっ！),(いえ―――、こんな時こそ落ち着きなさいっ！),（不―――越是這種時候越要冷靜！）,"(No―――, this is the time to calm down!)","(No, stay calm at a time like this!)","(아뇨―――, 이럴 때일수록 침착하세요!)",（不―――，越是这种时候越要冷静！）
,,,,,,,,
Nayuta.Fallen2-78,,(あと少しで変身するだけのエネルギーがたまります！),(あと少しで変身するだけのエネルギーがたまります！),（再一點點就能儲存到可以變身的能量了！）,(Just a few more minutes and you'll have enough energy to transform!),(Just a little more and I'll have enough energy to transform!),(조금만 더 있으면 변신할 만큼의 에너지가 모입니다!),（再一点点就能储存到可以变身的能量了！）
,,,,,,,,
Nayuta.Fallen2-79,,(後少し！私が絶頂しなければいいだけの事っ！こんなチンポなんかにっ！私は―――),(後少し！私が絶頂しなければいいだけの事っ！こんなチンポなんかにっ！私は―――),（再一點點！只要我不高潮就行了！對這種陰莖！我才不會―――――）,(Almost there! All I have to do is not climax! I'm not going to let this cock do this to me! I'm gonna...),(Just a little more! I just need to not climax! This cock...! I...),(조금만 더! 제가 절정하지만 않으면 되는 것! 이런 자지 따위에게! 나는―――),（再一点点！只要我不高潮就行了！对这种阴茎！我才不会―――――）
,,,,,,,,
Nayuta.Fallen2-80,,パンッ、パンッ、パンッ、パンッ！,パンッ、パンッ、パンッ、パンッ！,啪、啪、啪、啪！,"Pang, pang, pang, pang!",Slap... Slap... Slap...,"팡앙, 팡앙, 팡앙, 팡앙!",啪、啪、啪、啪！
,,,,,,,,
Nayuta.Fallen2-81,那由多,「くうううっ♥、ぐうっ♥、耐えっ…ます！」,「くうううっ♥、ぐうっ♥、耐えっ…ます！」,「嗚嗚嗚♥、唔♥、我會忍耐…的！」,"""Kuuuuu♥♥, gghhh, I'll endure...sir!""","""Kuuuh♥ Guuh♥ I'll... endure!""","「크으으으윽♥, 끄윽♥, 참…겠어요!」",「呜呜呜♥、唔♥、我会忍耐…的！」
,,,,,,,,
Nayuta.Fallen2-82,ゴブリン型怪人,「ギャギャッ、ワルアガキッ！バカダナ！」,「ギャギャッ、ムイミナテイコウッ！バカダナ！」,「嘎嘎、無意義的抵抗！笨蛋！」,"Gah gah gah, badass kid! Stupid kid!""","""Gyagya, meaningless resistance! Stupid!""","「갸갸악, 무의미한 저항! 바보구나!」",「嘎嘎、无意义的抵抗！笨蛋！」
,,,,,,,,
Nayuta.Fallen2-83,那由多,「お゛お゛っ♥、私にはっ！全ての聖核戦姫の命運がかかっているのですっ！」,「お゛お゛っ♥、私にはっ！全ての聖核戦姫の命運がかかっているのですっ！」,「喔喔♥，我的身上！承載著所有聖核戰姫的命運！」,"""Oh, oh, oh, oh, oh, oh, oh, oh, oh, oh, oh, oh, oh, oh, oh, oh, oh, oh, oh! The fate of all the Holy Core Battlemaidenes depends on me!""","""Oooh♥ The fate of all Holy Core Battlemaidens depends on me!""","「오옷 오옷 옷♥, 나에게는! 모든 성핵전희의 운명이 걸려 있습니다!」",「喔喔♥，我的身上！承载着所有圣核战姫的命运！」
,,,,,,,,
Nayuta.Fallen2-84,,パンッ、パンッ、パンッ、パンッ！,パンッ、パンッ、パンッ、パンッ！,啪、啪、啪、啪！,"Pang, pang, pang, pang!",Slap... Slap... Slap...,"팡앙, 팡앙, 팡앙, 팡앙!",啪、啪、啪、啪！
,,,,,,,,
Nayuta.Fallen2-85,那由多,「ひぎっっ♥、私はっ、最強の聖核戦姫ですっ！こんなチンポなんかに！」,「ひぎっっ♥、私はっ、最強の聖核戦姫ですっ！こんなチンポなんかに！」,「呀♥♥，我是，最強的聖核戰姫！對這種陰莖！」,I am the strongest Holy Core Battlemaiden! I'm the most powerful Holy Core Battlemaiden!,"""Hggggg♥ I am the strongest Holy Core Battlemaiden! This cock!""","「히끅윽♥, 나는! 최강의 성핵전희입니다! 이런 자지 따위에게!」",「呀♥♥，我是、最强的圣核战姫！对这种阴茎！」
,,,,,,,,
Nayuta.Fallen2-86,ゴブリン型怪人,「ギャギャッ！ムダダッ！セイエキダシテヤル！サアイケッ！」,「ギャギャッ！ムダダッ！セイエキダシテヤル！サアイケッ！」,「嘎嘎！沒用！射精給妳！快高潮！」,"Gah gah gah! Muda―da―da―da! Sayekidashiteyaru! Saai kekk!""","""Gyagya! Useless! I'm going to unleash my load! Now come!""",「갸갸악! 소용없다! 정액 내주마! 자 가라!」,「嘎嘎！没用！射精给你！快高潮！」
,,,,,,,,
Nayuta.Fallen2-87,那由多,「ひぎいっ♥、全ての聖核戦姫のためにっ！私はっ、チンポなんかに、負けな―――――」,「ひぎいっ♥、全ての聖核戦姫のためにっ！私はっ、チンポなんかに、負けな―――――」,「呀噫♥，為了所有聖核戰姫！我才不會，輸給陰莖―――――」,I'm not going to be defeated by a cock! I will not be defeated by a cock. ―――――,"""Higii♥ For all the Holy Core Battlemaidens! I won't lose to a dick...""","「히기잇♥, 모든 성핵전희를 위해! 나는, 자지 따위에, 지지 않―――――」",「呀噫♥，为了所有圣核战姫！我才不会、输给阴茎―――――」
,,,,,,,,
Nayuta.Fallen2-88,Nayuta darkness 2-15,ドビュルルルッルルッ！ビュルッ、ドビュルルルッ！！！,ドビュルルルッルルッ！ビュルッ、ドビュルルルッ！！！,咚咻嚕嚕嚕嚕！咻嚕、咚咻嚕嚕嚕！！！, Burrrrrrrrrrrrrrrrrrrrrrrrrrrrr!,"Splurt! Spurt, Splurt!","도뷰르르르릇르릇! 뷰릇, 도뷰르르르릇!!!",咚咻噜噜噜噜！咻噜、咚咻噜噜噜！！！
,,,,,,,,
Nayuta.Fallen2-89,那由多,「いっぎいっ！！いっぐうううぅぅぅっっ♥！！？！？」,「いっぎいっ！！いっぐうううぅぅぅっっ♥！！？！？」,「噫嘰！！嗚嗚嗚嗚嗚♥♥！！？！？」,Iggy! Iiguiuuggghhhhhh!,"""Iiiigggg!! Iggggguuuu♥""",「이잇!! 이끄으으으으으윽앙!!?!?!」,「噫叽！！呜呜呜呜呜♥♥！！？！？」
,,,,,,,,
Nayuta.Fallen2-90,ゴブリン型怪人,「ギャギャッ！イッタ！イッタ！ザコ！ザコ！」,「ギャギャッ！イッタ！イッタ！ザコ！ザコ！」,「嘎嘎！射了！射了！雜魚！雜魚！」,"Gah―gah!"" Itta! Itta! Zacho! Zacko!","""Gyagya! You came! You came! Weakling! Weakling!""",「갸갸악! 갔다! 갔다! 잡몹! 잡몹!」,「嘎嘎！射了！射了！杂鱼！杂鱼！」
,,,,,,,,
Nayuta.Fallen2-91,,「オマエノマケッ！エネルギーイタダキッ！」,「オマエノマケッ！エネルギーイタダキッ！」,「妳輸了！能量我收下了！」,"Omaeno makke! Energy itadakki!""","""You lose! Energy mine!""",「너의 패배! 에너지 잘 먹겠다!」,「你输了！能量我收下了！」
,,,,,,,,
Nayuta.Fallen2-92,那由多,「お゛っほっ♥、そんなあっ♥、うそだぁ♥、私がっ♥♥！」,「お゛っほっ♥、そんなあっ♥、うそだぁ♥、私がっ♥♥！」,「喔吼♥，怎麼會啊♥，騙人的♥，我竟然♥♥！」,"""Oh, no, no, no, no, no, no, no, no, no, no, no, no, no, no, no, no, no, no, no, no, no, no, no, no, no, no, no, no, no!""","""Ohhoh♥ No way♥ It's a lie♥ I...♥♥""","「오옷 옷호옷♥, 그런♥, 거짓말이야♥, 내가♥♥!」",「喔吼♥，怎么会啊♥，骗人的♥，我竟然♥♥！」
,,,,,,,,
Nayuta.Fallen2-93,ゴブリン型怪人,「ギャギャッ！、オマエノチカラッ！スベテオレノモノッ！」,「ギャギャッ！、オマエノチカラッ！スベテオレノモノッ！」,「嘎嘎！妳的力量！全部都是我的！」,Gah gah gah! I'm so happy to see you! It's mine!,"""Gyagya! Your power! All mine!""","「갸갸악!, 너의 힘! 전부 내 것이다!」",「嘎嘎！你的力量！全部都是我的！」
,,,,,,,,
Nayuta.Fallen2-94,ゴブリン型怪人,「オマエ、カンゼンニオワリ！オマエ、オレノドレイ！」,「オマエ、カンゼンニオワリ！オマエ、オレノドレイ！」,「妳，完全結束了！妳，是我的奴隸！」,"You, kanzen niowari! You, Ore―no―Drei!""","""You, completely finished! You, my slave!""","「너, 완전히 끝! 너, 나의 노예!」",「你，完全结束了！你，是我的奴隶！」
,,,,,,,,
Nayuta.Fallen2-95,,怪人はマーキングをするかのように那由多に精液を流し込み続ける,怪人はマーキングをするかのように那由多に精液を流し込み続ける,怪人像是在做標記一樣，持續將精液灌入那由多體內。,The monster continues to pour semen into Nayuta as if marking her.,The fiend continued unloading his semen into Nayuta as if marking her.,괴인은 마킹하듯 나유타에게 정액을 계속 흘려 넣는다,怪人像是在做标记一样，持续将精液灌入那由多体内。
,,,,,,,,
Nayuta.Fallen2-96,,ドビュルルッ！ドビュルルッ！,ドビュルルッ！ドビュルルッ！,咚咻嚕嚕！咚咻嚕嚕！,Doburrrrrrrrrrrrr! Doburrrrrrrrrrrrrrrrrrr!,Splurt! Splurt!,도뷰르릇! 도뷰르릇!,咚咻噜噜！咚咻噜噜！
,,,,,,,,
Nayuta.Fallen2-97,那由多,「ひっぐう♥、お゛お゛っ♥、お゛～～♥♥♥」,「ひっぐう♥、お゛お゛っ♥、お゛～～♥♥♥」,「呀嗚♥、喔喔♥、喔～～♥♥♥」,"""Hi―guh♥, ooo―ooh♥, ooo―ooh~♥♥♥.""","""Hggg♥ Oooh♥ Oh♥♥♥""","「히익극우♥, 오옷 오옷 옷♥, 오옷 ~~~~♥♥♥」",「呀呜♥、喔喔♥、喔～～♥♥♥」
,,,,,,,,
Nayuta.Fallen2-98,那由多,(私っ、完全に負けてッ…！私が負けちゃったから…、聖核戦姫はっ！？聖月女学園はっ―――――),(私っ、完全に負けてッ…！私が負けちゃったから…、聖核戦姫はっ！？ホーリーコア・レギオンはっ―――――),（我、完全輸了…！我輸了的話…聖核戰姫們怎麼辦！？聖核軍團―――――）,"(I, I lost completely...! Because I lost..., Holy Core Battlemaiden! Seigetsu Girl Academy is ―――――)",(I've completely lost...! Because I lost... The Holy Core Battlemaidens!? The Holy Core Legion...),"(나, 완전히 져서…! 내가 져버렸으니…, 성핵전희는!? 홀리코어 레기온은―――――)",（我、完全输了…！我输了的话…，圣核战姫们怎么办！？圣核军团―――――）
,,,,,,,,
Nayuta.Fallen2-99,,ドビュルルッ！ドビュルルッ！,ドビュルルッ！ドビュルルッ！,咚咻嚕嚕！咚咻嚕嚕！,Doburrrrrrrrrrrrr! Doburrrrrrrrrrrrrrrrrrr!,Splurt! Splurt!,도뷰르릇! 도뷰르릇!,咚咻噜噜！咚咻噜噜！
,,,,,,,,
Nayuta.Fallen2-100,那由多,「お゛お゛っ♥、お゛お゛っ♥またイグッ！、エネルギー、取られるっ！」,「お゛お゛っ♥、お゛お゛っ♥またイグッ！、エネルギー、取られるっ！」,「喔喔♥、喔喔♥又高潮了！能量，被奪走了！」,"Oh, oh, oh, oh, oh, oh, oh, oh, oh, oh, oh, oh, oh, oh, oh, oh, oh, oh, oh, oh, oh, oh, oh, oh, oh, oh! They're taking all my energy!""","""Oooh♥ Oooh♥ Coming again! My energy is being taken!""","「오옷 오옷 옷♥, 오옷 오옷 옷♥ 또 가버렷!, 에너지, 빼앗긴다!」",「喔喔♥、喔喔♥又高潮了！能量、被夺走了！」
,,,,,,,,
Nayuta.Fallen2-101,,最強の聖核戦姫は完全に逆転の芽を失い、那由多の思考は白濁液と快楽の中に溶けていくのだった,最強の聖核戦姫は完全に逆転の芽を失い、那由多の思考は白濁液と快楽の中に溶けていくのだった,最強的聖核戰姫徹底失去了逆轉的希望，那由多的思緒在白色液體與快感中融化。,"The strongest Holy Core Battlemaiden completely lost the bud of reversal, and Nayuta's thoughts melted away in a cloud of white fluid and pleasure.","The strongest Holy Core Battlemaiden had completely lost any chance of a counterattack, and Nayuta's thoughts dissolved into cloudy fluids and pleasure.","최강의 성핵전희는 완전히 역전의 기회를 잃고, 나유타의 사고는 백탁액과 쾌락 속에 녹아드는 것이었다",最强的圣核战姫彻底失去了逆转的希望，那由多的思绪在白色液体与快感中融化。
,,,,,,,,
Nayuta Fallen Scene３,注釈,闇堕ちシーン,闇堕ちシーン,,闇堕ちシーン,,타락 이벤트,
,暗転,,,,,,,
Nayuta.Fallen3-1,Nayuta darkness 3ｰ1,財団地下拘束施設にて―――――,財団地下拘束施設にて―――――,財團地下拘束設施內―――――,At the Foundation's Underground Restraint Facility: ―――――,At the Foundation's underground restraint facility,재단 지하 구속 시설에서―――――,财团地下拘束设施内―――――
,,,,,,,,
Nayuta.Fallen3-2,,ドチュッ！！、ドチュッ！！、ドチュッ！！,ドチュッ！！、ドチュッ！！、ドチュッ！！,咚啾！！咚啾！！咚啾！！,Doo―doo! Doo―doo! Doo―doo!,"Squelch, squelch, squelch!","도츗!!, 도츗!!, 도츗!!",咚啾！！、咚啾！！、咚啾！！
,,,,,,,,
Nayuta.Fallen3-3,那由多,「ひぎっっ♥！、お゛お゛っ♥、お゛っ♥」,「ひぎっっ♥！、お゛お゛っ♥、お゛っ♥」,「呀♥♥！喔喔♥、喔♥」,"""Hi―giggity―♥! Oh, oh, oh, oh, oh, oh, oh!""","""Hgggg♥ Oooh♥ Oh♥""","「히긱윽♥!, 오옷 오옷 옷♥, 오옷 옷♥」",「呀♥♥！、喔喔♥、喔♥」
,,,,,,,,
Nayuta.Fallen3-4,那由多,「お゛っ♥、イグッ♥！、子宮潰されてっ♥、また負けちゃうっ♥！」,「お゛っ♥、イグッ♥！、子宮潰されてっ♥、また負けちゃうっ♥！」,「喔♥，要高潮了♥！子宮被搗爛♥，又要輸了♥！」,"""Oh, oh, oh, oh, oh, oh! I'm getting my uterus crushed... I'm losing again!","""Oh♥ I'm coming♥ My womb is being crushed♥ I'm losing again♥""","「오옷 옷♥, 이크윽♥!, 자궁 뭉개져서♥, 또 져버렷♥!」",「喔♥、要高潮了♥！子宫被捣烂♥、又要输了♥！」
,,,,,,,,
Nayuta.Fallen3-5,,那由多は巨大な怪人に抱え込まれ、肉棒に貫かれながら体を上下に振られていた,那由多は巨大な怪人に抱え込まれ、肉棒に貫かれながら体を上下に振られていた,那由多被巨大的怪人抱住，肉棒貫穿她的身體，並被上下搖晃著。,"Nayuta was being held by a huge monster, and her body was being swung up and down while being penetrated by a meat pole.","Nayuta was held by a giant fiend, her impaled body being moved up and down.","나유타는 거대한 괴인에게 안겨, 육봉에 꿰뚫린 채 몸을 위아래로 흔들리고 있었다",那由多被巨大的怪人抱住，肉棒贯穿她的身体，并被上下摇晃着。
,,,,,,,,
Nayuta.Fallen3-6,怪人,「グフフッ、那由多よっ、どうだ俺のチンポは？」,「グフフッ、那由多よっ、どうだ俺のチンポは？」,「咕呼呼，那由多啊，我的陰莖如何？」,"""Guffaw, Nayuta, how's my dick?""","""Hehehe, Nayuta, how is my cock?""","「크흐흐, 나유타여, 어떠냐 나의 자지는?」",「咕呼呼，那由多啊，我的阴茎如何？」
,,,,,,,,
Nayuta.Fallen3-7,那由多,「お゛っ♥、す、凄いですご主人様っ♥、このチンポ好きですっ♥」,「お゛っ♥、す、凄いですご主人様っ♥、このチンポ好きですっ♥」,「喔♥、好、好厲害啊主人♥、我好喜歡這根陰莖♥」,"""Oh, my God, that's great, Master, I love this cock.""","""Oh♥ It's amazing, Master♥ I love this cock♥""","「오옷 옷♥, 괴, 굉장합니다 주인님♥, 이 자지 좋아합니다♥」",「喔♥、好、好厉害啊主人♥、我好喜欢这根阴茎♥」
,,,,,,,,
Nayuta.Fallen3-8,怪人,「グフフッ、すっかり従順になったな！良いことだっ！」,「グフフッ、すっかり従順になったな！良いことだっ！」,「咕呼呼，變得這麼聽話了！很好！」,"""Guffaw, you've become so obedient! That's good!""","""Hehehe, you've become completely obedient! That's good!""","「크흐흐, 완전히 순종적이 되었군! 좋은 일이다!」",「咕呼呼，变得这么听话了！很好！」
,,,,,,,,
Nayuta.Fallen3-9,那由多,「はいっ♥、那由多は…弱くて惨めな敗者なのでっ♥、当然ですっ♥」,「はいっ♥、那由多は…弱くて惨めな敗者なのでっ♥、当然ですっ♥」,「是♥，那由多…因為是又弱又可憐的敗者♥，這是理所當然的♥」,"Nayuta is a weak and miserable loser, of course.","""Yes♥ I am... a weak and pathetic loser♥ It's only natural♥""","「네엣♥, 나유타는… 약하고 비참한 패자이므로♥, 당연합니다♥」",「是♥，那由多…因为是又弱又可怜的败者♥，这是理所当然的♥」
,,,,,,,,
Nayuta.Fallen3-10,,かつての小さな怪人は、那由多から聖核エネルギーを奪い続け、今や那由多でも勝てない強大な怪人となっていた,かつての怪人は、那由多から聖核エネルギーを奪い続け、今や那由多でも勝てない強大な怪人となっていた,曾經的怪人，不斷從那由多身上奪取聖核能量，如今已成為連那由多都無法戰勝的強大怪人。,"The once small monster had continued to steal the Seikaku energy from Nayuta, and was now a powerful monster that even Nayuta could not defeat.",The former fiend had continued stealing Holy Core Energy from Nayuta and had become a powerful fiend that even Nayuta couldn't defeat.,"예전의 괴인은, 나유타로부터 성핵 에너지를 계속 빼앗아, 이제는 나유타조차 이길 수 없는 강대한 괴인이 되어 있었다",曾经的怪人，不断从那由多身上夺取圣核能量，如今已成为连那由多都无法战胜的强大怪人。
,,,,,,,,
Nayuta.Fallen3-11,那由多,「ご主人様のチンポに敗北してっ♥、調教されてっ♥、那由多はご主人様のオナホになりました♥」,「ご主人様のチンポに敗北してっ♥、調教されてっ♥、那由多はご主人様のオナホになりました♥」,「已經敗給主人的陰莖♥，被調教後♥，那由多成了主人的自慰套了♥」,"Defeated and trained by Master's cock, Nayuta became Master's masturbator.","""Defeated by Master's cock♥ Trained♥ Nayuta has become Master's toy♥""","「주인님의 자지에 패배하여♥, 조교당하여♥, 나유타는 주인님의 오나홀이 되었습니다♥」",「已经失败给主人的阴茎♥、被调教后♥、那由多成了主人的自慰套了♥」
,,,,,,,,
Nayuta.Fallen3-12,那由多,「敗者である那由多はっ♥、ご主人様に忠誠を誓うのでっ♥、惨めなオナホに精液をお恵みくださいっ♥」,「敗者である那由多はっ♥、ご主人様に忠誠を誓うのでっ♥、惨めなオナホに精液をお恵みくださいっ♥」,「身為敗者的那由多♥，向主人發誓忠誠♥，請將精液恩賜給這個可憐的自慰套吧♥」,"Nayuta, the loser, I pledge allegiance to my master, so please give me semen for my miserable masturbator.","""As a loser, Nayuta♥ pledges loyalty to Master♥ Please grant this pathetic pocket pussy your jizz♥""","「패자인 나유타는♥, 주인님께 충성을 맹세하므로♥, 비참한 오나홀에게 정액을 하사해주십시오♥」",「身为败者的那由多♥，向主人发誓忠诚♥，请将精液恩赐给这个可怜的自慰套吧♥」
,,,,,,,,
Nayuta.Fallen3-13,,黒髪は白く変色し、淫猥な言葉で媚びを売る姿には既にかつての最強の聖核戦姫の面影はない,黒髪は白く変色し、淫猥な言葉で媚びを売る姿には既にかつての最強の聖核戦姫の面影はない,黑髮已變成白色，以淫穢的言詞討好的模樣，早已失去昔日最強聖核戰姫的風采。,"Her black hair has turned white, and there is no trace of the once powerful Princess of the Seikaku in her flirtatious appearance with obscene words.","Her black hair had turned white, and as she fawned with lewd words, there was no trace of the former strongest Holy Core Battlemaiden.","검은 머리는 하얗게 변색되고, 음탕한 말로 아양을 떠는 모습에는 이미 예전의 최강 성핵전희의 모습은 없다",黑发已变成白色，以淫秽的言词讨好的模样，早已失去昔日最强圣核战姫的风采。
,,,,,,,,
Nayuta.Fallen3-14,怪人,「グフフッ、いい心がけだ。従順なオナホには褒美をくれてやらんとな」,「グフフッ、いい心がけだ。従順なオナホには褒美をくれてやらんとな」,「咕呼呼，心態很好。對聽話的自慰套，是要給予獎賞的。」,"I'm sure you've got a good mind for it. You have to reward the obedient masturbator.""","""Hehehe, good attitude. I must reward a good pocket pussy.""","「크흐흐, 좋은 마음가짐이다. 순종적인 오나홀에게는 포상을 내려주어야지」",「咕呼呼，心态很好。对听话的自慰套，是要给予奖赏的。」
,,,,,,,,
Nayuta.Fallen3-15,那由多,「あっ♥、あひっ♥、ありがとうございますっ♥敗北オナホ、存分にお使いくださいっ♥」,「あっ♥、あひっ♥、ありがとうございますっ♥敗北オナホ、存分にお使いくださいっ♥」,「啊♥、呀噫♥、謝謝您♥，請盡情使用這個失敗者自慰套吧♥」,"""Oh, oh, thank you very much, please use the defeated masturbator to your heart's content.","""Ah♥ Ahnnn♥ Thank you♥ Please use this defeated pocket pussy as much as you want♥""","「앗♥, 아힛♥, 감사합니다♥ 패배 오나홀, 마음껏 사용해주십시오♥」",「啊♥、呀噫♥、谢谢您♥，请尽情使用这个失败者自慰套吧♥」
,,,,,,,,
Nayuta.Fallen3-16,,そして怪人は那由多を使い、オナホのようにして自身の肉棒をしごいていく,そして怪人は那由多を使い、オナホのようにして自身の肉棒をしごいていく,接著怪人將那由多當作自慰套一樣，套弄著自己的肉棒。,"Then, the monster uses Nayuta as a masturbator and rubs his own rod.",The fiend then used Nayuta like a sex toy to pleasure himself.,"그리고 괴인은 나유타를 사용하여, 오나홀처럼 자신의 육봉을 흔들어댄다",接着怪人将那由多当作自慰套一样，套弄着自己的肉棒。
,,,,,,,,
Nayuta.Fallen3-17,,ドチュッ！！、ドチュッ！！、ドチュッ！！,ドチュッ！！、ドチュッ！！、ドチュッ！！,咚啾！！咚啾！！咚啾！！,Doo―doo! Doo―doo! Doo―doo!,"Squelch, squelch, squelch!","도츗!!, 도츗!!, 도츗!!",咚啾！！、咚啾！！、咚啾！！
,,,,,,,,
Nayuta.Fallen3-18,那由多,「お゛っ♥、お゛っ♥、お゛おっ♥、凄いっ♥、イクッ♥♥」,「お゛っ♥、お゛っ♥、お゛おっ♥、凄いっ♥、イクッ♥♥」,「喔♥、喔♥、喔喔♥、好厲害♥、要高潮了♥♥」,"""Oh, oh, oh, oh, oh, oh, oh, oh, oh, oh, oh, oh, oh, oh, oh, oh, oh, oh, oh, oh, oh, oh, oh, oh, oh, oh, oh, oh, oh, oh, oh, oh, oh.""","""Oh♥ Oh♥ Ooh♥ Amazing♥ I'm coming♥♥""","「오옷 옷♥, 오옷 옷♥, 오옷 오옷♥, 굉장해♥, 가버렷♥♥」",「喔♥、喔♥、喔喔♥、好厉害♥、要高潮了♥♥」
,,,,,,,,
Nayuta.Fallen3-19,那由多,「太いチンポでっ♥、オナホマンコ♥、壊されてイっちゃううぅッ♥」,「太いチンポでっ♥、オナホマンコ♥、壊されてイっちゃううぅッ♥」,「被粗大的陰莖♥，將自慰套小穴♥弄壞然後高潮了啦♥♥」,I'm going to come with a fat cock... I'm going to come with a fat cock... I'm going to come with a fat cock... I'm going to come with a fat cock... I'm going to come with a fat cock...,"""With that thick cock♥ My toy pussy is broken♥ And I'm coming♥""","「굵은 자지로♥, 오나홀 보지♥, 부서져서 가버려어어엇♥」",「被粗大的阴茎♥、将自慰套小穴♥弄坏然后高潮了啦♥♥」
,,,,,,,,
Nayuta.Fallen3-20,怪人,「さあ、精液をたんと飲ませてやるっ！」,「さあ、精液をたんと飲ませてやるっ！」,「來，讓妳好好喝個夠精液！」,"Come on, I'll make you drink plenty of semen!""","""Now, I'll make you drink my cum!""","「자, 정액을 듬뿍 마시게 해주마!」",「来，让你好好喝个够精液！」
,Nayuta darkness 3-2,,,,,,,
Nayuta.Fallen3-21,,次の瞬間、怪人のチンポが膨れたかと思うと、塊のような精液の奔流が那由多の子宮口へ発射される,次の瞬間、怪人のチンポが膨れたかと思うと、塊のような精液の奔流が那由多の子宮口へ発射される,下一瞬間，怪人的陰莖像是膨脹起來一樣，塊狀的精液洪流射向那由多的子宮頸。,"The next moment, the monster's cock seems to swell, and a torrent of cum shoots into Nayuta's cervix!","The next moment, the fiend's cock swelled and a torrent of thick jizz was shot into Nayuta's womb.","다음 순간, 괴인의 자지가 부풀어 오르더니, 덩어리 같은 정액의 분류가 나유타의 자궁 입구로 발사된다",下一瞬间，怪人的阴茎像是膨胀起来一样，块状的精液洪流射向那由多的子宫颈。
,,,,,,,,
Nayuta.Fallen3-22,,ドクッ！、ドビュルルルルルルッ！,ドクッ！、ドビュルルルルルルッ！,噗通！咚咻嚕嚕嚕嚕嚕嚕！,Doc! ,Throb! Splurrrrrt!,"도큣!, 도뷰르르르르르르릇!",噗通！咚咻噜噜噜噜噜噜！
,,,,,,,,
Nayuta.Fallen3-23,那由多,「お゛おっ♥、お゛っ♥おお、すご…いぃっ♥♥！」,「お゛おっ♥、お゛っ♥おお、すご…いぃっ♥♥！」,「喔喔♥、喔♥喔喔、好厲…害♥♥！」,,"""Ooh♥ Oh♥ Ooh, amaz...ing♥♥""","「오옷 오옷♥, 오옷 옷♥오오, 굉장…해앳♥♥!」",「喔喔♥、喔♥喔喔、好厉…害♥♥！」
,,,,,,,,
Nayuta.Fallen3-24,怪人,「おいオナホっ、まだ出してる途中だ！最後まで搾り取れっ！」,「おいオナホっ、まだ出してる途中だ！最後まで搾り取れっ！」,「喂自慰套，還在射的途中！給我榨到最後一滴！」,"Hey, masturbator, I'm still pumping! Squeeze me to finish!""","""Hey toy, I'm still unloading! Squeeze it all out!""","「어이 오나홀, 아직 싸는 중이다! 마지막까지 짜내라!」",「喂自慰套，还在射的途中！给我榨到最后一滴！」
,,,,,,,,
Nayuta.Fallen3-25,那由多,「お゛っ♥、申し訳ありませんっ♥、おマンコ絞めますっ♥！」,「お゛っ♥、申し訳ありませんっ♥、おマンコ絞めますっ♥！」,「喔♥，非常抱歉♥，我會夾緊小穴的♥！」,"""Oh, I'm sorry, I'm gonna squeeze your pussy!""","""Oh♥ I'm sorry♥ I'll tighten up♥""","「오옷 옷♥, 죄송합니다♥, 보지 조이겠습니다♥!」",「喔♥、非常抱歉♥、我会夹紧小穴的♥！」
,,,,,,,,
Nayuta.Fallen3-26,,ドビュルルッ！ビュルルルルルッ！,ドビュルルッ！ビュルルルルルッ！,咚咻嚕！咻嚕嚕嚕嚕嚕！,Doburrrrrrrrrrrr! ,Splurt! Spurrrrt!,도뷰르릇! 뷰르르르르릇!,咚咻噜！咻噜噜噜噜噜！
,,,,,,,,
Nayuta.Fallen3-27,那由多,「お゛っ♥、射精っ♥、ながいぃっ♥、子宮が性液で溺れてるっ♥♥！」,「お゛っ♥、射精っ♥、ながいぃっ♥、子宮が性液で溺れてるっ♥♥！」,「喔♥，射精♥，好久♥，子宮快被精液淹沒了♥♥！」,"""Ooooh, I'm ejaculating, I'm ejaculating so long, my womb is drowning in sexual fluids!""","""Oh♥ You're coming♥ For a long time♥ My womb is drowning in fluids♥♥""","「오옷 옷♥, 사정♥, 길어엇♥, 자궁이 정액으로 넘치고 있어♥♥!」",「喔♥、射精♥、好久♥、子宫快被精液淹没了♥♥！」
,,,,,,,,
Nayuta.Fallen3-28,,そして1分ほど子宮への射精が続いた後,そして1分ほど子宮への射精が続いた後,接著持續了約一分鐘的子宮射精後。,And after a minute or so of ejaculation into the uterus,The fiend kept coming for a whole minute,그리고 1분 정도 자궁으로 사정이 계속된 후,接着持续了约一分钟的子宫射精后。
,Nayuta darkness 3-3,,,,,,,
Nayuta.Fallen3-29,,ドクッ、ドクッ、ドクッ！,ドクッ、ドクッ、ドクッ！,噗通、噗通、噗通！,"Doc, doc, doc!","Throb, throb, throb!","도큣, 도큣, 도큣!",噗通、噗通、噗通！
,,,,,,,,
Nayuta.Fallen3-30,那由多,「お゛っ♥、お゛っ♥、お゛っ♥、お゛おっ♥♥！」,「お゛っ♥、お゛っ♥、お゛っ♥、お゛おっ♥♥！」,「喔♥、喔♥、喔♥、喔喔♥♥！」,"""Oooh, oooh, oooh, oooh, oooh, oooh, oooh, oooh, oooh!""","""Oh♥ Oh♥ Oh♥ Ooh♥♥""","「오옷 옷♥, 오옷 옷♥, 오옷 옷♥, 오옷 오옷♥♥!」",「喔♥、喔♥、喔♥、喔喔♥♥！」
,,,,,,,,
Nayuta.Fallen3-31,,那由多の胎は精液で膨らみ、妊娠したかのようになっていた,那由多の胎は精液で膨らみ、妊娠したかのようになっていた,那由多的腹部因精液而膨脹，彷彿懷孕了一樣。,"Nayuta's womb was swollen with semen, as if she were pregnant.","Nayuta's belly swelled with fluids, looking like she was pregnant.","나유타의 배는 정액으로 부풀어, 임신한 것처럼 되어 있었다",那由多的腹部因精液而膨胀，仿佛怀孕了一样。
,,,,,,,,
Nayuta.Fallen3-32,怪人,「ふう…流石は俺のオナホだ…耐久性だけはさすがだな」,「ふう…流石は俺のオナホだ…耐久性だけはさすがだな」,「呼…不愧是我的自慰套…耐用度真是沒話說。」,"""Well... that's my masturbator... it's as durable as I thought it would be.""","""Phew... As expected of my sex toy... At least your durability is impressive.""",「후우… 역시 내 오나홀이다… 내구성만큼은 과연이군」,「呼…不愧是我的自慰套…耐用度真是没话说。」
,,,,,,,,
Nayuta.Fallen3-33,那由多,「お゛ほっ♥、あ、ありがとうごじゃいますぅ…♥♥」,「お゛ほっ♥、あ、ありがとうごじゃいますぅ…♥♥」,「喔吼♥，謝、謝謝您…♥♥」,"""Oh, thank you very much...♥♥♥""","""Ohoh♥ Th-thank you very much...♥♥""","「오옷 홋♥, 아, 감사합니다아…♥♥」",「喔吼♥、谢、谢谢您…♥♥」
,Nayuta darkness 3-4,,,,,,,
Nayuta.Fallen3-34,,そして那由多の膣内からチンポがずるりと引き抜かれる,そして那由多の膣内からチンポがずるりと引き抜かれる,接著，陰莖緩緩地從那由多的陰道內抽出。,"Then, the cock is cunningly pulled out from inside Nayuta's vagina.",Then the cock was pulled out from inside Nayuta with a loud pop.,그리고 나유타의 질 내에서 자지가 즈르륵 하고 뽑혀 나온다,接着，阴茎缓缓地从那由多的阴道内抽出。
,,,,,,,,
Nayuta.Fallen3-35,那由多,「お゛おっ♥！？お゛おっ♥！」,「お゛おっ♥！？お゛おっ♥！」,「喔喔♥！？喔喔♥！」,"""Oh―oh―oh―oh! ohohohoh...!""","""Ooh♥ Ooh!""",「오옷 오옷♥!? 오옷 오옷♥!」,「喔喔♥！？喔喔♥！」
,,,,,,,,
Nayuta.Fallen3-36,,ドパッ、ボタボタッ！,ドパッ、ボタボタッ！,啪噠、滴答滴答！,"Doping, bobbing, bobbing!","Splash, drip drip!","도팟, 보타보탓!",啪哒、滴答滴答！
,,,,,,,,
Nayuta.Fallen3-37,,チンポが栓になって胎に溜まっていた精液が逆流する,チンポが栓になって胎に溜まっていた精液が逆流する,陰莖像是活塞一樣，積蓄在腹中的精液逆流而出。,The cock becomes a plug and the semen in the womb flows back.,The jizz that had been trapped inside came back out as the cock was removed.,자지가 마개가 되어 배에 고여 있던 정액이 역류한다,阴茎像是活塞一样，积蓄在腹中的精液逆流而出。
,,,,,,,,
Nayuta.Fallen3-38,那由多,「お゛おっ♥、おマンコ閉じられないっ♥、射精でイクッ♥」,「お゛おっ♥、おマンコ閉じられないっ♥、射精でイクッ♥」,「喔喔♥、小穴合不起來♥、因為射精而高潮♥」,"I can't close my pussy, I'm cumming.","""Ooh♥ I can't close my pussy♥ I came when you came♥""","「오옷 오옷♥, 보지 닫을 수 없어♥, 사정으로 가버렷♥」",「喔喔♥、小穴合不起来♥、因为射精而高潮♥」
,,,,,,,,
Nayuta.Fallen3-39,怪人,「おい、誰がこぼしていいといった？俺のオナホなら許可なく一滴も漏らすことは許さん」,「おい、誰がこぼしていいといった？俺のオナホなら許可なく一滴も漏らすことは許さん」,「喂，誰允許妳流出來了？我的自慰套，不允許未經許可漏出一滴。」,"""Hey, who said you can spill? If it's my masturbator, I won't allow you to spill a drop without permission.""","""Hey, who said you could spill? As my toy, you're not allowed to leak a single drop without permission.""","「어이, 누가 흘려도 좋다고 했지? 내 오나홀이라면 허락 없이 한 방울도 흘리는 것은 용납 못 한다」",「喂，谁允许你流出来了？我的自慰套，不允许未经许可漏出一滴。」
,Nayuta darkness 3-5,,,,,,,
Nayuta.Fallen3-40,那由多,「あひっ♥、も、申し訳ございませんっ♥、おマンコ閉めますっ♥」,「あひっ♥、も、申し訳ございませんっ♥、おマンコ閉めますっ♥」,「呀噫♥，非、非常抱歉♥，我會夾緊小穴的♥」,"I'm sorry, I'm going to close my pussy.","""Ahi♥ I-I'm sorry♥ I'll close up♥""","「아힛♥, 죄, 죄송합니다♥, 보지 닫겠습니다♥」",「呀噫♥、非、非常抱歉♥、我会夹紧小穴的♥」
,,,,,,,,
Nayuta.Fallen3-41,怪人,「グフフッ、今ので貴様から奪ったエネルギーでまたチンポが勃って来てしまったな」,「グフフッ、今ので貴様から奪ったエネルギーでまたチンポが勃って来てしまったな」,「咕呼呼，剛才從妳身上奪走的能量，又讓我的陰莖勃起了呢。」,"""Guffaw, the energy I just took from you is making my dick cum again.""","""Hehehe, the energy I stole from you just now has made me ready again.""","「크흐흐, 방금 네놈에게서 빼앗은 에너지로 또 자지가 서 버렸군」",「咕呼呼，刚才从你身上夺走的能量，又让我的阴茎勃起了呢。」
,,,,,,,,
Nayuta.Fallen3-42,那由多,「お゛っ♥、エネルギー吸収していただき光栄ですっ♥」,「お゛っ♥、エネルギー吸収していただき光栄ですっ♥」,「喔♥，能讓您吸收能量是我的榮幸♥」,"""Ooooh, I'm so honored that you absorbed my energy.","""Oh♥ I'm honored to have my energy absorbed♥""","「오옷 옷♥, 에너지를 흡수해주셔서 영광입니다♥」",「喔♥、能让您吸收能量是我的荣幸♥」
,,,,,,,,
Nayuta.Fallen3-43,那由多,「どうぞっ、また私のおマンコをお使いくださいっ♥！」,「どうぞっ、また私のおマンコをお使いくださいっ♥！」,「請使用吧♥，請再次使用我的小穴♥！」,"Please, use my pussy again ♥!","""Please, use me again♥""","「부디, 또 제 보지를 사용해주십시오♥!」",「请使用吧♥，请再次使用我的小穴♥！」
,,,,,,,,
Nayuta.Fallen3-44,怪人,「グフフッ、よかろう！」,「グフフッ、よかろう！」,「咕呼呼，好吧！」,"""Guffaw, that's good!""","""Hehehe, very well!""","「크흐흐, 좋다!」",「咕呼呼，好吧！」
,Nayuta darkness 3-3,,,,,,,
Nayuta.Fallen3-45,,そして怪人はまた那由多のマンコへチンポを突き刺す,そして怪人はまた那由多のマンコへチンポを突き刺す,接著怪人再次將陰莖刺進那由多的小穴。,Then the monster thrusts his cock into Nayuta's pussy again.,And the fiend thrust into Nayuta once more.,그리고 괴인은 다시 나유타의 보지에 자지를 쑤셔 박는다,接着怪人再次将阴茎刺进那由多的小穴。
,,,,,,,,
Nayuta.Fallen3-46,那由多,「ん゛あっ♥、ありがとうございますっ♥、オナホ冥利に尽きますっ♥！」,「ん゛あっ♥、ありがとうございますっ♥、オナホ冥利に尽きますっ♥！」,「嗯啊♥，謝謝您♥，自慰套真是死而無憾♥！」,"""Oh, thank you very much, I'm so happy to be able to masturbate!""","""Ahhnnn♥ Thank you♥ This is a sexy toy's greatest honor♥""","「응옷 앗♥, 감사합니다♥, 오나홀로서 더할 나위 없는 기쁨입니다♥!」",「嗯啊♥、谢谢您♥、自慰套真是死而无憾♥！」
,,,,,,,,
Nayuta.Fallen3-47,那由多,(私は選ばれた力ある存在だと思っていましたが…違いましたっ♥),(私は選ばれた力ある存在だと思っていましたが…違いましたっ♥),（我以為我是被選中的有力量的存在…我錯了♥）,(I thought I was a chosen and powerful being...but I was not!),"(I thought I was a chosen, powerful being... but I was wrong♥)",(저는 선택받은 힘 있는 존재라고 생각했습니다만… 아니었습니다♥),（我以为我是被选中的有力量的存在…我错了♥）
,,,,,,,,
Nayuta.Fallen3-48,那由多,(本当の私はっ♥、弱くて、おチンポにご奉仕するだけのメスでしたっ♥),(本当の私はっ♥、弱くて、おチンポにご奉仕するだけのメスでしたっ♥),（真正的我♥，是弱小、只會服侍陰莖的雌性♥）,(The real me was a weak female who only served a cock.),(The real me♥ Was just a weak female meant to serve♥),"(진정한 저는♥, 약하고, 자지에 봉사할 뿐인 암컷이었습니다♥)",（真正的我♥，是弱小的、只会服侍阴茎的雌性♥）
,,,,,,,,
Nayuta.Fallen3-49,那由多,(私…八雲那由多…いえ、オナホはっ♥、強者であるご主人様のチンポに永遠に命を捧げますっ♥),(私…八雲那由多…いえ、オナホはっ♥、強者であるご主人様のチンポに永遠に命を捧げますっ♥),（我…八雲那由多…不對，自慰套♥，將永遠把生命奉獻給強大的主人的陰莖♥）,"(I...Yakumo Nayuta...no, masturbator...♥, I will devote my life forever to the cock of the strong master...)","(I... Nayuta Yakumo... no, this sex toy♥ Now dedicates her life eternally to the strong Master♥)","(저… 야쿠모 나유타… 아니, 오나홀은♥, 강자인 주인님의 자지에 영원히 목숨을 바치겠습니다♥)",（我…八云那由多…不对，自慰套♥，将永远把生命奉献给强大的主人的阴茎♥）
,,,,,,,,
Nayuta.Fallen3-50,,こうして最強の聖核戦姫、八雲那由多は完全に敗北し、聖核戦姫の逆転の芽は完全に潰えるのだった,こうして最強の聖核戦姫、八雲那由多は完全に敗北し、聖核戦姫の逆転の芽は完全に潰えるのだった,就這樣，最強的聖核戰姫，八雲那由多，徹底失敗，聖核戰姫的逆轉希望被徹底粉碎。,"Thus, the strongest Holy Core Battlemaiden, Yakumo Nayuta, was completely defeated, and the Holy Core Battlemaiden's chance for a comeback was completely crushed.","Thus the strongest Holy Core Battlemaiden, Nayuta Yakumo, was completely defeated, and any hope of the Holy Core Battlemaidens' reversal was utterly crushed.","이렇게 최강의 성핵전희, 야쿠모 나유타는 완전히 패배하고, 성핵전희의 역전의 싹은 완전히 짓밟히는 것이었다",就这样，最强的圣核战姫，八云那由多，彻底失败，圣核战姫的逆转希望被彻底粉碎。
,,,,,,,,
Nayuta Debauchery Scene1,注釈,淫乱化シーン,淫乱化シーン,,淫乱化シーン,,음란화 이벤트,
,,,,,,,,
Nayuta.Debauchery1-1,背景(地下),那由多がエレナに敗北してからしばらくして,那由多がエレナに敗北してからしばらくして,那由多敗給艾蓮娜後過了一段時間,Some time after Nayuta's defeat to Erena,Some time after Nayuta was defeated by Erena...,나유타가 엘레나에게 패배한 후 얼마 지나지 않아,那由多败给艾莲娜后过了一段时间
,,,,,,,,
Nayuta.Debauchery1-2,戦闘員,「オラッ、きびきび歩け！」,「オラッ、きびきび歩け！」,「喂，走路給我俐落點！」,"Orac, walk briskly!""","""Hey! Walk faster!""","「자!, 척척 걸어!」",「喂，走路给我俐落点！」
,,,,,,,,
Nayuta.Debauchery1-3,那由多(制服),「…………何でしょうか？こんな所に連れ出して」,「…………何でしょうか？こんな所に連れ出して」,「…………請問有什麼事嗎？帶我來這種地方。」,"""............ what is it? Take me out to this place.""","""...What is this about? Bringing me to a place like this.""",「…………무엇입니까? 이런 곳에 끌고 와서」,「…………请问有什么事吗？带我来这种地方。」
,,,,,,,,
Nayuta.Debauchery1-4,那由多,(…聖核戦姫の力は完全に封じられていますね…悔しいですが大人しく従うほかありません),(…聖核戦姫の力は完全に封じられていますね…悔しいですが大人しく従うほかありません),（…聖核戰姫的力量被完全封鎖了呢…我很不甘心，但也只能乖乖服從。）,"(...the power of the Holy Core Battlemaiden is completely blocked...it is frustrating, but we have no choice but to obey maturely...)","(...My Holy Core Battlemaiden powers are completely sealed... It's frustrating, but I have no choice but to comply quietly.)",(…성핵전희의 힘은 완전히 봉인되어 있군요… 분하지만 얌전히 따를 수밖에 없겠어요),（…圣核战姫的力量被完全封锁了呢…我很不甘心，但也只能乖乖服从。）
,,,,,,,,
Nayuta.Debauchery1-5,戦闘員,「お前にはこれまで散々世話になったからなぁ？」,「お前にはこれまで散々世話になったからなぁ？」,「妳以前給我們添了不少麻煩吧？」,"I've taken good care of you so far, haven't I?""","""You've given us so much trouble until now, haven't you?""",「너에게는 지금까지 실컷 신세를 졌으니 말이야?」,「你以前给我们添了不少麻烦吧？」
,,,,,,,,
Nayuta.Debauchery1-6,那由多,「…そうですね。」,「…そうですね。」,「…的確如此。」,"...Yes, I do.""","""...That's true.""",「…그렇군요.」,「…的确如此。」
,,,,,,,,
Nayuta.Debauchery1-7,戦闘員,「お前は世界中で暴れまわってくれたからなぁ？お前に恨みを持つものは財団関係者以外にも沢山いるんだよ」,「お前は世界中で暴れまわってくれたからなぁ？お前に恨みを持つものは財団関係者以外にも沢山いるんだよ」,「妳曾在全世界大鬧一場不是嗎？除了財團相關人士外，怨恨妳的人多得是。」,"You've been all over the world, haven't you? There are a lot of people who have a grudge against you, not just people from the foundation.""","""You rampaged around the world, didn't you? There are many who hold grudges against you besides Foundation members.""",「너는 전 세계에서 날뛰어줬으니 말이야? 너에게 원한을 품은 자는 재단 관계자 외에도 많이 있어」,「你曾在全世界大闹一场不是吗？除了财团相关人士外，怨恨你的人多得是。」
,,,,,,,,
Nayuta.Debauchery1-8,戦闘員,「だからこれからそのお礼参りってわけだ」,「だからこれからそのお礼参りってわけだ」,「所以接下來就是回禮了。」,So now we're going to pay our respects.,"""So now it's time for payback.""",「그러니 이제부터 그 보복이라는 거지」,「所以接下来就是回礼了。」
,,,,,,,,
Nayuta.Debauchery1-9,那由多,「……そうですか。しかし私の体などどうなっても構いません」,「……そうですか。しかし私の体などどうなっても構いません」,「……是嗎。不過我的身體怎麼樣都無所謂。」,"""...... I see. But I don't care what happens to my body.""","""...I see. However, I don't care what happens to my body.""",「……그렇습니까. 하지만 제 몸 따위 어떻게 되어도 상관없습니다」,「……是吗。不过我的身体怎么样都无所谓。」
,,,,,,,,
Nayuta.Debauchery1-10,那由多,「抵抗はしません…責務を果たせなかった私には当然の報いです」,「抵抗はしません…責務を果たせなかった私には当然の報いです」,「我不會抵抗…對於沒能盡到職責的我來說，這是應得的報應。」,"I will not resist...I deserved what I got for not doing my duty.""","""I won't resist... I deserve this for failing in my duty.""",「저항은 하지 않습니다… 책무를 다하지 못한 저에게는 당연한 벌입니다」,「我不会抵抗…对于没能尽到职责的我来说，这是应得的报应。」
,,,,,,,,
Nayuta.Debauchery1-11,戦闘員,「はっ、いい心がけだなっ！」,「はっ、いい心がけだなっ！」,「哈，心態不錯！」,"Haha, good spirit!""","""Ha! Good attitude!""","「핫, 좋은 마음가짐이군!」",「哈，心态不错！」
,,,,,,,,
Nayuta.Debauchery1-12,那由多,(こうなった以上…私にできるのは最後まで聖核戦姫としての誇りを貫くことです),(こうなった以上…私にできるのは最後まで聖核戦姫としての誇りを貫くことです),（既然已經變成這樣…我能做的就是貫徹作為聖核戰姫的驕傲直到最後。）,(Now that this has happened... all I can do is to carry out my pride as the Holy Core Battlemaiden to the end.),(Now that it's come to this... All I can do is maintain my pride as a Holy Core Battlemaiden to the end.),(이렇게 된 이상… 제가 할 수 있는 것은 마지막까지 성핵전희로서의 긍지를 관철하는 것입니다),（既然已经变成这样…我能做的就是贯彻作为圣核战姫的骄傲直到最后。）
,,,,,,,,
Nayuta.Debauchery1-13,那由多,(どんな辱めを受けようとも…聖核戦姫の矜持だけは絶対に折れません！),(どんな辱めを受けようとも…聖核戦姫の矜持だけは絶対に折れません！),（無論遭受什麼樣的羞辱…聖核戰姫的尊嚴絕對不會被折斷！）,(No matter what kind of humiliation I receive...I will never break my pride of being the Holy Core Battlemaiden!),(No matter what humiliation I face... I will never lose my dignity as a Holy Core Battlemaiden!),(어떤 치욕을 당하더라도… 성핵전희의 긍지만은 절대로 꺾이지 않습니다!),（无论遭受什么样的羞辱…圣核战姫的尊严绝对不会被折断！）
,,,,,,,,
Nayuta.Debauchery1-14,戦闘員,「よし、じゃあまずはこの服に着替えろ」,「よし、じゃあまずはこの服に着替えろ」,「好，那妳先換上這件衣服。」,"All right, well, first you need to change into these clothes.""","""Alright, first change into these clothes.""","「좋아, 그럼 우선 이 옷으로 갈아입어라」",「好，那你先换上这件衣服。」
,,,,,,,,
Nayuta.Debauchery1-15,那由多,「……？な、―――――なんですか、これはっ！？」,「……？な、―――――なんですか、これはっ！？」,「……？什―――――這是什麼！？」,"I'm thinking, ""......? What, is it ―――――, what is this?""","""...? W-what is this!?""","「……? 뭐, ――――― 무엇입니까, 이것은!」",「……？什、―――――这是什么！？」
,暗転,,,,,,,
Nayuta.Debauchery1-16,那由多(メスブタ),「―――――っ、こ、この服、なんでこんなっ！」,「―――――っ、こ、この服、なんでこんなっ！」,「―――――這、這件衣服，為什麼會是這種樣式！」,"""―――――, this dress, why the hell did you do this!""","""T-these clothes, why?!""","「―――――윽, 이, 이 옷, 왜 이렇게!」",「―――――唔、这、这件衣服，为什么会是这种样式！」
,,,,,,,,
Nayuta.Debauchery1-17,戦闘員,「ハハッ！、良く似合ってるぜ、最強の聖核戦姫サマよぉ！」,「ハハッ！、良く似合ってるぜ、最強の聖核戦姫サマよぉ！」,「哈哈！妳很適合啊，最強的聖核戰姫大人！」,"""Ha ha ha! You look great, you most powerful Holy Core Battlemaiden!","""Haha! They suit you well, oh, the strongest Holy Core Battlemaiden!""","「하핫! 잘 어울리는데, 최강의 성핵전희 님아!」",「哈哈！你很适合啊，最强的圣核战姫大人！」
,,,,,,,,
Nayuta.Debauchery1-18,那由多,(辱めるだけの服っ――いえ、こんなの服ですらありませんっ！),(辱めるだけの服っ――いえ、こんなの服ですらありませんっ！),（這是羞辱人的衣服――不對，這根本稱不上衣服！）,"(Clothes that only humiliate ― no, these are not even clothes!)","(Clothes meant only to humiliate—no, these aren't even clothes!)","(치욕적인 옷―― 아니, 이건 옷조차 아닙니다!)",（这是羞辱人的衣服――不对，这根本称不上衣服！）
,,,,,,,,
Nayuta.Debauchery1-19,戦闘員,「オラッ、恥ずかしがってないでついてこい！これからたっぷりとその無様な姿を見てもらうえ！」,「オラッ、恥ずかしがってないでついてこい！これからたっぷりとその無様な姿を見てもらうえ！」,「喂，別害臊了，跟上！接下來妳會充分地被大家看到妳這副可憐的模樣！」,"Don't be shy, follow me! You're going to see a lot of that mess!""","""Hey! Stop being embarrassed and follow me! We're going to have plenty of people see your disgraceful appearance!""",「자! 부끄러워하지 말고 따라와! 이제부터 실컷 그 꼴사나운 모습을 보여줘야지!」,「喂，别害臊了，跟上！接下来你会充分地被大家看到你这副可怜的模样！」
,,,,,,,,
Nayuta.Debauchery1-20,那由多,「っ、ううっ～～～ッ！」,「っ、ううっ～～～ッ！」,「唔，嗚嗚～～～唔！」,"Ughhhhhh!""","""Uuuh!""","「윽, 으으윽~~~윽!」",「唔、呜呜～～～唔！」
,暗転,,,,,,,
,Nayuta debauchery 1-1,,,,,,,
Nayuta.Debauchery1-21,戦闘員,「皆様お待たせしましたっ、悪名高き聖核戦姫、八雲那由多ですっ！」,「皆様お待たせしましたっ、悪名高き聖核戦姫、八雲那由多ですっ！」,「各位久等了，這位就是惡名昭彰的聖核戰姫，八雲那由多！」,"""Here I am, the infamous Yakumo Nayuta, the Holy Core Battlemaiden!","""Everyone, thank you for waiting! Here is the infamous Holy Core Battlemaiden, Nayuta Yakumo!""","「여러분 오래 기다리셨습니다! 악명 높은 성핵전희, 야쿠모 나유타입니다!」",「各位久等了，这位就是恶名昭彰的圣核战姫，八云那由多！」
,,,,,,,,
Nayuta.Debauchery1-22,那由多,(っ、うう～～～～ッ！！！！),(っ、うう～～～～ッ！！！！),（唔，嗚嗚～～～～唔！！！！）,"(ugh, ugh ～～～～ッ！！！！)",(Uuuuh!!!!),"(윽, 으으~~~윽!!!!)",（唔、呜呜～～～～唔！！！！）
,,,,,,,,
Nayuta.Debauchery1-23,,那由多は大勢の前で地面に頭をつけ、土下座をしていた,那由多は大勢の前で地面に頭をつけ、土下座をしていた,那由多在大庭廣眾之下頭部貼地，跪地磕頭。,Nayuta was on his knees with his head on the ground in front of many people.,Nayuta bowed deeply with her head to the ground before a large crowd.,"나유타는 많은 사람들 앞에서 땅에 머리를 박고, 엎드려 있었다",那由多在大庭广众之下头部贴地，跪地磕头。
,,,,,,,,
Nayuta.Debauchery1-24,観客1,「ったく、コイツのせいで一体いくつ事業が潰されたか…！」,「ったく、コイツのせいで一体いくつ事業が潰されたか…！」,「真是的，你知道這傢伙害我們多少事業泡湯了嗎…！」,How many businesses have been destroyed because of him?,"""Damn it, how many businesses were ruined because of her...!""","「정말, 이 녀석 때문에 대체 얼마나 많은 사업이 망했는지…!」",「真是的，你知道这家伙害我们多少事业泡汤了吗…！」
,,,,,,,,
Nayuta.Debauchery1-25,観客2,「ええ、政府にとっても聖核戦姫は目の上のたんこぶでしたからな」,「ええ、政府にとっても聖核戦姫は目の上のたんこぶでしたからな」,「是啊，對政府來說，聖核戰姫也是眼中釘。」,"Yes, the Holy Core Battlemaiden was a real eye―opener for the government.","""Yes, the Holy Core Battlemaidens were a thorn in the government's side too.""","「네, 정부에게도 성핵전희는 눈엣가시였으니까요」",「是啊，对政府来说，圣核战姫也是眼中钉。」
,,,,,,,,
Nayuta.Debauchery1-26,観客3,「特にコイツは強すぎて誰も口出しできなかったからな…いい気味だ」,「特にコイツは強すぎて誰も口出しできなかったからな…いい気味だ」,「特別是這傢伙太強了，誰都不敢插手…活該。」,"This one in particular was too powerful for anyone to interfere... it's a nice touch.""","""Especially this one was too strong for anyone to confront... Serves her right.""",「특히 이 녀석은 너무 강해서 아무도 입을 열지 못했으니까… 꼴 좋다」,「特别是这家伙太强了，谁都不敢插手…活该。」
,,,,,,,,
Nayuta.Debauchery1-27,那由多,(っ、私はっ、皆が平穏に暮らせるようにしたかっただけなのにっ…！こんなっ),(っ、私はっ、皆が平穏に暮らせるようにしたかっただけなのにっ…！こんなっ),（唔，我只是想讓大家能平靜地生活而已…！竟然會這樣）,(I just wanted to make sure that everyone could live peacefully...! Oh no...),(I just wanted everyone to live in peace...! This is...),"(윽, 나는, 모두가 평온하게 살 수 있도록 하고 싶었을 뿐인데…! 이런!)",（唔，我只是想让大家能平静地生活而已…！竟然会这样）
,,,,,,,,
Nayuta.Debauchery1-28,戦闘員,「えー、ではここで八雲那由多から謝罪の言葉があるようです。皆様一旦耳を傾けてください」,「えー、ではここで八雲那由多から謝罪の言葉があるようです。皆様一旦耳を傾けてください」,「欸――那麼，八雲那由多似乎有話想向大家道歉。請各位暫時聽她說。」,"He said, ""Well then, here is a word of apology from Yakumo Nayuta. Everyone please pause to listen.""","""Now then, Nayuta Yakumo has some words of apology. Everyone, please listen for a moment.""","「에-, 그럼 여기서 야쿠모 나유타로부터 사죄의 말씀이 있겠습니다. 여러분 잠시 귀 기울여 주십시오」",「呃，那么，八云那由多似乎有话想向大家道歉。请各位暂时听她说。」
,,,,,,,,
Nayuta.Debauchery1-29,那由多,「っ、……ぐうっ……」,「っ、……ぐうっ……」,「唔……嗚…」,I'm going to go to .......,"""...Guh...""","「윽, ……크윽……」",「唔、……呜…」
,,,,,,,,
Nayuta.Debauchery1-30,戦闘員,(オラッ！、教えたとおりに言えッ！),(オラッ！、教えたとおりに言えッ！),（喂！照我教的說！）,(Ora! Say exactly what I taught you!),(Hey! Say it like we taught you!),"(자!, 가르쳐준 대로 말해!)",（喂！照我教的说！）
,,,,,,,,
Nayuta.Debauchery1-31,那由多,「私…八雲那由多はっ………これまで聖核戦姫として…皆様に多大なご迷惑をかけたことを……謝罪しますっ！」,「私…八雲那由多はっ………これまで聖核戦姫として…皆様に多大なご迷惑をかけたことを……謝罪しますっ！」,「我…八雲那由多…作為聖核戰姫…對各位造成了巨大的困擾…向各位道歉！」,I...Yakumo Nayuta ......... apologize ...... for the trouble I have caused you all as the Holy Core Battlemaiden! I apologize!,"""I... Nayuta Yakumo... apologize for all the trouble I've caused everyone... as a Holy Core Battlemaiden!""",「저… 야쿠모 나유타는……… 지금까지 성핵전희로서… 여러분께 막대한 폐를 끼친 것을…… 사죄합니다!」,「我…八云那由多…作为圣核战姫…对各位造成了巨大的困扰…向各位道歉！」
,,,,,,,,
Nayuta.Debauchery1-32,那由多,「幼稚な正義感で……皆様に多くの損害を与えてしまいました………」,「幼稚な正義感で……皆様に多くの損害を与えてしまいました………」,「因為幼稚的正義感…給各位造成了許多損失…」,"""We have caused a lot of damage to ...... everyone with our childish sense of justice. .........","""With my childish sense of justice... I caused much damage to everyone...""",「유치한 정의감으로…… 여러분께 많은 손해를 끼쳐드렸습니다………」,「因为幼稚的正义感…给各位造成了许多损失…」
,,,,,,,,
Nayuta.Debauchery1-33,那由多,「つきましては…皆様に…謝罪として………性奉仕をさせて頂けないでしょうか……っ！」,「つきましては…皆様に…謝罪として………性奉仕をさせて頂けないでしょうか……っ！」,「因此…作為賠罪…我願意為各位提供性服務…唔！」,"""As for... everyone... as an apology, may I ......... offer you a sexual service ......!""","""Therefore... as an apology to everyone... may I offer... sexual services...?""",「이에 따라… 여러분께… 사죄로서……… 성봉사를 드릴 수 없을까요……윽!」,「因此…作为赔罪…我愿意为各位提供性服务…唔！」
,,,,,,,,
Nayuta.Debauchery1-34,戦闘員,「という事です…では皆様、後はご自由になさってください」,「という事です…では皆様、後はご自由になさってください」,「就是這麼一回事…那麼各位，接下來請隨意。」,"So, gentlemen, you are free to do as you please.","""That's how it is... Everyone, please do as you wish.""","「라는 것입니다… 그럼 여러분, 이제부터는 자유롭게 해주십시오」",「就是这么一回事…那么各位，接下来请随意。」
,,,,,,,,
,暗転,,,,,,,
,Nayuta debauchery 1-2,,,,,,,
Nayuta.Debauchery1-35,那由多,(っ、屈辱ですっ…！いくらなんでもこんな趣味の悪いことをさせるなんてっ),(っ、屈辱ですっ…！いくらなんでもこんな趣味の悪いことをさせるなんてっ),（屈辱…！再怎麼說也不該做出這種惡趣味的事！）,(It's so humiliating...! I can't believe that you would make me do something so bad taste...),(This is humiliating...! Making me do something this tasteless!),"(윽, 굴욕입니다…! 아무리 그래도 이런 악취미스러운 짓을 시키다니!)",（唔，屈辱…！再怎么说也不该做出这种恶趣味的事！）
,,,,,,,,
Nayuta.Debauchery1-36,観客,「ははっ、しかし改めてみるとバカみたいな格好だな」,「ははっ、しかし改めてみるとバカみたいな格好だな」,「哈哈，不過仔細一看，這身打扮真是蠢得可以。」,"Haha, but then again, I look like an idiot.""","""Haha, looking at her again, what a ridiculous outfit.""","「하핫, 하지만 다시 보니 바보 같은 모습이군」",「哈哈，不过仔细一看，这身打扮真是蠢得可以。」
,,,,,,,,
Nayuta.Debauchery1-37,観客,「そうですな…ある意味ではよく似合っているとも言えますが」,「そうですな…ある意味ではよく似合っているとも言えますが」,「說得也是…從某種意義上來說，也很適合她。」,'Well... in some ways it suits you well.,"""Indeed... In a way, you could say it suits her well.""",「그렇군요… 어떤 의미에서는 잘 어울린다고도 할 수 있겠습니다만」,「说得也是…从某种意义上来说，也很适合她。」
,,,,,,,,
Nayuta.Debauchery1-38,那由多,「………っ、………ありがとう…ございます…っ」,「………っ、………ありがとう…ございます…っ」,「………………謝謝…你們…」,"""Thank you ........., thank you... for ............""","""...Thank... you...""","「………윽, ………감사…합니다…윽」",「………唔、………谢谢…你们…」
,,,,,,,,
Nayuta.Debauchery1-39,観客,「あ？、何反抗的なツラしてんだ？これから謝罪フェラするってんのに」,「あ？、何反抗的なツラしてんだ？これから謝罪フェラするってんのに」,「啊？妳這是在擺什麼不滿的臉？接下來妳要謝罪口交耶。」,"What? What's with the defiant look on your face? I'm about to give you an apology blowjob.""","""Huh? What's with that defiant look? You're supposed to be apologizing with a blowjob.""","「아?, 무슨 반항적인 표정이야? 이제부터 사죄 펠라할 건데」",「啊？你这是在摆什么不满的脸？接下来你要谢罪口交耶。」
,Nayuta debauchery 1-３,,,,,,,
Nayuta.Debauchery1-40,,そして観客は那由多の面前にチンポを差し出す,そして観客は那由多の面前にチンポを差し出す,接著觀眾將陰莖伸到那由多面前。,And the audience presents their dicks in front of Nayuta's face.,The spectator then shoved his cock in front of Nayuta.,그리고 관객은 나유타 면전에 자지를 내민다,接着观众将阴茎伸到那由多面前。
,,,,,,,,
Nayuta.Debauchery1-41,観客,「ああ、もちろん手を使うのは禁止だ。メスブタが手を使える道理はねえからな」,「ああ、もちろん手を使うのは禁止だ。メスブタが手を使える道理はねえからな」,「喔，當然禁止用手。母豬沒有使用手的道理。」,"""Oh, of course, you can't use your hands. Because there's no reason why a female pig should be able to use her hands.","""Oh, of course using your hands is forbidden. A sow has no right to use hands.""","「아아, 물론 손 쓰는 건 금지다. 암퇘지가 손을 쓸 리 없으니까」",「喔，当然禁止用手。母猪没有使用手的道理。」
,,,,,,,,
Nayuta.Debauchery1-42,那由多,「っ！、う゛うっ…心得ていますっ！」,「っ！、う゛うっ…心得ていますっ！」,「唔！嗚嗚…我知道！」,"I know what I'm talking about! I know what I'm doing!""","""Ugh... I understand!""","「윽!, 으옷 윽… 잘 알고 있습니다!」",「唔！呜呜…我知道！」
,,,,,,,,
Nayuta.Debauchery1-43,観客,「わかったんならとっととしゃぶれ！」,「わかったんならとっととしゃぶれ！」,「知道就趕快吸！」,"If you know what you're doing, then suck it off!""","""If you understand, then hurry up and suck on it!""",「알았으면 빨리 빨아!」,「知道就赶快吸！」
,,,,,,,,
Nayuta.Debauchery1-44,那由多,「っ、わ、わかりましたっ！」,「っ、わ、わかりましたっ！」,「…我、我知道了！」,I understand!,"""I-I understand!""","「윽, 아, 알겠습니다!」",「唔、我、我知道了！」
,Nayuta debauchery 1-4,,,,,,,
Nayuta.Debauchery1-45,,那由多は目の前に差し出されたチンポを慌てて口に含む,那由多は目の前に差し出されたチンポを慌てて口に含む,那由多慌忙將伸到面前的陰莖含進嘴裡。,Nayuta hurriedly takes the cock offered in front of her into her mouth.,Nayuta hurriedly took the cock into her mouth.,나유타는 눈앞에 내밀어진 자지를 황급히 입에 문다,那由多慌忙将伸到面前的阴茎含进嘴里。
,,,,,,,,
Nayuta.Debauchery1-46,那由多,「むごっ、むふーっ！」,「むごっ、むふーっ！」,「嗚咕、唔呼！」,"Mwah!""","""Mgo, mfuu!""","「읍, 으음-!」",「呜咕、唔呼！」
,,,,,,,,
Nayuta.Debauchery1-47,那由多,(これが男性のっ…っ、最悪っ！不快ですっ！),(これが男性のっ…っ、最悪っ！不快ですっ！),（這就是男性的陰莖…唔，最糟！不舒服！）,(This is a man's......oh my god.....this is the worst! It's disgusting!),(This is a man's... This is the worst! It's unpleasant!),"(이것이 남성의…윽, 최악! 불쾌합니다!)",（这就是男性的阴茎…唔，最糟！不舒服！）
,,,,,,,,
Nayuta.Debauchery1-48,観客,「おいブタッ、咥えて終わりじゃねえぞ！早くフェラして射精させろ！」,「おいブタッ、咥えて終わりじゃねえぞ！早くフェラして射精させろ！」,「喂母豬，光含著可不算結束！快點口交讓牠射精！」,"He said, ""Hey, pig, don't just suck me off and be done with it! Come on, suck me off and make me ejaculate!""","""Hey pig! It's not over just by holding it! Suck faster and make me come!""","「어이 돼지, 물고 끝이 아니야! 빨리 펠라해서 사정시켜!」",「喂母猪，含着可不算完！快点口交让牠射精！」
,Nayuta debauchery 1-5,,,,,,,
Nayuta.Debauchery1-49,那由多,「ん゛んっ♥、もうひわけごらいまへんっ♥！」,「ん゛んっ♥、もうひわけごらいまへんっ♥！」,「嗯嗯♥，我馬上就好♥！」,"""Oh, no, no, no, no, no, no, no, no, no, no, no, no, no, no, no, no, no, no, no, no, no, no, no, no, no!","""Mmh♥ I'm shorry♥!""","「응옷 응윽♥, 죄송합니닷♥!」",「嗯嗯♥、我马上就好♥！」
,,,,,,,,
Nayuta.Debauchery1-50,,そして那由多は口で男のチンポをしごいていく,そして那由多は口で男のチンポをしごいていく,接著那由多用嘴巴套弄著男人的陰莖。,And Nayuta squeezes the man's cock with her mouth.,Nayuta then began servicing the man's cock with her mouth.,그리고 나유타는 입으로 남자의 자지를 흔들어댄다,接着那由多用嘴巴套弄着男人的阴茎。
,Nayuta debauchery 1-4,,,,,,,
Nayuta.Debauchery1-51,那由多,ちゅぱっ♥、ちゅぱっ♥、ちゅぱっ♥,ちゅぱっ♥、ちゅぱっ♥、ちゅぱっ♥,啾啪♥、啾啪♥、啾啪♥,"Chubby, chubby, chubby, chubby, chubby, chubby.",Slurp♥ slurp♥ slurp♥,"츄팟♥, 츄팟♥, 츄팟♥",啾啪♥、啾啪♥、啾啪♥
,,,,,,,,
Nayuta.Debauchery1-52,那由多,(うぅ～～～っ、何故っ、私がこんなことをッ！),(うぅ～～～っ、何故っ、私がこんなことをッ！),（嗚嗚～～～為什麼，我會做這種事！）,"(Ughhhhhh, why am I doing this!)","(Uuuh, why do I have to do this!)","(으으~~~윽, 왜, 내가 이런 짓을!)",（呜呜～～～唔，为什么、我会做这种事！）
,,,,,,,,
Nayuta.Debauchery1-53,観客,「ああ？ふざけてんのか？」,「ああ？ふざけてんのか？」,「啊？妳在開玩笑嗎？」,"""Oh? Are you kidding me?""","""Huh? Are you messing around?""",「아아? 장난치는 거냐?」,「啊？你在开玩笑吗？」
,,,,,,,,
Nayuta.Debauchery1-54,観客,「てめえはチンポの事しか頭にないブタなんだよっ！もっとまじめにやれっ！」,「てめえはチンポの事しか頭にないブタなんだよっ！もっとまじめにやれっ！」,「妳這頭腦裡只剩下陰莖的母豬！給我認真點！」,"You're a pig who only thinks about his dick! You've got to be more serious!""","""You're just a pig who can only think about my cock! Do it more seriously!""",「네놈은 자지밖에 머리에 없는 돼지라고! 더 진지하게 해!」,「你这头脑里只剩下阴茎的母猪！给我认真点！」
,,,,,,,,
Nayuta.Debauchery1-55,那由多,「ん゛ん～～～っ！ん゛っ♥」,「ん゛ん～～～っ！ん゛っ♥」,「嗯嗯～～～唔！嗯♥」,"♥""♥♥♥♥♥♥♥♥♥♥♥♥♥♥♥♥♥♥ ♥♥♥""","""Mmm! Mm♥""",「응옷 응~~~윽! 응옷 윽♥」,「嗯嗯～～～唔！嗯♥」
,Nayuta debauchery 1-5,,,,,,,
Nayuta.Debauchery1-56,那由多,(っ、私は最強の聖核戦姫…悔しいですが、これくらいの事ならっ！),(っ、私は最強の聖核戦姫…悔しいですが、これくらいの事ならっ！),（唔，我是最強的聖核戰姫…雖然不甘心，但這種程度的事我還做得到！）,"(I am the strongest Holy Core Battlemaiden...it's frustrating, but I can do this much!)","(I'm the strongest Holy Core Battlemaiden... It's frustrating, but if it's just this much!)","(윽, 나는 최강의 성핵전희… 분하지만, 이 정도 일이라면!)",（唔，我是最强的圣核战姫…虽然不甘心，但这种程度的事我还做得到！）
,,,,,,,,
Nayuta.Debauchery1-57,,那由多は自分の体力を生かし、頭を前後に激しく揺らしチンポに奉仕する,那由多は自分の体力を生かし、頭を前後に激しく揺らしチンポに奉仕する,那由多利用她的體力，激烈地前後搖晃頭部，服侍著陰莖。,"Nayuta uses her strength to serve the cock, rocking her head back and forth violently",Nayuta used her stamina to vigorously move her head back and forth in service.,"나유타는 자신의 체력을 살려, 머리를 앞뒤로 격렬하게 흔들며 자지에 봉사한다",那由多利用她的体力，激烈地前后摇晃头部，服侍着阴茎。
,,,,,,,,
Nayuta.Debauchery1-58,,ジュポッ、ジュポッ、ジュポッ、ジュポッ！,ジュポッ、ジュポッ、ジュポッ、ジュポッ！,啾波、啾波、啾波、啾波！,"Jup, jup, jup, jup, jup!","Slurp, slurp, slurp, slurp!","쥬폿, 쥬폿, 쥬폿, 쥬폿!",啾波、啾波、啾波、啾波！
,,,,,,,,
Nayuta.Debauchery1-59,観客,「……まあいい、とりあえず出してやるっ、オラ！」,「……まあいい、とりあえず出してやるっ、オラ！」,「……算了，先射出來吧，喂！」,"...... Well, I'll get it out of you anyway, Ora!""","""...Well fine, I'll finish. Here!""","「……뭐 됐어, 일단 싸주마, 자!」",「……算了，先让你射出来吧，喂！」
,Nayuta debauchery 1-6,,,,,,,
Nayuta.Debauchery1-60,,ドビュルルッ、ドプッ！,ドビュルルッ、ドプッ！,咚咻嚕、咚噗！,Doburrrrrrrrrrrrrrrrrrrrrrrrrrrrrrrrrrr!,"Splurt, splash!","도뷰르르릇, 도풋!",咚咻噜、咚噗！
,,,,,,,,
Nayuta.Debauchery1-61,那由多,「ん゛っ♥、ん゛んっ♥、んっ♥♥！」,「ん゛っ♥、ん゛んっ♥、んっ♥♥！」,「嗯♥、嗯嗯♥、嗯♥♥！」,"""♥♥♥♥♥♥♥♥♥♥♥♥♥♥♥♥♥♥♥♥♥♥♥♥♥♥♥!""","""Mm♥ Mmh♥ Mh♥♥!""","「응옷 윽♥, 응옷 응윽♥, 응윽♥♥!」",「嗯♥、嗯嗯♥、嗯♥♥！」
,,,,,,,,
Nayuta.Debauchery1-62,那由多,(これが性液の味っ♥、ぐっ♥、苦くてっ、不愉快ですっ！),(これが性液の味っ♥、ぐっ♥、苦くてっ、不愉快ですっ！),（這就是精液的味道♥，呃♥，好苦，很不舒服！）,"(This is the taste of sexual fluid ♥, gosh ♥, it's bitter and unpleasant!)",(This is the taste♥ Ugh♥ It's bitter and unpleasant!),"(이것이 정액의 맛♥, 크윽♥, 쓰고, 불쾌합니다!)",（这就是精液的味道♥，呃♥，好苦、很不舒服！）
,Nayuta debauchery 1-７,,,,,,,
Nayuta.Debauchery1-63,那由多,「はあっ♥、はあっ♥、んあっ♥」,「はあっ♥、はあっ♥、んあっ♥」,「哈♥、哈♥、嗯啊♥」,"""Ahh, ah, ah, ah, ah, ah, ah, ah.""","""Haa♥ Haa♥ Naa♥""","「하앗♥, 하앗♥, 응앗♥」",「哈♥、哈♥、嗯啊♥」
,,,,,,,,
Nayuta.Debauchery1-64,観客,「……まあいい、後がつかえてるからな、後でまたぶっかけてやる」,「……まあいい、後がつかえてるからな、後でまたぶっかけてやる」,「……算了，後面還有人在等，晚點再射給妳。」,"""...... Well, I'll just have to hold on to it, I'll spray you again later.""","""...Well fine, there are others waiting. I'll come back later.""","「……뭐 됐어, 뒤가 밀렸으니, 나중에 또 뿌려주지」",「……算了，后面还有人在等，晚点再射给你。」
,Nayuta debauchery 1-8,,,,,,,
Nayuta.Debauchery1-65,,そして那由多は別の男のチンポを口に挿入される,そして那由多は別の男のチンポを口に挿入される,接著那由多的嘴裡被塞進另一個男人的陰莖。,And Nayuta gets another man's cock inserted into her mouth.,Then another man shoved his cock in Nayuta's mouth.,그리고 나유타는 다른 남자의 자지를 입에 삽입당한다,接着那由多的嘴里被塞进另一个男人的阴茎。
,,,,,,,,
Nayuta.Debauchery1-66,那由多,「ごぶっ♥！？」,「ごぶっ♥！？」,「咕噗♥！？」,Gobble!,"""Ggggghhh♥!?""",「곱♥!?」,「咕噗♥！？」
,,,,,,,,
Nayuta.Debauchery1-67,観客,「では次は私が、全員が満足するまで頑張ってもらわなくては」,「では次は私が、全員が満足するまで頑張ってもらわなくては」,「那麼接下來輪到我了，妳必須努力到所有人都滿足才行。」,"Then I must be next and make sure everyone is satisfied.""","""I'm next. You'll have to work hard until everyone is satisfied.""","「그럼 다음은 내가, 전원이 만족할 때까지 힘내줘야지」",「那么接下来轮到我了，你必须努力到所有人都满足才行。」
,,,,,,,,
Nayuta.Debauchery1-68,那由多,「ん゛っ♥、ん゛んっ♥、んっ♥♥！？」,「ん゛っ♥、ん゛んっ♥、んっ♥♥！？」,「嗯♥、嗯嗯♥、嗯♥♥！？」,"""♥♥♥♥♥♥♥♥♥♥♥♥♥♥♥♥♥♥♥♥♥♥♥♥♥♥!""","""Mm♥ Mmh♥ Mh♥♥!?""","「응옷 윽♥, 응옷 응윽♥, 응윽♥♥!?」",「嗯♥、嗯嗯♥、嗯♥♥！？」
,,,,,,,,
Nayuta.Debauchery1-69,那由多,(ここにいる全員の…こ…これをっ！？),(ここにいる全員の…こ…これをっ！？),（這裡所有人的…這、這個嗎！？）,(All of us here... here... here!),(Everyone here... I have to...!?),(여기에 있는 전원의… 거… 이것을!?),（这里所有人的…这、这个吗！？）
,,,,,,,,
Nayuta.Debauchery1-70,那由多,(くううっ……いえ、ここでくじけてはいけませんっ…最期まで精神に誇りをっ！),(くううっ……いえ、ここでくじけてはいけませんっ…最期まで精神に誇りをっ！),（嗚嗚嗚…不，不能在這裡氣餒…直到最後都要保有精神上的驕傲！）,"(Kuuuh ...... No, we must not falter here... Proud of our spirit until the end!)","(Kuuh... No, I can't break here... I must maintain my mental pride to the end!)","(크으윽…… 아니, 여기서 꺾여서는 안 됩니다… 마지막까지 정신에 긍지를!)",（呜呜呜…不，不能在这里气馁…直到最后都要保有精神上的骄傲！）
,,,,,,,,
Nayuta.Debauchery1-71,,そして那由多は次の男のチンポをしゃぶり始める,そして那由多は次の男のチンポをしゃぶり始める,接著那由多開始吸下一個男人的陰莖。,Then Nayuta starts sucking the next guy's dick.,Nayuta then began servicing the next man's cock.,그리고 나유타는 다음 남자의 자지를 빨기 시작한다,接着那由多开始吸下一个男人的阴茎。
,,,,,,,,
Nayuta.Debauchery1-72,那由多,(これも試練ですっ…、どんなに辱められようとも…絶対に負けませんッ♥！),(これも試練ですっ…、どんなに辱められようとも…絶対に負けませんッ♥！),（這也是一種試煉…無論遭受多大的羞辱…我絕對不會輸♥♥！）,(This is also an ordeal...no matter how much I am humiliated...I will never lose!),(This is also a trial... No matter how humiliated... I absolutely won't lose♥),(이것도 시련입니다… 아무리 치욕을 당하더라도… 절대로 지지 않습니다♥!),（这也是一种试炼…无论遭受多大的羞辱…我绝对不会输♥♥！）
,,,,,,,,
Nayuta.Debauchery1-73,,そして翌朝,そして翌朝,接著隔天早上,And the next morning,The next morning...,그리고 다음 날 아침,接着隔天早上
,Nayuta debauchery 1-9,,,,,,,
Nayuta.Debauchery1-74,那由多,「ゲプッ♥、………オ゛、オエッ♥」,「ゲプッ♥、………オ゛、オエッ♥」,「嗝♥………嘔、嘔♥」,"""Gep ♥, ......... ♥, oe ♥.""","""Burp♥ ...Ugh♥""","「켁♥, ………오옷 , 오엑♥」",「嗝♥、………呕、呕♥」
,,,,,,,,
Nayuta.Debauchery1-75,観客,「ふう、出した出した、ったくすげえザーメン臭だな」,「ふう、出した出した、ったくすげえザーメン臭だな」,「呼，射完了射完了，真是超濃的精液味。」,"""I've got it, I've got it, it smells like cum.","""Phew, finished. The smell is overwhelming.""","「후우, 쌌다 쌌어, 정말 굉장한 정액 냄새네」",「呼，射完了射完了，真是超浓的精液味。」
,,,,,,,,
Nayuta.Debauchery1-76,観客,「刀を使う聖核戦姫ですからね、チンポの扱いも上手いのでしょう」,「刀を使う聖核戦姫ですからね、チンポの扱いも上手いのでしょう」,「畢竟是使用刀的聖核戰姫，應付陰莖也很拿手吧。」,"She's a Holy Core Battlemaiden who uses a sword, so she must be good with dicks.""","""She's a Holy Core Battlemaiden who uses a sword, so she must be skilled at handling cocks.""","「칼을 쓰는 성핵전희니까요, 자지 다루는 것도 능숙하겠죠」",「毕竟是使用刀的圣核战姫，应付阴茎也很拿手吧。」
,,,,,,,,
Nayuta.Debauchery1-77,那由多,(う゛あっ♥、気持ち…悪いっ♥、さい…あくっ♥),(う゛あっ♥、気持ち…悪いっ♥、さい…あくっ♥),（嗚啊♥、好噁心…♥、最…糟了♥）,"(Oh, God, I feel...bad...♥, I feel...bad...♥, I feel...ah...ah...ah...ah...ah...ah...ah...)",(Uah♥ I feel... sick♥ This is... the worst♥),"(으옷 앗♥, 기분… 나빠♥, 최…악♥)",（呜啊♥、好恶心…♥、最…糟了♥）
,,,,,,,,
Nayuta.Debauchery1-78,観客,「おらブタ、最後に感謝の挨拶しろ」,「おらブタ、最後に感謝の挨拶しろ」,「喂母豬，最後說句感謝的問候語。」,"Hey, pig, say thank you at the end.","""Hey pig, give your thanks at the end.""","「자 돼지, 마지막으로 감사의 인사를 해라」",「喂母猪，最后说句感谢的问候语。」
,,,,,,,,
Nayuta.Debauchery1-79,那由多,「っ、…わ、わかりましたっ…♥」,「っ、…わ、わかりましたっ…♥」,「……我、我知道了……♥」,"I understand...♥""","""...I-I understand...♥""","「윽, …아, 알겠습니다…♥」",「啊……我、我知道了……♥」
,Nayuta debauchery 1-10,,,,,,,
Nayuta.Debauchery1-80,,那由多は性液まみれの体で再び土下座をする,那由多は性液まみれの体で再び土下座をする,那由多用沾滿精液的身體再次土下座。,Nayuta gets down on her knees again with her body covered in sexual fluids,"Nayuta bowed deeply again, covered in bodily fluids.",나유타는 정액 범벅인 몸으로 다시 엎드린다,那由多用沾满精液的身体再次土下座。
,,,,,,,,
Nayuta.Debauchery1-81,那由多,「本日は…那由多ブタで沢山射精していただき…ありがとうございましたっ♥」,「本日は…那由多ブタで沢山射精していただき…ありがとうございましたっ♥」,「今天…讓大家對那由多母豬射了這麼多精液…非常感謝♥」,Thank you very much for ejaculating so much with Nayuta Buta today.,"""Today... thank you for coming with Nayuta so much...♥""",「오늘은… 나유타 돼지로 잔뜩 사정해주셔서… 감사했습니다♥」,「今天…让大家对那由多母猪射了这么多精液…非常感谢♥」
,,,,,,,,
Nayuta.Debauchery1-82,那由多,「今後とも…財団と那由多をどうぞよろしくお願いしますっ♥」,「今後とも…財団と那由多をどうぞよろしくお願いしますっ♥」,「今後也請跟…財團和那由多…多多指教♥」,I look forward to your continued support for the Foundation and Nayuta.,"""Please continue to support... the Foundation and Nayuta♥""",「앞으로도… 재단과 나유타를 부디 잘 부탁드립니다♥」,「今后也请跟…财团和那由多…多多指教♥」
,,,,,,,,
Nayuta.Debauchery1-83,那由多,(っ、屈辱でしたが…やっと、終わりましたっ♥…これで少し休めますっ),(っ、屈辱でしたが…やっと、終わりましたっ♥…これで少し休めますっ),（雖然屈辱…但總算結束了♥…這樣可以休息一下了♥）,"(It was humiliating... but finally, it's over... now I can rest a little...)","(It was humiliating but... finally, it's over♥... Now I can rest a little.)","(윽, 굴욕이었지만… 겨우, 끝났습니다♥… 이걸로 조금 쉴 수 있습니다)",（唔，虽然屈辱…但总算结束了♥…这样可以休息一下了♥）
,,,,,,,,
Nayuta.Debauchery1-84,,その時、戦闘員が那由多のもとにやってくる,その時、戦闘員が那由多のもとにやってくる,這時，戰鬥員來到那由多身邊。,"At that time, a combatant comes to Nayuta","At that moment, a soldier approached Nayuta.","그때, 전투원이 나유타에게 다가온다",这时，战斗员来到那由多身边。
,,,,,,,,
Nayuta.Debauchery1-85,戦闘員,「やっと終わったか？じゃあとっととシャワー浴びて準備するぞ。次の場所だ」,「やっと終わったか？じゃあとっととシャワー浴びて準備するぞ。次の場所だ」,「終於結束啦？那趕快去沖個澡準備一下。要去下一個地方了。」,"You're finally done? Then let's shower and get ready. Next stop.""","""Finally done? Then hurry up and shower. We're going to the next location.""",「겨우 끝났나? 그럼 빨리 샤워하고 준비해라. 다음 장소다」,「终于结束啦？那赶快去冲个澡准备一下。要去下一个地方了。」
,,,,,,,,
Nayuta.Debauchery1-86,那由多,「なっ？、なんでっ！？」,「なっ？、なんでっ！？」,「什麼？為什麼！？」,What? Why?,"""What? Why!?""","「뭣?, 어째서!?」",「什么？、为什么！？」
,,,,,,,,
Nayuta.Debauchery1-87,戦闘員,「お前が迷惑かけたのがこれだけなわけがないだろ？これから毎日寝る間も惜しんでチンポ奉仕だ」,「お前が迷惑かけたのがこれだけなわけがないだろ？これから毎日寝る間も惜しんでチンポ奉仕だ」,「妳惹出的麻煩可不只這些吧？從現在開始每天都要爭分奪秒地服侍陰莖。」,"""This can't be all the trouble you've caused, can it? From now on, I'm going to spend every waking moment serving your dick.""","""You think this is all the trouble you've caused? From now on, you'll be serving cocks every day without rest.""",「네가 폐를 끼친 게 이것뿐일 리 없잖아? 이제부터 매일 잠잘 시간도 아껴서 자지 봉사다」,「你惹出的麻烦可不只这些吧？从现在开始每天都要争分夺秒地服侍阴茎。」
,,,,,,,,
Nayuta.Debauchery1-88,戦闘員,「わかったらとっとと準備しろ。しばらく休めると思うなよ？」,「わかったらとっとと準備しろ。しばらく休めると思うなよ？」,「聽懂了就趕快準備。別想著可以休息一下啊。」,"""Get ready to go. Don't think you can rest for a while?""","""If you understand, then hurry up and get ready. Don't think you'll get to rest for a while.""",「알았으면 빨리 준비해라. 잠시 쉴 수 있다고 생각하지 마라?」,「听懂了就赶快准备。别想着可以休息一下啊。」
,,,,,,,,
Nayuta.Debauchery1-89,那由多,「なっ、そんなっ…！待って、無理っ…！」,「なっ、そんなっ…！待って、無理っ…！」,「什麼？怎麼會…！等一下，不行…！」,"""No, no, no, no...! Wait, I can't...!","""No, that's...! Wait, I can't...!""","「뭣, 그런…! 기다려, 무리…!」",「什么、怎么会…！等一下，不行…！」
,,,,,,,,
Nayuta.Debauchery1-90,,その後、那由多はメスブタとして、世界中での壮絶な性奉仕の日々が続くのだった,その後、那由多はメスブタとして、世界中での壮絶な性奉仕の日々が続くのだった,在那之後，那由多作為母豬，持續著在世界各地慘烈的性服務的日子。,"After that, Nayuta was a female pig, and her days of spectacular sexual service around the world continued!","After that, Nayuta's days of intense service around the world continued.","그 후, 나유타는 암퇘지로서 전 세계 각지에서 처절한 성봉사의 나날을 이어가게 되었다",在那之后，那由多作为母猪，持续着在世界各地惨烈的性服务的日子。
Nayuta Debauchery Scene2,注釈,淫乱化シーン,淫乱化シーン,,淫乱化シーン,,음란화 이벤트,
Nayuta.Debauchery2-1,,那由多の性奉仕の日々がしばらく続いた後―――――,那由多の性奉仕の日々がしばらく続いた後―――――,那由多的性服務日子持續了一段時間後―――――,After a while of Nayuta's sexual services: ―――――,After Nayuta's days of service had continued for some time...,나유타의 성봉사의 나날이 잠시 계속된 후―――――,那由多的性服务日子持续了一段时间后―――――
,Nayuta debauchery 2ｰ1,,,,,,,
Nayuta.Debauchery2-2,那由多,「申し訳ありませんっ♥、メスブタ那由多、ただいま到着いたしましたっ♥」,「申し訳ありませんっ♥、メスブタ那由多、ただいま到着いたしましたっ♥」,「非常抱歉♥，母豬那由多到了♥」,"I'm sorry, Nayuta the pig, we've just arrived.","""I apologize♥ Nayuta the pig has just arrived♥""","「죄송합니다♥, 암퇘지 나유타, 방금 도착했습니다♥」",「非常抱歉♥，母猪那由多到了♥」
,,,,,,,,
Nayuta.Debauchery2-3,観客,「遅かったなぁ？何やってたんだ？」,「遅かったなぁ？何やってたんだ？」,「來得真晚啊？妳在搞什麼？」,"What took you so long? What were you doing?""","""You're late. What were you doing?""",「늦었잖아? 뭐 했어?」,「来得真晚啊？你在搞什么？」
,,,,,,,,
Nayuta.Debauchery2-4,那由多,「他の方々にもご奉仕をしていて…遅れてしまい申し訳ありませんっ♥」,「他の方々にもご奉仕をしていて…遅れてしまい申し訳ありませんっ♥」,「因為還要服侍其他各位…所以遲到了，非常抱歉♥」,"I'm sorry I'm late, I've been serving other people.","""I was serving others... I apologize for being late♥""",「다른 분들께도 봉사를 하고 있어서… 늦어서 죄송합니다♥」,「因为还要服侍其他各位…所以迟到了，非常抱歉♥」
,,,,,,,,
Nayuta.Debauchery2-5,観客,「なるほどな、通りでザーメン臭いわけだ」,「なるほどな、通りでザーメン臭いわけだ」,「原來如此，難怪一股精液味。」,I see. No wonder you smell like cum in the street.,"""I see, that explains the smell.""","「과연, 그래서 정액 냄새가 나는 거군」",「原来如此，难怪一股精液味。」
,,,,,,,,
Nayuta.Debauchery2-6,那由多,「体の落書きも消せなくて…大丈夫ですっ♥ご奉仕に支障はありませんのでっ♥」,「体の落書きも消せなくて…大丈夫ですっ♥ご奉仕に支障はありませんのでっ♥」,「身上的塗鴉也沒能完全擦掉…沒關係♥，不會影響服務的♥」,I can't even erase the graffiti on my body...it's okay...it won't interfere with my service.,"""I couldn't remove the writing on my body... But it's fine♥ It won't interfere with my service♥""",「몸의 낙서도 지울 수 없어서… 괜찮습니다♥ 봉사에 지장은 없으니까요♥」,「身上的涂鸦也没能完全擦掉…没关系♥，不会影响服务的♥」
,,,,,,,,
Nayuta.Debauchery2-7,観客,「まあいいや、とっととチンポしゃぶれ」,「まあいいや、とっととチンポしゃぶれ」,「算了，趕快來給我吸。」,"""Oh well, get on with it and suck my dick.""","""Well whatever, just hurry up and suck on it.""","「뭐 됐어, 빨리 자지 빨아」",「算了，赶快来给我吸。」
,,,,,,,,
Nayuta.Debauchery2-8,那由多,「はいっ♥、那由多っ♥皆様のおチンポしゃぶらせていただきますっ♥！」,「はいっ♥、那由多っ♥皆様のおチンポしゃぶらせていただきますっ♥！」,「是♥，那由多♥，會舔吸各位的陰莖的♥！」,"Yes, Nayuta, I will suck your cock!","""Yes♥ Nayuta♥ will service everyone♥""","「네엣♥, 나유타♥ 여러분의 자지 빨겠습니다♥!」",「是♥，那由多♥，会舔吸各位的阴茎的♥！」
,Nayuta debauchery 2-2,,,,,,,
Nayuta.Debauchery2-9,,そして那由多はためらうことなく目の前のチンポを口に入れる,そして那由多はためらうことなく目の前のチンポを口に入れる,接著那由多毫不猶豫地將眼前的陰莖含進嘴裡。,And Nayuta puts the cock in front of her mouth without hesitation.,Nayuta then took the cock in her mouth without hesitation.,그리고 나유타는 망설임 없이 눈앞의 자지를 입에 넣는다,接着那由多毫不犹豫地将眼前的阴茎含进嘴里。
,,,,,,,,
Nayuta.Debauchery2-10,Nayuta debauchery 2-3,ジュポッ、ジュポッ、ジュポッ、ジュポッ！,ジュポッ、ジュポッ、ジュポッ、ジュポッ！,啾波、啾波、啾波、啾波！,"Jup, jup, jup, jup, jup!","Slurp, slurp, slurp, slurp!","쥬폿, 쥬폿, 쥬폿, 쥬폿!",啾波、啾波、啾波、啾波！
,,,,,,,,
Nayuta.Debauchery2-11,那由多,「むふっ♥どーれすかっ♥わらひの口マンコっ♥」,「むふっ♥どーれすかっ♥わらひの口マンコっ♥」,「姆呼♥，怎麼樣♥，我的口穴♥」,"""Muhuhu, do you want some of that?","""Mfuh♥ How is it♥ My mouth♥""",「음훗♥ 어떠세욧♥ 나의 입 보지♥」,「姆呼♥，怎么样♥，我的口穴♥」
,,,,,,,,
Nayuta.Debauchery2-12,観客,「おっ、那由多ちゃんチンポしゃぶるの随分上手くなったね」,「おっ、那由多ちゃんチンポしゃぶるの随分上手くなったね」,「喔，那由多吸陰莖的技術進步了不少嘛。」,"""Oh, Nayuta, you're getting so good at sucking cock.""","""Oh, you've gotten quite skilled at sucking.""","「오옷, 나유타쨩 자지 빠는 거 상당히 능숙해졌네」",「喔，那由多吸阴茎的技术进步了不少嘛。」
,,,,,,,,
Nayuta.Debauchery2-13,那由多,「はひっ♥、沢山練習したのでっ♥、即尺フェラは得意技ですっ♥」,「はひっ♥、沢山練習したのでっ♥、即尺フェラは得意技ですっ♥」,「是♥，因為練習了很多♥，速射口交是我的拿手絕活♥」,"I've practiced a lot, so I'm good at giving a quick blowjob.","""Yes♥ I've practiced a lot♥ Immediate service is my specialty♥""","「네엣♥, 많이 연습했으니까♥, 즉시 발기시키는 펠라는 특기입니다♥」",「是♥，因为练习了很多♥，速射口交是我的拿手绝活♥」
,,,,,,,,
Nayuta.Debauchery2-14,観客,「ははっ！流石は元最強の聖核戦姫だ、センスは抜群だな！」,「ははっ！流石は元最強の聖核戦姫だ、センスは抜群だな！」,「哈哈！不愧是前最強的聖核戰姫，天賦就是出眾！」,"""Haha! You're the former most powerful Holy Core Battlemaiden, you've got great taste!""","""Haha! As expected of the former strongest Holy Core Battlemaiden, your talent is exceptional!""","「하핫! 역시 전 최강의 성핵전희다, 센스는 발군이네!」",「哈哈！不愧是前最强的圣核战姫，天赋就是出众！」
,,,,,,,,
Nayuta.Debauchery2-15,那由多,「ありがとうございますっ♥、メスブタ那由多っ♥嬉しいですっ♥」,「ありがとうございますっ♥、メスブタ那由多っ♥嬉しいですっ♥」,「謝謝您♥，母豬那由多♥，好開心♥」,"Thank you, Nayuta, I'm so happy!","""Thank you♥ Nayuta the pig is happy♥""","「감사합니다♥, 암퇘지 나유타♥ 기쁩니다♥」",「谢谢您♥，母猪那由多♥，好开心♥」
,,,,,,,,
Nayuta.Debauchery2-16,,そして那由多は唇に力を入れ、男のチンポの裏筋をなぞるようにフェラしていく,そして那由多は唇に力を入れ、男のチンポの裏筋をなぞるようにフェラしていく,接著那由多嘴唇用力，沿著男人的陰莖背面舔吸。,"Then Nayuta puts her lips on the man's cock and sucks it, tracing the underside of the man's cock",Nayuta then applied pressure with her lips and continued her service with technique.,"그리고 나유타는 입술에 힘을 주어, 남자의 자지 뒷줄기를 핥듯이 펠라해 간다",接着那由多嘴唇用力，沿着男人的阴茎背面舔吸。
,,,,,,,,
Nayuta.Debauchery2-17,,ジュポッ、ジュポッ、ジュポッ、ジュポッ！,ジュポッ、ジュポッ、ジュポッ、ジュポッ！,啾波、啾波、啾波、啾波！,"Jup, jup, jup, jup, jup!","Slurp, slurp, slurp, slurp!","쥬폿, 쥬폿, 쥬폿, 쥬폿!",啾波、啾波、啾波、啾波！
,Nayuta debauchery 2-3,,,,,,,
Nayuta.Debauchery2-18,那由多,(わかりますっ、今は剣を握る感覚より…口の中のチンポの感覚の方が研ぎ澄まされているっ♥),(わかりますっ、今は剣を握る感覚より…口の中のチンポの感覚の方が研ぎ澄まされているっ♥),（我懂了♥，現在比起握劍的感覺…口中陰莖的感覺更敏銳了♥）,"(I know, now the sensation of a cock in my mouth is sharper than the sensation of holding a sword... ♥)","(I understand, now my senses are more attuned to the cock in my mouth than a blade in my hand♥)","(알겠습니다♥, 지금은 검을 쥐는 감각보다… 입안의 자지 감각이 더 예민해져 있어♥)",（我懂了♥，现在比起握剑的感觉…口中阴茎的感觉更敏锐了♥）
,,,,,,,,
Nayuta.Debauchery2-19,那由多,(チンポの扱い方…刀の道よりも奥が深いですっ♥),(チンポの扱い方…刀の道よりも奥が深いですっ♥),（服侍陰莖的方法…比刀法還要深奧♥）,(How to handle a cock...it's deeper than the way of the sword ♥),(The cock... is much more complicated than the way of the sword♥),(자지 다루는 법… 칼의 길보다 더 깊습니다♥),（侍弄阴茎的方法…比刀法还要深奥♥）
,,,,,,,,
Nayuta.Debauchery2-20,観客,「那由多ちゃんチンポに必死でフェラ顔になっちゃって…まあ最後まで頼むよ」,「那由多ちゃんチンポに必死でフェラ顔になっちゃって…まあ最後まで頼むよ」,「那由多為了陰莖拼命口交的表情…很賣力，拜託妳做到最後了。」,"Nayuta―chan, you're so desperate for cock that you've got a blowjob face... well, just finish me off, please.""","""You're so desperate... Well, please continue to the end.""",「나유타쨩 자지에 필사적이어서 펠라 얼굴이 되어버렸네… 뭐 끝까지 부탁해」,「那由多为了阴茎拼命口交的表情…很卖力，拜托你做到最后了。」
,,,,,,,,
Nayuta.Debauchery2-21,那由多,「ジュプッ♥、那由多にっ♥、おまかせくらはいっ♥！」,「ジュプッ♥、那由多にっ♥、おまかせくらはいっ♥！」,「啾噗♥，交給那由多♥，請放心♥！」,"""Jup, Nayuta, leave it to me!""","""Slurp♥ Leave it♥ to Nayuta♥!""","「쥬풋♥, 나유타에게♥, 맡겨주세요♥!」",「啾噗♥，交给那由多♥，请放心♥！」
,,,,,,,,
Nayuta.Debauchery2-22,,ジュポッ、ジュポッ、ジュポッ、ジュポッ！,ジュポッ、ジュポッ、ジュポッ、ジュポッ！,啾波、啾波、啾波、啾波！,"Jup, jup, jup, jup, jup!","Slurp, slurp, slurp, slurp!","쥬폿, 쥬폿, 쥬폿, 쥬폿!",啾波、啾波、啾波、啾波！
,,,,,,,,
Nayuta.Debauchery2-23,那由多,「んっ♥、ん゛ふっ♥、ぶもっ♥、ぶもっ♥」,「んっ♥、ん゛ふっ♥、ぶもっ♥、ぶもっ♥」,「嗯♥，嗯呼♥、噗哞♥、噗哞♥」,"""Mmm, mmm, mmm, mmm, mmm, mmm, mmm.""","""Mm♥ Mfuh♥ Mmo♥ Mmo♥""","「응읏♥, 응옷 훗♥, 부못♥, 부못♥」",「嗯♥，嗯呼♥、噗哞♥、噗哞♥」
,,,,,,,,
Nayuta.Debauchery2-24,観客,「っ、おおっ、がっつきやがって、出すぞっ！」,「っ、おおっ、がっつきやがって、出すぞっ！」,「唔，真貪吃啊，我要射了！」,"""Oh, oh, you greedy, greedy, I'm gonna get you out!""","""Oh, you're really going at it, I'm coming!""","「윽, 오오옷, 꿀꺽거리며, 싼다!」",「唔，真会抢食啊，我要射了！」
,,,,,,,,
Nayuta.Debauchery2-25,那由多,「ぶもっ♥、ぶもっ♥、なゆたのくひにっ♥、だひてくらはいっ♥」,「ぶもっ♥、ぶもっ♥、なゆたのくひにっ♥、だひてくらはいっ♥」,「噗哞♥、噗哞♥，射在那由多的嘴裡♥，請射♥」,"""Bumo, bumo, nayuta no kuhini, dahitte kurayai!""","""Mmo♥ Mmo♥ In Nayuta's mouth♥ Please finish♥""","「부못♥, 부못♥, 나유타 입에♥, 싸주세요♥」",「噗哞♥、噗哞♥、射在那由多的嘴里♥，请射♥」
,Nayuta debauchery 2-4,,,,,,,
Nayuta.Debauchery2-26,,ドビュルルッ、ドプッ！,ドビュルルッ、ドプッ！,咚咻嚕、咚噗！,Doburrrrrrrrrrrrrrrrrrrrrrrrrrrrrrrrrrr!,"Splurt, splash!","도뷰르르릇, 도풋!",咚咻噜、咚噗！
,,,,,,,,
Nayuta.Debauchery2-27,那由多,「ん゛ん～～～っ♥！ゴキュッ♥、ゴキュッ♥」,「ん゛ん～～～っ♥！ゴキュッ♥、ゴキュッ♥」,「嗯嗯～～～唔♥！咕啾♥、咕啾♥」,"""Oh, God, oh, God, oh, God! ","""Mmm♥! Gulp♥ gulp♥""","「응옷 응~~~윽♥! 꿀꺽♥, 꿀꺽♥」",「嗯嗯～～～唔♥！咕啾♥、咕啾♥」
,Nayuta debauchery 2-5,,,,,,,
Nayuta.Debauchery2-28,那由多,「ん゛っ♥、んうっ♥、むふ～っ♥、むふ～っ♥」,「ん゛っ♥、んうっ♥、むふ～っ♥、むふ～っ♥」,「嗯♥、唔嗯♥、姆呼～♥、姆呼～♥」,"""Mmmmmm, mmmm, mmmm, mmmm, mmmm, mmmm.""","""Mm♥ Muh♥ Mfuu♥ Mfuu♥""","「응옷 윽♥, 으읏♥, 므후~♥, 므후~♥」",「嗯♥、唔嗯♥、姆呼～♥、姆呼～♥」
,,,,,,,,
Nayuta.Debauchery2-29,観客,「コイツッ、出したってのにチンポから口離さねえｗ」,「コイツッ、出したってのにチンポから口離さねえｗ」,「這傢伙，都射了，還含著陰莖不放w」,"""This guy won't take his mouth off my dick even though I've already taken it out.""","""This one won't let go even after I finished, ha.""","「이 녀석, 쌌는데도 자지에서 입 떼지 않네ㅋ」",「这家伙，射了还不把阴茎从嘴里拿出来w」
,,,,,,,,
Nayuta.Debauchery2-30,那由多,「むふっ♥、那由多はっ、おチンポが大好きなのでっ♥」,「むふっ♥、那由多はっ、おチンポが大好きなのでっ♥」,「姆呼♥，因為那由多最喜歡陰莖了♥」,"""Muhu♥, Nayuta loves cock so much!""","""Mfuh♥ Nayuta loves the cock♥""","「므훗♥, 나유타는, 자지가 너무 좋아서요♥」",「姆呼♥，因为那由多最喜欢阴茎了♥」
,,,,,,,,
Nayuta.Debauchery2-31,那由多,「皆様っ♥、那由多の口オナホッ♥、沢山お使いくださいっ♥！」,「皆様っ♥、那由多の口オナホッ♥、沢山お使いくださいっ♥！」,「各位♥，請盡情使用那由多這張口穴♥！」,"""Ladies and gentlemen, please use Nayuta's mouth masturbation as much as you can!","""Everyone♥ Please use Nayuta's mouth♥ as much as you want♥""","「여러분♥, 나유타의 입 오나홀♥, 잔뜩 사용해주세요♥!」",「各位♥，请尽情使用那由多这张口穴♥！」
,,,,,,,,
Nayuta.Debauchery2-32,,数時間後,数時間後,數小時後,a few hours later,Several hours later...,수 시간 후,数小时后
,Nayuta debauchery 2-6,,,,,,,
Nayuta.Debauchery2-33,那由多,「ふごっ♥、ジュルッ♥、ズルルッ♥、ジュルッ♥！」,「ふごっ♥、ジュルッ♥、ズルルッ♥、ジュルッ♥！」,「呼戈♥、咕嚕♥、嘶嚕嚕♥、咕嚕♥！」,"Hugo♥, julk♥, zulk♥, julk♥!""","""Fuhhh♥ Slurp♥ Sluuurp♥ Slurp♥!""","「훗곳♥, 쥬릇♥, 즈르릇♥, 쥬릇♥!」",「呼戈♥、咕噜♥、嘶噜噜♥、咕噜♥！」
,,,,,,,,
Nayuta.Debauchery2-34,,那由多は何度も口内射精され、顔は精液にまみれていた,那由多は何度も口内射精され、顔は精液にまみれていた,那由多被口內射精無數次，臉上沾滿了精液。,Nayuta was repeatedly ejaculated into her mouth and her face was covered with semen,"Many came in Nayuta's mouth, and her face was covered in cum.","나유타는 몇 번이나 입안 사정을 당해, 얼굴은 정액 범벅이었다",那由多被口内射精无数次，脸上沾满了精液。
,,,,,,,,
Nayuta.Debauchery2-35,観客,「ったくいつまでチンポしゃぶってりゃ気が済むんだ？」,「ったくいつまでチンポしゃぶってりゃ気が済むんだ？」,「真是的，吸陰莖吸到什麼時候才滿足啊？」,"How long am I going to have to suck your dick?""","""How long are you going to keep sucking?""",「정말 언제까지 자지 빨아야 만족하는 거야?」,「真是的，吸阴茎吸到什么时候才满足啊？」
,,,,,,,,
Nayuta.Debauchery2-36,観客,「凄い体力ですな…さすがは元最強の聖核戦姫」,「凄い体力ですな…さすがは元最強の聖核戦姫」,「體力真驚人啊…不愧是前最強的聖核戰姫。」,You have great physical strength...as one would expect from the former most powerful Holy Core Battlemaiden.,"""Amazing stamina... As expected of the former strongest Holy Core Battlemaiden.""",「굉장한 체력이군요… 역시 전 최강의 성핵전희」,「体力真惊人啊…不愧是前最强的圣核战姫。」
,,,,,,,,
Nayuta.Debauchery2-37,那由多,「むふー♥、ズルルッ♥、ジュルッ♥、ザーメンっもっとくらさいッ♥」,「むふー♥、ズルルッ♥、ジュルッ♥、ザーメンっもっとくらさいッ♥」,「姆呼～♥、嘶嚕嚕♥、咕嚕♥、精液♥多給我一點呀♥」,"""Muhhhh, slurp, slurp, cum, cum, cum, cum, cum!""","""Mfuu♥ Sluuurp♥ Slurp♥ Please give me more♥""","「므후-♥, 즈르릇♥, 쥬릇♥, 정액 더 주세요♥」",「姆呼～♥、嘶噜噜♥、咕噜♥、精液♥多给我一点呀♥」
,,,,,,,,
Nayuta.Debauchery2-38,観客,「まだ欲しがるか…呆れた性欲だな」,「まだ欲しがるか…呆れた性欲だな」,「還想要嗎…慾望真是令人驚訝。」,"Still wanting it... you've got a disgusting libido.""","""Still wanting more... What shocking desire.""",「아직도 원하나… 질린 성욕이네」,「还想要吗…欲望真是令人惊讶。」
,,,,,,,,
Nayuta.Debauchery2-39,観客,「ええ、豚鼻フックも良く似合っています」,「ええ、豚鼻フックも良く似合っています」,「是啊，豬鼻勾也很適合她。」,"Yes, and the pig nose hook looks great.""","""Yes, the pig nose hook suits her well.""","「네, 돼지 코걸이도 잘 어울립니다」",「是啊，猪鼻勾也很适合她。」
,Nayuta debauchery 2-7,,,,,,,
Nayuta.Debauchery2-40,,そしてズルリと那由多の口からチンポが引き抜かれる,そしてズルリと那由多の口からチンポが引き抜かれる,接著陰莖滑地一聲從那由多的嘴裡被拔出來。,"Then, the cock is pulled out of Nayuta's mouth with a slurp.",Then a cock pulled out from Nayuta's mouth with a slurping sound.,그리고 즈르륵 하고 나유타의 입에서 자지가 뽑혀 나온다,接着阴茎滑地一声从那由多的嘴里被拔出来。
,,,,,,,,
Nayuta.Debauchery2-41,那由多,「ゲプッ♥、ゲホッ♥、んあっ♥」,「ゲプッ♥、ゲホッ♥、んあっ♥」,「嗝♥、咳♥、嗯啊♥」,"""Gobble, gobble, gobble, gobble, gobble, gobble.""","""Burp♥ cough♥ naa♥""","「켁♥, 콜록♥, 응앗♥」",「嗝♥、咳♥、嗯啊♥」
,,,,,,,,
Nayuta.Debauchery2-42,観客,「ふう、しかしあの最強の聖核戦姫がここまで堕ちるとはな」,「ふう、しかしあの最強の聖核戦姫がここまで堕ちるとはな」,「呼，不過最強的聖核戰姫竟然墮落到這種地步啊。」,"""Phew, but who would have thought that mighty Holy Core Battlemaiden would have fallen so far?""","""Phew, to think the strongest Holy Core Battlemaiden would fall this far.""","「후우, 하지만 저 최강의 성핵전희가 여기까지 타락하다니」",「呼，不过最强的圣核战姫竟然堕落到这种地步啊。」
,,,,,,,,
Nayuta.Debauchery2-43,那由多,「ゲプッ♥、はいっ♥、那由多は自分を強いと勘違いしていたただのメスブタでしたっ♥」,「ゲプッ♥、はいっ♥、那由多は自分を強いと勘違いしていたただのメスブタでしたっ♥」,「嗝♥，是♥，那由多只是誤以為自己很強的母豬罷了♥」,Nayuta was just a bitch who mistakenly thought she was strong.,"""Burp♥ Yes♥ Nayuta was just a pig who mistakenly thought she was strong♥""","「켁♥, 네엣♥, 나유타는 자신을 강하다고 착각했던 그저 암퇘지였습니다♥」",「嗝♥，是♥，那由多只是误以为自己很强的母猪罢了♥」
,,,,,,,,
Nayuta.Debauchery2-44,観客,「ははっ、バカみたいな格好でザーメンまみれでチンポにむしゃぶりついて…プライドとかはねえのか？」,「ははっ、バカみたいな格好でザーメンまみれでチンポにむしゃぶりついて…プライドとかはねえのか？」,「哈哈！蠢得可以的打扮，沾滿精液，貪婪地吸著陰莖…妳沒有自尊心嗎？」,"""Haha, you're dressed like an idiot, covered in cum and sucking cock... don't you have any pride or something?""","""Haha, in that ridiculous outfit, covered and desperate... Don't you have any pride?""","「하핫, 바보 같은 모습으로 정액 범벅이 되어 자지에 매달려서… 프라이드 같은 건 없나?」",「哈哈！蠢得可以的打扮，沾满精液，贪婪地吸着阴茎…你没有自尊心吗？」
,,,,,,,,
Nayuta.Debauchery2-45,那由多,「はいっ♥、那由多には馬鹿なメスブタなのでっ♥、おチンポさえあればいいですっ♥」,「はいっ♥、那由多には馬鹿なメスブタなのでっ♥、おチンポさえあればいいですっ♥」,「是♥，因為那由多是愚蠢的母豬♥，只要有陰莖就夠了♥」,"Yes, I'm a stupid bitch to Nayuta, so as long as I have a cock, I'm fine.","""Yes♥ Nayuta is a stupid pig. As long as there are cocks to suck, that's enough♥""","「네엣♥, 나유타에게는 바보 같은 암퇘지라서♥, 자지만 있으면 됩니다♥」",「是♥，因为那由多是愚蠢的母猪♥，只要有阴茎就够了♥」
,,,,,,,,
Nayuta.Debauchery2-46,観客,「やれやれ、こんな女に苦労していた私達の方が情けなくなってきますな」,「やれやれ、こんな女に苦労していた私達の方が情けなくなってきますな」,「唉呀呀，連我們費盡心力對付這種女人都開始覺得丟臉了。」,"Good grief, it makes those of us who had to struggle with such a woman seem more pathetic.""","""Good grief, it's pathetic that we struggled against such a woman.""","「이런이런, 이런 여자 때문에 고생했던 우리가 더 한심해지는군요」",「唉呀呀，连我们费尽心力对付这种女人都开始觉得丢脸了。」
,,,,,,,,
Nayuta.Debauchery2-47,観客,「私も流石に下品すぎて飽きてきました」,「私も流石に下品すぎて飽きてきました」,「我也實在是太低俗了，已經膩了。」,"'I, too, am growing tired of the vulgarity of quicksand.","""I'm getting bored with how vulgar this has become.""",「저도 아무래도 너무 저속해서 질렸습니다」,「我也实在是太低俗了，已经腻了。」
,,,,,,,,
Nayuta.Debauchery2-48,観客,「まあ…娼館かAV辺りに売り飛ばせばいいでしょう。どこまで堕ちるか見ものです」,「まあ…娼館かAV辺りに売り飛ばせばいいでしょう。どこまで堕ちるか見ものです」,「算了…把她賣到妓院或拍A片吧。看看她能墮落到什麼程度。」,"Well...sell her to a whorehouse or porn. Let's see how far they fall.""","""Well... We could sell her to a brothel or the adult industry. It would be interesting to see how far she falls.""",「뭐… 사창가나 AV 쪽에 팔아넘기면 되겠죠. 어디까지 타락할지 볼 만합니다」,「算了…把她卖到妓院或拍A片吧。看看她能堕落到什么程度。」
,,,,,,,,
Nayuta.Debauchery2-49,那由多,「っ…ひどいっ♥、でもっ♥、おチンポがあるなら……♥、それでもいいですっ♥」,「っ…ひどいっ♥、でもっ♥、おチンポがあるなら……♥、それでもいいですっ♥」,「唔…太過分了♥，可是♥，如果有陰莖的話……♥，那樣也好♥」,"I'm sorry, but if you have a penis ......, I don't care.","""...That's cruel♥ But♥ If there are cocks to suck...♥ That's fine too♥""","「윽… 심해요♥, 하지만♥, 자지가 있다면……♥, 그래도 좋습니다♥」",「唔…太过分了♥，可是♥，如果有阴茎的话……♥，那样也好♥」
,,,,,,,,
Nayuta.Debauchery2-50,那由多,「でも捨てられる前に…後ちょっとだけッ♥、皆様のおチンポしゃぶらせてくださいっ♥」,「でも捨てられる前に…後ちょっとだけッ♥、皆様のおチンポしゃぶらせてくださいっ♥」,「不過在被賣掉之前…再讓我吸一點各位的陰莖吧♥」,"But before you throw me away...just a little bit more...please let me suck your cock...""","""But before being discarded... Just a little more♥ Please let me suck everyone♥""","「하지만 버려지기 전에… 조금만 더♥, 여러분의 자지를 빨게 해주세요♥」",「不过在被卖掉之前…再让我吸一点各位的阴茎吧♥」
,,,,,,,,
Nayuta.Debauchery2-51,,そこにかつての凛とした最強の聖核戦姫の面影はなく、那由多はどこまでも快楽の世界へ堕ちていくのだった,そこにかつての凛とした最強の聖核戦姫の面影はなく、那由多はどこまでも快楽の世界へ堕ちていくのだった,那裡已不見昔日凜然的最強聖核戰姫的身影，那由多無限地沉淪進快感的世界。,"There was no trace of the once dignified and powerful Princess of the Seikaku, and Nayuta fell into the world of pleasure to no end.","There was no trace of the dignified strongest Holy Core Battlemaiden, and Nayuta continued to fall endlessly into a world of pleasure.","거기에는 예전의 늠름했던 최강 성핵전희의 모습은 없고, 나유타는 어디까지나 쾌락의 세계로 타락해 가는 것이었다",那里已不见昔日凛然的最强圣核战姫的身影，那由多无限地沉沦进快感的世界。
,,,,,,,,
Nayuta Core Scene,注釈,聖核シーン,聖核シーン,,聖核シーン,,성핵 이벤트,
,,,,,,,,
Nayuta.Core1-1,暗転,那由多が敗北してからしばらくして―――――,那由多が敗北してからしばらくして―――――,那由多戰敗後過了一段時間―――――,"Some time after Nayuta's defeat, ―――――",Some time after Nayuta's defeat...,나유타가 패배한 후 얼마 지나지 않아―――――,那由多战败后过了一段时间―――――
,Nayuta core1-1,,,,,,,
Nayuta.Core1-2,,那由多は重厚な器具で大股開きの体制で厳重に四肢を拘束されていた,那由多は重厚な器具で大股開きの体制で厳重に四肢を拘束されていた,那由多被重型的器具以大腿張開的姿勢，嚴密地拘束著四肢。,Nayuta was severely bound at the extremities in a wide―legged position with a heavy apparatus.,"Nayuta's limbs were severely restrained by heavy equipment, forcing her legs wide open.",나유타는 육중한 기구로 대자로 벌린 자세로 엄중하게 사지가 구속되어 있었다,那由多被重型的器具以大腿张开的姿势，严密地拘束着四肢。
,,,,,,,,
Nayuta.Core1-3,那由多,「……………………。」,「……………………。」,「……………………。」,".........................""","""...""",「…………………….」,「……………………。」
,,,,,,,,
Nayuta.Core1-4,那由多,(随分と頑丈な拘束ですね…私の力でも拘束を破壊できるイメージが全く湧きません),(随分と頑丈な拘束ですね…私の力でも拘束を破壊できるイメージが全く湧きません),（真是夠堅固的拘束呢…以我的力量也完全沒有能破壞這拘束的想像。）,(It's a very sturdy restraint... I can't imagine that even my power can destroy the restraint at all.),(These are quite sturdy restraints... I can't even imagine being able to break them with my strength.),(상당히 튼튼한 구속이군요… 제 힘으로도 구속을 파괴할 수 있는 이미지가 전혀 떠오르지 않습니다),（真是够坚固的拘束呢…以我的力量也完全没有能破坏这拘束的想像。）
,,,,,,,,
Nayuta.Core1-5,,その時、部屋の中に数人の戦闘員が入ってくる,その時、部屋の中に数人の戦闘員が入ってくる,這時，房間裡走進了幾名戰鬥員。,"At that moment, several combatants enter the room","At that moment, several soldiers entered the room.","그때, 방 안에 여러 명의 전투원이 들어온다",这时，房间里走进了几名战斗员。
,,,,,,,,
Nayuta.Core1-6,戦闘員,「おうおう、最強の聖核戦姫が随分と情けない姿だなあ？」,「おうおう、最強の聖核戦姫が随分と情けない姿だなあ？」,「喔喔喔，最強的聖核戰姫看起來真狼狽啊？」,"""Oh, oh, how pathetic the most powerful Holy Core Battlemaiden looks, huh?""","""Well, well, the strongest Holy Core Battlemaiden in quite a pathetic state, isn't she?""","「어이어이, 최강의 성핵전희가 상당히 한심한 모습이네?」",「喔喔喔，最强的圣核战姫看起来真狼狈啊？」
,,,,,,,,
Nayuta.Core1-7,戦闘員,「俺達みたいな下っ端に無抵抗でマンコ見られてる気分はどうだ？」,「俺達みたいな下っ端に無抵抗でマンコ見られてる気分はどうだ？」,「被我們這種小嘍囉毫無抵抗地看著小穴，感覺如何？」,"How does it feel to have a bunch of lowlifes like us looking at your pussy unprovoked?""","""How does it feel having lowlifes like us staring at your pussy while you can't resist?""",「우리 같은 졸개에게 무저항으로 보지 보여지는 기분은 어때?」,「被我们这种小喽啰毫无抵抗地看着小穴，感觉如何？」
,,,,,,,,
Nayuta.Core1-8,那由多,「……………………。」,「……………………。」,「……………………。」,".........................""","""...""",「…………………….」,「……………………。」
,,,,,,,,
Nayuta.Core1-9,那由多,「どうでもいい事です…それより、一体何の目的で私を拘束しているのでしょうか？」,「どうでもいい事です…それより、一体何の目的で私を拘束しているのでしょうか？」,「無所謂的事…比起這個，你們拘束我的目的到底是什麼？」,"It doesn't matter...more importantly, what the hell are they holding me for?""","""That's irrelevant... More importantly, what exactly is the purpose of restraining me?""","「아무래도 좋은 일입니다… 그보다, 대체 무슨 목적으로 저를 구속하고 있는 겁니까?」",「无所谓的事…比起这个，你们拘束我的目的到底是什么？」
,,,,,,,,
Nayuta.Core1-10,戦闘員,「はっ、流石最強の聖核戦姫様だなっ、まあ今からするのはちょっとした実験みたいなもんだ」,「はっ、流石最強の聖核戦姫様だなっ、まあ今からするのはちょっとした実験みたいなもんだ」,「哈，不愧是最強的聖核戰姫大人啊，好吧，我們現在要做點小小的實驗。」,"Haha, you are the most powerful Holy Core Battlemaiden, well, what I'm about to do now is a bit of an experiment.""","""Hah, as expected of the strongest Holy Core Battlemaiden. Well, what we're about to do is just a little experiment.""","「핫, 역시 최강의 성핵전희 님이시네, 뭐 지금부터 하는 건 약간의 실험 같은 거야」",「哈，不愧是最强的圣核战姫大人啊，好吧，我们现在要做点小小的实验。」
,,,,,,,,
Nayuta.Core1-11,那由多,(やれやれ……その程度、全く取るに足らない事です),(やれやれ……その程度、全く取るに足らない事です),（唉呀呀……這種程度，根本不值一提。）,"(Oh dear, ...... that's about it, it's totally inconsequential.)",(Good grief... Such trivial matters are completely beneath my concern.),"(이런이런…… 그 정도, 전혀 문제 될 것 없는 일입니다)",（唉呀呀……这种程度，根本不值一提。）
,,,,,,,,
Nayuta.Core1-12,,(この程度の戦闘員ならいくら攻撃されても私にはダメージは入らないでしょうし),(この程度の戦闘員ならいくら攻撃されても私にはダメージは入らないでしょうし),（這種程度的戰鬥員，就算被攻擊，對我來說也不會造成傷害吧。）,"(And with a fighter of this caliber, no amount of attacks will do any damage to me.)","(Even if soldiers of this caliber attack me, they won't be able to hurt me.)",(이 정도 전투원이라면 아무리 공격받아도 저에게는 데미지가 들어오지 않을 테고),（这种程度的战斗员，就算被攻击，对我来说也不会造成伤害吧。）
,,,,,,,,
Nayuta.Core1-13,,(まあ飽きるまで好きにさせておきましょう…それまでの辛抱です),(まあ飽きるまで好きにさせておきましょう…それまでの辛抱です),（算了，就讓他們玩到膩為止吧…忍耐一下就好。）,"(Well, let them do what they want until they get bored... and then we'll be patient.)",(I'll just let them do as they please until they get bored... I just need to endure until then.),(뭐 질릴 때까지 마음대로 하게 놔두죠… 그때까지의 인내입니다),（算了，就让他们玩到腻为止吧…忍耐一下就好。）
,,,,,,,,
Nayuta.Core1-14,那由多,「好きにしなさい…………三下に興味はありません」,「好きにしなさい…………三下に興味はありません」,「隨你們喜歡吧…………我對小人物沒興趣。」,"Do what you want. ............ I'm not interested in the bottom three.""","""Do as you wish... I have no interest in small fry.""",「마음대로 하십시오………… 삼류에게는 흥미 없습니다」,「随你们喜欢吧…………我对小人物没兴趣。」
,,,,,,,,
Nayuta.Core1-15,戦闘員,「はっ！いつまでそのすました顔が続くか楽しみだ！」,「はっ！いつまでそのすました顔が続くか楽しみだ！」,「哈！我很期待妳那裝模作樣的臉能撐到什麼時候！」,"Ha! Can't wait to see how long you can keep that smug look on your face!""","""Hah! I'm looking forward to seeing how long that composed face lasts!""",「핫! 언제까지 그 새침한 얼굴이 이어질지 기대되는군!」,「哈！我很期待你那装模作样的脸能撑到什么时候！」
,,,,,,,,
Nayuta.Core1-16,戦闘員,「あの最強の聖核戦姫相手だからな…俺達も色々準備させてもらったぜ？」,「あの最強の聖核戦姫相手だからな…俺達も色々準備させてもらったぜ？」,「畢竟對手是最強的聖核戰姫啊…我們也準備了不少東西！」,We've done a lot of preparation for this fight against the most powerful Holy Core Battlemaiden.,"""Since we're dealing with the strongest Holy Core Battlemaiden... we've made various preparations.""",「저 최강의 성핵전희 상대니까… 우리도 여러 가지 준비해뒀다고?」,「毕竟对手是最强的圣核战姫啊…我们也准备了不少东西！」
,,,,,,,,
Nayuta.Core1-17,,そう言うと一人の戦闘員の戦闘員が液体の入った巨大な注射器を持ってくる,そう言うと一人の戦闘員の戦闘員が液体の入った巨大な注射器を持ってくる,說完，其中一名戰鬥員拿來了一個裝有液體的巨大針筒。,Then one fighter fighter fighter brings a huge syringe full of liquid.,"As he said that, one of the soldiers brought out a huge syringe filled with liquid.",그렇게 말하며 한 명의 전투원이 액체가 든 거대한 주사기를 가져온다,说完，其中一名战斗员拿来了一个装有液体的巨大针筒。
,,,,,,,,
Nayuta.Core1-18,那由多,「……………っ、……それはっ……！？」,「……………っ、……それはっ……！？」,「……………唔……那是什麼……！？」,"""..............., ...... that's ......!""","""...! ...What is that...?!""","「……………윽, ……그것은……!?」",「……………唔、……那是什么……！？」
,,,,,,,,
Nayuta.Core1-19,戦闘員,「今からこれをてめえのケツ穴にぶち込んでやるんだよっ！オラッ！」,「今からこれをてめえのケツ穴にぶち込んでやるんだよっ！オラッ！」,「我們現在就要把這玩意兒灌進妳的屁眼裡！喂！」,Now I'm going to put this in your asshole! Hey!,"""I'm gonna shove this up your asshole right now! Take this!""",「지금부터 이걸 네놈의 엉덩이 구멍에 쑤셔 넣어주지! 자!」,「我们现在就要把这玩意儿灌进你的屁眼里！喂！」
,Nayuta core1-2,,,,,,,
Nayuta.Core1-20,,ズブッッッ！,ズブッッッ！,噗滋！！！,Zub!,Thrust!,즈븃!!!,噗滋！！！
,,,,,,,,
Nayuta.Core1-21,那由多,「ッッッ………ッ！！！」,「ッッッ………ッ！！！」,「唔唔唔………唔！！！」,"""Ahh .........!!!!!!!!!!!!!!!!!!!!!!!!!!""","""Ngh...!!!""",「윽………윽!!!」,「唔唔唔………唔！！！」
,,,,,,,,
Nayuta.Core1-22,,そして戦闘員はシリンダーを押し込み、中の液体を那由多の直腸に流し込む,そして戦闘員はシリンダーを押し込み、中の液体を那由多の直腸に流し込む,接著戰鬥員推下活塞，將針筒內的液體灌入那由多的直腸。,The fighter then pushes the cylinder in and pours the liquid inside into Nayuta's rectum.,"The soldier then pushed the cylinder, injecting the liquid into Nayuta's rectum.","그리고 전투원은 실린더를 밀어 넣어, 안의 액체를 나유타의 직장에 흘려 넣는다",接着战斗员推下活塞，将针筒内的液体灌入那由多的直肠。
,,,,,,,,
Nayuta.Core1-23,,ギュルルルッ！グボッ！,ギュルルルッ！グボッ！,咕嚕嚕！咕啵！, Gubot!,Glurrrrp! Glub!,규르르르릇! 그봇!,咕噜噜！咕啵！
,,,,,,,,
Nayuta.Core1-24,那由多,「ッッ………ぅ、んうッッッ………！！」,「ッッ………ぅ、んうッッッ………！！」,「唔唔………唔嗯！！！」,"""Ugh ........., mmmm .........!!!!""","""Ngh... ugh, mmph...!!""","「윽………읏, 응읏윽………!!」",「唔唔………呜、唔嗯！！！」
,,,,,,,,
Nayuta.Core1-25,戦闘員,「うおっコイツ、ケツ穴も凄い抵抗だなっ！」,「うおっコイツ、ケツ穴も凄い抵抗だなっ！」,「哇靠這傢伙，屁眼的抵抗力也太強了吧！」,"""Whoa, this guy's asshole is putting up a hell of a fight!""","""Whoa, her asshole is putting up incredible resistance!""","「우옷 이 녀석, 엉덩이 구멍도 굉장한 저항이네!」",「哇靠这家伙，屁眼的抵抗力也太强了吧！」
,,,,,,,,
Nayuta.Core1-26,那由多,「……っ、やめなさいっ！、何のつもりですかっ！！」,「……っ、やめなさいっ！、何のつもりですかっ！！」,「……住手！你想做什麼！！」,"I said, ""......, stop it! What the hell are you doing!","""...Stop it! What are you trying to do?!""","「……윽, 그만두십시오!, 무슨 셈입니까!!」",「……唔、住手！你想做什么！！」
,,,,,,,,
Nayuta.Core1-27,戦闘員,「あ？、好きにしろって言ったのはお前だろうがっ、オラッ、残り全部入れるぞっ！」,「あ？、好きにしろって言ったのはお前だろうがっ、オラッ、残り全部入れるぞっ！」,「啊？妳自己說隨便我們的吧，喂，剩下的全灌進去了！」,"""Oh? You're the one who told me to do what I wanted, so I'm going to put all the rest in!""","""Huh? You're the one who told us to do as we pleased! Here, I'm putting in all the rest!""","「아?, 마음대로 하라고 한 건 너잖아, 자! 남은 거 전부 넣는다!」",「啊？你自己说随便我们的吧，喂，剩下的全灌进去了！」
,,,,,,,,
Nayuta.Core1-28,,ギュルルッルッ！キュポンッ！,ギュルルッルッ！キュポンッ！,咕嚕嚕嚕！咚！, Cupon!,Glurrrrrp! Pop!,규르릇르릇! 큐퐁!,咕噜噜噜！咚！
,Nayuta core 1-3,,,,,,,
Nayuta.Core1-29,,シリンダー内の液体がすべて那由多の直腸に入れられ、戦闘員は注射器を引き抜く,シリンダー内の液体がすべて那由多の直腸に入れられ、戦闘員は注射器を引き抜く,針筒裡的液體全部進入那由多的直腸後，戰鬥員拔出針筒。,"All the liquid in the cylinder is put into Nayuta's rectum, and the fighter pulls out the syringe","All the liquid in the cylinder was injected into Nayuta's rectum, and the soldier pulled out the syringe.","실린더 안의 액체가 전부 나유타의 직장에 넣어지고, 전투원은 주사기를 뽑는다",针筒里的液体全部进入那由多的直肠后，战斗员拔出针筒。
,,,,,,,,
Nayuta.Core1-30,那由多,「っ………！ぐっ……はっ♥」,「っ………！ぐっ……はっ♥」,「唔………！呃…哈♥」,"♥""♥.........! Gg...... ha♥""","""Ngh...! Ugh... hah♥""",「윽………! 크윽…… 핫♥」,「唔………！呃…哈♥」
,Nayuta core 1-4,,,,,,,
Nayuta.Core1-31,,(っ……何ですかこの液体はっ……ドロドロしてっ…不愉快ですッ),(っ……何ですかこの液体はっ……ドロドロしてっ…不愉快ですッ),（唔……這是什麼液體啊……黏糊糊的…很不舒服！）,(What is this liquid? ...... It's so sludgy... it's disgusting...),(What is this liquid... It's so thick and viscous... How unpleasant!),(윽…… 무엇입니까 이 액체는…… 끈적끈적해서… 불쾌합니다),（唔……这是什么液体啊……黏糊糊的…很不舒服！）
,,,,,,,,
Nayuta.Core1-32,,(それにっ………何か力を吸われているようなっ……),(それにっ………何か力を吸われているようなっ……),（而且好像有什麼力量被吸走了一樣…）,"(And, ......... something is sucking the power out of me. ......)",(And... it feels like my power is being drained somehow...),(게다가……… 뭔가 힘을 빨리고 있는 듯한……),（而且好像有什么力量被吸走了一样…）
,,,,,,,,
Nayuta.Core1-33,戦闘員,「ったく最強の聖核戦姫様はケツ穴まで最強か？」,「ったく最強の聖核戦姫様はケツ穴まで最強か？」,「真是的，最強的聖核戰姫大人連屁眼也是最強的嗎？」,"""So the most powerful Holy Core Battlemaiden is also the most powerful asshole?""","""Geez, is the strongest Holy Core Battlemaiden's asshole the strongest too?""",「정말 최강의 성핵전희 님은 엉덩이 구멍까지 최강인가?」,「真是的，最强的圣核战姫大人连屁眼也是最强的吗？」
,,,,,,,,
Nayuta.Core1-34,戦闘員,「ああ、一応言っとくが漏らすんじゃねえぞ？最強の聖核戦姫がそんなみっともないことはしねえよな？」,「ああ、一応言っとくが漏らすんじゃねえぞ？最強の聖核戦姫がそんなみっともないことはしねえよな？」,「啊，先說一聲，不准漏出來喔？最強的聖核戰姫可不會做那種丟臉的事吧？」,"""Oh, and just so you know, don't leak anything, okay? The most powerful Holy Core Battlemaiden wouldn't do something so pathetic, would she?""","""Oh, just so you know, don't let it leak out. The strongest Holy Core Battlemaiden wouldn't do something so shameful, right?""","「아아, 일단 말해두지만 흘리지 마라? 최강의 성핵전희가 그런 꼴사나운 짓은 하지 않겠지?」",「啊，先说一声，不准漏出来喔？最强的圣核战姫可不会做那种丢脸的事吧？」
,,,,,,,,
Nayuta.Core1-35,,那由多は腹に力を入れ、少し外に出かかっていた液体を戻そうとする,那由多は腹に力を入れ、少し外に出かかっていた液体を戻そうとする,那由多腹部用力，想將稍微流出來的液體吸回去。,Nayuta strains her abdomen and tries to bring back some of the liquid that had almost come out.,"Nayuta tensed her abdomen, trying to hold back the liquid that was starting to leak out.","나유타는 배에 힘을 주어, 조금 밖으로 새어 나오려던 액체를 되돌리려 한다",那由多腹部用力，想将稍微流出来的液体吸回去。
,Nayuta core 1-5,,,,,,,
Nayuta.Core1-36,那由多,「……はっ♥、あたりまえですっ！」,「……はっ♥、あたりまえですっ！」,「……哈♥，當然！」,"""...... ha♥, of course!""","""...Hah♥, of course not!""","「……핫♥, 당연합니다!」",「……哈♥，当然！」
,,,,,,,,
Nayuta.Core1-37,那由多,「しかしっ……あなた達っ、いったい何の液体を入れたのですか…！？」,「しかしっ……あなた達っ、いったい何の液体を入れたのですか…！？」,「不過你們…到底灌進了什麼液體！？」,"But, ......, what the hell did you guys put in the liquid?","""But... what exactly was that liquid you put in me?!""","「하지만…… 당신들, 대체 무슨 액체를 넣은 겁니까…!?」",「不过你们…到底灌进了什么液体！？」
,,,,,,,,
Nayuta.Core1-38,戦闘員,「まあ教えてやるか。これはお前の聖核戦姫のエネルギーの源、聖核を固定する液体だ」,「まあ教えてやるか。これはお前の聖核戦姫のエネルギーの源、聖核を固定する液体だ」,「好吧，告訴妳。這是固定妳聖核的液體，也就是聖核戰姫的能量來源。」,"Well, let me tell you something. This is the liquid that fixes the Seikaku, the source of energy for your Holy Core Battlemaiden.""","""Well, I'll tell you. This is a liquid that solidifies the Holy Core, the source of a Holy Core Battlemaiden's energy.""",「뭐 가르쳐주지. 이것은 너의 성핵전희 에너지원인 성핵을 고정하는 액체다」,「好吧，告诉你。这是固定你圣核的液体，也就是圣核战姫的能量来源。」
,,,,,,,,
Nayuta.Core1-39,,「お前の体中から聖核を集めて腸内に固定するってわけだな」,「お前の体中から聖核を集めて腸内に固定するってわけだな」,「從妳全身收集聖核，將它固定在腸道內。」,"So they're going to collect the Seikaku from all over your body and fix it in your intestines.""","""It gathers the Holy Core from throughout your body and fixes it in your intestines.""",「네 몸속에서 성핵을 모아 장내에 고정한다는 거지」,「从你全身收集圣核，将它固定在肠道内。」
,,,,,,,,
Nayuta.Core1-40,那由多,「っ、やはりっ……っ！？」,「っ、やはりっ……っ！？」,「果然是…！？」,I knew it. ......?,"""I knew it...""","「윽, 역시……윽!?」",「唔、果然是…！？」
,,,,,,,,
Nayuta.Core1-41,戦闘員,「お前が次にそれを出した時がお前が聖核戦姫として終わる時ってわけだ」,「お前が次にそれを出した時がお前が聖核戦姫として終わる時ってわけだ」,「等妳下次把它排出來的時候，就是妳作為聖核戰姫結束的時候了。」,The next time you pull that out will be the end of you as the Holy Core Battlemaiden.,"""The next time you let that out will be when you're finished as a Holy Core Battlemaiden.""",「네가 다음에 그것을 내뱉을 때가 네가 성핵전희로서 끝나는 때라는 거지」,「等你下次把它排出来的时候，就是你作为圣核战姫结束的时候了。」
,,,,,,,,
Nayuta.Core1-42,那由多,「っ……………なるほどっ♥、そういう事だったのですね…」,「っ……………なるほどっ♥、そういう事だったのですね…」,「唔……………原來如此♥，是這麼回事啊…」,"I see...I see...I see...that's what you meant...""","""I see♥... So that's how it is...""","「윽……………과연♥, 그런 거였군요…」",「唔……………原来如此♥，是这么回事啊…」
,,,,,,,,
Nayuta.Core1-43,那由多,(いえっ……この程度、焦ってはいけません),(いえっ……この程度、焦ってはいけません),（不…這種程度，不能焦急。）,"(yep ...... this much, don't be in a hurry)",(No... I mustn't panic over something like this.),"(아니…… 이 정도, 초조해해서는 안 됩니다)",（不…这种程度，不能焦急。）
,,,,,,,,
Nayuta.Core1-44,,(時間をかければ私の雷でこの液体を分解して無力化させることもできるはず…),(時間をかければ私の雷でこの液体を分解して無力化させることもできるはず…),（只要花點時間，我應該就能用雷電分解這種液體，讓它失去作用…）,"(With time, my lightning should be able to break up this liquid and neutralize it...)","(Given enough time, I should be able to break down and neutralize this liquid with my lightning...)",(시간을 들이면 제 번개로 이 액체를 분해하여 무력화시킬 수도 있을 터…),（只要花点时间，我应该就能用雷电分解这种液体，让它失去作用…）
,,,,,,,,
Nayuta.Core1-45,,(今耐えるべきは……っ),(今耐えるべきは……っ),（現在該忍耐的是……）,(What you need to endure now is ......),(What I need to endure now is...),(지금 견뎌야 하는 것은……윽),（现在该忍耐的是……唔）
,,,,,,,,
Nayuta.Core1-46,,ギュルルッルッッ！,ギュルルッルッッ！,咕嚕嚕嚕！,Gulp!,Glurrrrrp!,규르르릇르릇!,咕噜噜噜！
,,,,,,,,
Nayuta.Core1-47,,(この……お腹の排泄感……っでしょうかっ…………！),(この……お腹の排泄感……っでしょうかっ…………！),（這種…腹部的排泄感…嗎……！）,(This ...... feeling of excretion in the belly ...... isn't it? ............!),(This... feeling of needing to expel from my stomach... isn't it...!),(이것은…… 배의 배설감……일까요…………!),（这种…腹部的排泄感…吗……！）
,,,,,,,,
Nayuta.Core1-48,,(おそらくこの液体の分解までにかかる時間は6時間ほど…！),(おそらくこの液体の分解までにかかる時間は6時間ほど…！),（分解這種液體可能需要六個小時左右…！）,(Probably about 6 hours for this liquid to decompose...!),(It will probably take about 6 hours to break down this liquid...!),(아마 이 액체의 분해까지 걸리는 시간은 6시간 정도…!),（分解这种液体可能需要六个小时左右…！）
,,,,,,,,
Nayuta.Core1-49,,(私は最強の聖核戦姫っ、この程度私なら耐えられますっ！),(私は最強の聖核戦姫っ、この程度私なら耐えられますっ！),（我是最強的聖核戰姫，這種程度我能忍受！）,"(I am the strongest Holy Core Battlemaiden, I can withstand this much!)",(I am the strongest Holy Core Battlemaiden. I can endure something like this!),"(저는 최강의 성핵전희!, 이 정도 저라면 견딜 수 있습니다!)",（我是最强的圣核战姫，这种程度我能忍受！）
,,,,,,,,
Nayuta.Core1-50,戦闘員,「どうやら覚悟が決まったみたいだな？」,「どうやら覚悟が決まったみたいだな？」,「看來妳做好覺悟了？」,"Looks like you're ready for this, huh?""","""Looks like you've made up your mind?""",「아무래도 각오가 정해진 모양이군?」,「看来你做好觉悟了？」
,,,,,,,,
Nayuta.Core1-51,那由多,「……仮にも私は最強の聖核戦姫。この程度のことで私がうろたえると本気で思っているのですか？」,「……仮にも私は最強の聖核戦姫。この程度のことで私がうろたえると本気で思っているのですか？」,「…我姑且是最強的聖核戰姫。你們真以為這種事能讓我慌亂嗎？」,"""...... Even if I am the most powerful Holy Core Battlemaiden. Do you really think I would be daunted by something of this magnitude?""","""...I am, after all, the strongest Holy Core Battlemaiden. Do you seriously think something of this level would upset me?""",「……설령 저는 최강의 성핵전희. 이 정도로 제가 동요할 거라고 진심으로 생각하는 겁니까?」,「…我姑且是最强的圣核战姫。你们真以为这种事能让我慌乱吗？」
,,,,,,,,
Nayuta.Core1-52,戦闘員,「ああ、だからまだ色々準備してるぞ？」,「ああ、だからまだ色々準備してるぞ？」,「喔，所以我們還準備了很多東西。」,"Yeah, so we're still setting things up, right?""","""Yeah, that's why we've prepared various other things.""","「아아, 그러니까 아직 여러 가지 준비하고 있어?」",「喔，所以我们还准备了很多东西。」
,Nayuta core 1-6,,,,,,,
Nayuta.Core1-53,,那由多の前に台車に乗せられた巨大な機械が現れ、那由多のアナルに照準を定める,那由多の前に台車に乗せられた巨大な機械が現れ、那由多のアナルに照準を定める,一台載著巨大機械的推車出現在那由多面前，將目標對準了那由多的肛門。,A huge machine on a cart appears in front of Nayuta and sets its sights on Nayuta's anus.,"A huge machine on a cart appeared in front of Nayuta, aiming at her anus.","나유타 앞에 수레에 실린 거대한 기계가 나타나, 나유타의 애널에 조준한다",一台载着巨大机械的推车出现在那由多面前，将目标对准了那由多的肛门。
,,,,,,,,
Nayuta.Core1-54,那由多,「っ……これは……っ！？」,「っ……これは……っ！？」,「唔……這是什麼！？」,"""What the ...... is this ......?""","""...What is this...?!""",「윽…… 이것은……!?」,「唔……这是什么！？」
,,,,,,,,
Nayuta.Core1-55,戦闘員,「相手は最強の聖核戦姫だからな、こっちも対策してんだよ」,「相手は最強の聖核戦姫だからな、こっちも対策してんだよ」,「對手是最強的聖核戰姫，我們也準備了對策。」,"The other side is the most powerful Holy Core Battlemaiden, so we have countermeasures.""","""Since we're dealing with the strongest Holy Core Battlemaiden, we've taken countermeasures.""","「상대는 최강의 성핵전희니까, 이쪽도 대책을 세워뒀지」",「对手是最强的圣核战姫，我们也准备了对策。」
,,,,,,,,
Nayuta.Core1-56,,「このピストンマシーンでてめえのケツ穴をぶっ壊して無理やり出させるってわけだ」,「このピストンマシーンでてめえのケツ穴をぶっ壊して無理やり出させるってわけだ」,「我們要用這台活塞機器弄壞妳的屁眼，強迫妳把它排出來。」,"""I'm going to use this piston machine to destroy your asshole and force you to let me out.""","""This piston machine will wreck your asshole and force it out.""",「이 피스톤 머신으로 네놈의 엉덩이 구멍을 쳐부수고 억지로 내보내게 한다는 거지」,「我们要用这台活塞机器弄坏你的屁眼，强迫你把它排出来。」
,,,,,,,,
Nayuta.Core1-57,那由多,「なっ…………そ、そんなっ………！？」,「なっ…………そ、そんなっ………！？」,「什麼…………怎、怎麼會………！？」,"""What the ............, that's so, so, so .........!""","""Wha... N-no way...?!""","「뭣………… 그, 그런………!?」",「什么…………怎、怎么会………！？」
,,,,,,,,
Nayuta.Core1-58,,ピストンは那由多の腕ほども太く、ブツブツとコーン上の突起が付いている,ピストンは那由多の腕ほども太く、ブツブツとコーン上の突起が付いている,活塞和那由多的手臂一樣粗，上面還附有顆粒狀的圓錐突起。,"The piston is as thick as Nayuta's arm, with mussels and protrusions on the cone.","The piston was as thick as Nayuta's arm, covered with cone-shaped bumps.","피스톤은 나유타의 팔만큼이나 굵고, 울퉁불퉁한 원뿔 모양 돌기가 붙어 있다",活塞和那由多的手臂一样粗，上面还附有颗粒状的圆锥突起。
,,,,,,,,
Nayuta.Core1-59,戦闘員,「最強の聖核戦姫がこれにどこまで耐えられるか見ものだなぁ？」,「最強の聖核戦姫がこれにどこまで耐えられるか見ものだなぁ？」,「最強的聖核戰姫能忍受這個到什麼程度，真是值得一看啊？」,"Let's see how long the mightiest Holy Core Battlemaiden can withstand this, shall we?""","""It'll be interesting to see how long the strongest Holy Core Battlemaiden can endure this.""",「최강의 성핵전희가 이것에 어디까지 견딜 수 있을지 볼 만하군?」,「最强的圣核战姫能忍受这个到什么程度，真是值得一看啊？」
,,,,,,,,
Nayuta.Core1-60,那由多,「っ、や、やめなさいっ！そんなの入るわけがっ！」,「っ、や、やめなさいっ！そんなの入るわけがっ！」,「住、住手！那種東西不可能進得去！」,Stop it! You can't go in there like that!,"""S-stop it! There's no way that can fit!""","「윽, 여, 그만두십시오! 그런 게 들어갈 리가!」",「唔、住、住手！那种东西不可能进得去！」
,,,,,,,,
Nayuta.Core1-61,,カシャン……キュイイイイインッ！,カシャン……キュイイイイインッ！,喀鏘……咻咿咿咿咿！,Kashan ...... cuiiiiiiiiinnn!,Clank... Whirrrrr....,카샨…… 큐이이이이인!,喀锵……咻咿咿咿咿！
,,,,,,,,
Nayuta.Core1-62,那由多,「ひっ………ま、待ちなさい―――――ッ？！」,「ひっ………ま、待ちなさい―――――ッ？！」,「呀………等、等一下―――――？！」,"""Hi―......... wait, wait ―――――?!""","""Eek... W-wait—?!""","「히익……… 자, 기다리십시오―――――?!」",「呀………等、等一下―――――？！」
,Nayuta core 1-7,,,,,,,
Nayuta.Core1-63,,ドチュッ！、ドチュッ！、ドチュッ！、ドチュッ！、ドチュッ！,ドチュッ！、ドチュッ！、ドチュッ！、ドチュッ！、ドチュッ！,咚啾！ 咚啾！ 咚啾！ 咚啾！ 咚啾！,Doo―doo! Doo―doo! Doo―doo! Doo―doo! Doo―doo!,"Thrust, thrust, thrust, thrust, thrust!","도츗!, 도츗!, 도츗!, 도츗!, 도츗!",咚啾！、咚啾！、咚啾！、咚啾！、咚啾！
,,,,,,,,
Nayuta.Core1-64,那由多,「ひぎっ♥！？、ッ、んん～～～っっ！！！」,「ひぎっ♥！？、ッ、んん～～～っっ！！！」,「呀♥！？嗯嗯～～～！！！」,HIGGI♥! ♥♥♥♥♥♥♥♥♥♥♥♥♥♥♥♥♥♥♥♥♥♥♥♥♥♥♥♥♥!,"""Hgii♥?! Ngh, mmm!""","「히긱♥!?, 윽, 응응~~~읏!!!」",「呀♥！？、唔、嗯嗯～～～！！！」
,,,,,,,,
Nayuta.Core1-65,,最強の聖核戦姫の力でも機械の強力な力に逆らうことはできない,最強の聖核戦姫の力でも機械の強力な力に逆らうことはできない,即使是最強聖核戰姫的力量，也無法抵抗機器的強大力量。,Even the mightiest Holy Core Battlemaiden cannot resist the powerful force of the machine.,Even the strongest Holy Core Battlemaiden's power couldn't resist the machine's powerful force.,최강의 성핵전희 힘으로도 기계의 강력한 힘에 거스를 수는 없다,即使是最强圣核战姫的力量，也无法抵抗机器的强大力量。
,,,,,,,,
Nayuta.Core1-66,,ドチュッ！、ドチュッ！、ドチュッ！、ドチュッ！、ドチュッ！,ドチュッ！、ドチュッ！、ドチュッ！、ドチュッ！、ドチュッ！,咚啾！ 咚啾！ 咚啾！ 咚啾！ 咚啾！,Doo―doo! Doo―doo! Doo―doo! Doo―doo! Doo―doo!,"Thrust, thrust, thrust, thrust, thrust!","도츗!, 도츗!, 도츗!, 도츗!, 도츗!",咚啾！、咚啾！、咚啾！、咚啾！、咚啾！
,,,,,,,,
Nayuta.Core1-67,那由多,「はあっ♥！？、お゛っ♥、はっ、はっ、はあっ♥！？」,「はあっ♥！？、お゛っ♥、はっ、はっ、はあっ♥！？」,「哈啊♥！？喔♥，哈、哈、哈啊♥！？」,"""Ha―ha―ha―ha! Oh, oh, oh, oh, oh, oh, oh, oh, oh, oh, oh, oh!""","""Haah♥?! Ohh♥, hah, hah, haah♥?!""","「하앗♥!?, 오옷 옷♥, 핫, 핫, 하앗♥!?」",「哈啊♥！？、喔♥、哈、哈、哈啊♥！？」
,,,,,,,,
Nayuta.Core1-68,,(―――――っ、お、お尻がっ、無理やりっ！？),(―――――っ、お、お尻がっ、無理やりっ！？),（―――――屁、屁股被，強行！？）,"(―――――...oh, my butt...forced!)",(My... my ass is being... forced?!),"(―――――윽, 엉, 엉덩이가, 억지로!?)",（―――――唔、屁、屁股被、强行！？）
,,,,,,,,
Nayuta.Core1-69,,「ぐっ！？、や、やめ、止めな…さいっ！」,「ぐっ！？、や、やめ、止めな…さいっ！」,「呃！？住、住手、快住手…！」,"""Ggh! Stop, stop, stop... come on!","""Guh?! S-stop... stop it!""","「크윽!?, 그, 그만, 멈추…십시오!」",「呃！？、住、住手、快住手…！」
,,,,,,,,
Nayuta.Core1-70,戦闘員,「おいおい最強の聖核戦姫が敵に命乞いか？」,「おいおい最強の聖核戦姫が敵に命乞いか？」,「喂喂，最強的聖核戰姫在向敵人求饒嗎？」,"""Oh come on, the most powerful Holy Core Battlemaiden begs for her life against the enemy?""","""Hey now, is the strongest Holy Core Battlemaiden begging her enemies?""",「어이어이 최강의 성핵전희가 적에게 목숨 구걸인가?」,「喂喂，最强的圣核战姫在向敌人求饶吗？」
,,,,,,,,
Nayuta.Core1-71,,ドチュッ！、ドチュッ！、ドチュッ！、ドチュッ！、ドチュッ！,ドチュッ！、ドチュッ！、ドチュッ！、ドチュッ！、ドチュッ！,咚啾！ 咚啾！ 咚啾！ 咚啾！ 咚啾！,Doo―doo! Doo―doo! Doo―doo! Doo―doo! Doo―doo!,"Thrust, thrust, thrust, thrust, thrust!","도츗!, 도츗!, 도츗!, 도츗!, 도츗!",咚啾！、咚啾！、咚啾！、咚啾！、咚啾！
,,,,,,,,
Nayuta.Core1-72,那由多,「ひぐっ♥！？、お゛っ♥、お゛っ♥、そんなことはっ♥！」,「ひぐっ♥！？、お゛っ♥、お゛っ♥、そんなことはっ♥！」,「呀♥！？喔♥，喔♥，才不是那樣♥！」,"""HIGGH! Oh, no, no, no, no, no, no, no, no, no, no, no, no, no, no, no, no, no, no, no, no, no, no, no, no!","""Hgggg♥?! Ohh♥ ohh♥ Not there♥!""","「히끅♥!?, 오옷 옷♥, 오옷 옷♥, 그런 일은♥!」",「呀♥！？、喔♥、喔♥、才不是那样♥！」
,,,,,,,,
Nayuta.Core1-73,戦闘員,「じゃあケツ穴がぶっ壊れるまでやるから、まあせいぜい頑張って耐えるんだな」,「じゃあケツ穴がぶっ壊れるまでやるから、まあせいぜい頑張って耐えるんだな」,「那我就做到妳的屁眼壞掉為止，妳就盡全力忍耐吧。」,"Well, I'm going to do it until my asshole breaks, so you're just going to have to hang on for dear life.","""Then we'll keep going until your asshole breaks. Do your best to endure it.""","「그럼 엉덩이 구멍이 부서질 때까지 할 테니, 뭐 힘껏 견뎌봐라」",「那我就做到你的屁眼坏掉为止，你就尽全力忍耐吧。」
,,,,,,,,
Nayuta.Core1-74,,ドチュッ！、ドチュッ！、ドチュッ！、ドチュッ！、ドチュッ！,ドチュッ！、ドチュッ！、ドチュッ！、ドチュッ！、ドチュッ！,咚啾！ 咚啾！ 咚啾！ 咚啾！ 咚啾！,Doo―doo! Doo―doo! Doo―doo! Doo―doo! Doo―doo!,"Thrust, thrust, thrust, thrust, thrust!","도츗!, 도츗!, 도츗!, 도츗!, 도츗!",咚啾！、咚啾！、咚啾！、咚啾！、咚啾！
,,,,,,,,
Nayuta.Core1-75,那由多,「ぐうっ♥、くっ♥！！」,「ぐうっ♥、くっ♥！！」,「嗚嗚♥、唔♥！！」,Ugh♥♥♥♥♥♥♥♥♥♥♥♥♥♥♥♥♥♥♥♥♥♥♥♥♥♥♥♥♥♥♥!,"""Guuh♥, kuh♥!!""","「크으윽♥, 큿♥!!」",「呜呜♥、唔♥！！」
,,,,,,,,
Nayuta.Core1-76,那由多,(っ、こ、この程度ッ！、私ならっ！！！),(っ、こ、この程度ッ！、私ならっ！！！),（這、這種程度！我一定能…！！！）,(This much! This much! If it were me!),(This much...! I can...!!!),"(윽, 이, 이 정도!, 나라면!!!)",（唔、这、这种程度！我一定能…！！！）
,,,,,,,,
Nayuta.Core1-77,,ドチュッ！、ドチュッ！、ドチュッ！、ドチュッ！、ドチュッ！,ドチュッ！、ドチュッ！、ドチュッ！、ドチュッ！、ドチュッ！,咚啾！ 咚啾！ 咚啾！ 咚啾！ 咚啾！,Doo―doo! Doo―doo! Doo―doo! Doo―doo! Doo―doo!,"Thrust, thrust, thrust, thrust, thrust!","도츗!, 도츗!, 도츗!, 도츗!, 도츗!",咚啾！、咚啾！、咚啾！、咚啾！、咚啾！
,,,,,,,,
Nayuta.Core1-78,,「くううっ♥！、お゛っ♥、お゛おっ♥！！」,「くううっ♥！、お゛っ♥、お゛おっ♥！！」,「嗚嗚嗚♥！喔♥、喔喔♥！！」,"""Kuuuhh! Oh, oh, oh, oh, oh, oh, oh, oh!","""Kuuuh♥! Ohh♥, ohhh♥!!""","「크으으윽♥!, 오옷 옷♥, 오옷 오옷♥!!」",「呜呜呜♥！、喔♥、喔喔♥！！」
,,,,,,,,
Nayuta.Core1-79,,その後、数時間にわたり那由多の尻穴を拡張する作業は続くのだった,その後、数時間にわたり那由多の尻穴を拡張する作業は続くのだった,在那之後，擴張那由多肛門的作業持續了數小時。,"After that, the process of dilating Nayuta's asshole continued for several hours.","After that, the work of expanding Nayuta's anus continued for several hours.","그 후, 수 시간 동안 나유타의 엉덩이 구멍을 확장하는 작업은 계속되는 것이었다",在那之后，扩张那由多肛门的作业持续了数小时。
,,,,,,,,
,,,,,,,,
Nayuta Core Scene２,注釈,聖核シーン２,聖核シーン２,,聖核シーン２,,성핵 이벤트 2,
,,,,,,,,
Nayuta.Core2-1,,那由多への聖核排出調教が始まり、那由多は数時間にわたってピストンによる責めを受け続けていた,那由多への聖核排出調教が始まり、那由多は数時間にわたってピストンによる責めを受け続けていた,對那由多的聖核排出調教開始了，那由多連續數小時持續承受著活塞的折磨,"The training of the Seikaku ejection to Nayuta began, and Nayuta continued to receive piston torture for several hours.","The Holy Core expulsion training on Nayuta had begun, and she had been continuously subjected to the piston's torment for several hours.","나유타에 대한 성핵 배출 조교가 시작되고, 나유타는 수 시간 동안 피스톤에 의한 고문을 계속 받고 있었다",对那由多的圣核排出调教开始了，那由多连续数小时持续承受着活塞的折磨
,Nayuta core 2ｰ1,,,,,,,
Nayuta.Core2-2,,ドチュッ！、ドチュッ！、ドチュッ！、ドチュッ！、ドチュッ！,ドチュッ！、ドチュッ！、ドチュッ！、ドチュッ！、ドチュッ！,咚啾！ 咚啾！ 咚啾！ 咚啾！ 咚啾！,Doo―doo! Doo―doo! Doo―doo! Doo―doo! Doo―doo!,"Thrust, thrust, thrust, thrust, thrust!","도츗!, 도츗!, 도츗!, 도츗!, 도츗!",咚啾！、咚啾！、咚啾！、咚啾！、咚啾！
,,,,,,,,
Nayuta.Core2-3,那由多,「はあっ♥、はあっ♥、はあっ♥、お゛っ♥、お゛おっ♥！」,「はあっ♥、はあっ♥、はあっ♥、お゛っ♥、お゛おっ♥！」,「哈啊♥、哈啊♥、哈啊♥、喔♥、喔喔♥！」,"""Oh, oh, oh, oh, oh, oh, oh, oh, oh, oh!""","""Haah♥, haah♥, haah♥, ohh♥, ohhh♥!""","「하앗♥, 하앗♥, 하앗♥, 오옷 옷♥, 오옷 오옷♥!」",「哈啊♥、哈啊♥、哈啊♥、喔♥、喔喔♥！」
,,,,,,,,
Nayuta.Core2-4,,(っ…………お尻にピストンされ続けてっ……もはや感覚がっ……！),(っ…………お尻にピストンされ続けてっ……もはや感覚がっ……！),（唔…………屁股被活塞持續地抽插……感覺快要……！）,(I kept getting pistons in my ass ............ and I couldn't feel ...... any more!),(Being continuously pistoned in my ass... I can barely feel anything anymore...!),(윽………… 엉덩이에 계속 피스톤질 당해서…… 이제 감각이……!),（唔…………屁股被活塞持续地抽插……感觉快要……！）
,,,,,,,,
Nayuta.Core2-5,,(それにっ……お腹の中がっ……ぎゅるぎゅるしてっ…苦しいですっ…),(それにっ……お腹の中がっ……ぎゅるぎゅるしてっ…苦しいですっ…),（而且……肚子裡面……一直在咕嚕咕嚕地攪動…好難受…）,(And I'm ...... squirming in my stomach... it's painful...),(And... my stomach is... churning... it's painful...),(게다가……… 배 속이…… 꾸르륵거려서… 괴롭습니다…),（而且……肚子里面……一直在咕噜咕噜地搅动…好难受…）
,,,,,,,,
Nayuta.Core2-6,,(いえっ……私は最強の聖核戦姫っ！、この程度の試練、絶対に乗り越えて見せますっ！),(いえっ……私は最強の聖核戦姫っ！、この程度の試練、絶対に乗り越えて見せますっ！),（不對……我是最強的聖核戰姫！這種程度的試煉，我絕對會克服給你看！）,"(Yes, ...... I am the strongest Holy Core Battlemaiden! I will definitely overcome this level of ordeal!)",(No... I am the strongest Holy Core Battlemaiden! I will definitely overcome a trial of this level!),"(아니…… 저는 최강의 성핵전희!, 이 정도 시련, 반드시 극복해 보이겠습니다!)",（不对……我是最强的圣核战姫！这种程度的试炼，我绝对会克服给你看！）
,,,,,,,,
Nayuta.Core2-7,,その時、部屋の中に戦闘員が入ってくる,その時、部屋の中に戦闘員が入ってくる,這時，戰鬥員走進了房間。,"At that moment, a combatant enters the room.","At that moment, a soldier entered the room.","그때, 방 안에 전투원이 들어온다",这时，战斗员走进了房间。
,,,,,,,,
Nayuta.Core2-8,戦闘員,「お～那由多ちゃんがんばってるねえ？流石最強の聖核戦姫だな」,「お～那由多ちゃんがんばってるねえ？流石最強の聖核戦姫だな」,「喔～那由多很努力嘛？不愧是最強的聖核戰姫啊。」,"""Oh, Nayuta, you're doing great, aren't you? You are the strongest Holy Core Battlemaiden.","""Hanging in there? As expected of the strongest Holy Core Battlemaiden.""",「오~ 나유타쨩 힘내고 있네? 역시 최강의 성핵전희야」,「喔～那由多很努力嘛？不愧是最强的圣核战姫啊。」
,,,,,,,,
Nayuta.Core2-9,那由多,「っ、ぐうっ♥！、はあっ♥、はあっ♥！」,「っ、ぐうっ♥！、はあっ♥、はあっ♥！」,「唔、嗚♥！哈啊♥、哈啊♥！」,"""Gosh, gosh! Aaahh♥, aaahh♥!","""Guh♥! Haah♥, haah♥!""","「윽, 크으윽♥!, 하앗♥, 하앗♥!」",「唔、呜♥！、哈啊♥、哈啊♥！」
,,,,,,,,
Nayuta.Core2-10,,「……っ、ざ、残念でしたね……っ！」,「……っ、ざ、残念でしたね……っ！」,「……太、太令你們失望了……！」,"""......, I'm so sorry ......!""","""...T-too bad for you...!""","「……윽, 자, 잔꾀였군요……!」",「……唔、太、太令你们失望了……！」
,,,,,,,,
Nayuta.Core2-11,,「この程度っ♥、最強の聖核戦姫の私の前には無意味ですッ！」,「この程度っ♥、最強の聖核戦姫の私の前には無意味ですッ！」,「這種程度♥，在最強的聖核戰姫的我面前，是沒有意義的！」,"This level is meaningless in front of me, the strongest Holy Core Battlemaiden!","""This level♥ is meaningless before me, the strongest Holy Core Battlemaiden!""","「이 정도♥, 최강의 성핵전희인 저에게는 무의미합니다!」",「这种程度♥，在最强的圣核战姫的我面前，是没有意义的！」
,,,,,,,,
Nayuta.Core2-12,戦闘員,「ははっ！どう見てもそうは見えねえが…」,「ははっ！どう見てもそうは見えねえが…」,「哈哈！不管怎麼看都不像妳說的那樣…」,"I don't see it that way..."" Doesn't look that way to me...""","""Haha! It sure doesn't look that way...""",「하핫! 어떻게 봐도 그렇게 보이지는 않지만…」,「哈哈！不管怎么看都不像你说的那样…」
,,,,,,,,
Nayuta.Core2-13,,「本当にそうだってんなら証明してみろっ…ほらよっ！」,「本当にそうだってんなら証明してみろっ…ほらよっ！」,「如果妳真這麼說，就證明看看啊…看招！」,"If you really believe that, prove it... come on!","""If that's really true, then prove it... Here!""",「정말 그렇다면 증명해 봐라… 자!」,「如果你真这么说，就证明看看啊…看招！」
,,,,,,,,
Nayuta.Core2-14,,ガチャン…ボコッ！,ガチャン…ボコッ！,喀鏘…噗！,Clang...bump!,Clank... pop!,가챤… 보콧!,喀锵…噗！
,Nayuta core 2-2,,,,,,,
Nayuta.Core2-15,那由多,「………ひぐっ！！！ほお゛っ♥、お゛おおおおおおっっっ！？！？！？」,「………ひぐっ！！！ほお゛っ♥、お゛おおおおおおっっっ！？！？！？」,「………呀！！！吼喔♥，喔喔喔喔喔喔喔喔♥♥！？！？！？」,"""......... Higg! Ho ♥, oh oh oh oh oh!!!!!!!!!!!!!!!!!!!!!!!!!!!!!!!!!!!!!!!!!!!!!!""","""...Hgggg!!! Hohhh♥ Ohhhhhhhh?!?!?!""","「………히극!!! 호오옷 옷♥, 오옷 오오오오오옷!?!?!?」",「………呀！！！吼喔♥、喔喔喔喔喔喔喔喔♥♥！？！？！？」
,,,,,,,,
Nayuta.Core2-16,,ブリュッ！、ドルルルッ！,ブリュッ！、ドルルルッ！,噗啾！咚嚕嚕！,Brrrrrrrrrrrrrrrrrr! Druhlrrrrrrrrrr!,Splurt! Whirrrr!,"부릇!, 도르르릇!",噗啾！、咚噜噜！
,,,,,,,,
Nayuta.Core2-17,那由多,突然ピストンが那由多のアナルから抜かれ、その衝撃で那由多は勢いよく聖核を排出してしまう,突然ピストンが那由多のアナルから抜かれ、その衝撃で那由多は勢いよく聖核を排出してしまう,活塞突然從那由多的肛門被拔出，因為那股衝擊，那由多猛烈地排出了聖核。,"Suddenly, the piston is pulled out of Nayuta's anus, and the impact causes her to vigorously eject her Seikaku.","The piston was suddenly pulled from Nayuta's anus, and the shock caused her to forcefully expel the Holy Core.","갑자기 피스톤이 나유타의 애널에서 뽑히고, 그 충격으로 나유타는 세차게 성핵을 배출해 버린다",活塞突然从那由多的肛门被拔出，因为那股冲击，那由多猛烈地排出了圣核。
,,,,,,,,
Nayuta.Core2-18,,「お゛っ♥！？、ほお゛っ♥！？お゛ん～～～っ！？」,「お゛っ♥！？、ほお゛っ♥！？お゛ん～～～っ！？」,「喔♥！？吼喔♥！？喔嗯～～～！？」,"""Oh, d'aagh! Oh, oh, oh, oh, oh! Oooooooooooooooooooooooooooooooooooooooooooooooooooooooooooooooooo!""","""Ohh♥?! Hohhh♥?! Onnnn?!""","「오옷 옷♥!?, 호오옷 옷♥!? 오옷 응~~~윽!?」",「喔♥！？、吼喔♥！？喔嗯～～～！？」
,,,,,,,,
Nayuta.Core2-19,那由多,(まずいっ、お、お尻の穴からっ………！),(まずいっ、お、お尻の穴からっ………！),（不妙，從、從屁股的洞……！）,"(First of all, my butt hole! .........!)","(This is bad, from my ass...!)","(위험해, 엉, 엉덩이 구멍에서………!)",（不妙，从、从屁股的洞……！）
,,,,,,,,
Nayuta.Core2-20,那由多,「お゛っ♥、お゛っ♥、お゛おっ♥―――――ぐうッッ！！！！」,「お゛っ♥、お゛っ♥、お゛おっ♥―――――ぐうッッ！！！！」,「喔♥、喔♥、喔喔♥―――――嗚唔！！！！」,,"""Ohh♥, ohh♥, ohhh♥ Guuhhh!!!!""","「오옷 옷♥, 오옷 옷♥, 오옷 오옷♥―――――크으윽!!!!」",「喔♥、喔♥、喔喔♥―――――呜唔！！！！」
,Nayuta core 2ｰ3,,,,,,,
Nayuta.Core2-21,,那由多はアナルに無理やり力を入れ、漏れ出す聖核を阻止する,那由多はアナルに無理やり力を入れ、漏れ出す聖核を阻止する,那由多硬是將力量灌注在肛門，阻止聖核漏出。,Nayuta forces her anus to stop the Seikaku from leaking out,"Nayuta forcefully clenched her anus, stopping the Holy Core that was about to come out.","나유타는 애널에 억지로 힘을 주어, 새어 나오는 성핵을 막는다",那由多硬是将力量灌注在肛门，阻止圣核漏出。
,,,,,,,,
Nayuta.Core2-22,那由多,「はあっ♥、はあっ♥、はあっっ♥！！！」,「はあっ♥、はあっ♥、はあっっ♥！！！」,「哈啊♥、哈啊♥、哈啊♥！！！」,"'Ah ♥, ah ♥, ah ♥, ah ♥!","""Haah♥, haah♥, haahhh♥!!!""","「하앗♥, 하앗♥, 하앗윽♥!!!」",「哈啊♥、哈啊♥、哈啊♥！！！」
,Nayuta core 2-4,,,,,,,
Nayuta.Core2-23,戦闘員,「お？マジか、コイツあれだけやってまだケツ穴閉められんのか？」,「お？マジか、コイツあれだけやってまだケツ穴閉められんのか？」,「喔？真的假的，這傢伙被搞成這樣還能夾緊屁眼嗎？」,"""Oh? Seriously, she can't shut his asshole after all that?""","""Oh? Seriously? After all that, she can still clench her asshole?""","「오? 진짜냐, 이 녀석 저렇게 당하고도 아직 엉덩이 구멍 조일 수 있는 건가?」",「喔？真的假的，这家伙被搞成这样还能夹紧屁眼吗？」
,,,,,,,,
Nayuta.Core2-24,那由多,「っっ！、こ、この程度っ♥！」,「っっ！、こ、この程度っ♥！」,「唔唔！這、這種程度♥！」,"""This is it! This, this much!","""Ngh! T-this much♥!""","「윽!, 이, 이 정도♥!」",「唔唔！、这、这种程度♥！」
,,,,,,,,
Nayuta.Core2-25,,「私は最強の聖核戦姫ですッ！♥、こんなことでっ、絶対に負けませんっ！」,「私は最強の聖核戦姫ですッ！♥、こんなことでっ、絶対に負けませんっ！」,「我是最強的聖核戰姫！♥我絕對不會因為這種事就輸了！」,I am the strongest Holy Core Battlemaiden! I will never be defeated by such a thing!,"""I am the strongest Holy Core Battlemaiden♥! I will never lose to something like this!""","「저는 최강의 성핵전희입니다!♥, 이런 걸로, 절대로 지지 않겠습니다!」",「我是最强的圣核战姫！♥，我绝对不会因为这种事就输了！」
,,,,,,,,
Nayuta.Core2-26,戦闘員,「ったく……手間かけさせやがって…」,「ったく……手間かけさせやがって…」,「真是的……盡給人添麻煩…」,"Damn you ...... for making me go through all that trouble...""","""Geez... making us go through all this trouble...""",「정말…… 귀찮게 하네…」,「真是的……尽给人添麻烦…」
,,,,,,,,
Nayuta.Core2-27,,そう言うと戦闘員は那由多のアナルに指を突っ込み、聖核を握る,そう言うと戦闘員は那由多のアナルに指を突っ込み、聖核を握る,戰鬥員這麼說著，將手指伸進那由多的肛門，握住了聖核。,Then the fighter sticks his finger into Nayuta's anus and grasps the Seikaku.,"Saying that, the soldier stuck his finger into Nayuta's anus and grabbed the Holy Core.","그렇게 말하며 전투원은 나유타의 애널에 손가락을 쑤셔 넣어, 성핵을 잡는다",战斗员这么说着，将手指伸进那由多的肛门，握住了圣核。
,Nayuta core 2-5,,,,,,,
Nayuta.Core2-28,,ドルルルッ！,ドルルルッ！,咚嚕嚕！,Dorrrrrrrrrrrrrrrrrrrrrrrrr!,Glurrrrrr!,도르르릇!,咚噜噜！
,,,,,,,,
Nayuta.Core2-29,那由多,「ひっぐうっ♥！、な、なあっ！？」,「ひっぐうっ♥！、な、なあっ！？」,「呀嗚♥！什、什麼！？」,"""Hi―guh―♥! Nah, nah!","""Hggg♥! W-whaah?!""","「히익극우웃♥!, 무, 무앗!?」",「呀呜♥！、什、什么！？」
,,,,,,,,
Nayuta.Core2-30,戦闘員,「おら、せいぜいぶっ壊れたケツ穴で抵抗してみろ」,「おら、せいぜいぶっ壊れたケツ穴で抵抗してみろ」,「喂，妳就盡管用妳那壞掉的屁眼抵抗看看啊。」,"Come on, try to fight back with your busted asshole.","""Come on, try resisting with that broken asshole of yours.""","「자, 힘껏 망가진 엉덩이 구멍으로 저항해 봐라」",「喂，你就尽管用你那坏掉的屁眼抵抗看看啊。」
,,,,,,,,
Nayuta.Core2-31,那由多,「ほ゛おっ！？、や、やめなさいっ♥！」,「ほ゛おっ！？、や、やめなさいっ♥！」,「吼喔！？住、住手♥！」,"""Whoa! No, no, stop it!","""Hohh?! S-stop it♥!""","「호옷 오옷!?, 여, 그만두십시오♥!」",「吼喔！？、住、住手♥！」
,,,,,,,,
Nayuta.Core2-32,,那由多はアナルにキュウキュウと力を入れ、必死に抵抗する,那由多はアナルにキュウキュウと力を入れ、必死に抵抗する,那由多拚命地將肛門縮緊，死命抵抗。,,"Nayuta clenched her anus tightly, desperately resisting.","나유타는 애널에 큣큣하고 힘을 주어, 필사적으로 저항한다",那由多拚命地将肛门缩紧，死命抵抗。
,,,,,,,,
Nayuta.Core2-33,戦闘員,「おいおい、最強の聖核戦姫はそんなもんか？もっと力入れねえと抜けちまうぞ？」,「おいおい、最強の聖核戦姫はそんなもんか？もっと力入れねえと抜けちまうぞ？」,「喂喂，最強的聖核戰姫只有這點程度嗎？再不用力點就要被拔出來囉？」,"""Hey, hey, hey, hey, hey, hey, hey, hey, hey, hey, hey, hey, hey, hey, hey, hey, hey, hey, hey, hey! You'd better work harder or you'll lose it.","""Hey now, is that all the strongest Holy Core Battlemaiden can do? If you don't try harder, I'll pull it out.""","「어이어이, 최강의 성핵전희가 그 정도인가? 더 힘주지 않으면 빠져버린다고?」",「喂喂，最强的圣核战姫只有这点程度吗？再不用力点就要被拔出来啰？」
,,,,,,,,
Nayuta.Core2-34,那由多,「くううっ♥……黙り……なさいっ♥」,「くううっ♥……黙り……なさいっ♥」,「嗚嗚嗚♥……閉……嘴♥」,"Kuuuh ♥...... shut up and ...... stay ♥""","""Kuuuh♥... Be... quiet♥!""",「크으으윽♥…… 닥치……십시오♥」,「呜呜呜♥……闭……嘴♥」
,,,,,,,,
Nayuta.Core2-35,,(っ……！、私がっ……！こんな所で負けるわけにはっ！),(っ……！、私がっ……！こんな所で負けるわけにはっ！),（唔……！我…！不能在這種地方輸掉！）,(......! I'm ......! I can't lose here!),(...! I... can't lose in a place like this!),"(윽……!, 내가……! 이런 곳에서 질 수는!)",（唔……！我…！不能在这种地方输掉！）
,,,,,,,,
Nayuta.Core2-36,,「私はっ……最強の聖核戦姫ですっ……！」,「私はっ……最強の聖核戦姫ですっ……！」,「我……是最強的聖核戰姫……！」,"I am ...... the most powerful Holy Core Battlemaiden ......!""","""I am... the strongest Holy Core Battlemaiden...!""",「나는…… 최강의 성핵전희입니다……!」,「我……是最强的圣核战姫……！」
,,,,,,,,
Nayuta.Core2-37,,「私が負けたらっ……学園の子達や…他の聖核戦姫までっ…」,「私が負けたらっ……都市の平和や…他の聖核戦姫までっ…」,「如果我輸了……都市的和平…還有其他的聖核戰姫都…」,"""If I lose, the children of ...... Academy... and even the other Holy Core Battlemaidenes...""","""If I lose... the city's peace and... the other Holy Core Battlemaidens too...""",「내가 지면…… 도시의 평화나… 다른 성핵전희까지…」,「如果我输了……都市的和平…还有其他的圣核战姫都…」
,,,,,,,,
Nayuta.Core2-38,,「ですからっ……！私は負けるわけにはいきませんっ！絶対に諦めないッ！」,「ですからっ……！私は負けるわけにはいきませんっ！絶対に諦めないッ！」,「所以……！我不能輸！我絕對不會放棄！」,"""That's why ......! I can't lose! I will not give up!","""That's why...! I cannot lose! I will never give up!""",「그러니까……! 나는 질 수 없습니다! 절대로 포기하지 않아!」,「所以……！我不能输！我绝对不会放弃！」
,,,,,,,,
Nayuta.Core2-39,戦闘員,「ははっ、それが最後の言葉か…オラッ！」,「ははっ、それが最後の言葉か…オラッ！」,「哈哈，那是妳的遺言嗎…看招！」,"Haha, those are your last words... orah!""","""Haha, are those your last words... Take this!""","「하핫, 그게 마지막 말이냐… 자!」",「哈哈，那是你的遗言吗…看招！」
,,,,,,,,
Nayuta.Core2-40,,戦闘員は腕に力を込め、那由多の聖核を強く引っ張る,戦闘員は腕に力を込め、那由多の聖核を強く引っ張る,戰鬥員手臂使勁，用力拉扯那由多的聖核。,Combatants put strength into their arms and pull hard on Nayuta's sacred nucleus.,The soldier pulled hard on Nayuta's Holy Core.,"전투원은 팔에 힘을 주어, 나유타의 성핵을 강하게 잡아당긴다",战斗员手臂使劲，用力拉扯那由多的圣核。
,,,,,,,,
Nayuta.Core2-41,,ドリュリュリュリュッッ！、ドブッ！ブリュリュリュッ！！！,ドリュリュリュリュッッ！、ドブッ！ブリュリュリュッ！！！,咚嚕嚕嚕嚕！！噗！噗啾啾啾！！！,Drizzle―drizzle―drizzle―drizzle! Drururururururururururururururururururururururururururu! ,Splurrrrr! Glub! Blurrrr!,"도릇릇릇릇릇!!, 도븃! 브릇릇릇!!!",咚噜噜噜噜！！、噗！噗啾啾啾！！！
,,,,,,,,
Nayuta.Core2-42,那由多,「ほ゛おおおおおおっっっ！？！？！？」,「ほ゛おおおおおおっっっ！？！？！？」,「吼喔喔喔喔喔喔喔♥♥！？！？！？」,"""Ho―oh―oh―oh―oh―oh―oh―oh―oh―oh―oh―oh―oh―oh―oh―oh―oh―oh―oh―oh―oh―oh.""","""Hohhhhhhhhh?!?!?!""",「호옷 오오오오오오옷!?!?!?」,「吼喔喔喔喔喔喔喔♥♥！？！？！？」
,,,,,,,,
Nayuta.Core2-43,,那由多はアナルに必死に力を込めるが、もはや戦闘員の屈強な腕に引っ張られる聖核を留めることは出来なかった,那由多はアナルに必死に力を込めるが、もはや戦闘員の屈強な腕に引っ張られる聖核を留めることは出来なかった,那由多拚命地緊縮肛門，但已經無法阻止聖核被戰鬥員強壯的手臂拉出來。,"Nayuta put all her strength desperately into her anus, but she could no longer hold the Seikaku that was being pulled by the strong arms of the combatant.","Nayuta desperately tried to clench her anus, but she could no longer hold back the Holy Core being pulled by the soldier's strong arm.","나유타는 애널에 필사적으로 힘을 주지만, 이제 전투원의 강인한 팔에 끌려 나오는 성핵을 막을 수는 없었다",那由多拚命地紧缩肛门，但已经无法阻止圣核被战斗员强壮的手臂拉出来。
,,,,,,,,
Nayuta.Core2-44,那由多,「お゛っ♥、お゛おっ♥、そ、そんな゛ぁっ♥」,「お゛っ♥、お゛おっ♥、そ、そんな゛ぁっ♥」,「喔♥、喔喔♥，怎、怎麼會♥」,"""Oh, oh, oh, oh, oh, oh, oh, oh, oh, oh, oh, oh, oh.""","""Ohh♥, ohhh♥, n-nooo♥""","「오옷 옷♥, 오옷 오옷♥, 그, 그런옷 앗♥」",「喔♥、喔喔♥、怎、怎么会♥」
,,,,,,,,
Nayuta.Core2-45,,ズルルッ、ズルルッ、ズルルッ！,ズルルッ、ズルルッ、ズルルッ！,嘶嚕、嘶嚕、嘶嚕！,"Slurp, slurp, slurp!","Zrrrrr, zrrrrr, zrrrr!","즈르릇, 즈르릇, 즈르릇!",嘶噜、嘶噜、嘶噜！
,,,,,,,,
Nayuta.Core2-46,,「お゛っ♥、お゛っ♥、お゛っ♥、お゛っ♥？」,「お゛っ♥、お゛っ♥、お゛っ♥、お゛っ♥？」,「喔♥、喔♥、喔♥、喔♥？」,"""Oooh, oooh, oooh, oooh, oooh, oooh, oooh?""","""Ohh♥, ohh♥, ohh♥, ohh♥?""","「오옷 옷♥, 오옷 옷♥, 오옷 옷♥, 오옷 옷♥?」",「喔♥、喔♥、喔♥、喔♥？」
,,,,,,,,
Nayuta.Core2-47,,聖核が抜けるにつれて那由多の思考も薄まり、抵抗できる意思も消えていく,聖核が抜けるにつれて那由多の思考も薄まり、抵抗できる意思も消えていく,隨著聖核被拔出，那由多的思考也變得模糊，抵抗的意志也隨之消失。,"As the Seikaku leaves, Nayuta's thoughts fade and her will to resist disappears.","As the Holy Core was pulled out, Nayuta's thoughts grew hazy and her will to resist faded away.","성핵이 빠져나감에 따라 나유타의 사고도 희미해지고, 저항할 수 있는 의지도 사라져 간다",随着圣核被拔出，那由多的思考也变得模糊，抵抗的意志也随之消失。
,,,,,,,,
Nayuta.Core2-48,戦闘員,「おいおい、急にケツ穴緩んじまったな？じゃあこれで終わりだっ！」,「おいおい、急にケツ穴緩んじまったな？じゃあこれで終わりだっ！」,「喂喂，屁眼突然就鬆掉了啊？那就這樣結束吧！」,"""Hey, hey, hey, suddenly you've loosened your asshole, haven't you? Then we're done!""","""Hey now, your asshole suddenly got loose. Then this is the end!""","「어이어이, 갑자기 엉덩이 구멍이 헐거워졌네? 그럼 이걸로 끝이다!」",「喂喂，屁眼突然就松掉了啊？那就这样结束吧！」
,,,,,,,,
Nayuta.Core2-49,Nayuta core 2-6,ズルルルルルッルルッ！,ズルルルルルッルルッ！,嘶嚕嚕嚕嚕嚕嚕！,Zulu zulu zulu!,Zrrrrrr!,즈르르르르릇르릇!,嘶噜噜噜噜噜噜！
,,,,,,,,
Nayuta.Core2-50,,そして戦闘員が一気に腕を引くと、那由多の残りの聖核がところてんのように排出される,そして戦闘員が一気に腕を引くと、那由多の残りの聖核がところてんのように排出される,接著戰鬥員猛地一抽手，那由多剩餘的聖核就像石花凍一樣被排了出來。,"And when the combatant pulls back his arm at once, the rest of Nayuta's Seikaku is ejected like a tokoroten.","Then, as the soldier pulled his arm in one swift motion, Nayuta's remaining Holy Core was expelled like jelly being pushed through a mold.","그리고 전투원이 단숨에 팔을 당기자, 나유타의 남은 성핵이 우뭇가사리처럼 배출된다",接着战斗员猛地一抽手，那由多剩余的圣核就像凉粉一样被排了出来。
,,,,,,,,
Nayuta.Core2-51,那由多,「ほ゛おおおおおおっ♥っ？っ♥～～～～――――――――――お゛っ♥」,「ほ゛おおおおおおっ♥っ？っ♥～～～～――――――――――お゛っ♥」,「吼喔喔喔喔喔喔♥？♥～～～～――――――――――喔♥」,"""Oh, oh, oh, oh, oh, oh, oh, oh, oh, oh, oh, oh, oh, oh, oh, oh, oh, oh, oh. ♥ ♥ ♥ ♥ ♥ ♥ ♥ ♥ ♥ ♥ ♥ ♥～～～～―――――――――― Oh!","""Hohhhhhhhh♥?♥ Ohoooohh♥""",「호옷 오오오오오오옷♥윽?윽♥~~~~――――――――――오옷 옷♥」,「吼喔喔喔喔喔喔♥？♥～～～～――――――――――喔♥」
,,,,,,,,
Nayuta.Core2-52,,(まって！、そんな、わたしっ―――――♥),(まって！、そんな、わたしっ―――――♥),（等等！怎麼會，我―――――♥）,"(Wait! Oh, no, it's me! ―――――♥)","(Wait! No, I...♥)","(기다려!, 그런, 나―――――♥)",（等等！怎么会，我―――――♥）
,,,,,,,,
Nayuta.Core2-53,,ぽひゅんという間抜けな音と共に最後の聖核が那由多から排出される,ぽひゅんという間抜けな音と共に最後の聖核が那由多から排出される,隨著一聲噗咻的愚蠢聲響，最後的聖核從那由多體內排出。,"The last Seikaku is ejected from Nayuta with a dumb ""pohyun"" sound.","With a silly popping sound, the last of the Holy Core was expelled from Nayuta.",포흇 하는 한심한 소리와 함께 마지막 성핵이 나유타에게서 배출된다,随着一声噗咻的愚蠢声响，最后的圣核从那由多体内排出。
,Nayuta core 2-7,,,,,,,
Nayuta.Core2-54,那由多,「ぅ――――――――――。」,「ぅ――――――――――。」,「嗚――――――――――。」,"""Oooh... ―――――――― ――.""","""Uggggghhh...""",「읏――――――――――.」,「呜――――――――――。」
,,,,,,,,
Nayuta.Core2-55,,那由多の目から光が消え、体が脱力する,那由多の目から光が消え、体が脱力する,那由多的眼中失去了光芒，身體也脫力了。,The light disappears from Nayuta's eyes and her body weakens.,The light faded from Nayuta's eyes and her body went limp.,"나유타의 눈에서 빛이 사라지고, 몸이 힘없이 늘어진다",那由多的眼中失去了光芒，身体也脱力了。
,,,,,,,,
Nayuta.Core2-56,那由多,「…………………………」,「…………………………」,「…………………………」,"""........................... ...""","""...""",「…………………………」,「…………………………」
,,,,,,,,
Nayuta.Core2-57,戦闘員,「おっし全部出たな、じゃあ集めてふたをして……と」,「おっし全部出たな、じゃあ集めてふたをして……と」,「好，全部出來了，那麼把它收集起來蓋上蓋子……」,"""Well, all out, now collect them, put the lid on them, and go to .......""","""Alright, it's all out. Now let's collect it and put a lid on it... there.""","「좋아 전부 나왔군, 그럼 모아서 뚜껑을 닫고……」",「好，全部出来了，那么把它收集起来盖上盖子……」
,Nayuta core 2-8,,,,,,,
Nayuta.Core2-58,戦闘員,「ははっ、これでいっちょ上がりだ、最強の聖核戦姫もあっけなかったな」,「ははっ、これでいっちょ上がりだ、最強の聖核戦姫もあっけなかったな」,「哈哈，這樣就大功告成了，最強的聖核戰姫也不過如此嘛。」,The most powerful Holy Core Battlemaiden didn't take too long.,"""Haha, that's a wrap. Even the strongest Holy Core Battlemaiden was a piece of cake.""","「하핫, 이걸로 한 건 끝이다, 최강의 성핵전희도 허무했네」",「哈哈，这样就大功告成了，最强的圣核战姫也不过如此嘛。」
,,,,,,,,
Nayuta.Core2-59,那由多,(……っ！、私っ、どうなって……！？),(……っ！、私っ、どうなって……！？),（……唔！我…到底怎麼了……！？）,"(......! What's wrong with me, ......?)",(...! What happened to me...?!),"(……윽!, 나, 어떻게 된……!?)",（……唔！我…到底怎么了……！？）
,,,,,,,,
Nayuta.Core2-60,,(私はっ……負けてっ………聖核を……全部排出して………ッ！？),(私はっ……負けてっ………聖核を……全部排出して………ッ！？),（我……輸了………聖核……全部被排出來了………！？）,(I lost ...... and drained all ...... the Seikaku of ............ ......!),(I... lost... expelled all my Holy Core...?!),(나는…… 지고……… 성핵을…… 전부 배출해서………윽!?),（我……输了………圣核……全部被排出来了………！？）
,,,,,,,,
Nayuta.Core2-61,戦闘員,「まあ安心しろ、お前の体も聖核もしっかり使ってやる」,「まあ安心しろ、お前の体も聖核もしっかり使ってやる」,「算了，妳放心，妳的身體和聖核我們都會好好利用的。」,"Don't worry, I'll make sure your body and the Seikaku are well taken care of.""","""Well, don't worry. We'll make good use of both your body and your Holy Core.""","「뭐 안심해라, 네 몸도 성핵도 제대로 써주지」",「算了，你放心，你的身体和圣核我们都会好好利用的。」
,,,,,,,,
Nayuta.Core2-62,那由多,(～～～～～～～～ッッ！！！！),(～～～～～～～～ッッ！！！！),（～～～～～～～～唔唔！！！！）,(～～～～～～～～ッCOPY01),(...!),(~~~~~~윽!!!!),（～～～～～～～～唔唔！！！！）
,,,,,,,,
Nayuta.Core2-63,,その後、那由多の聖核は加工され、最強の聖核戦姫は肉体諸共オナホとして使用されるのだった,その後、那由多の聖核は加工され、最強の聖核戦姫は肉体諸共オナホとして使用されるのだった,之後，那由多的聖核被加工，最強的聖核戰姫連同她的肉體一起被當作自慰套使用。,"After that, Nayuta's Seikaku was processed, and the strongest Holy Core Battlemaiden was used as a masturbator along with her body.","After that, Nayuta's Holy Core was processed, and the strongest Holy Core Battlemaiden was used as sex sleeve along with her body.","그 후, 나유타의 성핵은 가공되어, 최강의 성핵전희는 육체와 함께 오나홀로서 사용되는 것이었다",之后，那由多的圣核被加工，最强的圣核战姫连同她的肉体一起被当作自慰套使用。