Key,Comment,Japanese,Japanese_Steam,Traditional Chinese_Steam,English,English_Steam,Korean_Steam,Simplified Chinese_Steam
Rikka Fallen Scene,注釈,闇堕ちシーン,闇堕ちシーン,,闇堕ちシーン,闇堕ちシーン,타락화 이벤트,
,ホーム画面,,,,,,,
,1ｰ1,,,,,,,
Rikka.Fallen1-1,【六花】,「ぐうっ、こんな拘束なんてっ！」,「ぐうっ、こんな拘束なんてっ！」,「嗚，這種束縛算什麼！」,"""Ugh, I can't believe these restraints!""","""Ugh, what's with the restraints?!""","「크윽, 이런 구속 따위!」",「呜，这种束缚算什么！」
,,,,,,,,
Rikka.Fallen1-2,,狭い部屋の壁を六花の苦し気な声が反響する,狭い部屋の壁を六花の苦し気な声が反響する,六花痛苦的聲音在狹小的房間牆壁上迴響。,Rikka's pained voice echoes off the walls of the small room.,Rikka's voice reverberated in the small room.,좁은 방 벽에 릿카의 괴로운 목소리가 울려 퍼진다,六花痛苦的声音在狭小的房间墙壁上回响。
,,,,,,,,
Rikka.Fallen1-3,六花エロシーン,財団の策謀によって捕らえられた六花は、四肢を固定された状態でアジトの調教室に拘束されていた,財団の策謀によって捕らえられた六花は、四肢を固定された状態でアジトの調教室に拘束されていた,被財團的陰謀捕獲的六花，四肢被固定，拘束在基地的調教室裡。,Rikka was captured by the Foundation's scheme and held in the training room of the hideout with her limbs immobilized.,"Captured by the Foundation's operation, Rikka was locked up with restraints in the training room of the hideout.","재단의 책략에 의해 붙잡힌 릿카는, 사지를 고정된 상태로 아지트의 조교실에 구속되어 있었다",被财团的阴谋捕获的六花，四肢被固定，拘束在巢穴的调教室里。
,,,,,,,,
Rikka.Fallen1-4,023号,「無駄ですよ、水無瀬六花。その拘束具はあなたの最高出力の数倍耐久性があります。いくらあなたといえども脱出は不可能でしょう」,「無駄ですよ、水無瀬六花。その拘束具はあなたの最高出力の数倍耐久性があります。いくらあなたといえども脱出は不可能でしょう」,「這是徒勞的，水無瀨六花。這個拘束具擁有妳最高輸出數倍的耐久性。即使是妳，想要逃脫也是不可能的。」,"""It's no use, Minase Rikka. That restraint is several times more durable than your maximum output. It will be impossible for you to escape, no matter how much you try.""","""Resistance is futile, Rikka Minase. The restraints can withstand several times more than your maximum power, so there's no way for you to get out of them.""","「소용없습니다, 미나세 릿카. 그 구속구는 당신의 최고 출력의 몇 배 내구성이 있습니다. 아무리 당신이라도 탈출은 불가능할 것입니다」",「这是徒劳的，水无濑六花。这个拘束具拥有你最高输出数倍的耐久性。即使是你，想要逃脱也是不可能的。」
,,,,,,,,
Rikka.Fallen1-5,023号,「申し遅れました。私はオリジナル―――あなたの研究開発を担当する“クローン023号”と申します」,「申し遅れました。私はオリジナル―――あなたの研究開発を担当する“クローン023号”と申します」,「我自我介紹一下。我負責原型 ———也就是妳的研究開發『克隆023號』。」,"""I'm sorry I'm late. My name is Clone 023 and I am in charge of your research and development.""","""Anyway, allow me to introduce myself. I am Clone 023, in charge of all the research and the development related to you.""",「말씀드리는 것이 늦었습니다. 저는 오리지널―――당신의 연구 개발을 담당하는 “클론 023호”라고 합니다」,「我自我介绍一下。我是原型 ———负责你的研究开发的『克隆023号』。」
,,,,,,,,
Rikka.Fallen1-6,六花,「っ、またクローン…！ほんとに悪趣味なっ―――！」,「っ、またクローン…！ほんとに悪趣味なっ―――！」,「！又是克隆…！真是惡趣味啊————！」,"""Another clone..! You really have a bad taste...!""","""Another clone... This is creepy...""","「윽, 또 클론…! 정말 악취미군――――!」",「！又是克隆…！真是恶趣味啊————！」
,,,,,,,,
Rikka.Fallen1-7,【六花】,(――――落ち着いて私。まだ終わったわけじゃない。ここで焦ってエネルギーを消耗しても何も変わらない),(――――落ち着いて私。まだ終わったわけじゃない。ここで焦ってエネルギーを消耗しても何も変わらない),（————我必須冷靜。還沒結束。在這裡焦躁地消耗能量，什麼也不會改變。）,"(―――― calm down, me. It's not over yet. Nothing will change if we rush here and drain our energy.)","(Calm down. This is not over yet, and wasting your energy here will not change anything.)",(――――진정해 나. 아직 끝난 게 아니야. 여기서 초조해서 에너지를 소모해도 아무것도 변하지 않아),（————冷静下来，我。还没结束。在这里焦躁地消耗能量，什么也不会改变。）
,,,,,,,,
Rikka.Fallen1-8,,「…そう、勝手にしたら？こうなったのは私の落ち度。敵に情けを乞うつもりはない」,「…そう、勝手にしたら？こうなったのは私の落ち度。敵に情けを乞うつもりはない」,「…是嗎，隨你們便。變成這樣是我的失誤。我不打算向敵人乞求憐憫。」,"""I said, ""Well, why don't you do what you want? It is my fault that this happened. I have no intention of begging for mercy from my enemies.""","""...Do what you want. My inadequacies led to my downfall, and I'm not going to beg for mercy.""","「…그래, 마음대로 해. 이렇게 된 건 내 불찰이다. 적에게 자비를 구할 생각은 없어」",「…是吗，随你们便。变成这样是我的失误。我不打算向敌人乞求怜悯。」
,,,,,,,,
Rikka.Fallen1-9,023号,「物分かりが良くて助かります。流石クローンの素体に選ばれるだけはありますね」,「物分かりが良くて助かります。流石クローンの素体に選ばれるだけはありますね」,「妳這麼明事理，真是幫大忙了。不愧是被選為克隆的素體。」,"""I'm glad you are so understanding. I am sure you were chosen to be the clone's base body.""","""It helps that you understand the situation. It's no wonder they chose you as the original for the clones.""",「이해가 빨라서 다행입니다. 역시 클론의 소체로 선택될 만하군요」,「你这么明事理，真是帮大忙了。不愧是被选为克隆的素体。」
,,,,,,,,
Rikka.Fallen1-10,六花,(私がアジトの中心部にいるのは敵にとってもリスクなはず…。アジトの位置が分かったし、ここには私より強い存在はいない！),(私がアジトの中心部にいるのは敵にとってもリスクなはず…。アジトの位置が分かったし、ここには私より強い存在はいない！),（我位處於基地中心對敵人來說也應該是個風險……基地的位置已經知道了，而且這裡沒有比我更強的存在！）,(It must be a risk for the enemy to have me in the center of the hideout.... I know the location of the hideout and there is no one stronger than me here!),"(It's a risk for them to have me in the middle of their hideout... I know where the hideout is, and there shouldn't be anything that's more powerful than me!)","(내가 아지트 중심부에 있는 것은 적에게도 리스크일 터…. 아지트 위치를 알았고, 여기에는 나보다 강한 존재는 없어!)",（我位处于巢穴中心对敌人来说也应该是个风险……巢穴的位置已经知道了，而且这里没有比我更强的存在！）
,,,,,,,,
Rikka.Fallen1-11,,(諦めなければまだチャンスはある。チャンスが来るまでエネルギーを温存して耐える！),(諦めなければまだチャンスはある。チャンスが来るまでエネルギーを温存して耐える！),（只要不放棄，就還有機會。在機會來臨前，我必須儲存能量，忍耐下去！）,"(If you don't give up, you still have a chance. Save your energy and endure until the chance comes!)",(There will be an opportunity as long as I don't give up. I'll just have to save my energy until then.),(포기하지 않으면 아직 기회는 있어. 기회가 올 때까지 에너지를 아끼고 견디자!),（只要不放弃，就还有机会。在机会来临前，我必须储存能量，忍耐下去！）
,,,,,,,,
Rikka.Fallen1-12,023号,「さて、覚悟も決まっているようですので早速あなたの体を調べさせてもらいます」,「さて、覚悟も決まっているようですので早速あなたの体を調べさせてもらいます」,「那麼，既然妳已經做好覺悟，我們就立刻開始檢查妳的身體。」,"""Now that you seem to be prepared, I will examine your body immediately.""","""Looks like you've accepted the situation. Please allow me to inspect your body.""","「자, 각오도 다진 것 같으니 즉시 당신의 몸을 조사하겠습니다」",「那么，既然你已经做好觉悟，我们就立刻开始检查你的身体。」
,,,,,,,,
Rikka.Fallen1-13,1－2,壁からイボの付いたピンクのノコギリのような物が現れ回転を始める,壁からイボの付いたピンクのノコギリのような物が現れ回転を始める,牆壁上出現了一個帶有疣狀突起的粉紅色鋸子狀物體，開始旋轉。,A pink saw―like object with a wart appears from the wall and begins to spin.,"From the wall, a pink, saw-like object with warts appeared and started spinning.",벽에서 돌기가 달린 분홍색 톱 같은 물건이 나타나 회전을 시작한다,墙壁上出现了一个带有疣状突起的粉红色锯子状物体，开始旋转。
,【六花1－2】,,,,,,,
Rikka.Fallen1-14,,キュィィィィイイイインンッ！,キュィィィィイイイインンッ！,咻咿咿咿咿嗯嗯嗯！,Cuiiiiiiiiiiinnn!,Clannnngggggggg!,큐이이이이이이이인!,咻咿咿咿咿嗯嗯嗯！
,,,,,,,,
Rikka.Fallen1-15,【六花】,「っ…！なんでこんなものっ、？」,「っ…！なんでこんなものっ、？」,「！……為什麼會有這種東西！」,"""I'm like, ""What the...? Why are you doing this?""","""...What's this?""",「윽…! 왜 이런 걸…?」,「！……为什么会有这种东西！」
,,,,,,,,
Rikka.Fallen1-16,023号,「あなた方聖核戦姫のエネルギー源の聖核は感情と密接な関りがあることが分かっています。性感を上昇させて聖核エネルギーを測定するというわけです」,「あなた方聖核戦姫のエネルギー源の聖核は感情と密接な関りがあることが分かっています。性感を上昇させて聖核エネルギーを測定するというわけです」,「我們知道你們聖核戰姬的能量來源——聖核，與情感有著密切關聯。我們的目的是提升性快感，來測量聖核能量。」,"""We know that the Seikaku, the energy source of you Seikaku Princesses, is closely related to emotions. So, you measure the Seikaku energy by elevating your sexual feelings.""","""We know that to you Holy Core Battlemaidens, the Holy Core is the source of your energy and it's closely linked to your emotions. We want to turn you on and measure the Holy Core energy.""",「당신들 성핵전희의 에너지원인 성핵은 감정과 밀접한 관련이 있다는 것이 밝혀졌습니다. 성감을 상승시켜 성핵 에너지를 측정한다는 것입니다」,「我们知道你们圣核战姬的能量来源——圣核，与情感有着密切关联。我们的目的是提升性快感，来测量圣核能量。」
,,,,,,,,
Rikka.Fallen1-17,【六花】,(―――――っ明穂の様子から覚悟はしていたけど…っ、やっぱりこういう感じにっ),(―――――っ明穂の様子から覚悟はしていたけど…っ、やっぱりこういう感じにっ),（—————！雖然看到明穗的樣子已經有心理準備了……！果然是這種方式！）,(―――――. I was prepared for this from the way Akiho was acting...but...it turned out to be like this...),(...I figured as much from seeing Akiho. I guess this is it...),"(―――――윽 아키호 상태를 보고 각오는 했지만…윽, 역시 이런 식이군)",（—————！虽然看到明穗的样子已经有心理准备了……！果然是这种方式！）
,,,,,,,,
Rikka.Fallen1-18,,(――――焦らないで。この程度、戦闘に比べたら大したことない。平常心でいれば何の問題もない),(――――焦らないで。この程度、戦闘に比べたら大したことない。平常心でいれば何の問題もない),（————不要焦躁。這種程度，跟戰鬥比起來根本不算什麼。保持平常心就沒問題。）,"(―――― Don't be in a hurry. This is nothing compared to the battle. As long as you keep a normal mind, there will be no problems.)",(Don't worry. It's nothing compared to actual combat. Just try to remain calm.),"(――――초조해하지 마. 이 정도, 전투에 비하면 아무것도 아니야. 평정심을 유지하면 아무 문제 없어)",（————不要焦躁。这种程度，跟战斗比起来根本不算什么。保持平常心就没问题。）
,,,,,,,,
Rikka.Fallen1-19,【六花】,「そう、でもこんなおもちゃで聖核戦姫の私をどうこうできるとは思えないけど？」,「そう、でもこんなおもちゃで聖核戦姫の私をどうこうできるとは思えないけど？」,「是嗎，但我不覺得這種玩具能對身為聖核戰姬的我造成什麼影響。」,"""Yes, but I don't see how a toy like this can do anything to me, the Seikaku Princess?""","""Do you really think you can do something to me with a toy like that?""","「그래, 하지만 이런 장난감으로 성핵전희인 나를 어떻게 할 수 있다고는 생각되지 않는데?」",「是吗，但我不觉得这种玩具能对身为圣核战姬的我造成什么影响。」
,,,,,,,,
Rikka.Fallen1-20,023号,「そうですか。では遠慮なくいかせてもらいます」,「そうですか。では遠慮なくいかせてもらいます」,「是嗎。那麼我就不客氣地開始了。」,"""I see. Then I will go without hesitation.""","""Oh yeah? We shall see.""",「그렇습니까. 그럼 사양하지 않고 시작하겠습니다」,「是吗。那么我就不客气地开始了。」
,1－3,,,,,,,
Rikka.Fallen1-21,【六花1－3】,キュィィィィイイイインンッ　チリチリチリチリチリッッッ!‼,キュィィィィイイイインンッ　チリチリチリチリチリッッッ!‼,咻咿咿咿咿嗯嗯嗯！滋哩滋哩滋哩滋哩滋！,Cuiiiiiiiiiiiiinnnggg! Chili chili chili chili chili! ministry,Clannnngggggg! Rrrrrrrrr!,큐이이이이이이이인 찌리찌리찌리찌리찌리잇!!,咻咿咿咿咿嗯嗯嗯！滋哩滋哩滋哩滋哩滋！
,,,,,,,,
Rikka.Fallen1-22,【六花】,「ひあっ！♥、おっ♥、いぎっっっっ♥　」,「ひあっ！♥、おっ♥、いぎっっっっ♥　」,「呀！♥，嗚！♥，嗚嘰！！！！♥」,"""Hi! Oh, oh, oh, oh, oh, oh, oh, oh, oh, oh, oh, oh, oh, oh, oh, oh, oh, oh, oh, oh, oh, oh.""","""Ahhhh♥ Ohhhhh♥ Eeeeek♥""","「히앗!♥, 옷♥, 이깃♥♥♥♥♥　」",「呀！♥，呜！♥，呜叽！！！！♥」
,,,,,,,,
Rikka.Fallen1-23,,高速回転した柔らかいノコギリの刃が割れ目を念入りに研磨する,高速回転した柔らかいノコギリの刃が割れ目を念入りに研磨する,高速旋轉的柔軟鋸刃仔細地研磨著私處。,Soft saw blades rotated at high speed carefully grind the cracks.,"The soft saw, spinning at a high speed, started to grind against her vagina gently.",고속 회전하는 부드러운 톱날이 갈라진 틈을 꼼꼼하게 연마한다,高速旋转的柔软锯刃仔细地研磨着私处。
,,,,,,,,
Rikka.Fallen1-24,【六花】,「ひぉっ♥、あぐぅっ、くぅううううっ♥」,「ひぉっ♥、あぐぅっ、くぅううううっ♥」,「嗚呼！♥，啊咕！咕嗚嗚嗚嗚嗚！♥」,"""Hi―ohh♥, aghhhh, kooooooooooooooooooooooooooooooooooooooooooooooooooooooooooooooooooooooooooooo!""","""Ohhhhh♥ Aggghhhh♥ Kuuhhhh♥""","「히옷♥, 아굿, 크으으으으으윽♥」",「呜呼！♥，啊咕！咕呜呜呜呜呜！♥」
,,,,,,,,
Rikka.Fallen1-25,005号,「機械の具合はどうでしょうか？その様子だと気に入ってもらえたようですが。」,「機械の具合はどうでしょうか？その様子だと気に入ってもらえたようですが。」,「儀器的感覺如何？看妳這個樣子，似乎很滿意呢。」,"""How is the machine? By the looks of it, you seem to like it.""","""How is the machine? Looks like you're enjoying it.""",「기계 상태는 어떻습니까? 그 모습으로는 마음에 드신 것 같습니다만.」,「仪器的感觉如何？看你这个样子，似乎很满意呢。」
,,,,,,,,
Rikka.Fallen1-26,【六花】,「ひあっ♥♥、そんなわけっ、♥、くぅぅっ♥」,「ひあっ♥♥、そんなわけっ、♥、くぅぅっ♥」,「呀！♥♥，怎麼可能！♥，咕嗚嗚！♥」,"""Oh, no, no, no, no, no, no, no, no, no, no, no, no, no, no, no, no, no, no, no, no, no, no, no, no, no.""","""Hnnnn♥ No...♥ Kuhhhhhh♥""","「히앗♥♥, 그럴 리가 ♥, 크으읏♥」",「呀！♥♥，怎么可能！♥，咕呜呜！♥」
,,,,,,,,
Rikka.Fallen1-27,,快楽を逃がそうと腰を動かすが、ノコギリは六花の腰の動きをとらえ、正確に研磨を続ける。,快楽を逃がそうと腰を動かすが、ノコギリは六花の腰の動きをとらえ、正確に研磨を続ける。,六花試圖扭動腰部來逃避快感，但鋸子捕捉到她腰部的動作，精準地持續研磨。,"She moves her hips to escape the pleasure, but the saw catches the movement of Rikka's hips and continues grinding with precision.","Rikka tried to move her hips away from the pleasure, but the saw followed her and kept grinding.","쾌락을 피하려 허리를 움직이지만, 톱은 릿카의 허리 움직임을 포착하고, 정확하게 연마를 계속한다.",六花试图扭动腰部来逃避快感，但锯子捕捉到她腰部的动作，精准地持续研磨。
,,,,,,,,
Rikka.Fallen1-28,【六花】,「―――っ、！こいつっ♥、ひあっ♥、んおっ♥、お゛おっ♥」,「―――っ、！こいつっ♥、ひあっ♥、んおっ♥、お゛おっ♥」,「———！這傢伙！♥，呀！♥，嗯喔！♥，嗚喔！♥」,"""...oh, oh, oh, oh, oh, oh, oh, oh, oh, oh, oh, oh, oh! Koitsu ♥, hi ♥, nnnn oh ♥, ooooh ♥""","""...ugh! This♥ Ahhhhh♥ Nnnnn♥ Ohhhhhhh♥""","「―――윽,! 이 자식♥, 히앗♥, 응옷♥, 오옷♥」",「———！这家伙！♥，呀！♥，嗯喔！♥，呜喔！♥」
,,,,,,,,
Rikka.Fallen1-29,023号,「やれやれ、口ではあれだけ強がっておいて快楽への耐性はやはり大したことないですね」,「やれやれ、口ではあれだけ強がっておいて快楽への耐性はやはり大したことないですね」,「真是的，嘴上說得那麼強硬，但對快感的抵抗力果然沒那麼高。」,"""I'm sorry to say, but your tolerance for pleasure is still very low for someone who is so strong with your mouth.""","""You're all talk! Can't even resist the pleasure.""","「이런이런, 말로는 저렇게 강한 척하면서 쾌락 내성은 역시 대단하지 않군요」",「真是的，嘴上说得那么强硬，但对快感的抵抗力果然没那么高。」
,,,,,,,,
Rikka.Fallen1-30,【六花】,「ぐうっ♥、なんでっこんなのでっ♥！」,「ぐうっ♥、なんでっこんなのでっ♥！」,「嗚！♥，為什麼這種東西！♥」,"""Ugh, why, with such a thing!""","""Ughh♥ Why...♥""","「크윽♥, 왜 이런 걸로♥!」",「呜！♥，为什么这种东西！♥」
,,,,,,,,
Rikka.Fallen1-31,023号,「当然です。我々は何度もあなたのクローンを研究してきましたから。あなたの体はあなたよりも良く知っています」,「当然です。我々は何度もあなたのクローンを研究してきましたから。あなたの体はあなたよりも良く知っています」,「這是當然的。我們研究過妳無數次的克隆人，我們比妳更了解妳的身體。」,"""Of course. We have studied your clones many times. We know your body better than you do.""","""We've researched your clones thoroughly, so we know better about your body than you do.""",「당연합니다. 저희는 몇 번이나 당신의 클론을 연구해왔으니까요. 당신의 몸은 당신보다 더 잘 알고 있습니다」,「这是当然的。我们研究过你无数次的克隆。我们比你更了解你的身体。」
,,,,,,,,
Rikka.Fallen1-32,【六花】,「―――そんなっ！、はっ、はあっ♥、ーーーぅっ♥、――――――。」,「―――そんなっ！、はっ、はあっ♥、ーーーぅっ♥、――――――。」,「———怎麼會！哈、哈啊♥，———嗚！♥，————————。」,"""――――ONNAH! ""","""...No! Haaaa♥ Ahhhh♥""","「―――그런!, 핫, 하앗♥, ーーー읏♥, ――――――.」",「———怎么会！哈、哈啊♥，———呜！♥，————————。」
,,,,,,,,
Rikka.Fallen1-33,,六花は精神を集中させ下腹部の快楽を遠ざける,六花は精神を集中させ下腹部の快楽を遠ざける,六花集中精神，將下腹部的快感推開。,Rikka focuses her mind and keeps the pleasures of her lower abdomen away.,"Rikka tried her hardest to put distance between her mind and the pleasure coming from between her legs.""",릿카는 정신을 집중시켜 하복부의 쾌락을 멀리한다,六花集中精神，将下腹部的快感推开。
,1－4,,,,,,,
Rikka.Fallen1-34,【六花】,「―――はぁ、はぁっ、これで終わり？――っこの程度なら、何時間されても私の心を折ることはできないと思うけどっ？」,「―――はぁ、はぁっ、これで終わり？――っこの程度なら、何時間されても私の心を折ることはできないと思うけどっ？」,「———哈啊，哈啊！這樣就完了？———這種程度，就算持續幾個小時，也無法擊潰我的心志！」,"""―――Ha―ha―ha, is that it? ――I don't think you could break my heart even if you did this for hours, do you?""","""...Huff, puff... Is this it? I don't think this will break me, no matter how many hours you do this to me.""","「―――하아, 하앗, 이걸로 끝이야?――윽 이 정도라면, 몇 시간 당해도 내 마음을 꺾을 수는 없을 것 같은데?」",「———哈啊，哈啊！这样就完了？———这种程度，就算持续几个小时，也无法击溃我的心志！」
,,,,,,,,
Rikka.Fallen1-35,023号,「これは貴女の性感を高めるためのただの前戯です。本番はこれからですよ」,「これは貴女の性感を高めるためのただの前戯です。本番はこれからですよ」,「這是為了提高妳的性快感而進行的只是前戲。正戲才要開始呢。」,"""This is just foreplay to enhance your sexuality. The real work is just beginning.""","""This is just foreplay to get you turned on. We're about to get started for real.",「이것은 당신의 성감을 높이기 위한 전희일 뿐입니다. 본방은 이제부터입니다」,「这是为了提高你的性快感而进行的只是前戏。正戏才要开始呢。」
,,,,,,,,
Rikka.Fallen1-36,六花,「―――ッ？！」,「―――ッ？！」,「———！？」,"""Wha...?""","""...?""",「―――윽?!」,「———！？」
,,,,,,,,
Rikka.Fallen1-37,1－5,壁から無数の突起の付いた巨大なディルドとアナルパールが現れ、六花の二穴に狙いを定める。,壁から無数の突起の付いた巨大なディルドとアナルパールが現れ、六花の二穴に狙いを定める。,牆壁上出現了無數帶有突起的巨大假陽具和肛珠，瞄準了六花的雙穴。,A huge dildo and anal pearls with numerous prongs appear from the wall and aim at Rikka's two holes.,"Anal beads and a huge dildo covered in nubs emerged from the wall, aiming at Rikka's holes.","벽에서 무수한 돌기가 달린 거대한 딜도와 애널 비즈가 나타나, 릿카의 두 구멍을 조준한다.",墙壁上出现了无数带有突起的巨大假阳具和肛珠，瞄准了六花的双穴。
,,,,,,,,
Rikka.Fallen1-38,六花,「何これっ、？！何のためにこんなのをっ！？」,「何これっ、？！何のためにこんなのをっ！？」,「這是什麼！？弄這種東西做什麼！？」,"""What is this? What the hell did you do this to me!""","""What's this? What for?!""",「뭐야 이거?! 뭐 때문에 이런 걸?!」,「这是什么！？弄这种东西做什么！？」
,,,,,,,,
Rikka.Fallen1-39,023号,「あなたを体内から絶頂させ研究するための特性の装置です。効果は我々クローンで既に実証済みです」,「あなたを体内から絶頂させ研究するための特性の装置です。効果は我々クローンで既に実証済みです」,「這是為了讓妳從體內高潮，並進行研究的特製裝置，效果已經在我們克隆人身上證實過了。」,"""It's a device with the properties to make you climax from the inside and study you. The effect has already been proven by our clones.""","""Devices that are meant to give you an orgasm from within. We've already tried this on our clones, and the results are amazing.""",「당신을 체내에서 절정시켜 연구하기 위한 특성 장치입니다. 효과는 저희 클론으로 이미 실증되었습니다」,「这是为了让你从体内高潮，并进行研究的特制装置。效果已经在我们克隆身上证实过了。」
,,,,,,,,
Rikka.Fallen1-40,六花,「――――ッ、ふざけないでっ！、私はクローンなんかとは違う、こんなの意味ないっ！」,「――――ッ、ふざけないでっ！、私はクローンなんかとは違う、こんなの意味ないっ！」,「――――！開什麼玩笑！我跟克隆人不一樣，這種東西沒有意義！」,"""I'm not a clone, this doesn't make any sense! I'm not a clone, this doesn't make any sense!""","""Stop this nonsense! I'm different from the clones! This is meaningless!""","「――――윽, 웃기지 마!, 나는 클론 따위와는 달라, 이런 건 의미 없어!」",「――――！开什么玩笑！我跟克隆不一样，这种东西没有意义！」
,,,,,,,,
Rikka.Fallen1-41,023号,「そうですね、私達としてもオリジナルが我々クローンと違いどの様な反応を示すか興味があります」,「そうですね、私達としてもオリジナルが我々クローンと違いどの様な反応を示すか興味があります」,「是啊，我們也很想知道原型和我們克隆人有什麼不同的反應。」,"""Yes, we are interested to see how the originals react to our clones.""","""You might be right. We're very interested in finding out if the original will respond to this differently than the clones.""","「그렇군요, 저희로서도 오리지널이 저희 클론과 달리 어떤 반응을 보일지 흥미롭습니다」",「是啊，我们也很想知道原型和我们克隆有什么不同的反应。」
,,,,,,,,
Rikka.Fallen1-42,六花,「！聖核戦姫を舐めないでっ！私はクローンとは違うっ！」,「！聖核戦姫を舐めないでっ！私はクローンとは違うっ！」,「！別小看聖核戰姬！我跟克隆人不一樣！」,"""! Don't lick the Seikaku Princess! I am not a clone!""","""Don't underestimate the Holy Core Battlemaidens! I'm not my clones!""",「! 성핵전희를 얕보지 마! 나는 클론과는 달라!」,「！别小看圣核战姬！我跟克隆不一样！」
,,,,,,,,
Rikka.Fallen1-43,023号,「そうですか。では早速実験を行います、オリジナルがどれだけ耐えられるか楽しみですね」,「そうですか。では早速実験を行います、オリジナルがどれだけ耐えられるか楽しみですね」,「是嗎。那麼我們立刻進行實驗。我很期待原型能承受多久。」,"""I see. Well then, we'll do a quick experiment, and I look forward to seeing how well the original holds up.""","""We'll just have to find out, won't we? I would love to see how long the original can hold out.""","「그렇습니까. 그럼 즉시 실험을 하겠습니다, 오리지널이 얼마나 견딜 수 있을지 기대되는군요」",「是吗。那么我们立刻进行实验。我很期待原型能承受多久。」
,,,,,,,,
Rikka.Fallen1-44,六花,「っ、こんなおもちゃ、私には全然っ――――――」,「っ、こんなおもちゃ、私には全然っ――――――」,「！這種玩具，對我來說根本不——————」,"""I'm not at all interested in these toys. ――――――""","""These toys won't work...""","「윽, 이런 장난감, 나에게는 전혀――――――」",「！这种玩具，对我来说根本不——————」
,,,,,,,,
Rikka.Fallen1-45,1－6,ズブウゥゥゥウッッッ！！！,ズブウゥゥゥウッッッ！！！,滋噗嗚嗚嗚嗚！,Zvuuuuuuhhh!!!,Spppppp!,즈브우우우우웃!!!,滋噗呜呜呜呜！
,,,,,,,,
Rikka.Fallen1-46,六花,「ひぎっいっっ！！！♥♥、お゛お゛っ！！♥、」,「ひぎっいっっ！！！♥♥、お゛お゛っ！！♥、」,「嗚給！！♥♥，嗚喔！！♥！」,"""HIGGITY!!!! ♥♥, oh―oh―oh―oh―oh―oh―oh―oh―oh―oh―oh―oh! ♥♥♥♥!""","""Hgggnnniiiii!♥ Ohhhhh♥♥""","「히기잇!!!♥♥, 오옷 오옷 읏!!♥,」",「呜给！！♥♥，呜喔！！♥！」
,,,,,,,,
Rikka.Fallen1-47,,念入りに撫でられて敏感になった六花の二穴にディルドが一気に挿入される,念入りに撫でられて敏感になった六花の二穴にディルドが一気に挿入される,假陽具一下子插入了被仔細撫摸而變得敏感的六花的雙穴內。,A dildo is inserted into Rikka's two sensitive holes all at once after being carefully stroked.,"The dildo and the anal beads impaled Rikka's holes, which were sensitive from the foreplay.",꼼꼼히 애무받아 민감해진 릿카의 두 구멍에 딜도가 단숨에 삽입된다,假阳具一下子插入了被仔细抚摸而变得敏感的六花的双穴内。
,1－8,,,,,,,
Rikka.Fallen1-48,六花,「お゛お゛っ♥、お゛っ♥、おお゛っ！？」,「お゛お゛っ♥、お゛っ♥、おお゛っ！？」,「嗚喔！♥，嗚！♥，嗚喔！？」,"""Ooooh ♥, ooooh ♥, ooooh ♥!""","""Ohhh♥♥ Ohh♥♥ OHHH♥""","「오옷 오옷 읏♥, 오옷 읏♥, 오오옷 읏!?」",「呜喔！♥，呜！♥，呜喔！？」
,,,,,,,,
Rikka.Fallen1-49,,体内に強烈な性感と同時に、激しい圧迫感と異物感が襲い掛かる,体内に強烈な性感と同時に、激しい圧迫感と異物感が襲い掛かる,強烈的性快感，同時伴隨著劇烈的壓迫感和異物感襲擊著六花的身體。,"Intense sexual sensation in the body and at the same time, intense pressure and foreign body sensation attack the body.","In addition to sexual pleasure, she was also overwhelmed by the feeling of pressure and having foreign objects inside her.","체내에 강렬한 성감과 동시에, 격렬한 압박감과 이물감이 덮친다",强烈的性快感，同时伴随着剧烈的压迫感和异物感袭击着六花的身体。
,,,,,,,,
Rikka.Fallen1-50,023号,「おやおや、挿入しただけでイッたのですか？これではクローンの中でも最短ですよ？」,「おやおや、挿入しただけでイッたのですか？これではクローンの中でも最短ですよ？」,「哎呀呀，只是插入就高潮了嗎？這在克隆人裡也是最快的喔？」,"""'Oh dear, did you come just by inserting it? That makes you the shortest of all the clones, doesn't it?""","""You came from just insertion? That's even faster than the fastest clone!""","「어이어이, 삽입한 것만으로 가버린 겁니까? 이러면 클론 중에서도 최단 기록입니다?」",「哎呀呀，只是插入就高潮了吗？这在克隆里也是最短的喔？」
,1－7,,,,,,,
Rikka.Fallen1-51,六花,「そんなわけがっ！、イ゛っ、イッてないッ♥！私はこんなのでっ！」,「そんなわけがっ！、イ゛っ、イッてないッ♥！私はこんなのでっ！」,「怎麼可能！嗚，我沒高潮！♥！我才不會被這種東西！」,"""No, of course not! I didn't come! I didn't come like this!""","""No! I... I haven't come yet! I...""","「그럴 리가!, 어 , 없어♥! 나는 이런 걸로!」",「怎么可能！呜，我没高潮！♥！我才不会被这种东西！」
,,,,,,,,
Rikka.Fallen1-52,023号,「そうですか。これでイッていたら流石に弱すぎますからね。では本格的にデータを取る段階に移行します」,「そうですか。これでイッていたら流石に弱すぎますからね。では本格的にデータを取る段階に移行します」,「是嗎。如果這樣就高潮了，那確實太弱了。那麼我們進入正式採集數據的階段。」,"""I see. If she comes in this way, she is too weak. Then we'll move on to the stage of taking data in earnest.""","""I see, it would be quite weak if you did. Now we'll start gathering data.""",「그렇습니까. 이걸로 가버렸다면 역시 너무 약하니까요. 그럼 본격적으로 데이터를 수집하는 단계로 이행합니다」,「是吗。如果这样就高潮了，那确实太弱了。那么我们进入正式采集数据的阶段。」
,,,,,,,,
Rikka.Fallen1-53,六花,「な…なにをっ！？、待ってっ、やめ――――――――」,「な…なにをっ！？、待ってっ、やめ――――――――」,「你…你要做什麼！？等一下，住手———————」,"""What are you doing? Wait, stop ――――――――""","""What?! Wait, no...""","「뭐… 뭘!?, 기다려, 그만――――――――」",「你…你要做什么！？等一下，住手———————」
,,,,,,,,
Rikka.Fallen1-54,,ズチュッ♥ドチュッ♥キュイイイイイン♥ズボッ♥ズボッ♥,ズチュッ♥ドチュッ♥キュイイイイイン♥ズボッ♥ズボッ♥,滋啾♥咚啾♥咻咿咿咿咿嗯♥滋啵♥滋啵♥,Dooooooooooooooooooooooooooooooooooooooooooooooooooooooooooooooooooooooooooooooooooooooooooooooo,Squelch♥ Chuuuu♥ Rrrrrrnnnnn♥ Spppppp♥ Sppp♥,즈츗♥도츗♥큐이이이이인♥즈봇♥즈봇♥,滋啾♥咚啾♥咻咿咿咿咿嗯♥滋啵♥滋啵♥
,,,,,,,,
,1－6,,,,,,,
,,,,,,,,
Rikka.Fallen1-55,六花,「ひぎゅううううううっっ♥♥♥、だめっ♥♥、ナカでグリグリッ♥♥、お゛おっ♥、むりぃっ♥、イクッ♥」,「ひぎゅううううううっっ♥♥♥、だめっ♥♥、ナカでグリグリッ♥♥、お゛おっ♥、むりぃっ♥、イクッ♥」,「嗚給嗚嗚嗚嗚嗚♥♥♥，不行♥♥，在裡面亂攪♥♥，嗚喔♥，受不了♥，要射了♥！」,"""I'm gonna fuck you so hard, I'm gonna fuck you so hard, I'm gonna fuck you so hard, I'm gonna fuck you so hard, I'm gonna fuck you so hard, I'm gonna fuck you so hard, I'm gonna fuck you so hard, I'm gonna fuck you so hard, I'm gonna fuck you so hard, I'm gonna fuck you so hard.""","""Ggnnnnnnuuuu♥ Noooo♥ My insides♥♥ Ooooooo♥ No...♥ I'm coming♥♥""","「히규우우우우우우웃♥♥♥, 안돼♥♥, 안에서 빙글빙글♥♥, 오옷 오옷♥, 무리잇♥, 가버렷♥」",「呜给呜呜呜呜呜♥♥♥，不行♥♥，在里面乱搅♥♥，呜喔♥，受不了♥，要射了♥！」
,,,,,,,,
Rikka.Fallen1-56,023号,「やはりだめなようですね。オリジナルは私達クローンより快楽耐性は低いようです」,「やはりだめなようですね。オリジナルは私達クローンより快楽耐性は低いようです」,「果然是不行啊。原型對快感的耐受力似乎比我們克隆人低。」,"""It seems that the originals have a lower tolerance for pleasure than we clones. The originals seem to have a lower tolerance for pleasure than we clones.""","""You couldn't take it, huh? I guess the original has less resistance to pleasure than us clones.""",「역시 안 되는 모양이군요. 오리지널은 우리 클론보다 쾌락 내성이 낮은 것 같습니다」,「果然是不行啊。原型对快感的耐受力似乎比我们克隆低。」
,1－7,,,,,,,
Rikka.Fallen1-57,六花,「――っっ♥、イっ、イってないっ♥！、わたしはっ♥こんなのでぇっ♥♥、ぜったいにっ♥、お゛っお゛お♥、イクっ♥、イグゥッッッ♥」,「――っっ♥、イっ、イってないっ♥！、わたしはっ♥こんなのでぇっ♥♥、ぜったいにっ♥、お゛っお゛お♥、イクっ♥、イグゥッッッ♥」,「――嗚喔♥，我、我沒射！♥！我才不會被這種東西♥♥，絕對不會♥，嗚喔喔♥，射！嗚咕！」,"""I'm not cumming! I'm not coming, I'm not coming, I'm not coming, I'm not coming, I'm not coming, I'm not coming, I'm not coming, I'm not coming, I'm not coming, I'm not coming, I'm not coming, I'm not coming, I'm not coming, I'm not coming...""","""...No! I'm not coming! I... I... I won't... Ohhhh♥ I'm comingggggg♥♥""","「――윽♥♥, 이, 이크 안 했어♥!, 나는♥ 이런 걸로엣♥♥, 절대로♥, 오옷 옷오옷 오♥, 가버렷♥, 가버렷♥♥♥」",「――呜喔♥，我、我没射！♥！我才不会被这种东西♥♥，绝对不会♥，呜喔喔♥，射！呜咕！」
,,,,,,,,
Rikka.Fallen1-58,,プシッ♥、プシュウウウウウウッッ！♥♥,プシッ♥、プシュウウウウウウッッ！♥♥,噗嘶♥，噗咻嗚嗚嗚嗚嗚嗚！！♥♥,"Pshhhhhh ♥♥, pshhhhhhhh! ♥♥♥",Splash♥ Splaaaaaaash♥,"푸싯♥, 푸슈우우우우우웃!♥♥",噗嘶♥，噗咻呜呜呜呜呜呜！！♥♥
,,,,,,,,
Rikka.Fallen1-59,,絶頂した六花の股から大量の潮が吹きだす,絶頂した六花の股から大量の潮が吹きだす,高潮的六花私處噴出了大量的潮水。,Rikka climaxes and a large amount of water squirts out from her crotch.,Rikka squirted a huge amount from between her legs.,절정한 릿카의 아래에서 대량의 조수가 뿜어져 나온다,高潮的六花私处喷出了大量的潮水。
,1－8,,,,,,,
Rikka.Fallen1-60,六花,「はあっ♥、はあっ♥、～～～～う゛ぅっ♥、いぎっ、お゛ぉっ♥、とまらなっ♥、イグっ♥、お゛お゛お゛お゛っ♥♥」,「はあっ♥、はあっ♥、～～～～う゛ぅっ♥、いぎっ、お゛ぉっ♥、とまらなっ♥、イグっ♥、お゛お゛お゛お゛っ♥♥」,「哈啊♥，哈啊♥～～～～嗚！♥，嗚嘰、嗚喔！♥，停不下來♥，高潮！嗚喔喔喔喔♥♥」,"""Oh, oh, oh, oh, oh, oh, oh, oh, oh, oh, oh, oh, oh, oh, oh, oh, oh, oh, oh, oh, oh, oh, oh, oh, oh, oh, oh, oh, oh, oh, oh, oh, oh, oh, oh.""","""Haaaa♥ Haaaa♥ Unnnn♥ I'm coming♥ I can't stop♥ Ohhhhhh♥""","「하앗♥, 하앗♥, ~~~~읏옷 읏♥, 이깃, 오옷 옷♥, 멈추지 않아♥, 가버렷♥, 오옷 오옷 오옷 오옷 옷♥♥」",「哈啊♥，哈啊♥，～～～～呜！♥，呜叽、呜喔！♥，停不下来♥，射！呜喔喔喔喔♥♥」
,,,,,,,,
Rikka.Fallen1-61,,ズチュッ♥ドチュッ♥キュイイイイイン♥ズボッ♥ズボッ♥,ズチュッ♥ドチュッ♥キュイイイイイン♥ズボッ♥ズボッ♥,滋啾♥咚啾♥咻咿咿咿咿嗯♥滋啵♥滋啵♥,Dooooooooooooooooooooooooooooooooooooooooooooooooooooooooooooooooooooooooooooooooooooooooooooooo,Sschhhhhh♥ Chuuuuuu♥ Rrrrrrnnnnn♥ Sppppp♥,즈츗♥도츗♥큐이이이이인♥즈봇♥즈봇♥,滋啾♥咚啾♥咻咿咿咿咿嗯♥滋啵♥滋啵♥
,,,,,,,,
Rikka.Fallen1-62,,何回イっても機械は止まることなく、無機質に六花の体内を出入りし続ける,何回イっても機械は止まることなく、無機質に六花の体内を出入りし続ける,不管高潮多少次，機械都沒有停止，持續運轉地進出六花的體內。,"No matter how many times he comes, the machine never stops and continues to inorganically move in and out of Rikka's body.",The machine showed no signs of stopping no matter how many times Rikka came.,"몇 번 가버려도 기계는 멈추지 않고, 무기질적으로 릿카의 체내를 계속 드나든다",不管高潮多少次，机械都没有停止，持续无机质地进出六花的体内。
,,,,,,,,
Rikka.Fallen1-63,023号,「それでは、次は気絶するまで計測を行いますので頑張って耐えてください。今の所クローンの誰よりも弱いですからね」,「それでは、次は気絶するまで計測を行いますので頑張って耐えてください。今の所クローンの誰よりも弱いですからね」,「那麼，接下來我們要測量到妳昏厥為止，請努力忍耐。妳目前比任何一個克隆人都要弱喔。」,"""Then we'll measure you until you pass out next time, so hang in there. So far, you are weaker than any of the clones.""","""We're going to see how long it takes for you to pass out, so please do your best. Currently your results are worse than any of the clones.""","「그럼, 다음은 기절할 때까지 계측을 하겠으니 힘내서 견뎌주십시오. 현재로서는 클론 누구보다도 약하니까요」",「那么，接下来我们要测量到你昏厥为止，请努力忍耐。你目前比任何一个克隆都要弱喔。」
,,,,,,,,
Rikka.Fallen1-64,,しかし、既に六花の耳にはその言葉は届いていない,しかし、既に六花の耳にはその言葉は届いていない,然而，這些話已經傳不進六花的耳裡了。,But the word is already out of Rikka's ears.,But those words never reached Rikka's ears.,"하지만, 이미 릿카의 귀에는 그 말이 닿지 않는다",然而，这些话已经传不进六花的耳里了。
,,,,,,,,
Rikka.Fallen1-65,六花,「うぐぅっ♥、いぎっ♥、んお゛お゛っ♥♥、くうっ♥、ん゛おっ♥」,「うぐぅっ♥、いぎっ♥、んお゛お゛っ♥♥、くうっ♥、ん゛おっ♥」,「嗚咕！♥，嗚嘰！♥，嗯喔喔喔！♥♥，嗚！♥，嗯喔！♥」,"""Uggghhhh, igghhhh, nnnnggggghhhh, kuugghhhh, nnnggghhhhhh.""","""Ughhhhhh♥ I'm coming again♥ Nnnnnnn♥ Ohhhhhh♥""","「으긋♥, 이깃♥, 응오옷 오옷 옷♥♥, 크읏♥, 응옷 옷♥」",「呜咕！♥，呜叽！♥，嗯喔喔喔！♥♥，呜！♥，嗯喔！♥」
,,,,,,,,
Rikka.Fallen1-66,,少しでも刺激を逃がそうと腰を動かそうとするほど、膣壁が回転するディルドに強くこすりつけられ、より強い快感が六花を襲う,少しでも刺激を逃がそうと腰を動かそうとするほど、膣壁が回転するディルドに強くこすりつけられ、より強い快感が六花を襲う,她越想扭動腰部來逃避刺激，陰道壁就越是被旋轉的假陽具強烈摩擦，更強烈的快感襲擊著六花。,"The more she tried to move her hips to escape the stimulation, the harder her vaginal walls rubbed against the rotating dildo, and the stronger the pleasure became for Rikka!","She tried to move her hips to get away from the pleasure, but the dildo attached itself to the walls of her vagina, making the pleasure stronger each time she tried to move.","조금이라도 자극을 피하려고 허리를 움직이려 할수록, 질벽이 회전하는 딜도에 강하게 문질러져, 더욱 강한 쾌감이 릿카를 덮친다",她越想扭动腰部来逃避刺激，阴道壁就越是被旋转的假阳具强烈摩擦，更强烈的快感袭击着六花。
,,,,,,,,
Rikka.Fallen1-67,六花,「んおっ♥♥おマンコっ、固定されてっ♥、逃げられないぃいいっ♥、おしりの穴もズボズボされてぇっ♥、おかしくなってるぅっ♥♥」,「んおっ♥♥おマンコっ、固定されてっ♥、逃げられないぃいいっ♥、おしりの穴もズボズボされてぇっ♥、おかしくなってるぅっ♥♥」,「嗯喔♥♥陰道被固定了♥，逃不掉了啦！屁眼也被插進去♥，快要瘋了♥♥！」,"""I can't get away from it, it's pounding my asshole, it's making me crazy.""","""Hnnnnnn♥ My pussy is tied down♥ And I can't get away♥ My ass is also being fucked♥ It's driving me crazy♥♥""","「응옷♥♥오망꼬♥, 고정되어서♥, 도망칠 수 없어어어잇♥, 엉덩이 구멍도 즈봇즈봇 당해서♥, 이상해지고 있어♥♥」",「嗯喔♥♥阴道被固定了♥，逃不掉了啦！屁眼也被插进去♥，快要疯了♥♥！」
,,,,,,,,
Rikka.Fallen1-68,六花,(―――まずいっ♥、意識がっ♥♥、変身が維持できないッ♥♥♥),(―――まずいっ♥、意識がっ♥♥、変身が維持できないッ♥♥♥),（———不妙！♥，意識！♥♥，變身維持不住了！♥♥♥）,"(―――Oh no, I can't stay conscious! I can't keep transforming!)",(...This is bad♥ My mind... My transformation will not hold♥),"(―――위험해♥, 의식이♥♥, 변신을 유지할 수 없어♥♥♥)",（———不妙！♥，意识！♥♥，变身维持不住了！♥♥♥）
,,,,,,,,
Rikka.Fallen1-69,,幾度とない絶頂を経て、六花の体力は限界に近づき、朦朧としていた。,幾度とない絶頂を経て、六花の体力は限界に近づき、朦朧としていた。,經過無數次高潮，六花的體力已經接近極限，意識也變得朦朧。,"After numerous climaxes, Rikka's strength was nearing its limit and she was in a daze.","After many orgasms, Rikka was about to reach her physical limit and her mind became a blur.","몇 번이나 절정을 겪고, 릿카의 체력은 한계에 가까워져, 몽롱해져 있었다.",经过无数次高潮，六花的体力已经接近极限，意识也变得朦胧。
,,,,,,,,
Rikka.Fallen1-70,,ズチュッ♥ドチュッ♥キュイイイイイン♥ズボッ♥ズボッ♥ドチュッ♥,ズチュッ♥ドチュッ♥キュイイイイイン♥ズボッ♥ズボッ♥ドチュッ♥,滋啾♥咚啾♥咻咿咿咿咿嗯♥滋啵♥滋啵♥咚啾♥,,Sschhhhhh♥ Chuuuuuu♥ Rrrrrrnnnnn♥ Sppppp♥,즈츗♥도츗♥큐이이이이인♥즈봇♥즈봇♥도츗♥,滋啾♥咚啾♥咻咿咿咿咿嗯♥滋啵♥滋啵♥咚啾♥
,,,,,,,,
Rikka.Fallen1-71,,六花の状態には気にも留めず、機械は六花を快感を与えるために稼働し続ける,六花の状態には気にも留めず、機械は六花を快感を与えるために稼働し続ける,機械毫不在意六花的狀態，持續運轉著，只為給予六花快感。,"Unconcerned about Rikka's condition, the machine continues to operate to give Rikka pleasure.",The machine never noticed Rikka's condition and just kept working to overwhelm Rikka with pleasure.,"릿카의 상태에는 신경 쓰지 않고, 기계는 릿카에게 쾌감을 주기 위해 계속 작동한다",机械毫不在意六花的状态，持续运转着，只为给予六花快感。
,1－7,,,,,,,
Rikka.Fallen1-72,六花,「～～～ッ、わたしはっ♥、こんな機械にっ♥、クローンになんてぇ、まけないぃっ♥、絶対に明穂を♥、助け――――」,「～～～ッ、わたしはっ♥、こんな機械にっ♥、クローンになんてぇ、まけないぃっ♥、絶対に明穂を♥、助け――――」,「～～～！我才不會♥，輸給這種機械♥，輸給克隆人♥，我一定要救明穗————」,"""I will not be defeated by such a machine, such a clone, I will definitely save Ako. ――――""","""I... This machine... I can't let the clones beat me... I need to help Akiho...""","「~~~윽, 나는♥, 이런 기계에♥, 클론 따위에게는, 지지 않아♥, 반드시 아키호를♥, 구하――――」",「～～～！我才不会♥，输给这种机械♥，输给克隆♥，我一定要救明穗————」
,,,,,,,,
Rikka.Fallen1-73,1－9,その瞬間、体を覆っていたスーツが光と共に消え、髪の毛が元の色に戻り変身が解除される,その瞬間、体を覆っていたスーツが光と共に消え、髪の毛が元の色に戻り変身が解除される,就在那一瞬間，包裹著身體的戰鬥服隨著光芒消失，頭髮也變回了原來的顏色，變身解除了。,"At that moment, the suit covering the body disappears with the light, the hair returns to its original color, and the transformation is lifted.","At that moment, the suit covering her body faded with the light, and her hair returned to the original color. Her transformation had faded.","그 순간, 몸을 감싸고 있던 슈트가 빛과 함께 사라지고, 머리카락이 원래 색으로 돌아오며 변신이 해제된다",就在那一瞬间，包裹着身体的战斗服随着光芒消失，头发也变回了原来的颜色，变身解除了。
,,,,,,,,
Rikka.Fallen1-74,六花,「―――――――ぇあっ？♥」,「―――――――ぇあっ？♥」,「——————欸啊？♥」,"""――――――― Yeah huh? ♥""","""...Huh?""",「―――――――엣앗?♥」,「——————欸啊？♥」
,,,,,,,,
Rikka.Fallen1-75,,スーツの上から守られていた肌が露出し、極限まで敏感になっていた六花の体内をピストンの突起が直に研磨する,スーツの上から守られていた肌が露出し、極限まで敏感になっていた六花の体内をピストンの突起が直に研磨する,原本被戰鬥服保護的肌膚暴露出來，活塞上的突起在變得極度敏感的六花體內，直接研磨著她的身體。,"The skin protected by the suit is exposed, and the piston's prongs grind directly against Rikka's body, which has become extremely sensitive.","No longer protected by the suit, her skin was exposed, and she was directly touching the things that were invading her body.","슈트 위로 보호받던 피부가 노출되고, 극한까지 민감해진 릿카의 체내를 피스톤 돌기가 직접 연마한다",受到战斗服保护的肌肤暴露出来，极度敏感的六花体内，活塞上的突起直接研磨着她的身体。
,,,,,,,,
Rikka.Fallen1-76,,ズチュッ♥ドチュッ♥キュイイイイイン♥ズボッ♥ズボッ♥ドチュッ♥,ズチュッ♥ドチュッ♥キュイイイイイン♥ズボッ♥ズボッ♥ドチュッ♥,滋啾♥咚啾♥咻咿咿咿咿嗯♥滋啵♥滋啵♥咚啾♥,,Sschhhhhh♥ Chuuuuuu♥ Rrrrrrnnnnn♥ Sppppp♥,즈츗♥도츗♥큐이이이이인♥즈봇♥즈봇♥도츗♥,滋啾♥咚啾♥咻咿咿咿咿嗯♥滋啵♥滋啵♥咚啾♥
,,,,,,,,
Rikka.Fallen1-77,,「ん゛おっ？♥♥、えっ？♥、あ、あ♥、」,「ん゛おっ？♥♥、えっ？♥、あ、あ♥、」,「嗯喔！♥♥，咦？♥，啊、啊♥，」,"""Dang? ♥♥♥, eh? ♥♥, ah... ah... ah... ah... ah...""","""Nnnnnnooooo♥ Ehhhh♥ Ahhhhh♥""","「응옷 오옷?♥♥, 엣?♥, 아, 아♥,」",「嗯喔！♥♥，咦？♥，啊、啊♥，」
,,,,,,,,
Rikka.Fallen1-78,,あまりの強烈な刺激に六花の頭は体に何が起きたのかを理解できない,あまりの強烈な刺激に六花の頭は体に何が起きたのかを理解できない,由於過於強烈的刺激，六花的大腦無法理解身體發生了什麼。,The stimulation was so intense that Rikka's head could not comprehend what had happened to her body.,The stimulation was so intense that Rikka's mind couldn't understand what was happening to her body.,너무나 강렬한 자극에 릿카의 머리는 몸에 무슨 일이 일어났는지 이해할 수 없다,由于过于强烈的刺激，六花的大脑无法理解身体发生了什么。
,,,,,,,,
Rikka.Fallen1-79,,プシッ♥、プシッ♥,プシッ♥、プシッ♥,噗嘶♥，噗嘶♥,Psshhhh... Psshhhh...,Splash♥ Splash♥,"푸싯♥, 푸싯♥",噗嘶♥，噗嘶♥
,,,,,,,,
Rikka.Fallen1-80,,何かが決壊するように機械との結合部から潮が放たれる,何かが決壊するように機械との結合部から潮が放たれる,如同什麼東西潰堤了一般，潮水從機械的結合處噴射而出。,The tide is released from the junction with the machine as if something is breaking.,"Like something bursting, fluid shot out from where she was connected to the machine.",무언가가 무너지듯 기계와의 결합부에서 조수가 뿜어져 나온다,如同什么东西溃堤了一般，潮水从机械的结合处喷射而出。
,,,,,,,,
Rikka.Fallen1-81,1－10,「―――～～～～ッッッ♥お゛お゛ッお゛お゛お゛ッ♥♥♥♥お゛ッ♥」,「―――～～～～ッッッ♥お゛お゛ッお゛お゛お゛ッ♥♥♥♥お゛ッ♥」,「―――～～～～！！！嗚喔！嗚喔喔喔喔！♥♥♥♥嗚！♥」,"""―――～～～～♥♥♥♥♥♥♥♥♥♥♥♥♥♥ ♥♥♥♥♥♥""","""—!!!♥ OHHH! OHHHHH!♥♥♥♥ OHH!♥""",「―――~~~~윽♥오옷 오옷 옷오옷 오옷 오옷 옷♥♥♥♥오옷 옷♥」,「―――～～～～！！！呜喔！呜喔喔喔喔！♥♥♥♥呜！♥」
,,,,,,,,
,,,,,,,,
,,,,,,,,
Rikka.Fallen1-82,,プシュウウウウッッッ♥♥♥,プシュウウウウッッッ♥♥♥,噗咻嗚嗚嗚嗚！！♥♥♥,Psshhhhhhhh ♥♥♥♥♥♥♥♥♥♥♥♥,Splassssssssh♥,푸슈우우우웃♥♥♥,噗咻呜呜呜呜！！♥♥♥
,,,,,,,,
Rikka.Fallen1-83,六花,「―――――――ッッッッ♥♥♥♥♥♥」,「―――――――ッッッッ♥♥♥♥♥♥」,「————————！！♥♥♥♥♥♥」,"""―――――――ッッCOPY01""",""".....Nnnnn♥♥""",「―――――――윽♥♥♥♥♥♥」,「————————！！♥♥♥♥♥♥」
,,,,,,,,
,,,,,,,,
,,,,,,,,
Rikka.Fallen1-84,,「お゛ぁっ♥、えあっ♥、お゛お゛っ♥――――――――」,「お゛ぁっ♥、えあっ♥、お゛お゛っ♥――――――――」,「嗚啊！♥，欸啊！♥，嗚喔喔！♥————————」,"""Oooh ♥, ehh ♥, oooh ♥ ――――――――""","""Ohhhh♥ Ahhhhh♥ Ohhhhhhhhhh♥""","「오옷 앗♥, 에앗♥, 오옷 오옷 옷♥――――――――」",「呜啊！♥，欸啊！♥，呜喔喔！♥————————」
,,,,,,,,
,,,,,,,,
,,,,,,,,
Rikka.Fallen1-85,六花,「お゛っ♥―――――っ―――――」,「お゛っ♥―――――っ―――――」,「嗚！♥—————！—————」,"""Oh ♥――――――――― ―""","""OHHHHHHHHH♥""",「오옷 옷♥―――――윽―――――」,「呜！♥—————！—————」
,,,,,,,,
Rikka.Fallen1-86,,ガクッ、ピクッ、ピクッ,ガクッ、ピクッ、ピクッ,咯噔、抽搐、抽搐,"Wiggle, jerk, jerk.","Throb, twitch, twitch","가쿳, 피큿, 피큿",咯噔、抽搐、抽搐
,,,,,,,,
Rikka.Fallen1-87,,機械の抽挿が続いているにも関わらず、六花の体は力なく痙攣するだけになる,機械の抽挿が続いているにも関わらず、六花の体は力なく痙攣するだけになる,儘管機械的抽插仍在繼續，六花的身體卻只是無力地痙攣著。,"Rikka's body only twitches without effort, despite the continued mechanical insertion.","Despite the machine's continued thrusting, Rikka's body could only convulse weakly.","기계의 왕복 운동이 계속됨에도 불구하고, 릿카의 몸은 힘없이 경련할 뿐이다",尽管机械的抽插仍在继续，六花的身体却只是无力地痉挛着。
,,,,,,,,
Rikka.Fallen1-88,023号,「…おや、もう気絶してしまいました。まあデータは取れましたが」,「…おや、もう気絶してしまいました。まあデータは取れましたが」,「…哎呀，已經昏厥了。不過數據已經採集到了。」,"""...oh, I've already passed out. Well, I did get some data.""","Oh my, she's already passed out. Well, we got the data though.""","「…어머, 벌써 기절해버렸군요. 뭐 데이터는 얻었지만」",「…哎呀，已经昏厥了。不过数据已经采集到了。」
,,,,,,,,
Rikka.Fallen1-89,023号,「どうやらオリジナルの方がクローンより性感には弱いようですね。これも聖核戦姫の特性なのでしょうか」,「どうやらオリジナルの方がクローンより性感には弱いようですね。これも聖核戦姫の特性なのでしょうか」,「看來原型對性快感的耐受性確實比克隆人要弱。這也是聖核戰姬的特性嗎？」,"""It seems that the original is less sexually active than the clone. Is this another characteristic of the Seikaku Princess?""","""It seems the original is weaker to sexual stimulation than the clones. I wonder if this is also a characteristic of Holy Core Battlemaidens.""",「아무래도 오리지널 쪽이 클론보다 성감에는 약한 것 같군요. 이것도 성핵전희의 특성인 걸까요」,「看来原型对性快感的耐受性确实比克隆要弱。这也是圣核战姬的特性吗？」
,,,,,,,,
Rikka.Fallen1-90,,「まあいいでしょう。この調子なら研究は順調に進みそうです。オリジナルには今後も頑張ってもらいましょう」,「まあいいでしょう。この調子なら研究は順調に進みそうです。オリジナルには今後も頑張ってもらいましょう」,「算了，沒關係。照這個情況，研究似乎會順利進行。原型今後也會繼續努力的。」,"""I'm sure it's going to be fine. At this rate, the research is going well. Let's keep up the good work on the original.""","""Well, that's fine. At this rate, the research seems to be progressing smoothly. Let's have the original continue working hard for us.""",「뭐 좋습니다. 이 상태라면 연구는 순조롭게 진행될 것 같습니다. 오리지널에게는 앞으로도 힘써줘야겠군요」,「算了，没关系。照这个情况，研究似乎会顺利进行。原型今后也会继续努力的。」
,,,,,,,,
,,,,,,,,
闇堕ちシーン２,,,,,,,,
Rikka.Fallen2-1,,財団地下研究施設にて,財団地下研究施設にて,財團地下研究設施內,At the Foundation's underground research facility,At the Foundation's underground research facility,재단 지하 연구 시설에서,财团地下研究设施内
,,,,,,,,
Rikka.Fallen2-2,六花,「ひっぎぃいぃいっ、お゛お゛お゛お゛ッ！！」,「ひっぎぃいぃいっ、お゛お゛お゛お゛ッ！！」,「噫、呀啊啊啊啊啊啊啊、喔喔喔喔喔喔喔！！」,"""Hi―gi―yi―yi―yi―yi―yi―yi―yi―yi―yi―yi―yi―yi―yi!""","""Giiiih, ohhhhh!!""","「히익기이이잇, 오옷 오옷 오옷 오옷 옷!!」",「噫、呀啊啊啊啊啊啊啊、喔喔喔喔喔喔喔！！」
,Rikkadarkness1-10,,,,,,,
Rikka.Fallen2-3,023号,「では既定回数絶頂したので本日のデータ収集は終わりになります」,「では既定回数絶頂したので本日のデータ収集は終わりになります」,「好，已經達到預定高潮次數，今天的資料收集到此為止。」,"""Then, having climaxed a predetermined number of times, today's data collection will come to an end.""","""You've come enough times to meet the quota, so today's data collection is finished.""",「그럼 규정 횟수 절정했으므로 오늘의 데이터 수집은 끝입니다」,「好，已经达到预定高潮次数，今天的数据收集到此为止。」
,,,,,,,,
Rikka.Fallen2-4,六花,(耐え…るっ…！、ここで諦めたらっ、明穂を救えなくなるっ！),(耐え…るっ…！、ここで諦めたらっ、明穂を救えなくなるっ！),(忍……住……！要是在這裡放棄，就救不了明穗了！),"(I will endure...I will endure...! If I give up now, I won't be able to save Akiho!)","(I have to... endure...! If I give up here, I won't be able to save Akiho!)","(견…뎌야 해…!, 여기서 포기하면, 아키호를 구할 수 없게 돼!)",(忍……住……！，要是在这里放弃，就救不了明穗了！)
,,,,,,,,
Rikka.Fallen2-5,Rikka darkness1-10(2),「はあっ、はあっ、……もう終わり？慣れてきたし、こんなの続けても意味ないと思うけど？」,「はあっ、はあっ、……もう終わり？慣れてきたし、こんなの続けても意味ないと思うけど？」,「呼、呼……已經結束了？我已經習慣了，再這樣下去也沒意義吧？」,"""'Ha, ha, ...... are we done? I'm getting used to it, and I don't see the point in continuing this?""","""Hah, hah... is that it? I'm getting used to it, so I don't think continuing this would mean anything?""","「하앗, 하앗, ……이제 끝이야? 익숙해졌고, 이런 거 계속해도 의미 없을 것 같은데?」",「呼、呼、……已经结束了？我已经习惯了，再这样下去也没意义吧？」
,,,,,,,,
Rikka.Fallen2-6,023号,「ああ、言い忘れていました、本日でデータ収集は終わりになります」,「ああ、言い忘れていました、本日でデータ収集は終わりになります」,「啊，我忘了說，今天的資料收集會是最後一次。」,"""Oh, I forgot to mention that today marks the end of data collection.""","""Ah, I forgot to mention—today marks the end of our data collection.""","「아아, 말씀드리는 것을 잊었습니다, 오늘로 데이터 수집은 끝입니다」",「啊，我忘了说，今天的数据收集会是最后一次。」
,,,,,,,,
Rikka.Fallen2-7,六花,「えっ？……ふん、もう諦めた？」,「えっ？……ふん、もう諦めた？」,「咦？……哼，你們已經放棄了嗎？」,"""What?"" ...... hmmm, have you given up?""","""Eh? ...Hmph, you're giving up already?""","「엣?…… 흥, 이제 포기했어?」",「咦？……哼，你们已经放弃了吗？」
,,,,,,,,
Rikka.Fallen2-8,023号,「いいえ。あなたから得られるデータに価値がなくなったからです」,「いいえ。あなたから得られるデータに価値がなくなったからです」,「不。是因為能從妳身上獲得的資料已經沒有價值了。」,"""No. It's because the data we get from you is no longer of value."" Because the data we get from you is no longer valuable.""","""No. It's because the data we can obtain from you has lost its value.""",「아니요. 당신에게서 얻을 수 있는 데이터에 가치가 없어졌기 때문입니다」,「不。是因为能从你身上获得的数据已经没有价值了。」
,,,,,,,,
Rikka.Fallen2-9,六花,「……っ！、それってどういう意味…？」,「……っ！、それってどういう意味…？」,「……！，這話是什麼意思……？」,"""......! What does that mean...?""","""What do you mean by that...?""","「……윽!, 그게 무슨 의미…?」",「……！，这话是什么意思……？」
,,,,,,,,
Rikka.Fallen2-10,023号,「文字通りの意味です。あなたから得た聖核データでクローンに強化手術を施しました」,「文字通りの意味です。あなたから得た聖核データでクローンに強化手術を施しました」,「就是字面上的意思。我們已經利用從妳身上得到的聖核資料，為克隆人進行了強化手術。」,"""I mean that literally. We performed enhancement surgery on the clone with the sacred core data we got from you.""","""Exactly what it sounds like. We performed enhancement surgery on clones using the Holy Core data obtained from you.""",「문자 그대로의 의미입니다. 당신에게서 얻은 성핵 데이터로 클론에게 강화 수술을 했습니다」,「就是字面上的意思。我们已经利用从你身上得到的圣核数据，为克隆人进行了强化手术。」
,,,,,,,,
Rikka.Fallen2-11,,「データによれば既に私の戦闘能力はオリジナルを上回っています」,「データによれば既に私の戦闘能力はオリジナルを上回っています」,「根據數據，我的戰鬥能力已經超越了原型。」,"""According to the data, my fighting ability already exceeds that of the original.""","""According to the data, my combat ability already exceeds that of the original.""",「데이터에 따르면 이미 제 전투 능력은 오리지널을 상회하고 있습니다」,「根据数据，我的战斗能力已经超越了原版。」
,,,,,,,,
Rikka.Fallen2-12,六花,「なっ！、ふざけないでっ！そんなわけがないっ！」,「なっ！、ふざけないでっ！そんなわけがないっ！」,「什麼！別開玩笑了！不可能！」,"""Nah! Don't be silly! That's not possible!""","""What! Don't mess with me! There's no way that's true!""","「뭣!, 웃기지 마! 그럴 리가 없어!」",「什么！，别开玩笑了！不可能！」
,,,,,,,,
Rikka.Fallen2-13,023号,「拘束は外します。もはや必要がなくなりましたので」,「拘束は外します。もはや必要がなくなりましたので」,「我會解除對妳的拘束。因為已經不再需要了。」,"""The restraints will be removed. There is no longer a need for them.""","""I'm removing your restraints. They're no longer necessary.""",「구속은 풀겠습니다. 이제 필요가 없어졌으므로」,「我会解除对你的拘束。因为已经不再需要了。」
,,,,,,,,
Rikka.Fallen2-14,六花,「……っ！」,「……っ！」,「……！」,"""......!""","""...!""",「……윽!」,「……！」
,暗転ーアジト,,,,,,,
Rikka.Fallen2-15,六花(立ち絵),(―――落ち着いて、とりあえず拘束は外れた。それにいくら強化されたからってクローン程度ッ),(―――落ち着いて、とりあえず拘束は外れた。それにいくら強化されたからってクローン程度ッ),(―――冷靜下來，總之拘束解除了。而且就算被強化了，也不過是區區克隆人！),"(―――Calm down, the restraints are off for now. And no matter how much they've been enhanced, they're still only clones.)","(Calm down. At least the restraints are off. And no matter how enhanced it is, it's still just a clone...)","(―――진정해, 일단 구속은 풀렸어. 그리고 아무리 강화되었다고 해도 클론 따위)",(―――冷静下来，总之拘束解除了。而且就算被强化了，也不过是区区克隆人！)
,,,,,,,,
Rikka.Fallen2-16,六花,「……わざわざ拘束を外して、何するつもり？」,「……わざわざ拘束を外して、何するつもり？」,「……特地解除拘束，妳打算做什麼？」,"""...... what are you going to do when you go to all the trouble of removing the restraints?""","""...You went to the trouble of removing my restraints. What are you planning?""","「……일부러 구속을 풀고, 뭘 할 생각이야?」",「……特地解除拘束，你打算做什么？」
,,,,,,,,
Rikka.Fallen2-17,023号,「直接あなたと戦闘して実験を完了させるためです」,「直接あなたと戦闘して実験を完了させるためです」,「是為了直接和妳戰鬥，完成實驗。」,"""'To combat you directly and complete the experiment.""","""To fight you directly and complete the experiment.""",「직접 당신과 전투하여 실험을 완료하기 위해서입니다」,「是为了直接和你战斗，完成实验。」
,,,,,,,,
Rikka.Fallen2-18,,「もし私があなたに勝てたら我々の実験は成功したと言っていいでしょう」,「もし私があなたに勝てたら我々の実験は成功したと言っていいでしょう」,「如果我能戰勝妳，就代表我們的實驗成功了。」,"""If I can beat you, I'd say our experiment has been a success.""","""If I can defeat you, we can say our experiment was a success.""",「만약 제가 당신에게 이긴다면 저희 실험은 성공했다고 말할 수 있겠죠」,「如果我能战胜你，就代表我们的实验成功了。」
,,,,,,,,
Rikka.Fallen2-19,六花,「……正気？いくら強化したからって偽物のクローン一人で聖核戦姫に勝てるとでも？」,「……正気？いくら強化したからって偽物のクローン一人で聖核戦姫に勝てるとでも？」,「……妳瘋了嗎？就算強化了，妳一個虛假的克隆人，以為能贏過聖核戰姫嗎？」,"""I'm sure you've heard of the ""...... Are you insane? Do you really think a single fake clone, no matter how enhanced, can beat the Seikaku Princess?""","""...Are you sane? Do you really think one fake clone can beat a Holy Core Battlemaiden just because it's been enhanced?""",「……제정신이야? 아무리 강화했다고 해도 가짜 클론 혼자서 성핵전희에게 이길 수 있다고?」,「……你疯了吗？就算强化了，你一个伪物的克隆人，以为能赢过圣核战姫吗？」
,,,,,,,,
Rikka.Fallen2-20,023号,「そうですね、実際に聖核戦姫と戦うのは初めてなので。想定外のことがあるかもしれません」,「そうですね、実際に聖核戦姫と戦うのは初めてなので。想定外のことがあるかもしれません」,「說得也是，畢竟是第一次和聖核戰姫實際戰鬥，或許會有預料之外的情況發生。」,"""Well, this is the first time I've actually fought the Seikaku Princess. There might be something unexpected.""","""That's true. This is the first time I'll actually fight a Holy Core Battlemaiden. There might be some unexpected developments.""","「그렇군요, 실제로 성핵전희와 싸우는 것은 처음이라서요. 예상 밖의 일이 있을지도 모릅니다」",「说得也是，毕竟是第一次和圣核战姫实际战斗。或许会有预料之外的情况发生。」
,,,,,,,,
Rikka.Fallen2-21,六花,「っ、馬鹿にして！変身！聖核戦姫、コード：サファイア！」,「っ、馬鹿にして！変身！聖核戦姫、コード：サファイア！」,「竟然瞧不起人！變身！聖核戰姫，代號：藍寶石！」,"""I said, ""Fool me! Transformation! Seikaku Princess, Code: Sapphire!""","""Don't mock me! Transform! Holy Core Battlemaiden, Code: Sapphire!""","「윽, 바보 취급하지 마! 변신! 성핵전희, 코드: 사파이어!」",「可恶、瞧不起人！变身！圣核战姫，代号：蓝宝石！」
,,,,,,,,
Rikka.Fallen2-22,六花,「私をわざわざ開放するなんて油断し過ぎ！待ってて明穂っ、今行くからっ！」,「私をわざわざ開放するなんて油断し過ぎ！待ってて明穂っ、今行くからっ！」,「妳竟然特地放開我，真是太大意了！等我一下明穗，我馬上就去救妳！」,"""You are too careless to bother opening me up! Wait for me, Akiho, I'm coming!""","""Releasing me like this is way too careless! Wait for me, Akiho! I'm coming now!""","「나를 일부러 풀어주다니 너무 방심했어! 기다려 아키호, 지금 갈게!」",「你竟然特地放开我，真是太大意了！等我一下明穗，我马上就去救你！」
,,,,,,,,
,暗転,,,,,,,
,,,,,,,,
Rikka.Fallen2-23,,023号と水無瀬六花が戦闘を開始してから3分後――――,023号と水無瀬六花が戦闘を開始してから3分後――――,在023號與水無瀨六花開始戰鬥後3分鐘――,Three minutes after No. 023 and Minase Rikka started fighting: ――――,Three minutes after 023 and Rikka Minase began their battle...,023호와 미나세 릿카가 전투를 시작한 지 3분 후――――,在023号与水无濑六花开始战斗后3分钟――
,,,,,,,,
Rikka.Fallen2-24,六花(ダメージ),「ぐうっ、！このッ…！」,「ぐうっ、！このッ…！」,「唔，可惡……！」,"""Ugh...! This...!""","""Guuh! This...!""","「크윽,! 이…!」",「唔、可恶……！」
,,,,,,,,
Rikka.Fallen2-25,,(コイツッ、これまでのクローンよりかなり強い！、パワーもスピードもこれまでと比べ物にならないッ),(コイツッ、これまでのクローンよりかなり強い！、パワーもスピードもこれまでと比べ物にならないッ),(這傢伙，比至今為止的克隆人都還要強得多！，力量和速度都無法相提並論！),(This guy is much stronger than the previous clones! The power and speed are incomparable to the previous ones.),(This... It's much stronger than the previous clones! Its power and speed are incomparable to before!),"(이 녀석, 지금까지의 클론보다 훨씬 강해!, 파워도 스피드도 지금까지와 비교도 안 돼!)",(这家伙、比至今为止的克隆人都还要强得多！，力量和速度都无法相提并论！)
,,,,,,,,
Rikka.Fallen2-26,,(―――――――まさか、コイツ本当に私よりっ…！？),(―――――――まさか、コイツ本当に私よりっ…！？),(―――――――難道說，這傢伙真的比我……！？),(――――――― I can't believe he's really better than me...!),(...Could it really be stronger than me...?!),"(―――――――설마, 이 녀석 정말 나보다…!?)",(―――――――难道说，这家伙真的比我……！？)
,,,,,,,,
Rikka.Fallen2-27,023号,「それで全力ですか？私は今50％ほどの力しか出していませんが」,「それで全力ですか？私は今50％ほどの力しか出していませんが」,「這就是妳的全力嗎？我現在只發揮了五成的力量而已。」,"""Is that all you can do? I'm only giving about 50% right now.""","""Is that all you've got? I'm only using about 50% of my strength right now.""",「그걸로 전력입니까? 저는 지금 50％ 정도의 힘밖에 내지 않고 있습니다만」,「这就是你的全力吗？我现在只发挥了五成的力量而已。」
,,,,,,,,
Rikka.Fallen2-28,六花,「なっ！？、そんなわけがっ！はあっ！」,「なっ！？、そんなわけがっ！はあっ！」,「什麼！？這不可能！哈啊！」,"""What? How is that possible? Huh!""","""What?! That can't be! Hah!""","「뭣!?, 그럴 리가! 하앗!」",「什么！？，这不可能！哈！」
,,,,,,,,
Rikka.Fallen2-29,023号,「……がっかりですね。これ手を抜いて戦う意味もないですし、もう倒してしまいましょう」,「……がっかりですね。これ手を抜いて戦う意味もないですし、もう倒してしまいましょう」,「……真令人失望。既然如此，也沒必要手下留情了，直接將妳擊倒吧。」,"""I'm disappointed in ....... There's no point in cutting corners and fighting this, let's just beat it already.""","""...How disappointing. There's no point in holding back anymore. I'll just defeat you now.""","「……실망스럽군요. 이걸로 봐줄 필요도 없으니, 이제 쓰러뜨리도록 하죠」",「……真令人失望。既然如此，也没必要手下留情了，直接将你击倒吧。」
,,,,,,,,
Rikka.Fallen2-30,六花,「――――ぐうっ！？、舐めないでっ！私は聖核戦姫っ！、こんな所で負けるわけには―――――ゴガッ！？」,「――――ぐうっ！？、舐めないでっ！私は聖核戦姫っ！、こんな所で負けるわけには―――――ゴガッ！？」,「――――唔！？別小看我！我是聖核戰姫！我絕不能在這種地方輸給―――――哇啊！？」,"""―――― Geez! Don't lick me! I am the Seikaku Princess! I can't be defeated in a place like this. ――――― Goggach!""","""Guuh! Don't underestimate me! I'm a Holy Core Battlemaiden! I can't lose in a place like this—GAHH?!""","「――――크윽!?, 얕보지 마! 나는 성핵전희!, 이런 곳에서 질 수는―――――커헉!?」",「――――唔！？、别小看我！我是圣核战姫！，我绝不能在这种地方输给―――――哇啊！？」
,,,,,,,,
Rikka.Fallen2-31,,六花の顔面に023号の脚が直撃し、頭から壁に吹き飛ばされる,六花の顔面に023号の脚が直撃し、頭から壁に吹き飛ばされる,023號的腳正面踢中六花的臉部，將她撞飛到牆上。,Rikka's face is hit by leg #023 and she is blown head first into the wall.,"023's leg struck Rikka's face directly, sending her flying head-first into the wall.","릿카의 안면에 023호의 다리가 직격하고, 머리부터 벽으로 날아간다",023号的脚正面踢中六花的脸部，将她撞飞到墙上。
,,,,,,,,
Rikka.Fallen2-32,六花,「ぐっ…、ガハッ…！？」,「ぐっ…、ガハッ…！？」,「咳……嘔噁……！？」,"""Gahhh...!""","""Guh... gahh...?!""","「크윽…, 커헉…!?」",「咳……、呕恶……！？」
,,,,,,,,
Rikka.Fallen2-33,023号,「あっけない…もう変身が解けてしまいました。想定以下でしたね」,「あっけない…もう変身が解けてしまいました。想定以下でしたね」,「真是不堪一擊……這麼快就解除變身了。比預想中的還要弱。」,"""It's too easy...I've already lost my transformation. It was less than I expected.""","""How anticlimactic... your transformation already wore off. You were below expectations.""",「허무하군… 벌써 변신이 풀려버렸습니다. 예상 이하였군요」,「真是不堪一击……这么快就解除变身了。比预想中的还要弱。」
,,,,,,,,
Rikka.Fallen2-34,023号,「生憎ですが、現在では全てのクローン戦闘員が私と同等の戦闘力を持っています」,「生憎ですが、現在では全てのクローン戦闘員が私と同等の戦闘力を持っています」,「很遺憾，目前所有的克隆戰鬥員都擁有和我同等的戰鬥力。」,"""'Unfortunately, all clone fighters are now equal in combat power to me.""","""Unfortunately for you, all clone soldiers now possess combat abilities equal to mine.""","「공교롭게도, 현재로서는 모든 클론 전투원이 저와 동등한 전투력을 가지고 있습니다」",「很遗憾，目前所有的克隆战斗员都拥有和我同等的战斗力。」
,,,,,,,,
Rikka.Fallen2-35,六花,「ガハッ、…っ、そん…な！？」,「ガハッ、…っ、そん…な！？」,「嘔、噁……！怎……麼會！？」,"""","""That can't be...?!""","「커헉, …윽, 그…런!?」",「呕、恶……！、怎……么会！？」
,,,,,,,,
Rikka.Fallen2-36,023号,「というわけでオリジナル、もはやここから逃げることは不可能です。まして笹谷明穂の救出など夢のまた夢でしょう」,「というわけでオリジナル、もはやここから逃げることは不可能です。まして笹谷明穂の救出など夢のまた夢でしょう」,「所以說原型，妳已經不可能從這裡逃走了。更不用說要救出笹谷明穗，那簡直是癡人說夢。」,"""So, original, it is impossible for you to escape from here. And it would be a dream come true to rescue Sasaya Akiho.""","""So you see, Original, escaping from here is now impossible. Much less rescuing Akiho Sasaya, which has become nothing more than a dream.""","「그런 이유로 오리지널, 이제 여기서 도망치는 것은 불가능합니다. 하물며 사사야 아키호 구출은 꿈같은 이야기겠죠」",「所以说原版，你已经不可能从这里逃走了。更不用说要救出笹谷明穗，那简直是痴人说梦。」
,,,,,,,,
Rikka.Fallen2-37,023号,「もはやあなたには何の価値も無いですが…そうですね、二つ選択肢を与えます」,「もはやあなたには何の価値も無いですが…そうですね、二つ選択肢を与えます」,「雖然妳已經沒有任何價值了……不過，好吧，我給妳兩個選擇。」,"""You are no longer of any value to me, but yes, I will give you two choices.""","""You no longer have any value to us, but... well, I'll give you two choices.""","「이제 당신에게는 아무 가치도 없습니다만… 그렇군요, 두 가지 선택지를 드리겠습니다」",「虽然你已经没有任何价值了……不过，好吧，我给你两个选择。」
,,,,,,,,
Rikka.Fallen2-38,六花,「――――っ、な、なに？」,「――――っ、な、なに？」,「――――妳、妳說什麼？」,"""――――, what, what?""","""—W-what?""","「――――윽, 무, 무엇?」",「――――、你、你说什么？」
,,,,,,,,
Rikka.Fallen2-39,023号,「一つは最後まで聖核戦姫として私と戦い、ここで儚く散るか」,「一つは最後まで聖核戦姫として私と戦い、ここで儚く散るか」,「一個是身為聖核戰姫，與我戰鬥到最後，然後在這裡淒美地消逝。」,"""One will fight me as the Seikaku Princess until the end, and then fleetingly scatter here.""","""One is to fight me to the end as a Holy Core Battlemaiden and die a fleeting death here.""","「하나는 마지막까지 성핵전희로서 저와 싸우고, 여기서 덧없이 흩어지는가」",「一个是身为圣核战姫，与我战斗到最后，然后在这里凄美地消逝。」
,,,,,,,,
Rikka.Fallen2-40,,「―――――そしてもう一つは我々の戦闘員の一人として財団へ永遠の忠誠を誓うかです」,「―――――そしてもう一つは我々の戦闘員の一人として財団へ永遠の忠誠を誓うかです」,「―――――另一個是成為我們戰鬥員的一份子，永遠效忠於財團。」,"""――――― and the other is whether you will pledge undying loyalty to the Foundation as one of our fighters.""","""The other is to swear eternal loyalty to the Foundation as one of our soldiers.""",「―――――그리고 다른 하나는 저희 전투원 중 한 명으로서 재단에 영원한 충성을 맹세하는가입니다」,「―――――另一个是成为我们战斗员的一份子，永远效忠于财团。」
,,,,,,,,
Rikka.Fallen2-41,六花,「―――っ、そんなのっ、出来るわけがないっ！」,「―――っ、そんなのっ、出来るわけがないっ！」,「―――辦、辦不到！，我怎麼可能……！」,"""I can't do that!""","""I could never do something like that!""","「―――윽, 그런 건, 할 수 있을 리가 없어!」",「―――办、办不到！，我怎么可能……！」
,,,,,,,,
Rikka.Fallen2-42,023号,「これは最大限の情けです。散々私達を苦しめたあなたを許し、更には私達の一員として迎え入れてあげようというのですから」,「これは最大限の情けです。散々私達を苦しめたあなたを許し、更には私達の一員として迎え入れてあげようというのですから」,「這已經是最大限度的仁慈了。允許飽受我們折磨的妳，甚至接納妳成為我們的一員。」,"""This is the utmost mercy. ""This is the utmost mercy. We forgive you for all the pain you have caused us, and even welcome you as one of our own.""","""This is the greatest mercy. We're forgiving you for all the damage you've done to us, and even welcoming you as one of our own.""","「이것은 최대한의 자비입니다. 실컷 저희를 괴롭힌 당신을 용서하고, 나아가 저희의 일원으로 맞아들이겠다는 것이니까요」",「这已经是最大限度的仁慈了。允许饱受我们折磨的你，甚至接纳你成为我们的一员。」
,,,,,,,,
Rikka.Fallen2-43,,「それとも聖核戦姫の誇りを選びますか？それなら今すぐとどめを刺してあげますが」,「それとも聖核戦姫の誇りを選びますか？それなら今すぐとどめを刺してあげますが」,「還是說妳要選擇聖核戰姫的榮耀？如果是那樣，我現在就送妳上路。」,"""Or do you choose the pride of the Seikaku Princess? Then I'll finish you off right now.""","""Or will you choose the pride of a Holy Core Battlemaiden? If so, I'll finish you off right now.""",「아니면 성핵전희의 긍지를 선택하시겠습니까? 그렇다면 지금 바로 숨통을 끊어드리겠습니다만」,「还是说你要选择圣核战姫的荣耀？如果是那样，我现在就送你上路。」
,,,,,,,,
Rikka.Fallen2-44,六花,「っ！………そんなこと、でもっ！」,「っ！………そんなこと、でもっ！」,「可惡！………怎麼會，但是！」,"""! ......... that's not even...!""","""...I can't do something like that!""","「윽!……… 그런 일, 하지만!」",「可恶！………怎么会，但是！」
,,,,,,,,
Rikka.Fallen2-45,023号,「早く決めてください。死にたいですか？」,「早く決めてください。死にたいですか？」,「快點做出決定。想死嗎？」,"""Decide quickly. Do you want to die?""","""Decide quickly. Do you want to die?""",「빨리 결정하십시오. 죽고 싶습니까?」,「快点做出决定。想死吗？」
,,,,,,,,
Rikka.Fallen2-46,六花,「……っ！、わかり、…ましたっ…！」,「……っ！、わかり、…ましたっ…！」,「……！我、我明白了……！」,"""I'm at ......! I understand... yes...!""","""...I under... stand...!""","「……윽!, 알, …겠습니다…!」",「……！、我、我明白了……！」
,,,,,,,,
Rikka.Fallen2-47,,「私……、水無瀬六花は、財団に忠誠を………誓います」,「私……、水無瀬六花は、財団に忠誠を………誓います」,「我……水無瀨六花，願意向財團……宣誓忠誠。」,"""I, ......, Minase Rikka, pledge allegiance ......... to the Foundation.""","""I... Rikka Minase... swear loyalty to the Foundation.""","「저……, 미나세 릿카는, 재단에 충성을……… 맹세합니다」",「我……水无濑六花，愿意向财团……宣誓忠诚。」
,,,,,,,,
Rikka.Fallen2-48,,「どうか、…私をっ、皆様の一員として、戦わせてください……！」,「どうか、…私をっ、皆様の一員として、戦わせてください……！」,「拜託了，請、請讓我成為你們的一員，為你們戰鬥……！」,"""Please...let me fight as one of you ......!""","""Please... let me fight as one of your members!","「부디, …저를, 여러분의 일원으로, 싸우게 해주십시오……!」",「拜托了、请、请让我成为你们的一员，为你们战斗……！」
,,,,,,,,
Rikka.Fallen2-49,023号,「そうですか。しかしそれだけでは信用できませんね」,「そうですか。しかしそれだけでは信用できませんね」,「是嗎。但光憑這樣還無法讓人信任呢。」,"""I see. But I wouldn't trust it on its own.""","""I see. However, that alone isn't enough to trust you.""",「그렇습니까. 하지만 그것만으로는 신용할 수 없군요」,「是吗。但光凭这样还无法让人信任呢。」
,,,,,,,,
Rikka.Fallen2-50,洗脳の絵,「なっ、なんでっ！？」,「なっ、なんでっ！？」,「為、為什麼！？」,"""What?""","""What, why?!""","「뭣, 왜!」",「什、为什么！？」
,,,,,,,,
Rikka.Fallen2-51,,「私達を欺くために嘘をついているだけかもしれませんから。今から洗脳調整を行います」,「私達を欺くために嘘をついているだけかもしれませんから。今から教育調整を行います」,「妳有可能只是為了欺騙我們而說謊。現在就要進行教育調整。」,"""They may just be lying to deceive us. Now we're going to do a brainwashing adjustment.""","""You might just be lying to deceive us. You'll have to be re-educated now.""",「저희를 속이기 위해 거짓말을 하고 있을 뿐일지도 모르니까요. 지금부터 세뇌 조정을 하겠습니다」,「你有可能只是为了欺骗我们而说谎。现在就要进行教育调整。」
,,,,,,,,
Rikka.Fallen2-52,六花,「なっ、そんなっ！？」,「なっ、そんなっ！？」,「怎、怎麼會這樣！？」,"""Oh, no, no, no, no!""","""What, no way!""","「뭣, 그런!」",「什么、怎么会这样！？」
,暗転,,,,,,,
Rikka.Fallen2-53,Rikka darkness2-1,「記憶と自我を9割ほど消滅させて我々クローン戦闘員と同様の状態に調整します」,「記憶と自我を9割ほど消滅させて我々クローン戦闘員と同様の状態に調整します」,「將記憶和自我九成左右消滅，調整到和我們克隆戰鬥員相同的狀態。」,"""We're going to wipe out about 90% of their memories and ego, and adjust them to a state similar to that of our clone fighters.""","""We'll erase about 90% of your memories and ego, adjusting you to the same state as our clone soldiers.""",「기억과 자아를 9할 정도 소멸시켜 저희 클론 전투원과 동일한 상태로 조정합니다」,「将记忆和自我九成左右消灭，调整到和我们克隆战斗员相同的状态。」
,,,,,,,,
Rikka.Fallen2-54,,「それに今のままでは戦力としても弱すぎますからね。戦闘力も我々と同水準に引き上げます」,「それに今のままでは戦力としても弱すぎますからね。戦闘力も我々と同水準に引き上げます」,「而且，妳現在的戰力也太弱了。戰鬥力也會提升到和我們相同的水平。」,"""And as it is now, it's too weak as a fighting force. We will bring your fighting strength up to the same level as ours.""","""Besides, you're too weak as you are now. We'll raise your combat prowess to the same level as ours.""",「게다가 지금 상태로는 전력으로서 너무 약하니까요. 전투력도 저희와 같은 수준으로 끌어올립니다」,「而且，你现在的战力也太弱了。战斗力也会提升到和我们相同的水平。」
,,,,,,,,
Rikka.Fallen2-55,,「そんなのって、いやだっ！、私が私じゃなくなるっ！」,「そんなのって、いやだっ！、私が私じゃなくなるっ！」,「這種事，我不要！我會變得不是我了！」,"""I don't want to do that! I'm not me anymore!""","""I don't want that! I won't be me anymore!""","「그런 거, 싫어!, 내가 내가 아니게 돼!」",「这种事、我不要！，我会变得不是我了！」
,,,,,,,,
Rikka.Fallen2-56,,「我々に忠誠を誓ったのですから何も文句はないでしょう？それともやはり今ここで――――」,「我々に忠誠を誓ったのですから何も文句はないでしょう？それともやはり今ここで――――」,「既然對我們宣誓了忠誠，就沒有什麼好抱怨的吧？還是說妳果然想現在就――――」,"""You have nothing to complain about since you have pledged your allegiance to us, right? Or is it still the case here and now ――――""","""You swore loyalty to us, so you have no complaints, right? Or would you rather...""",「저희에게 충성을 맹세했으니 아무 불만 없을 텐데요? 아니면 역시 지금 여기서――――」,「既然对我们宣誓了忠诚，就没有什么好抱怨的吧？还是说你果然想现在就――――」
,,,,,,,,
Rikka.Fallen2-57,六花,「ヒッ、わかりましたっ！、改造を受け入れますっ」,「ヒッ、わかりましたっ！、改造を受け入れますっ」,「噫！我明白了！我接受改造！」,"""I understand! I accept the modification.""","""Eek, I understand! I'll accept the modification!""","「히익, 알겠습니다!, 개조를 받아들이겠습니다!」",「噫！我明白了！、我接受改造！」
,,,,,,,,
Rikka.Fallen2-58,,「覚悟が決まったようで何よりです。それでは早速改造プログラムを起動します」,「覚悟が決まったようで何よりです。それでは早速改造プログラムを起動します」,「既然妳下定決心，那真是再好不過了。那麼馬上啟動改造程式。」,"""I'm glad you're ready to go. I will now launch the modification program.""","""It's good that you've made up your mind. Now let's start the modification immediately.""",「각오가 선 것 같아 다행입니다. 그럼 즉시 개조 프로그램을 기동합니다」,「既然你下定决心，那真是再好不过了。那么马上启动改造程式。」
,,,,,,,,
Rikka.Fallen2-59,Rikka daekness2-2,そして六花の頭がヘルメットのような洗脳装置で覆われる,そして六花の頭がヘルメットのような教育装置で覆われる,接著六花的頭被一個像頭盔一樣的教育裝置覆蓋。,And Rikka's head is covered with a brainwashing device like a helmet.,Rikka's head was covered with a helmet-like re-educating device.,그리고 릿카의 머리가 헬멧 같은 세뇌 장치로 덮인다,接着六花的头被一个像头盔一样的教育装置覆盖。
,,,,,,,,
Rikka.Fallen2-60,六花,「なっ！なにっ！？」,「なっ！なにっ！？」,「這、這是什麼！？」,"""What? What?""","""What! What is this?!""",「뭣! 뭐얏!」,「什、这是什么！？」
,,,,,,,,
Rikka.Fallen2-61,023号,「これより洗脳手術および強化手術を開始します。聖核戦姫としての水無瀬六花はこれで終わりです」,「これより教育手術および強化手術を開始します。聖核戦姫としての水無瀬六花はこれで終わりです」,「現在開始進行教育手術以及強化手術。水無瀨六花身為聖核戰姫的身份到此為止。」,"""Brainwashing and enhancement surgeries will now begin. This is the end of Minase Rikka as the Seikaku Princess.""","""We'll now begin the re-educating and enhancement surgery. This is the end of Rikka Minase as a Holy Core Battlemaiden.""",「이제부터 세뇌 수술 및 강화 수술을 개시합니다. 성핵전희로서의 미나세 릿카는 이걸로 끝입니다」,「现在开始进行教育手术以及强化手术。水无濑六花身为圣核战姫的身份到此为止。」
,,,,,,,,
Rikka.Fallen2-62,六花,(っ、諦めたらだめっ！、洗脳に耐えられればまだ道はあるはずっ！),(っ、諦めたらだめっ！、教育に耐えられればまだ道はあるはずっ！),(不能放棄！只要能忍耐過教育，應該還有路可走！),"(Don't give up! If you can withstand the brainwashing, there is still a way!)","(I can't give up! If I can endure the re-educating, there will be another way!)","(윽, 포기하면 안 돼!, 세뇌에 견딜 수 있다면 아직 길은 있을 거야!)",(可恶、不能放弃！，只要能忍耐过教育，应该还有路可走！)
,,,,,,,,
Rikka.Fallen2-63,Rikka darkness2-3,洗脳装置が赤い光を放ち、マスクの中で六花の脳にレーザーが照射される,教育装置が赤い光を放ち、マスクの中で六花の脳にレーザーが照射される,教育裝置發出紅光，面罩內對六花的大腦照射雷射。,Brainwashing device emits red light and lasers Rikka's brain inside the mask,"The re-educating device a emitted red light, and lasers were fired at Rikka's brain inside the mask.","세뇌 장치가 붉은 빛을 발하며, 마스크 안에서 릿카의 뇌에 레이저가 조사된다",教育装置发出红光，面罩内对六花的大脑照射雷射。
,,,,,,,,
Rikka.Fallen2-64,六花,「ひっぎぃいぃいっっっ！！！、お゛お゛っ？？！！」,「ひっぎぃいぃいっっっ！！！、お゛お゛っ？？！！」,「噫，呀啊啊啊啊啊啊啊！！！喔喔喔喔喔喔喔？？！！」,"""Hi―gi―yi―yi―yi―yi―yi―yi! ""OHHHHHH?!!!""","""Giiiih! Ohhh?!""","「히익기이이이잇!!!, 오옷 오옷 옷??!!」",「噫、呀啊啊啊啊啊啊啊！！！、喔喔喔喔喔喔喔？？！！」
,,,,,,,,
Rikka.Fallen2-65,,「うお゛っ！？、あたまがあっ、こわれるっ～～～♥♥！？」,「うお゛っ！？、あたまがあっ、こわれるっ～～～♥♥！？」,「嗚喔！？頭、頭要爆炸了～～～♥♥！？」,"""Oh my god! My head is breaking~~~♥♥♥?""","""Ooooh?! My head is breaking♥♥""","「우오옷 옷!?, 머리가앗, 부서져~~~♥♥!?」",「呜喔！？、头、头要爆炸了～～～♥♥！？」
,,,,,,,,
Rikka.Fallen2-66,023号,「ある程度苦痛があるかもしれませんが我慢してください。戦闘員としての任務です」,「ある程度苦痛があるかもしれませんが我慢してください。戦闘員としての任務です」,「可能會伴隨一定的痛苦，請忍耐。這是身為戰鬥員的任務。」,"""You may experience a certain amount of pain, but please bear with it. It is your duty as a combatant.""","""There may be some pain, but please endure it. It's your duty as a soldier.""",「어느 정도 고통이 있을지도 모르겠습니다만 참아주십시오. 전투원으로서의 임무입니다」,「可能会伴随一定的痛苦，请忍耐。这是身为战斗员的任务。」
,,,,,,,,
Rikka.Fallen2-67,,「では並行して聖核の変換も行います。我々の最適化された疑似聖核に近いものにして戦闘力を向上させます」,「では並行して聖核の変換も行います。我々の最適化された疑似聖核に近いものにして戦闘力を向上させます」,「那麼同時進行聖核的轉換。將其轉換為接近我們最佳化後的擬似聖核，提升戰鬥力。」,"""Then, in parallel, we will transform the Seikaku. We will make it closer to our optimized pseudo―Seikaku to improve its combat power.""","""We'll also perform Holy Core conversion at the same time. We'll make it similar to our optimized pseudo-Holy Core to improve your combat prowess.""",「그럼 병행하여 성핵 변환도 하겠습니다. 저희의 최적화된 유사 성핵에 가까운 것으로 만들어 전투력을 향상시킵니다」,「那么同时进行圣核的转换。将其转换为接近我们最佳化后的拟似圣核，提升战斗力。」
,Rikka darkness2-4,,,,,,,
Rikka.Fallen2-68,六花,「ほお゛お゛っ？！」,「ほお゛お゛っ？！」,「喔喔喔喔喔？！」,"""Ho―oh―oh―oh―oh?""","""Hohhh?!""",「호오옷 오옷 옷?!」,「喔喔喔喔喔？！」
,,,,,,,,
Rikka.Fallen2-69,,ビシュッッ、バチバチバチッ！,ビシュッッ、バチバチバチッ！,嘶――啪滋啪滋啪滋！,Bish bish bish bish bish bish bish bish bish bish bish bish bish bish bish bish bish bish!,"Bzzzz, crackle, crackle!","비슛, 바치바치바칫!",嘶――、啪滋啪滋啪滋！
,,,,,,,,
Rikka.Fallen2-70,,「並行して子宮付近から聖核を変換します。体と頭両方からでは刺激が強いでしょうが耐えてください」,「並行して子宮付近から聖核を変換します。体と頭両方からでは刺激が強いでしょうが耐えてください」,「同時從子宮附近轉換聖核。身體和頭部同時受到刺激會非常強烈，請忍耐。」,"""In parallel, we will convert the sac nucleus from the uterine area. It will be very stimulating from both the body and the head, but please bear with it.""","""We'll convert the Holy Core from near your womb in parallel. The stimulation from both body and head will be intense, but please endure it.""",「병행하여 자궁 부근에서 성핵을 변환합니다. 몸과 머리 양쪽에서 자극이 강하겠지만 견뎌주십시오」,「同时从子宫附近转换圣核。身体和头部同时受到刺激会非常强烈，请忍耐。」
,,,,,,,,
Rikka.Fallen2-71,Rikka darknass2-5,「ひっぎいいいいっ！！むりい゛っ！とめて゛ぇっ！」,「ひっぎいいいいっ！！むりい゛っ！とめて゛ぇっ！」,「噫、呀啊啊啊啊啊啊啊！！辦不到！快停下來啊！」,"""I'm going to be so sick of it! ""No, no, no, no! Stop!""","""Hygggghhhh! I can't! Stop it!""",「히익기이이이잇!! 무리잇옷 ! 멈춰줘옷 엣!」,「噫、呀啊啊啊啊啊啊啊！！办不到！快停下来啊！」
,,,,,,,,
Rikka.Fallen2-72,,「聖核の99.9％の変換が完了するのが12時間後ですね。それでは12時間後新しいあなたに会えることを楽しみにしています」,「聖核の99.9％の変換が完了するのが12時間後ですね。それでは12時間後新しいあなたに会えることを楽しみにしています」,「聖核99.9％的轉換會在12小時後完成。那麼，我很期待12小時後能見到全新的妳。」,"""I see that the conversion of 99.9% of the Seikaku will be completed in 12 hours. So I look forward to seeing the new you in 12 hours.""","""99.9% conversion of the Holy Core will be complete in twelve hours. I look forward to meeting the new you in 12 hours.""",「성핵의 99.9％ 변환이 완료되는 것은 12시간 후입니다. 그럼 12시간 후 새로운 당신을 만날 것을 기대하고 있겠습니다」,「圣核九成九的转换会在十二小时后完成。那么，我很期待十二小时后能见到全新的你。」
六花闇堕ち３,,,,,,,,
Rikka.Fallen3-1,023号,「ある程度苦痛があるかもしれませんが我慢してください。戦闘員としての任務です」,「ある程度苦痛があるかもしれませんが我慢してください。戦闘員としての任務です」,「可能會伴隨一定的痛苦，請忍耐。這是身為戰鬥員的任務。」,"""You may experience a certain amount of pain, but please bear with it. It is your duty as a combatant.""","""There may be some pain, but please endure it. It's your duty as a soldier.""",「어느 정도 고통이 있을지도 모르겠습니다만 참아주십시오. 전투원으로서의 임무입니다」,「可能会伴随一定的痛苦，请忍耐。这是身为战斗员的任务。」
,,,,,,,,
Rikka.Fallen3-2,Rikka darkness3-1,「では並行して聖核の変換も行います。我々の最適化された疑似聖核に近いものにして戦闘力を向上させます」,「では並行して聖核の変換も行います。我々の最適化された疑似聖核に近いものにして戦闘力を向上させます」,「那麼我將同時進行聖核的轉換。將其轉換為接近我們最佳化後的擬似聖核，提升戰鬥力。」,"""Then, in parallel, we will transform the Seikaku. We will make it closer to our optimized pseudo―Seikaku to improve its combat power.""","""We'll also perform Holy Core conversion at the same time. We'll make it similar to our optimized pseudo-Holy Core to improve your combat prowess.""",「그럼 병행하여 성핵 변환도 하겠습니다. 저희의 최적화된 유사 성핵에 가까운 것으로 만들어 전투력을 향상시킵니다」,「那么我将同时进行圣核的转换。将其转换为接近我们最佳化后的拟似圣核，提升战斗力。」
,,,,,,,,
Rikka.Fallen3-3,六花,「ほお゛お゛っ？！」,「ほお゛お゛っ？！」,「喔喔喔喔喔？！」,"""Ho―oh―oh―oh―oh?""","""Hohhh?!""",「호오옷 오옷 옷?!」,「喔喔喔喔喔？！」
,,,,,,,,
Rikka.Fallen3-4,,ビシュッッ、バチバチバチッ！,ビシュッッ、バチバチバチッ！,嘶――啪滋啪滋啪滋！,Bish bish bish bish bish bish bish bish bish bish bish bish bish bish bish bish bish bish!,"Bzzzz, crackle, crackle!","비슛, 바치바치바칫!",嘶――、啪滋啪滋啪滋！
,,,,,,,,
Rikka.Fallen3-5,,「並行して子宮付近から聖核を変換します。刺激が強いでしょうが耐えてください」,「並行して子宮付近から聖核を変換します。刺激が強いでしょうが耐えてください」,「同時從子宮附近轉換聖核。刺激感會很強烈，請忍耐。」,"""In parallel, we will convert the sac nucleus from near the uterus. It will be very stimulating, but please bear with it.""","""We'll convert the Holy Core from near your womb in parallel. The stimulation will be intense, but please endure it.""",「병행하여 자궁 부근에서 성핵을 변환합니다. 자극이 강하겠지만 견뎌주십시오」,「同时从子宫附近转换圣核。刺激感会很强烈，请忍耐。」
,,,,,,,,
Rikka.Fallen3-6,Rikka darkness3-2,「ひっぎいいいいっ！！むりい゛っ！とめて゛ぇっ！」,「ひっぎいいいいっ！！むりい゛っ！とめて゛ぇっ！」,「噫、呀啊啊啊啊啊啊啊！！我做不到！快停下來！」,"""I'm going to be so sick of it! ""No, no, no, no! Stop!""","""Hygggghhhh! I can't! Stop it!""",「히익기이이이잇!! 무리잇옷 ! 멈춰줘옷 엣!」,「噫、呀啊啊啊啊啊啊啊！！我做不到！快停下来！」
,,,,,,,,
Rikka.Fallen3-7,,「あなたの聖核の99.9％の変換が完了するのが12時間後ですね」,「あなたの聖核の99.9％の変換が完了するのが12時間後ですね」,「妳的聖核有99.9％的轉換會在12小時後完成。」,"""I understand that 99.9% of your Seikaku conversion will be complete in 12 hours.""","""99.9% conversion of your Holy Core will be complete in twelve hours.""",「당신의 성핵의 99.9％ 변환이 완료되는 것은 12시간 후입니다」,「你的圣核有九成九的转换会在十二小时后完成。」
,,,,,,,,
Rikka.Fallen3-8,六花,「お゛お゛っ！、まって゛！」,「お゛お゛っ！、まって゛！」,「喔喔喔喔喔！等一下！」,"""Oo―da―da! Hold on!""","""Ohhh! Wait!""","「오옷 오옷 옷!, 기다려옷 !」",「喔喔喔喔喔！、等一下！」
,,,,,,,,
Rikka.Fallen3-9,六花,(このままじゃ死んじゃう！変身して少しでも力をっ！),(このままじゃ死んじゃう！変身して少しでも力をっ！),(再這樣下去我會死掉！我得變身，哪怕只是一點點力量也好！),"(If I don't do this, I'll die! I need to transform and get a little more power!)",(I'll die at this rate! I need to transform and get some power!),(이대로는 죽어버려! 변신해서 조금이라도 힘을!),(再这样下去我会死掉！我得变身，哪怕只是一点点力量也好！)
,Rikka darkness3-3,,,,,,,
Rikka.Fallen3-10,六花,「ひぎぃっ、へんしんっ！、コード：サファイアっ！」,「ひぎぃっ、へんしんっ！、コード：サファイアっ！」,「噫、呀啊！變身！代號：藍寶石！」,""" Code: Sapphire!""","""Hhhhiiigggg, transform! Code: Sapphire!""","「히기잇, 변신!, 코드: 사파이어!」",「噫、呀啊！变身！、代号：蓝宝石！」
,,,,,,,,
Rikka.Fallen3-11,,「ほお゛お゛っ！？」,「ほお゛お゛っ！？」,「喔喔喔喔喔？！」,"""Ho―oh―oh―oh―oh?""","""Whooooaaaahh?!""",「호오옷 오옷 옷!?」,「喔喔喔喔喔？！」
,,,,,,,,
Rikka.Fallen3-12,Rikka darkness3-4,パシュッ！,パシュッ！,啪咻！,Pash!,Flash!,파슛!,啪咻！
,,,,,,,,
Rikka.Fallen3-13,,変身した瞬間、レーザーによって六花の変身はあっけなく解除される,変身した瞬間、レーザーによって六花の変身はあっけなく解除される,變身的瞬間，雷射輕易地將六花的變身解除。,"At the moment of transformation, Rikka's transformation is easily undone by a laser.","The moment she transformed, Rikka's transformation was easily nullified by the laser.","변신한 순간, 레이저에 의해 릿카의 변신은 어이없이 해제된다",变身的瞬间，雷射轻易地将六花的变身解除。
,,,,,,,,
Rikka.Fallen3-14,六花,「お゛お゛っ！？なんでぇっ？！」,「お゛お゛っ！？なんでぇっ？！」,「喔喔喔喔喔！？為什麼啊？！」,"""Oh, oh, oh! Why?""","""Ohhh?! Why?!""",「오옷 오옷 옷!? 왜엣?!」,「喔喔喔喔喔！？为什么啊？！」
,,,,,,,,
Rikka.Fallen3-15,023号,「変身するのは自由ですが体内の聖核エネルギーを使うと変換が加速されより負荷がかかります」,「変身するのは自由ですが体内の聖核エネルギーを使うと変換が加速されより負荷がかかります」,「妳要變身是妳的自由，但使用體內的聖核能量會加速轉換，造成更大的負荷。」,"""You are free to transform, but using the sacred nuclear energy in your body accelerates the transformation and makes it more taxing.""","""You're free to transform, but using the Holy Core energy in your body will accelerate the conversion and put more strain on you.""",「변신하는 것은 자유입니다만 체내의 성핵 에너지를 사용하면 변환이 가속되어 더욱 부하가 걸립니다」,「你要变身是你的自由，但使用体内的圣核能量会加速转换，造成更大的负荷。」
,,,,,,,,
Rikka.Fallen3-16,六花,「ひぎぃっ、そんなぁっ！？」,「ひぎぃっ、そんなぁっ！？」,「噫、呀啊，怎麼會這樣！？」,"""Hi―iiiii, no way!""","""No way!""","「히기잇, 그런!」",「噫、呀啊，怎么会这样！？」
,,,,,,,,
Rikka.Fallen3-17,,「それでは12時間後またお会いしましょう。あなたが立派な戦闘員になるのを楽しみにしています」,「それでは12時間後またお会いしましょう。あなたが立派な戦闘員になるのを楽しみにしています」,「那麼我們十二小時後再見。我很期待妳成為優秀的戰鬥員。」,"""I will see you again in 12 hours. I look forward to seeing you become a great fighter.""","""Well then, let's meet again in twelve hours. I look forward to you becoming a fine soldier.""",「그럼 12시간 후 다시 만나도록 하죠. 당신이 훌륭한 전투원이 되기를 기대하고 있겠습니다」,「那么我们十二小时后再见。我很期待你成为优秀的战斗员。」
,,,,,,,,
Rikka.Fallen3-18,六花,「まって゛っ！やだやだっ！助けてっ！お゛お゛っ！？」,「まって゛っ！やだやだっ！助けてっ！お゛お゛っ！？」,「等一下！不要、不要啊！救命啊！喔喔喔喔喔！？」,"""Stop! No, no, no! Help me! ""Ar―ar―ar―ar―ar!""","""Wait! No no! Help me! Ohhhhhh!""",「기다려옷 ! 싫어싫어! 도와줘! 오옷 오옷 옷!?」,「等一下！不要、不要啊！救命啊！喔喔喔喔喔！？」
,,,,,,,,
Rikka.Fallen3-19,,(――――っ諦めるなっ、まだ負けてないっ！聖核戦姫じゃなくなってもっ、洗脳に12時間耐えればっ！),(――――っ諦めるなっ、まだ負けてないっ！聖核戦姫じゃなくなってもっ、教育に12時間耐えればっ！),(――――不能放棄！還沒有輸！就算不再是聖核戰姫，只要能撐過十二小時的教育！),"(――――) Don't give up, we haven't lost yet! Even if I'm not the Seikaku Princess, if I can endure 12 hours of brainwashing!)","(Don't give up, I haven't lost yet! Even if I'm no longer a Holy Core Battlemaiden, if I can endure the re-education for twelve hours!)","(――――윽 포기하지 마, 아직 지지 않았어! 성핵전희가 아니게 되어도, 세뇌에 12시간 견디면!)",(――――可恶、不能放弃！，还没有输！就算不再是圣核战姫，只要能撑过十二小时的洗教育！)
,,,,,,,,
Rikka.Fallen3-20,,(――――そう、明穂を助けてっ！ここから脱出するっ！),(――――そう、明穂を助けてっ！ここから脱出するっ！),(――――對，要救明穗！從這裡逃出去！),(―――― so help me Akiho! I'm getting out of here!),"(...That's right, I'll save Akiho! I'll escape from here!)","(――――그래, 아키호를 구하고! 여기서 탈출하는 거야!)",(――――对，要救明穗！从这里逃出去！)
,,,,,,,,
Rikka.Fallen3-21,,(それまでっ―――――絶対負けないっ！),(それまでっ―――――絶対負けないっ！),(在那之前―――――絕對不能輸！),"(Until then, I'll never lose ―――――!)",(Until then—I absolutely can't lose!),(그때까지―――――절대 지지 않아!),(在那之前―――――绝对不能输！)
,,,,,,,,
Rikka.Fallen3-22,暗転,―――――――1時間後,―――――――1時間後,―――――――一小時後,―――――――1 hours later,1 hour later...,―――――――1시간 후,―――――――一小时后
,,,,,,,,
Rikka.Fallen3-23,,「お゛お゛っ！くうっ、――――はあっ、ぐっ！」,「お゛お゛っ！くうっ、――――はあっ、ぐっ！」,「喔喔喔喔喔！嗚――――呼、咳！」,"""Ooooooh! Ugh, ―――― is ah, ggh!""","""Ohhhhh! Kuuughhh.. Haaaa...""","「오옷 오옷 옷! 크윽, ――――하앗, 큭!」",「喔喔喔喔喔！呜、――――呼、咳！」
,,,,,,,,
Rikka.Fallen3-24,,(まけっ、ない！私はっ……耐えてっ！帰るんだっ！),(まけっ、ない！私はっ……耐えてっ！帰るんだっ！),(不能…輸！我……要忍耐！要回去！),"(No, no, no, no, no! I'm going to ...... endure! I'm going home!)",(Can't... lose! I will endure this... and go home!),"(지지, 않아! 나는…… 견뎌서! 돌아가는 거야!)",(不能、输！我……要忍耐！要回去！)
,,,,,,,,
Rikka.Fallen3-25,,(それでっ、また明穂とっ！放課後にカフェに行ったりしてっ！),(それでっ、また明穂とっパトロールの後にカフェに行ったりしてっ！),(然後，再和明穗在巡邏之後去咖啡廳！),"(So, Akiho again! We went to a café after school!)",(And then go to a cafe with Akiho after our patrol!),"(그래서, 또 아키호랑 순찰 후에 카페에 가거나 해서!)",(然后、再和明穗在巡逻之后去咖啡厅之类的！)
,,,,,,,,
Rikka.Fallen3-26,,(――――――必ずっ！),(――――――必ずっ！),(――――――一定要！),(―――――― without fail!),(...I will!),(――――――반드시!),(――――――一定要！)
,,,,,,,,
Rikka.Fallen3-27,,―――――――３時間後,―――――――３時間後,―――――――三小時後,―――――――3 hours later,Three hours later...,―――――――３시간 후,―――――――三小时后
,,,,,,,,
Rikka.Fallen3-28,,「はあっ、はっ、はっ、ひぐっううっ、はあっ！」,「はあっ、はっ、はっ、ひぐっううっ、はあっ！」,「呼、哈、哈、噫、嗚嗚、哈！」,"""Hah, ha, ha, higgghhhh!""","""Haaa.. Haaa... Hiiigigg... Haaaa...""","「하앗, 핫, 핫, 히긋으으윽, 하앗!」",「呼、哈、哈、噫、呜呜、哈！」
,,,,,,,,
Rikka.Fallen3-29,,(わたし……は、聖核戦姫っ、で、耐え……て、戦う………――――誰…と？),(わたし……は、聖核戦姫っ、で、耐え……て、戦う………――――誰…と？),(我……是，聖核戰姫…所以…要忍耐……然後…戰鬥………――――跟誰……戰鬥？),"(I ...... am a Seikaku Princess, and I endure ...... and fight ......... ―――― who...?)",(I... am... a... Holy Core Battlemaiden... I will... endure and... fight... against who?),"(나……는, 성핵전희, 이고, 견뎌…서, 싸운다………――――누구…와?)",(我……是，圣核战姫、所以、要忍耐……然后、战斗………――――跟谁……战斗？)
,,,,,,,,
Rikka.Fallen3-30,,(明穂……を助ける……強くなって……外に出て？…その後は……？),(明穂……を助ける……強くなって……外に出て？…その後は……？),(救明穗……變強……逃出去？…然後呢……？),(Meho ...... help ...... become stronger ...... and go out ......? ...and then ......?),(Help... Akiho... Become stronger... Get out... And then what?),(아키호……를 구한다…… 강해져서…… 밖으로 나가서?… 그 후에는……?),(救明穗……变强……逃出去？…然后呢……？)
,,,,,,,,
Rikka.Fallen3-31,暗転,―――――――6時間後,―――――――6時間後,―――――――六小時後,―――――――6 hours later,Six hours later...,―――――――6시간 후,―――――――六小时后
,,,,,,,,
Rikka.Fallen3-32,,ヂリヂリヂリヂリッ！,ヂリヂリヂリヂリッ！,滋哩滋哩滋哩滋哩！,Jiri jiri jiri jiri!,Crackle!,찌리찌리찌리찌리잇!,滋哩滋哩滋哩滋哩！
,,,,,,,,
Rikka.Fallen3-33,Rikka darkness3-2,「―――――ふうっ、はあっ、ん゛、ふう……」,「―――――ふうっ、はあっ、ん゛、ふう……」,「―――――呼、哈、嗯、呼……」,"""――――― Fuuuh, hah, dang, fuuuh ......""","""...Huh... Haaaa... Nnnn...""","「―――――후웃, 하앗, 응옷 , 후우……」",「―――――呼、哈、嗯、呼……」
,,,,,,,,
Rikka.Fallen3-34,,(………ずっとレーザーお腹に照射されてるのに、もうあまり痛くない…？),(………ずっとレーザーお腹に照射されてるのに、もうあまり痛くない…？),(………雷射一直照射在腹部，但怎麼已經不太痛了……？),"(......... all the way down to the laser being irradiated on my stomach, and it doesn't hurt much anymore...?)","(The laser has been firing at my stomach, but it doesn't hurt much anymore...?)","(………계속 레이저 배에 조사되고 있는데, 이제 별로 아프지 않아…?)",(………雷射一直照射在腹部，但怎么已经不太痛了……？)
,,,,,,,,
Rikka.Fallen3-35,,(これなら最後まで耐えられるっ、耐えて……？何をするんだっけ？),(これなら最後まで耐えられるっ、耐えて……？何をするんだっけ？),(這樣的話就能撐到最後了，忍耐著……？要做什麼來著？),"(I can endure this to the end, endure ......? What's that supposed to do?)",(If I can endure until the end... Endure... And then what?),"(이러면 끝까지 견딜 수 있어, 견뎌서……? 뭘 하는 거였지?)",(这样的话就能撑到最后了、忍耐着……？要做什么来着？)
,,,,,,,,
Rikka.Fallen3-36,,(そうだ…戦闘プログラムをインストールして……行動の最適化をして……そうすれば強くなれて……？),(そうだ…戦闘プログラムをインストールして……行動の最適化をして……そうすれば強くなれて……？),(對了…安裝戰鬥程式……進行行動最佳化……這樣就能變強……？),(Yes... install a combat program ...... to optimize your actions ...... so you can get stronger and ...... ?)),"(That's right, install the combat program and optimize my actions... And then I'll become stronger...)",(그래… 전투 프로그램을 설치해서…… 행동을 최적화하고…… 그러면 강해져서……?),(对了…安装战斗程式……进行行动最佳化……这样就能变强……？)
,,,,,,,,
Rikka.Fallen3-37,,(―――――違うっ！私は水無瀬六花！、聖核戦姫のコード：サファイア……？で……？),(―――――違うっ！私は水無瀬六花！、聖核戦姫のコード：サファイア……？で……？),(―――――不對！我是水無瀨六花！聖核戰姫的代號：藍寶石……？然後呢……？),"(――――― No, I'm not! I am Minase Rikka! I'm Rikka Mizunase! and ......?)","(No! I'm Rikka Minase, Holy Core Battlemaiden Code: Sapphire! And?)","(―――――아니! 나는 미나세 릿카!, 성핵전희의 코드: 사파이어……? 이고……?)",(―――――不对！我是水无濑六花！、圣核战姫的代号：蓝宝石……？然后呢……？)
,,,,,,,,
Rikka.Fallen3-38,,(……そう！聖核戦姫だからっ！戦って！助けるっ！―――――助ける？…………誰を？),(……そう！聖核戦姫だからっ！戦って！助けるっ！―――――助ける？…………誰を？),(……對！因為我是聖核戰姫！要戰鬥！要拯救！―――――拯救？…………拯救誰？),(...... so! It's the Seikaku Princess! Fight! I'll help you! ――――― help? ............ help who?),"(Yes, I'm a Holy Core Battlemaiden! I'll fight! I'll help others! Help? Who?)",(……그래! 성핵전희니까! 싸워서! 구한다!―――――구한다?…………누구를?),(……对！因为我是圣核战姫！要战斗！要拯救！―――――拯救？…………拯救谁？)
,,,,,,,,
Rikka.Fallen3-39,,(っ！とりあえず…今ならレーザーにも耐えられる……変身してっ……),(っ！とりあえず…今ならレーザーにも耐えられる……変身してっ……),(可惡！總之…現在好像能忍受雷射了……變身吧……),(Phew! Anyway... now I can withstand lasers ...... transform ......),(Now that I can tolerate the laser... I'll transform!),(윽! 일단… 지금이라면 레이저에도 견딜 수 있어…… 변신해서……),(可恶！总之…现在好像能忍受雷射了……变身吧……)
,,,,,,,,
Rikka.Fallen3-40,,(―――――――変身？………何に？……どうやって……？),(―――――――変身？………何に？……どうやって……？),(―――――――變身？………變成什麼？……該怎麼做……？),(――――――― transformation? ......... into what? ...... how ......?),(...Transform? Into what? How?),(―――――――변신?……… 무엇으로?…… 어떻게……?),(―――――――变身？………变成什么？……该怎么做……？)
,,,,,,,,
Rikka.Fallen3-41,暗転,―――――――10時間後,―――――――10時間後,―――――――十小時後,―――――――10 hours later,Ten hours later...,―――――――10시간 후,―――――――十小时后
,,,,,,,,
Rikka.Fallen3-42,Rikka darkness3-5,ジリジリジリ…,ジリジリジリ…,滋哩滋哩滋哩……,"Jiggle, jiggle, jiggle...",Bzzzzz...,지리 지리 지리…,滋哩滋哩滋哩……
,,,,,,,,
Rikka.Fallen3-43,,「―――――――………？」,「―――――――………？」,「―――――――………？」,"""―――――――...... ...?""","""...?""",「―――――――………?」,「―――――――………？」
,,,,,,,,
Rikka.Fallen3-44,,(……状態適合率……85％),(……状態適合率……85％),(……狀態適合率……85%),(...... state conformance rate ......85%),(...Status adaptation rate... 85%...),(……상태 적합률……85％),(……状态适合率……85%)
,,,,,,,,
Rikka.Fallen3-45,,(腹部が心地いい……。……ええと……何故私はここにいるのでしょうか？),(腹部が心地いい……。……ええと……何故私はここにいるのでしょうか？),(腹部好舒服……。……那個……我為什麼會在這裡呢？),(The abdomen is comfortable ....... ...... uh ...... why am I here?),(My abdomen feels fine... Why am I here?),(복부가 기분 좋다……. ……음…… 왜 나는 여기에 있는 걸까요?),(腹部好舒服……。……那个……我为什么会在这里呢？)
,,,,,,,,
Rikka.Fallen3-46,,(……そう！私は戦うために今ここにいます……誰と……？),(……そう！私は戦うために今ここにいます……誰と……？),(……對！我現在在這裡是為了戰鬥……跟誰……？),(...... so! I am here now to fight ...... with whom ......?),"(That's right, I'm here to fight! Against who, though?)",(……그래! 나는 싸우기 위해 지금 여기에 있습니다…… 누구와……?),(……对！我现在在这里是为了战斗……跟谁……？)
,,,,,,,,
Rikka.Fallen3-47,,(それに私の名前は……？名前？それが必要？),(それに私の名前は……？名前？それが必要？),(還有我的名字是……？名字？那有必要嗎？),(And my name is ......? Your name? Is that necessary?),(And my name is... Name? Is that necessary?),(그리고 내 이름은……? 이름? 그게 필요한가?),(还有我的名字是……？名字？那有必要吗？)
,,,,,,,,
Rikka.Fallen3-48,,(私は…聖核戦姫で……？聖核戦姫？……私が倒すべき敵……？),(私は…聖核戦姫で……？聖核戦姫？……私が倒すべき敵……？),(我是…聖核戰姫……？聖核戰姫？……是我應該打倒的敵人……？),(I'm... ...... at the Seikaku Princess? Seikaku Princess? ...... the enemy I must defeat......?),(I am a... Holy Core Battlemaiden... Holy Core Battlemaidens? Are they my enemies?),(나는… 성핵전희이고……? 성핵전희?…… 내가 쓰러뜨려야 할 적……?),(我是…圣核战姫……？圣核战姫？……是我应该打倒的敌人……？)
,,,,,,,,
Rikka.Fallen3-49,,(このレーザーが心地良い……。でも何でしょう？何かがこの心地よさを阻害します？),(このレーザーが心地良い……。でも何でしょう？何かがこの心地よさを阻害します？),(這個雷射很舒服……。但這是什麼？有什麼東西在阻礙這份舒適？),(This laser is comfortable ....... But what is it? Something inhibits this comfort?),(The laser feels great... But why? Is someone stopping me from enjoying this?),(이 레이저가 기분 좋다……. 하지만 뭘까요? 무언가가 이 기분 좋음을 방해합니다?),(这个雷射很舒服……。但这是什么？有什么东西在阻碍这份舒适？)
,,,,,,,,
Rikka.Fallen3-50,,(…………なにかやらなければいけないことがあるような気が……？),(…………なにかやらなければいけないことがあるような気が……？),(…………總覺得好像有什麼必須要做的事……？),(............I feel like something needs to be done ......?),(...I feel like there's something I must do...),(…………뭔가 해야 할 일이 있는 것 같은 기분이……?),(…………总觉得好像有什么必须要做的事……？)
,,,,,,,,
Rikka.Fallen3-51,,(―――――そう！笹谷明穂！……笹谷明穂？我々に捕らえられた聖核戦姫の一人……？),(―――――そう！笹谷明穂！……笹谷明穂？我々に捕らえられた聖核戦姫の一人……？),(―――――對！笹谷明穗！……笹谷明穗？是被我們組織捕獲的聖核戰姫之一……？),(――――― Yes! Sasaya Akiho! ...... Sasaya Akiho? One of the Seikaku Princesses captured by us ......?),(That's right! Akiho Sasaya! Akiho Sasaya? One of the Holy Core Battlemaidens we caught...),(―――――그래! 사사야 아키호!…… 사사야 아키호? 우리에게 붙잡힌 성핵전희 중 한 명……?),(―――――对！笹谷明穗！……笹谷明穗？是被我们组织捕获的圣核战姫之一……？)
,,,,,,,,
Rikka.Fallen3-52,,(……データ照合。……既に捕獲、改造済のためデータは必要ありません……？),(……データ照合。……既に捕獲、改造済のためデータは必要ありません……？),(……資料核對。……已經被捕獲，改造完畢，所以不需要她的資料了……？),(...... data collation. No data needed as ...... already captured and modified ......?),"(Data verification. Already captured and modified, so data is not necessary.)","(……데이터 대조.…… 이미 포획, 개조 완료되었으므로 데이터는 필요 없습니다……?)",(……数据核对。……已经被捕获、改造完毕，所以不需要她的数据了……？)
,,,,,,,,
Rikka.Fallen3-53,,(―――――想定外のエラー……？当該聖核戦姫のデータの削除を要請……？),(―――――想定外のエラー……？当該聖核戦姫のデータの削除を要請……？),(―――――預料之外的錯誤……？請求刪除該聖核戰姫的資料……？),(――――― unexpected error ......? Request for deletion of the data of the said Seikaku Princess ......?),(Unexpected error...? Requesting to delete the Holy Core Battlemaiden's data?),(―――――예상 밖의 에러……? 해당 성핵전희 데이터 삭제 요청……?),(―――――预料之外的错误……？请求删除该圣核战姫的数据……？)
,,,,,,,,
Rikka.Fallen3-54,,(――――――――実行しますか？),(――――――――実行しますか？),(――――――――要執行嗎？),(Do you want to run ――――――――?),(...Execute?),(――――――――실행하시겠습니까?),(――――――――要执行吗？)
,,,,,,,,
Rikka.Fallen3-55,,(…………………),(…………………),(…………………),(.....................),(...),(…………………),(…………………)
,,,,,,,,
Rikka.Fallen3-56,,―――――――12時間後,―――――――12時間後,―――――――十二小時後,―――――――12 hours later,Twelve hours later...,―――――――12시간 후,―――――――十二小时后
,,,,,,,,
Rikka.Fallen3-57,Rikka darkness 3-6,ジリジリジリッ……パシュウウウウ―――――,ジリジリジリッ……パシュウウウウ―――――,滋哩滋哩滋哩……啪咻嗚嗚嗚―――――,Jiri jiri jiri ...... pashu wu wu wu ―――――,Bzzzz... Pshhhhh...,지리 지리 지릿……파슈우우우―――――,滋哩滋哩滋哩……啪咻呜呜呜―――――
,,,,,,,,
Rikka.Fallen3-58,六花,「……………………？」,「……………………？」,「……………………？」,"""........................?""","""...?""",「……………………?」,「……………………？」
,,,,,,,,
Rikka.Fallen3-59,,改造室の中にクローンが入ってくる,改造室の中にクローンが入ってくる,克隆人走進改造室,A clone comes into the remodeling room.,Clones came into the modification room.,개조실 안에 클론이 들어온다,克隆人走进改造室
,Rikka darkness 3-７,,,,,,,
Rikka.Fallen3-60,023号,「……洗脳進行度99.9％……聖核変換割合99.99％……改造は終了です。お疲れさまでした」,「……教育進行度99.9％……聖核変換割合99.99％……改造は終了です。お疲れさまでした」,「……教育進度99.9％……聖核轉換比例99.99％……改造結束了。辛苦妳了。」,"""...... Brainwashing Progress 99.9% ...... Seikaku Conversion Percentage 99.99% ...... modification is finished. Thank you for your hard work.""","""...Re-educating at 99.9%. Holy Core conversion at 99.99%. Modification complete. You've done well.""",「……세뇌 진행도 99.9％…… 성핵 변환 비율 99.99％…… 개조는 종료입니다. 수고하셨습니다」,「……教育进度百分之九十九点九……圣核转换比例百分之九十九点九九……改造结束了。辛苦你了。」
,,,,,,,,
Rikka.Fallen3-61,六花,「……………は……い」,「……………は……い」,「……………是……」,"""............... is .......""","""Yes...""",「……………넷」,「……………是……」
,,,,,,,,
Rikka.Fallen3-62,023号,「……調整直後でまだ意識がはっきりしていないようですね」,「……調整直後でまだ意識がはっきりしていないようですね」,「……剛調整完畢，看來意識還不太清楚。」,"""You still seem to be in a coma just after the ...... adjustment.""","""Not fully awake after adjustment, it seems.""",「……조정 직후라 아직 의식이 명료하지 않은 것 같군요」,「……刚调整完毕，看来意识还不太清楚。」
,,,,,,,,
Rikka.Fallen3-63,,「大丈夫です。この後戦闘員として近接したナンバーのクローンと共に実動教育プログラムを開始します」,「大丈夫です。この後戦闘員として近接したナンバーのクローンと共に実動教育プログラムを開始します」,「沒關係。之後會開始執行實戰教育課程，與妳相近編號的克隆人一同行動。」,"""It's all right. After this, we will begin the in―service training program with the number clones in close proximity as combatants.""","""This is fine. We'll start her operation program with other clones of the same batch after this.""",「괜찮습니다. 이 후 전투원으로서 인접한 넘버의 클론과 함께 실동 교육 프로그램을 개시합니다」,「没关系。之后会开始执行实战教育课程，与你相近编号的克隆人一同行动。」
,,,,,,,,
Rikka.Fallen3-64,六花,「……………？」,「……………？」,「……………？」,"""...............?""","""...?""",「……………?」,「……………？」
,,,,,,,,
Rikka.Fallen3-65,,「………………了解。――――――指示に従います」,「………………了解。――――――指示に従います」,「………………明白。――――――我會聽從指示。」,""".................. understand. Will follow ―――――― instructions.""","""...Understood. Following orders...""",「………………알겠습니다.――――――지시에 따르겠습니다」,「………………明白。――――――我会听从指示。」
,暗転,,,,,,,
,rikka darkness 3-8,,,,,,,
Rikka.Fallen3-66,023号,「報告します。新たなクローン製造ロット第五期、065号から080号まで16機の調整が完了しました」,「報告します。新たなクローン製造ロット第五期、065号から080号まで16機の調整が完了しました」,「報告。新一批克隆人製造批次第五期，從065號到080號，16機體的調整已經完成。」,"""Report. We have completed the adjustment of 16 new cloning lots, Phase V, 065 through 080.""","""Reporting in. Clones 065 to 080 from the production phase 5 have been adjusted.""","「보고합니다. 새로운 클론 제조 로트 제5기, 065호부터 080호까지 16기의 조정이 완료되었습니다」",「报告。新一批克隆人制造批次第五期，从零六五号到零八零号，十六机体的调整已经完成。」
,,,,,,,,
Rikka.Fallen3-67,005号,「お疲れ様です023号………おや、072号は……」,「お疲れ様です023号………おや、072号は……」,「辛苦了023號………哎呀，072號是……」,"""Good work, #023. ......... Oh, and #072 is .......""","""Well done, 023. As for 072...""","「수고하셨습니다 023호……… 어머, 072호는……」",「辛苦了零二三号………哎呀，零七二号是……」
,,,,,,,,
Rikka.Fallen3-68,023号,「はい、実験の一環としてオリジナルを我々クローンと同水準の戦闘員へと改造しました」,「はい、実験の一環としてオリジナルを我々クローンと同水準の戦闘員へと改造しました」,「是的，作為實驗的一環，我們將原版改造成了與我們克隆人同等水平的戰鬥員。」,"""Yes, as part of the experiment, we converted the originals into fighters of the same caliber as our clones.""","""Yes, sir. As part of the experiment, the original has been modified to reach the same standards as our soldiers.""","「네, 실험의 일환으로서 오리지널을 저희 클론과 같은 수준의 전투원으로 개조했습니다」",「是的，作为实验的一环，我们将原版改造成了与我们克隆人同等水平的战斗员。」
,,,,,,,,
Rikka.Fallen3-69,,「すでに洗脳は完了し、聖核もクローンの疑似聖核に変換されています」,「すでに教育は完了し、聖核もクローンの疑似聖核に変換されています」,「教育已經完成，聖核也被轉換成了克隆人的擬似聖核。」,"""The brainwashing is already complete and the Seikaku has been converted into a cloned pseudo―Seikaku.""","""The re-education is complete, and her Holy Core has been replaced with a pseudo-Holy Core.""","「이미 세뇌는 완료되었고, 성핵도 클론의 유사 성핵으로 변환되었습니다」",「教育已经完成，圣核也被转换成了克隆人的拟似圣核。」
,,,,,,,,
Rikka.Fallen3-70,,「思考体系も戦闘能力もクローンと同一に調整されています」,「思考体系も戦闘能力もクローンと同一に調整されています」,「思考模式和戰鬥能力都調整得和克隆人完全相同。」,"""Both their thought systems and their combat abilities are tuned to be identical to the clones.""","""Her logic and combat prowess are also at the same level as the clones.""",「사고 체계도 전투 능력도 클론과 동일하게 조정되었습니다」,「思考模式和战斗能力都调整得和克隆人完全相同。」
,,,,,,,,
Rikka.Fallen3-71,005号,「…そうですか。では念のためいくつか072号に質問をします」,「…そうですか。では念のためいくつか072号に質問をします」,「…是嗎。那麼為求謹慎，我會向072號提問幾個問題。」,"""I see. Then I'll ask you a few questions on 072 just to be sure.""","""...I see. Let me ask her some questions just in case.""",「…그렇군요. 그럼 만약을 위해 몇 가지 072호에게 질문하겠습니다」,「…是吗。那么为求谨慎，我会向072号提问几个问题。」
,,,,,,,,
Rikka.Fallen3-72,072号,「はっ！」,「はっ！」,「是！」,"""Ha!""","""Yes, sir!""",「핫!」,「是！」
,,,,,,,,
Rikka.Fallen3-73,005号,「072号、あなたの使命を説明しなさい」,「072号、あなたの使命を説明しなさい」,「072號，說明妳的使命。」,"""072, explain your mission.""","""Tell me about your duty, 072.""","「072호, 당신의 사명을 설명하십시오」",「零七二号，说明你的使命。」
,,,,,,,,
Rikka.Fallen3-74,072号,「はっ、私072号はフォーレン財団のクローン戦闘員です」,「はっ、私072号はフォーレン財団のクローン戦闘員です」,「是，我072號是墮落財團的克隆戰鬥員。」,"""Haha, I, #072, am a clone fighter for the Forren Foundation.""","""I am 072, a clone soldier of the Forren Foundation.""","「핫, 저 072호는 폴른 재단의 클론 전투원입니다」",「是，我072号是堕落财团的克隆战斗员。」
,,,,,,,,
Rikka.Fallen3-75,,「私に自我は存在しませんが、一戦闘員として聖核戦姫を捕獲し、我らが組織の支配を拡大に貢献するのが使命です」,「私に自我は存在しませんが、一戦闘員として聖核戦姫を捕獲し、我らが組織の支配を拡大に貢献するのが使命です」,「雖然我沒有自我，但身為一名戰鬥員，我的使命是捕獲聖核戰姫，並為擴大我方組織的支配做出貢獻。」,"""My ego does not exist, but as a combatant, my mission is to capture the Seikaku Princess and help expand our organization's control.""","""I do not have a mind. As a soldier, my duty is to capture Holy Core Battlemaidens and expand the Foundation's reach.""","「저에게 자아는 존재하지 않지만, 한 명의 전투원으로서 성핵전희를 포획하고, 우리 조직의 지배 확대에 공헌하는 것이 사명입니다」",「虽然我没有自我，但身为一名战斗员，我的使命是捕获圣核战姫，并为扩大我方组织的支配做出贡献。」
,,,,,,,,
Rikka.Fallen3-76,005号,「…ではあなたの過去を教えなさい」,「…ではあなたの過去を教えなさい」,「…那麼告訴我妳的過去。」,"""So tell me about your past.""","""...Tell me about your past.""",「…그럼 당신의 과거를 알려주십시오」,「…那么告诉我你的过去。」
,,,,,,,,
Rikka.Fallen3-77,072号,「私には過去は存在しません。クローン製造第5期の戦闘員072号として065号から080号と同時に製造されました」,「私には過去は存在しません。クローン製造第5期の戦闘員072号として065号から080号と同時に製造されました」,「我沒有過去。我是作為克隆人製造第五期的戰鬥員072號，與065號到080號同時製造出來的。」,"""I have no past. I was manufactured at the same time as the clones 065 to 080 as Combatant 072 of the fifth stage of clone manufacturing.""","""I do not have a past. I am 072, a clone soldier of phase 5. I was manufactured alongside clones 065 to 080.""",「저에게는 과거는 존재하지 않습니다. 클론 제조 제5기의 전투원 072호로서 065호부터 080호와 동시에 제조되었습니다」,「我没有过去。我是作为克隆人制造第五期的战斗员072号，与065号到080号同时制造出来的。」
,,,,,,,,
Rikka.Fallen3-78,005号,「そうですか。……では最後に聖核戦姫、笹谷明穂についてあなたの知っている情報を提供しなさい」,「そうですか。……では最後に聖核戦姫、笹谷明穂についてあなたの知っている情報を提供しなさい」,「是這樣啊。……那麼最後，提供妳所知道的關於聖核戰姫，笹谷明穗的情報。」,"""I see. At ......, finally, provide any information you know about the Seikaku Princess, Sasaya Akiho.""","""I see... Last question. Tell us everything you know about the Holy Core Battlemaiden Akiho Sasaya.""","「그렇군요. ……그럼 마지막으로 성핵전희, 사사야 아키호에 대해 당신이 알고 있는 정보를 제공하십시오」",「是这样啊。……那么最后，提供你所知道的关于圣核战姫，笹谷明穗的情报。」
,,,,,,,,
Rikka.Fallen3-79,072号,「――――そのデータは、…………私の記憶域には存在しません」,「――――そのデータは、…………私の記憶域には存在しません」,「――――那個資料…………不存在於我的記憶區中。」,"""―――― that data does not exist in ............ my storage.""","""...I cannot find the data within my storage.""","「――――그 데이터는, …………제 기억 영역에는 존재하지 않습니다」",「――――那个数据，…………不存在于我的记忆区中。」
,,,,,,,,
Rikka.Fallen3-80,005号,「………調整は完了しているようですね」,「………調整は完了しているようですね」,「………看來調整已經完成了。」,"""It appears that the ......... adjustment is complete.""","""Looks like the adjustments are complete.""",「………조정은 완료된 것 같군요」,「………看来调整已经完成了。」
,,,,,,,,
Rikka.Fallen3-81,,「では製造ロット第5期のクローン戦闘員、本日から任務が始まります。」,「では製造ロット第5期のクローン戦闘員、本日から任務が始まります。」,「那麼，製造批次第五期的克隆戰鬥員們，從今天起任務就開始了。」,"""Then clone fighters from production lot #5 will begin their mission today.""","""In that case, clone soldier of phase 5, you will start your mission today.""","「그럼 제조 로트 제5기의 클론 전투원, 오늘부터 임무가 시작됩니다.」",「那么，制造批次第五期的克隆战斗员们，从今天起任务就开始了。」
,,,,,,,,
Rikka.Fallen3-82,,「全ての聖核戦姫を捕え、財団の手足として目的のために存在のすべてを捧げなさい！」,「全ての聖核戦姫を捕え、財団の手足として目的のために存在のすべてを捧げなさい！」,「捕獲所有的聖核戰姫，將妳們的一切都奉獻給財團，作為其手足，為達成目標而存在！」,"""Capture all the Seikaku Princesses and dedicate your entire existence to the cause as a limb of the Foundation!""","""You will devote everything to your duty as a foot soldier of the Foundation, and capture all the Holy Core Battlemaidens!""","「모든 성핵전희를 포획하고, 재단의 수족으로서 목적을 위해 존재의 모든 것을 바치십시오!」",「捕获所有的圣核战姫，将你们的一切都奉献给财团，作为其手足，为达成目标而存在！」
,,,,,,,,
Rikka.Fallen3-83,072号＆他のクローン,「「「「はっ！」」」」,「「「「はっ！」」」」,「「「「是！」」」」,"""「「「「 ha! 」」」」""","""Yes, sir!""",「「「「핫!」」」」,「「「「是！」」」」
,,,,,,,,
,,,,,,,,
,,,,,,,,
,,,,,,,,
,,,,,,,,
,,,,,,,,
,,,,,,,,
,,,,,,,,
Rikka Debauchery Scene１,注釈,淫乱化シーン,淫乱化シーン,,淫乱化シーン,,음란화 이벤트,
Rikka.Debauchery1-1,暗転,水無瀬六花が財団に捕まってからしばらく経った頃。六花は戦闘員に連れ出されていた,水無瀬六花が財団に捕まってからしばらく経った頃。六花は戦闘員に連れ出されていた,水無瀨六花被財團俘虜後過了一段時間。六花被戰鬥員帶了出來。,Some time after Minase Rikka was captured by the Foundation. Rikka was taken out by combatants.,"A while after Rikka Minase was captured by the Foundation, she was taken somewhere by a soldier.",미나세 릿카가 재단에 붙잡힌 지 얼마 지나지 않은 때. 릿카는 전투원에게 끌려나왔다,水无濑六花被财团俘虏后过了一段时间。六花被战斗员带了出来。
,背景　廃墟,,,,,,,
Rikka.Debauchery1-2,六花　制服,「っ、いつまで歩けばいいのっ？、どこへ連れてくつもり！？」,「っ、いつまで歩けばいいのっ？、どこへ連れてくつもり！？」,「還要走多久！要把我帶到哪裡去！？」,"""How long do I have to walk? Where are you taking me?""","""...How much longer do we have to walk? Where are you taking me?""","「윽, 언제까지 걸어야 하는 거야?, 어디로 데려갈 생각이야!?」",「可恶、还要走多久！要把我带到哪里去！？」
,,,,,,,,
Rikka.Debauchery1-3,戦闘員,「…着いたぞ」,「…着いたぞ」,「…到了。」,"""Here we are.""","""We're here.""",「…도착했다」,「…到了。」
,,,,,,,,
Rikka.Debauchery1-4,戦闘員,「とりあえずこの服に着替えろ、そしたら説明してやる」,「とりあえずこの服に着替えろ、そしたら説明してやる」,「總之先換上這套衣服，換好我就會跟妳說明。」,"""Get into these clothes for now, and I'll explain it to you.""","""Put on those clothes and I'll explain.""","「일단 이 옷으로 갈아입어라, 그러면 설명해주지」",「总之先换上这套衣服，换好我就会跟你说明。」
,,,,,,,,
Rikka.Debauchery1-5,六花,「……っ、わかった」,「……っ、わかった」,「……我知道了。」,"""......, okay.""","""...I see.""","「……윽, 알았어」",「……可恶、我知道了。」
,暗転,,,,,,,
Rikka.Debauchery1-6,六花(逆バニー),「なっ、何この服っ！？」,「なっ、何この服っ！？」,「什…這是什麼衣服！？」,"""What's with the clothes?""","""What's with these clothes?!""","「뭣, 뭐야 이 옷!」",「什、这是什么衣服！？」
,,,,,,,,
Rikka.Debauchery1-7,六花,「大事な所…ほとんど隠せてないっ！それに何…ビンゴ？」,「大事な所…ほとんど隠せてないっ！それに何…ビンゴ？」,「重要的地方……幾乎都遮不住！而且這是什麼……賓果？」,"""The important part...it's almost hidden! And what... bingo?""","""It's not hiding any of the important parts! And what's this? Bingo?""",「중요한 부분… 거의 가리지 못하잖아! 게다가 뭐… 빙고?」,「重要的地方……几乎都遮不住！而且这是什么……宾果？」
,,,,,,,,
Rikka.Debauchery1-8,戦闘員,「お前にはこれから財団に出資してくれる金持ちVIP共の前でショーをやってもらう」,「お前にはこれから財団に出資してくれる金持ちVIP共の前でショーをやってもらう」,「妳接下來要為那些出資贊助財團的有錢VIP們表演一場秀。」,"""You are going to put on a show in front of all the rich VIPs who are going to fund the foundation.""","""You're going to do a show in front of the VIPs that invest in us.""",「너에게는 이제부터 재단에 출자해주는 부자 VIP들 앞에서 쇼를 하게 될 거다」,「你接下来要为那些出资赞助财团的有钱VIP们表演一场秀。」
,,,,,,,,
Rikka.Debauchery1-9,六花,「なっ、この格好で人の前に立つなんてっ！嘘でしょ！？」,「なっ、この格好で人の前に立つなんてっ！嘘でしょ！？」,「什麼！要我穿成這樣站在人前！騙人的吧！？」,"""I can't believe I'm standing in front of people looking like this! Lies!""","""Dressed like this? You must be joking.""","「뭣, 이 모습으로 사람들 앞에 서라니! 거짓말이지!?」",「什么！要我穿成这样站在人前！骗人的吧！？」
,,,,,,,,
Rikka.Debauchery1-10,戦闘員,「あ？立つだけじゃねえぞ？ショーをやってもらうんだからな」,「あ？立つだけじゃねえぞ？ショーをやってもらうんだからな」,「啊？不只是站著而已喔？是要妳表演一場秀。」,"""What? You ain't just gonna stand there, okay? We're going to have you put on a show.""","""Not just that, you're going to do the show.""",「아? 서는 것만이 아니야? 쇼를 하게 될 거니까」,「啊？不只是站着而已喔？是要你表演一场秀。」
,,,,,,,,
Rikka.Debauchery1-11,戦闘員,「あと準備が必要だからな、ちょっとケツこっちに向けろ」,「あと準備が必要だからな、ちょっとケツこっちに向けろ」,「還有，需要做點準備，屁股轉過來一下。」,"""And we need to get ready, so turn your ass around a little bit.""","""And we need to prepare, so turn around and show me your butt.""","「그리고 준비가 필요하니까, 잠깐 엉덩이 이쪽으로 돌려」",「还有，需要做点准备，屁股转过来一下。」
,,,,,,,,
Rikka.Debauchery1-12,六花,「なっ、なんでお尻っ、ちょっと何それっ、やめて―――――」,「なっ、なんでお尻っ、ちょっと何それっ、やめて―――――」,「為、為什麼是屁股，等一下那是什麼？不要―――」,"""What's up with the buttocks?""","""My butt? Why? Wait...""","「뭣, 왜 엉덩이, 잠깐 뭐야 그건, 그만둬―――――」",「什、为什么是屁股、等一下那是什么、不要―――」
,,,,,,,,
Rikka.Debauchery1-13,暗転,そして30分ほどして準備が整い、六花はステージの上に立つ,そして30分ほどして準備が整い、六花はステージの上に立つ,大約三十分鐘後準備工作結束，六花站上了舞台。,"And after about half an hour, Rikka is ready and stands on the stage.",Rikka came onto the stage after about thirty minutes of preparation.,"그리고 30분 정도 지나 준비가 끝나고, 릿카는 무대 위에 선다",大约三十分钟后准备工作结束，六花站上了舞台。
,Rikka debauchery 1-1,,,,,,,
Rikka.Debauchery1-14,六花,「なっ…、こんなに沢山の人がっ！？」,「なっ…、こんなに沢山の人がっ！？」,「什麼……竟然這麼多人！」,"""So many people!""","""So many people...""","「뭣…, 이렇게 많은 사람이!」",「什么……、竟然这么多人！」
,,,,,,,,
Rikka.Debauchery1-15,,30人ほどの男がステージに上がって来た六花に注目している,30人ほどの男がステージに上がって来た六花に注目している,大約三十名男子正注目著走上舞台的六花。,"About 30 men come up on stage, all eyes on Rikka.",About thirty men focused their gaze on Rikka.,30명 정도의 남자가 무대에 올라온 릿카에게 주목하고 있다,大约三十名男子正注目着走上舞台的六花。
,,,,,,,,
Rikka.Debauchery1-16,司会者,「お集りのVIPの皆さんお待たせしました！本日の目玉！聖核戦姫、水無瀬六花ちゃんです！」,「お集りのVIPの皆さんお待たせしました！本日の目玉！聖核戦姫、水無瀬六花ちゃんです！」,「讓各位VIP久等了！今天的重頭戲！聖核戰姫，水無瀨六花小姐！」,"""Here we are, VIPs! Today's highlight! The Seikaku Princess, Minase Rikka!""","""Thank you for waiting! Here she is, the reason why we're all here! Rikka Minase, the Holy Core Battlemaiden!""","「모이신 VIP 여러분 오래 기다리셨습니다! 오늘의 하이라이트! 성핵전희, 미나세 릿카 양입니다!」",「让各位VIP久等了！今天的重头戏！圣核战姫，水无濑六花小姐！」
,,,,,,,,
Rikka.Debauchery1-17,,その瞬間、客席からは感嘆の声が上がる,その瞬間、客席からは感嘆の声が上がる,瞬間，觀眾席發出了驚嘆的聲音。,"At that moment, the audience was in awe.",The guests gasped.,"그 순간, 객석에서는 감탄의 목소리가 터져 나온다",瞬间，观众席发出了惊叹的声音。
,,,,,,,,
Rikka.Debauchery1-18,六花,「くうっ……そんなっ」,「くうっ……そんなっ」,「咕唔……怎麼會這樣。」,"""Kuuukk ......""","""Ughhh...""",「크윽…… 그런」,「可恶……怎么会这样。」
,,,,,,,,
Rikka.Debauchery1-19,司会者,「では本日のショーを始めます！皆さんお手元にビンゴカードはありますでしょうか？」,「では本日のショーを始めます！皆さんお手元にビンゴカードはありますでしょうか？」,「那麼，現在開始今天的表演！各位手邊都有賓果卡吧？」,"""Let's begin today's show! Does everyone have their bingo cards in hand?""","""Let the show begin! Now, each one of you has a bingo card, right?""",「그럼 오늘의 쇼를 시작하겠습니다! 여러분 손에 빙고 카드 있으신가요?」,「那么，现在开始今天的表演！各位手边都有宾果卡吧？」
,,,,,,,,
Rikka.Debauchery1-20,司会者,「これから六花ちゃんがビンゴマシーンとして球を排出します！」,「これから六花ちゃんがビンゴマシーンとして球を排出します！」,「接下來六花小姐會擔任賓果機排出球體！」,"""Rikka―chan will now eject the ball as a bingo machine!""","""Rikka is going to be our bingo machine today, letting the balls out one by one!""",「이제부터 릿카 양이 빙고 머신으로서 공을 배출합니다!」,「接下来六花小姐会担任宾果机排出球体！」
,,,,,,,,
Rikka.Debauchery1-21,司会者,「見事ビンゴした方には六花ちゃんを一晩好きにする権利が与えられます！」,「見事ビンゴした方には六花ちゃんを一晩好きにする権利が与えられます！」,「成功賓果的人，將獲得一晚隨心所欲使用六花小姐的權利！」,"""The successful bingo winner will be entitled to a night of Rikka―chan's favor!""","""Whoever gets bingo first gets to spend a night with Rikka, doing whatever they want!""",「멋지게 빙고하신 분에게는 릿카 양을 하룻밤 마음대로 할 수 있는 권리가 주어집니다!」,「成功宾果的人，将获得一晚随心所欲使用六花小姐的权利！」
,Rikka debauchery 1-2,,,,,,,
Rikka.Debauchery1-22,六花,「っ、最悪！………悪趣味すぎっ！」,「っ、最悪！………悪趣味すぎっ！」,「太糟糕了！………太惡劣了！」,"""I'm like, ""Oh, that sucks! ......... is in too bad taste!""","""This is disgusting...""","「윽, 최악!……… 악취미 너무 심해!」",「可恶、太糟糕了！………太恶劣了！」
,,,,,,,,
Rikka.Debauchery1-23,司会者,「準備はよろしいでしょうか？では六花ちゃんお願いします！」,「準備はよろしいでしょうか？では六花ちゃんお願いします！」,「各位準備好了嗎？那麼六花小姐請開始！」,"""Are you ready? Then, Rikka―chan, please!""","""Is everyone ready? Rikka, let's go!""",「준비되셨나요? 그럼 릿카 양 부탁합니다!」,「各位准备好了吗？那么六花小姐请开始！」
,Rikka debauchery 1-１,,,,,,,
Rikka.Debauchery1-24,六花,「っ、ほ、ほんとにやるのっ！？」,「っ、ほ、ほんとにやるのっ！？」,「真、真的要我做嗎！？」,"""Are you really going to do this?""","""Are we really doing this?""","「윽, 저, 정말 하는 거야!?」",「可、可恶、真的要我做吗！？」
,,,,,,,,
Rikka.Debauchery1-25,,(こんな大勢にお尻の穴見られてるだけでも恥ずかしいのにっ！、だ、出すところなんてっ！),(こんな大勢にお尻の穴見られてるだけでも恥ずかしいのにっ！、だ、出すところなんてっ！),(光是屁股被這麼多人看著就夠羞恥了！竟、竟然還要排出東西來！),(It's embarrassing to have so many people looking at my butt hole! I can't believe I'm about to let it out!),(It's embarrassing enough to show them my ass... But I have to squeeze those balls out too...),"(이렇게 많은 사람들에게 엉덩이 구멍 보여지는 것만으로도 부끄러운데!, 내, 내보내는 곳이라니!)",(光是屁股被这么多人看着就够羞耻了！、居、竟然还要排出东西来！)
,,,,,,,,
Rikka.Debauchery1-26,司会者,「当たり前です、御託は良いから早くしてください。お客様を待たせるつもりですか？」,「当たり前です、御託は良いから早くしてください。お客様を待たせるつもりですか？」,「這是當然的，廢話少說快點開始。妳想讓客人們等多久？」,"""Of course, you can't talk nonsense, so please hurry up. Are you going to make our customers wait?""","""Of course. Please hurry. We can't possibly keep our guests waiting, right?""","「당연합니다, 잔소리는 됐고 빨리 하세요. 손님을 기다리게 할 셈인가요?」",「这是当然的，废话少说快点开始。你想让客人们等多久？」
,Rikka debauchery 1-2,,,,,,,
Rikka.Debauchery1-27,六花,「ううっ、や、やればいいんでしょっ！」,「ううっ、や、やればいいんでしょっ！」,「嗚嗚，我、我做就是了！」,"""Ugh, ya, just do it!""","""F-Fine! I'll do it!""","「우웃, 하, 하면 되잖아!」",「呜呜、我、我做就是了！」
,,,,,,,,
Rikka.Debauchery1-28,,六花は半ば自暴自棄になりながらも、アナルに力を入れる,六花は半ば自暴自棄になりながらも、アナルに力を入れる,六花近乎自暴自棄地，對肛門使勁。,"Rikka, in half desperation, puts her anal efforts into it.","Rikka, resigned to her face, started pushing.","릿카는 반쯤 자포자기하면서도, 애널에 힘을 준다",六花近乎自暴自弃地，对肛门使劲。
,,,,,,,,
Rikka.Debauchery1-29,六花,「はあっ、はっ、んっ、んんっ♥」,「はあっ、はっ、んっ、んんっ♥」,「哈、哈、嗯、嗯嗯！」,"""Ha―ha―ha―ha―ha―ha―ha―ha―ha―ha―ha―ha―ha―ha―ha―ha―ha―ha♥""","""Haaaaa... Nnnnnn♥""","「하앗, 핫, 응윽, 응응읏♥」",「哈、哈、嗯、嗯嗯！」
,,,,,,,,
Rikka.Debauchery1-30,六花,(なんかっ、緊張してっ、全然出ないっ！？),(なんかっ、緊張してっ、全然出ないっ！？),(怎麼回事，太緊張了，完全出不來！？),"(I'm so nervous, I can't get it out at all!)",(I'm so nervous... Nothing is coming out...),"(뭔가, 긴장해서, 전혀 안 나와!?)",(怎么、怎么回事、太紧张了、完全出不来！？)
,,,,,,,,
Rikka.Debauchery1-31,,(っ、こんな大人数の前でなんてっ、恥ずかしすぎるっ！),(っ、こんな大人数の前でなんてっ、恥ずかしすぎるっ！),(可惡，在這麼多人面前，太丟臉了！),(I'm too embarrassed to be in front of such a large group of people!),(It's too embarrassing in front of all these people!),"(윽, 이렇게 많은 사람들 앞에서라니, 너무 부끄러워!)",(可恶、在这么多人面前、太丢脸了！)
,,,,,,,,
Rikka.Debauchery1-32,観客,「おーいいつまで待たせるんだ？今日中に終わらないぞー」,「おーいいつまで待たせるんだ？今日中に終わらないぞー」,「喂～要等到什麼時候？今天會結束嗎～」,"""Hey, how long are you going to make me wait? I won't be done by the end of the day.""","""We don't have all day! Let's go!""",「어-이 언제까지 기다리게 할 거야? 오늘 안에 안 끝나겠네-」,「喂～要等到什么时候？今天会结束吗～」
,,,,,,,,
Rikka.Debauchery1-33,観客,「六花ちゃん頑張れー、みんな見てるよー！」,「六花ちゃん頑張れー、みんな見てるよー！」,「六花小姐加油～大家都在看著妳喔～！」,"""Rikka―chan, hang in there, we're all watching you!""","""You can do it! Everyone is watching!""","「릿카쨩 힘내-, 다들 보고 있어-!」",「六花小姐加油～大家都在看着你喔～！」
,,,,,,,,
Rikka.Debauchery1-34,六花,「っ、ごめんなさいっ、んっ、んうっ♥」,「っ、ごめんなさいっ、んっ、んうっ♥」,「對不起！嗯、嗯嗚！」,"""I'm sorry.""","""S-Sorry... Nnnnn♥""","「윽, 죄송합니다, 응윽, 응읏♥」",「可恶、对不起！嗯、嗯呜！」
,,,,,,,,
Rikka.Debauchery1-35,司会者,「六花ちゃん、アナルをヒクつかせるだけじゃなくてちゃんと力入れなさい！」,「六花ちゃん、アナルをヒクつかせるだけじゃなくてちゃんと力入れなさい！」,「六花小姐，不要只是讓肛門抽動，要確實地用力！」,"""Rikka―chan, don't just make your anus twitch, put some force into it!""","""Rikka, don't just squeeze, you also have to push hard!""","「릿카쨩, 애널을 꿈틀거릴 뿐만 아니라 제대로 힘주세요!」",「六花小姐，不要只是让肛门抽动，要确实地用力！」
,,,,,,,,
Rikka.Debauchery1-36,六花,(ああもうっ！、どうでもいいっ！やればいいんでしょっ！),(ああもうっ！、どうでもいいっ！やればいいんでしょっ！),(啊啊真是的！隨便了！我做就是了！),"(Oh, God! I don't care! Just do it!)",(Ughhh.. Whatever! I'll just do it!),"(아아 정말!, 아무래도 좋아! 하면 되잖아!)",(啊啊真是的！、随便了！我做就是了！)
,,,,,,,,
Rikka.Debauchery1-37,,そして六花は肛門に力を入れ、体内に入った異物を押し出そうとする,そして六花は肛門に力を入れ、体内に入った異物を押し出そうとする,於是六花對肛門施力，想將體內異物推出來。,Rikka then exerts pressure on her anus and tries to push out the foreign object that has entered her body,She did her best to push the foreign objects in her body out.,"그리고 릿카는 항문에 힘을 주어, 체내에 들어간 이물질을 밀어내려 한다",于是六花对肛门施力，想将体内异物推出来。
,Rikka debauchery 1-3,,,,,,,
Rikka.Debauchery1-38,六花,「ん゛っ♥、ん゛ん～～～っ！」,「ん゛っ♥、ん゛ん～～～っ！」,「嗯！嗯～～～！」,"""","""Nnnnnnn♥ Nnnnnnnn""","「응옷 윽♥, 응옷 응~~~읏!」",「嗯！、嗯～～～！」
,,,,,,,,
Rikka.Debauchery1-39,六花,「ん゛っ♥、ん゛っ♥、ん゛っ♥！」,「ん゛っ♥、ん゛っ♥、ん゛っ♥！」,「嗯！嗯！嗯！」,"""D―D―D―D―D―D―D―D―D―D―D―D―D―D―D―D―D―D―D―D―D―D!""","""Nnnnnn♥ Nnnn♥""","「응옷 윽♥, 응옷 윽♥, 응옷 윽♥!」",「嗯！、嗯！、嗯！」
,,,,,,,,
Rikka.Debauchery1-40,観客,「頑張れ六花ちゃん！後少し！」,「頑張れ六花ちゃん！後少し！」,「加油六花小姐！再一下！」,"""Hang in there, Rikka―chan! We're almost there!""","""You can do it! Just a little more!""",「힘내 릿카쨩! 조금만 더!」,「加油六花小姐！再一下！」
,,,,,,,,
Rikka.Debauchery1-41,観客,「もっとケツに力入れろっ！」,「もっとケツに力入れろっ！」,「屁股再用力一點！」,"""More power to your ass!""","""Push harder!""",「더 엉덩이에 힘줘!」,「屁股再用力一点！」
,,,,,,,,
Rikka.Debauchery1-42,六花,「ふーっ♥、ふ――っ♥、ん゛んっ♥！」,「ふーっ♥、ふ――っ♥、ん゛んっ♥！」,「呼！呼――！嗯嗯！」,"""Hoo―hoo―hoo, hoo――hoo―hoo, nnnnnn!""","""Huff... Nnnnnnn♥""","「후-♥, 후――♥, 응옷 응윽♥!」",「呼！、呼――！、嗯嗯！」
,Rikka debauchery 1-4,,,,,,,
Rikka.Debauchery1-43,,ポヒュッ！！,ポヒュッ！！,啵咻！！,Phew!,Pop!,포흇!!,啵咻！！
,,,,,,,,
Rikka.Debauchery1-44,,その瞬間、六花のアナルから勢いよくボールが飛び出る,その瞬間、六花のアナルから勢いよくボールが飛び出る,就在那瞬間，球體從六花的肛門猛地飛射出來。,"At that moment, the ball flies out of Rikka's anus with great force",A ball flew out of Rikka's anus.,"그 순간, 릿카의 애널에서 힘차게 공이 튀어나온다",就在那瞬间，球体从六花的肛门猛地飞射出来。
,,,,,,,,
Rikka.Debauchery1-45,六花,「ん゛あっ♥、はあっ♥、はあっ♥」,「ん゛あっ♥、はあっ♥、はあっ♥」,「嗯啊！哈、哈」,"""Oh, my God, oh, my God, oh, my God, oh, my God.""","""Haaaa♥ Nnnnn♥""","「응옷 앗♥, 하앗♥, 하앗♥」",「嗯啊！、哈、哈」
,,,,,,,,
Rikka.Debauchery1-46,観客,「「「「おおお～～～！」」」」,「「「「おおお～～～！」」」」,「「「「喔喔喔～～～！」」」」,"""「「「「 Ohhhh~! 」」」」""","""Whoaaaaa!""",「「「「오오오~~~!」」」」,「「「「喔喔喔～～～！」」」」
,Rikka debauchery 1-5,,,,,,,
Rikka.Debauchery1-47,,「ふうっ♥、ふうっ♥、ん゛うっ♥」,「ふうっ♥、ふうっ♥、ん゛うっ♥」,「呼、呼、嗯嗚！」,"""Fuh―uh―uh―uh―uh―uh―uh―uh―uh.""","""Hufff... Nnnnnnn♥""","「후웃♥, 후웃♥, 응옷 읏♥」",「呼、呼、嗯呜！」
,,,,,,,,
Rikka.Debauchery1-48,,六花は人前で排泄を行った恥ずかしさで、少しの快感を感じてしまう,六花は人前で排泄を行った恥ずかしさで、少しの快感を感じてしまう,六花因為在人前排泄的羞恥感，感受到了一絲快感。,Rikka feels a little pleasure from the embarrassment of defecating in public,"It was embarrassing to let it out in front of all those people, but she felt some pleasure from it.","릿카는 사람들 앞에서 배설을 한 부끄러움으로, 약간의 쾌감을 느껴버린다",六花因为在人前排泄的羞耻感，感受到了一丝快感。
,,,,,,,,
Rikka.Debauchery1-49,六花,「っ、うぅ～～～っ」,「っ、うぅ～～～っ」,「嗚～～～」,"""Uh―oh.""","""Ughhh...""","「윽, 으으~~~읏」",「可恶、呜～～～」
,,,,,,,,
Rikka.Debauchery1-50,司会者,「皆様待たせしました！やっと一つ目の球が排出されました！」,「皆様待たせしました！やっと一つ目の球が排出されました！」,「讓各位久等了！終於排出了第一顆球！」,"""Sorry for the wait, folks! The first sphere has finally been ejected!""","""Thank you for waiting! That was our first ball!""",「여러분 기다리셨습니다! 드디어 첫 번째 공이 배출되었습니다!」,「让各位久等了！终于排出了第一颗球！」
,,,,,,,,
Rikka.Debauchery1-51,司会者,「では六花さん！番号を読み上げてください！」,「では六花さん！番号を読み上げてください！」,「那麼六花小姐！請唸出號碼！」,"""Rikka―san! Please read out the numbers!""","""Rikka, please read the number out loud!""",「그럼 릿카 씨! 번호를 읽어주세요!」,「那么六花小姐！请念出号码！」
,,,,,,,,
Rikka.Debauchery1-52,六花,「はっ♥、はっ♥、ええっ、私がっ！？」,「はっ♥、はっ♥、ええっ、私がっ！？」,「哈、哈，咦？我嗎！？」,"""Ha♥, ha♥, eh, me!""","""Hhaaaaa♥ Huh? Me?""","「핫♥, 핫♥, 엣, 제가!?」",「哈、哈、咦、我吗！？」
,,,,,,,,
Rikka.Debauchery1-53,,そして六花は足元に転がったローションまみれの球を見る,そして六花は足元に転がったローションまみれの球を見る,六花看向滾落在腳邊，沾滿潤滑液的球體。,Then Rikka sees a ball covered in lotion lying at her feet.,"She looked at the ball by her feet, which was covered in lubricant.",그리고 릿카는 발밑에 굴러다니는 로션 범벅인 공을 본다,六花看向滚落在脚边、沾满润滑液的球体。
,,,,,,,,
Rikka.Debauchery1-54,六花,(っ、私、これをこんな大勢の前で…),(っ、私、これをこんな大勢の前で…),(我要在這麼多人面前，唸這個嗎……),(I'm not going to do this in front of this many people...),(I let this out... In front of all these people...),"(윽, 나, 이걸 이렇게 많은 사람들 앞에서…)",(可恶、我要在这么多人面前，念这个吗……)
,,,,,,,,
Rikka.Debauchery1-55,六花,「っ、……17ですっ……」,「っ、……17ですっ……」,「……是十七號……」,"""I'm ......17. ......""","""S... Seventeen...""","「윽, ……17입니다……」",「可恶、……是十七号……」
,,,,,,,,
Rikka.Debauchery1-56,司会者,「もっと大きな声で！」,「もっと大きな声で！」,「大聲一點！」,"""Louder!""","""Louder!""",「더 큰 소리로!」,「大声一点！」
,,,,,,,,
Rikka.Debauchery1-57,六花,「17ですっ！」,「17ですっ！」,「是十七號！」,"""Seventeen!""","""Seventeen!""",「17입니다!」,「是十七号！」
,,,,,,,,
Rikka.Debauchery1-58,司会者,「17という事でした！では数字があった方は穴をあけていただいて…」,「17という事でした！では数字があった方は穴をあけていただいて…」,「十七號！數字有的請打洞……」,"""I think it was 17! Now, if you have a number, please drill a hole...""","""Seventeen! Please poke your card if you have this number on it!""",「17이라고 합니다! 그럼 숫자가 맞으신 분은 구멍을 뚫어주시고…」,「十七号！数字有的请打洞……」
,,,,,,,,
Rikka.Debauchery1-59,司会者,「それでは引き続き六花ちゃんに頑張ってもらいましょう！」,「それでは引き続き六花ちゃんに頑張ってもらいましょう！」,「那麼接下來請六花小姐繼續努力！」,"""Let's continue the good work, Rikka―chan!""","""Rikka, time for another one!""",「그럼 계속해서 릿카쨩에게 힘내달라고 합시다!」,「那么接下来请六花小姐继续努力！」
,,,,,,,,
Rikka.Debauchery1-60,六花,「っ、ううっ♥」,「っ、ううっ♥」,「嗚嗚！」,"""Ugh ♥♥""","""Nnnnn♥""","「윽, 으으윽♥」",「可恶、呜呜！」
,,,,,,,,
Rikka.Debauchery1-61,,六花は再びアナルに力を入れるのだった,六花は再びアナルに力を入れるのだった,六花再次對肛門使力。,Rikka once again put all her energy into her anus.,Rikka pushed hard again...,릿카는 다시 애널에 힘을 주는 것이었다,六花再次对肛门使力。
,,,,,,,,
Rikka.Debauchery1-62,,30分後,30分後,三十分鐘後,30 minutes later,Thirty minutes later...,30분 후,三十分钟后
,Rikka debauchery 1-6,,,,,,,
Rikka.Debauchery1-63,六花,「はあっ♥、はあっ♥、ん゛っ♥」,「はあっ♥、はあっ♥、ん゛っ♥」,「哈、哈、嗯！」,"""Ahh, ah, ah, ah, ah, ah, ah, ah, ah, ah, ah.""","""Haaaa♥ Haaaa♥ Nnnnn♥""","「하앗♥, 하앗♥, 응옷 윽♥」",「哈、哈、嗯！」
,,,,,,,,
Rikka.Debauchery1-64,,ポンッ！！,ポンッ！！,砰！！,Poof!,Pop!,퐁!!,砰！！
,,,,,,,,
Rikka.Debauchery1-65,六花,「ん゛んっ♥、はあっ♥はあっ♥」,「ん゛んっ♥、はあっ♥はあっ♥」,「嗯！哈、哈」,"""Oh, my God, oh, my God, oh, my God, oh, my God, oh, my God.""","""Nnnnn♥ Haaaa♥ Haaa♥""","「응옷 응윽♥, 하앗♥하앗♥」",「嗯！、哈、哈」
,,,,,,,,
Rikka.Debauchery1-66,司会者,「さあ30球目の球が出てきました！番号の方は…？」,「さあ30球目の球が出てきました！番号の方は…？」,「第三十顆球出來了！號碼是……？」,"""'Now comes the 30th ball! What's the number...?""","""That's the thirtieth ball! What's the number?""",「자 30번째 공이 나왔습니다! 번호는…?」,「第三十颗球出来了！号码是……？」
,,,,,,,,
Rikka.Debauchery1-67,六花,「っ、11…ですっ！」,「っ、11…ですっ！」,「十一……號！」,"""Eleven!""","""E... Eleven!""","「윽, 11…입니다!」",「可恶、十一……号！」
,,,,,,,,
Rikka.Debauchery1-68,司会者,「11です！おっ！またリーチの方が！そろそろビンゴする人が出てくるのでしょうか？」,「11です！おっ！またリーチの方が！そろそろビンゴする人が出てくるのでしょうか？」,「是十一號！喔！又有人聽牌了！不知道會不會有人賓果呢？」,"""11! Oops! Another leech! Is it time for someone to bingo?""","""Eleven! Another person just one away! About time we get a bingo!""",「11입니다! 오옷! 또 리치인 분이! 슬슬 빙고하는 사람이 나올까요?」,「是十一号！喔！又有人听牌了！不知道会不会有人宾果呢？」
,,,,,,,,
Rikka.Debauchery1-69,司会者,「六花ちゃんを一晩好きにできる権利は誰の手に！では六花さん次の球を！」,「六花ちゃんを一晩好きにできる権利は誰の手に！では六花さん次の球を！」,「可以隨心所欲使用六花小姐一晚的權利會落入誰的手中！那麼六花小姐請出下一顆球！」,"""Who will get the right to do whatever they want with Rikka―chan for one night? Now, Rikka―san, take the next ball!""","""One night with Rikka! Next ball, please!""",「릿카쨩을 하룻밤 마음대로 할 수 있는 권리는 누구의 손에! 그럼 릿카 씨 다음 공을!」,「可以随心所欲使用六花小姐一晚的权利会落入谁的手中！那么六花小姐请出下一颗球！」
,Rikka debauchery 1-7,,,,,,,
Rikka.Debauchery1-70,六花,「ん゛っ♥、ん゛んっ♥！」,「ん゛っ♥、ん゛んっ♥！」,「嗯！嗯嗯！」,"""♥♥♥♥♥♥♥!""","""Nnnnnn♥""","「응옷 윽♥, 응옷 응윽♥!」",「嗯！、嗯嗯！」
,,,,,,,,
Rikka.Debauchery1-71,六花,(はあっ、はあっ、球、出し過ぎてっ、お尻の感覚がっ！),(はあっ、はあっ、球、出し過ぎてっ、お尻の感覚がっ！),(哈、哈，球、球排出太多，屁股已經沒感覺了！),"(Ha, ha, ha, the ball, I let it out too much, I can't feel my butt!)",(Haaa... So many balls have come out... My butt...),"(하앗, 하앗, 공, 너무 많이 내서, 엉덩이 감각이!)",(哈、哈、球、球排出太多、屁股已经没感觉了！)
,,,,,,,,
Rikka.Debauchery1-72,,(ううっ、お腹がっ、ずっと、ぎゅるぎゅるしてっ、苦しいっ),(ううっ、お腹がっ、ずっと、ぎゅるぎゅるしてっ、苦しいっ),(嗚嗚，肚子…一直…咕嚕咕嚕的，好難受！),"(Ugh, my stomach is squeezing all the time, I'm in pain.)",(My stomach... It feels terrible...),"(으윽, 배가, 계속, 꾸르륵거려서, 괴로워)",(呜呜、肚子、一直、咕噜咕噜的、好难受！)
,,,,,,,,
Rikka.Debauchery1-73,六花,「ん゛っ♥、はあっ♥、はあっ♥」,「ん゛っ♥、はあっ♥、はあっ♥」,「嗯！哈、哈」,"""♥Ha―ha―ha―ha―ha―ha.""","""Nnnnn♥ Haaaa♥""","「응옷 윽♥, 하앗♥, 하앗♥」",「嗯！、哈、哈」
,,,,,,,,
Rikka.Debauchery1-74,司会者,「ん～？今度はなかなか出てきませんね？どうかしたのでしょうか」,「ん～？今度はなかなか出てきませんね？どうかしたのでしょうか」,「嗯～？這次怎麼很久都出不來呢？是怎麼了嗎？」,"""Hmm? It's hard to come out this time, isn't it? Is something wrong?""","""This one is taking a long time! What's going on?""",「음~? 이번엔 좀처럼 나오지 않네요? 무슨 일이라도 있었나요」,「嗯～？这次怎么很久都出不来呢？是怎么了吗？」
,,,,,,,,
Rikka.Debauchery1-75,六花,「ん゛っ♥、出しますっ♥、ちょっと待ってっ♥」,「ん゛っ♥、出しますっ♥、ちょっと待ってっ♥」,「嗯！會出來的！等我一下！」,"""I'm gonna get it out, just a minute.""","""It's coming! Hold on♥""","「응옷 윽♥, 낼게요♥, 잠깐만 기다려주세요♥」",「嗯！、会出来的！、等我一下！」
,,,,,,,,
Rikka.Debauchery1-76,六花,(まって、今出したらっ、ダメな感じがっ、でも我慢っ、できないっ！),(まって、今出したらっ、ダメな感じがっ、でも我慢っ、できないっ！),(等等，現在排出來的話，感覺會很糟，但是…我忍不住了！),"(Wait, if I let it out now, I feel like I shouldn't, but I can't hold back!)","(Wait, something doesn't feel right... But I can't hold on!)","(기다려, 지금 내면, 안 될 것 같은 느낌이, 하지만 참을 수, 없어!)",(等等，现在排出来的话、感觉会很糟、但是、我忍不住了！)
,,,,,,,,
Rikka.Debauchery1-77,司会者,「六花さんいい加減に早くしてください」,「六花さんいい加減に早くしてください」,「六花小姐，差不多快點。」,"""Rikka―san, enough and hurry up!""","""Please hurry up, Rikka.""",「릿카 씨 적당히 하고 빨리 하세요」,「六花小姐，差不多快点。」
,,,,,,,,
Rikka.Debauchery1-78,六花,「はあっ♥、はあっ♥、ん゛んっ♥、お゛っ♥？！」,「はあっ♥、はあっ♥、ん゛んっ♥、お゛っ♥？！」,「哈、哈，嗯嗯！嗚！？」,"""Oh, oh, oh, oh, oh, oh, oh, oh, oh, oh, oh, oh, oh!""","""Haaa... Haaaa♥ Nnnnn♥ Ohhhh♥""","「하앗♥, 하앗♥, 응옷 응윽♥, 오옷 옷♥?!」",「哈、哈、嗯嗯！、呜！？」
,,,,,,,,
Rikka.Debauchery1-79,,その瞬間、六花の我慢していた何かが決壊し、六花のアナルは制御を失う,その瞬間、六花の我慢していた何かが決壊し、六花のアナルは制御を失う,就在那一瞬間，六花一直忍耐的某樣東西潰堤了，她的肛門失去了控制。,"At that moment, something Rikka had been holding back breaks down and Rikka's anal loses control.",Something burst and Rikka lost control of her anus.,"그 순간, 릿카가 참고 있던 무언가가 무너지고, 릿카의 애널은 제어를 잃는다",就在那一瞬间，六花一直忍耐的某样东西溃堤了，她的肛门失去了控制。
,,,,,,,,
Rikka.Debauchery1-80,,ドパッ、ブボボボッ！,ドパッ、ブボボボッ！,啪、噗啵啵啵！,"Dopah, bubobobobo!",Bbbbbblllleehhhhh!,"두팟, 부보보봇!",啪、噗啵啵啵！
,Rikka debauchery 1-8,,,,,,,
Rikka.Debauchery1-81,六花,「ん゛あっ♥、お゛お゛おおおぉぉっ♥♥？！」,「ん゛あっ♥、お゛お゛おおおぉぉっ♥♥？！」,「嗯啊！喔喔喔喔喔喔喔喔！！？」,"""Oh, oh, oh, oh, oh, oh, oh, oh, oh, oh, oh, oh, oh, oh, oh, oh, oh, oh, oh, oh, oh, oh, oh, oh, oh, oh, oh.""","""Nnnnnn♥ Ohhhhhhhhh♥""","「응옷 앗♥, 오옷 오옷 오오오오오옷♥♥?!」",「嗯啊！、喔喔喔喔喔喔喔喔！！？」
,,,,,,,,
Rikka.Debauchery1-82,,六花のアナルから入っていた残りの球が勢いよく飛び出し、地面に叩きつけられる,六花のアナルから入っていた残りの球が勢いよく飛び出し、地面に叩きつけられる,六花肛門內剩餘的球體猛地噴射出來，重重地砸在地上。,The rest of the balls that were in from Rikka's anus fly out with great force and hit the ground,All the remaining balls in her anus flew out and hit the ground.,"릿카의 애널에서 들어있던 나머지 공들이 힘차게 튀어나와, 바닥에 부딪힌다",六花肛门内剩余的球体猛地喷射出来，重重地砸在地上。
,,,,,,,,
Rikka.Debauchery1-83,六花,「お゛っ♥、お゛お゛っ♥、ん゛ああっ♥！」,「お゛っ♥、お゛お゛っ♥、ん゛ああっ♥！」,「嗚！喔喔喔！嗯啊啊！」,"""Oh, oh, oh, oh, oh, oh, oh, oh, oh!""","""Ohhhh♥ Ahhhhh♥ Ohhhhhhhhhh♥""","「오옷 옷♥, 오옷 오옷 옷♥, 응옷 아앗♥!」",「呜！、喔喔喔！、嗯啊啊！」
,,,,,,,,
Rikka.Debauchery1-84,司会者,「っ、この馬鹿っ！何勝手に全部出してやがるっ！」,「っ、この馬鹿っ！何勝手に全部出してやがるっ！」,「這個笨蛋！妳幹嘛擅自把所有球都排出來！」,"""What are you doing, you idiot? What the hell are you doing, taking it all out without permission?""","""You moron! Why did you let them all out?!""","「윽, 이 바보! 왜 멋대로 전부 내버리는 거야!」",「可恶、这个笨蛋！你干嘛擅自把所有球都排出来！」
,,,,,,,,
Rikka.Debauchery1-85,六花,「お゛っ♥、ご、ごめんなさいっ♥、でもっ、止まらないっ♥！」,「お゛っ♥、ご、ごめんなさいっ♥、でもっ、止まらないっ♥！」,「嗚！對、對不起！但是、停不下來！」,"""Oh, I'm sorry, but I can't stop!""","""S-Sorry! But I couldn't stop them...""","「오옷 옷♥, 죄, 죄송합니다♥, 하지만, 멈추지 않아♥!」",「呜！、对、对不起！、但是、停不下来！」
,,,,,,,,
Rikka.Debauchery1-86,,そしてぽひゅんと情けない音を立てて、最後の一球が地面に落ちる,そしてぽひゅんと情けない音を立てて、最後の一球が地面に落ちる,最後一顆球帶著軟弱的「啵咻」聲，掉落在地上。,"Then, with a pathetic sound, the last ball falls to the ground.",And the last ball hit the ground with a sad pop.,"그리고 포흇 하고 한심한 소리를 내며, 마지막 한 구슬이 바닥에 떨어진다",最后一颗球带着软弱的「啵咻」声，掉落在地上。
,Rikka debauchery 1-９,,,,,,,
Rikka.Debauchery1-87,六花,「はあっ♥、はあっ♥、んあっ…♥」,「はあっ♥、はあっ♥、んあっ…♥」,「哈、哈、嗯啊…」,"""Ahh, ah, ah, ah... ah... ah... ah... ah... ah...""","""Haaaa♥ Nnnnnn♥""","「하앗♥, 하앗♥, 응앗…♥」",「哈、哈、嗯啊…」
,,,,,,,,
Rikka.Debauchery1-88,司会者,「コイツまだビンゴ出てねえのに全部出しやがってっ！」,「コイツまだビンゴ出てねえのに全部出しやがってっ！」,「這個傢伙！賓果還沒出來就全部排光了！」,"""This guy hasn't played a bingo yet and he's giving me everything!""","""No one bingo'd and you let them all out!""",「이 자식 아직 빙고 안 나왔는데 전부 내버렸잖아!」,「这个家伙！宾果还没出来就全部排光了！」
,,,,,,,,
Rikka.Debauchery1-89,観客,「おいどーすんだ！後ちょっとでビンゴだったのに！」,「おいどーすんだ！後ちょっとでビンゴだったのに！」,「喂，怎麼辦！就差一點點就要賓果了！」,"""What are you going to do? We almost had a bingo!""","""Hey, I was so close to getting a bingo!""",「어이 어쩔 거야! 조금만 더 하면 빙고였는데!」,「喂、怎么办！就差一点点就要宾果了！」
,,,,,,,,
Rikka.Debauchery1-90,観客,「こっちは高い金払ってんだぞ！ちゃんと教育しとけっ！」,「こっちは高い金払ってんだぞ！ちゃんと教育しとけっ！」,「我們可是付了高價的！好好教育一下她！」,"""We're paying a lot of money for this! Educate them properly!""","""I paid a lot for this! You should have trained her well!""",「이쪽은 비싼 돈 냈다고! 제대로 교육해둬!」,「我们可是付了高价的！好好教育一下她！」
,,,,,,,,
Rikka.Debauchery1-91,六花,「はあっ♥、はあっ♥、ご、ごめんなさいっ…！」,「はあっ♥、はあっ♥、ご、ごめんなさいっ…！」,「哈、哈，對、對不起……！」,"""I'm sorry, I'm sorry...!""","""Haaaa♥ Haaaa♥ Sorry...""","「하앗♥, 하앗♥, 죄, 죄송합니다…!」",「哈、哈、对、对不起……！」
,,,,,,,,
Rikka.Debauchery1-92,司会者,「皆様誠に申し訳ございませんでした！」,「皆様誠に申し訳ございませんでした！」,「各位貴賓，萬分抱歉！」,"""My sincere apologies, everyone!""","""We apologize for the incident!""",「여러분 정말 죄송합니다!」,「各位贵宾，万分抱歉！」
,,,,,,,,
Rikka.Debauchery1-93,司会者,「急遽予定を変更いたしまして、これより六花ちゃん謝罪ご奉仕パーティを開催いたします！」,「急遽予定を変更いたしまして、これより六花ちゃん謝罪ご奉仕パーティを開催いたします！」,「我們臨時改變行程，現在立刻舉辦六花小姐謝罪服務派對！」,"""Rikka―chan, we're going to have an apology service party!""","""In light of the event, we will move onto Rikka's apology service part!""","「급히 예정을 변경하여, 지금부터 릿카쨩 사죄 봉사 파티를 개최하겠습니다!」",「我们临时改变行程，现在立刻举办六花小姐谢罪服务派对！」
,,,,,,,,
Rikka.Debauchery1-94,司会者,「ここにいる方全員で一晩、好きなだけ六花ちゃんをお使いください！」,「ここにいる方全員で一晩、好きなだけ六花ちゃんをお使いください！」,「今晚在這裡的所有人，請盡情地、隨心所欲地使用六花小姐一晚！」,"""All of you here are welcome to use Rikka―chan as much as you like for one night!""","""Everyone here will get to spend the night with her, doing whatever they want!""","「여기에 계신 분들 모두 하룻밤, 마음껏 릿카쨩을 사용해주세요!」",「今晚在这里的所有人，请尽情地、随心所欲地使用六花小姐一晚！」
,,,,,,,,
Rikka.Debauchery1-95,六花,「なっ！？ちょっと、そんなの無理っ！」,「なっ！？ちょっと、そんなの無理っ！」,「什麼！？等一下，那樣不行！」,"""What? That's absurd!""","""Huh? No! That's not possible...""","「뭣!? 잠깐, 그런 건 무리!」",「什么！？等一下、那样不行！」
,,,,,,,,
Rikka.Debauchery1-96,司会者,「ごちゃごちゃ言ってないで準備しろっ！お前の責任なんだから！」,「ごちゃごちゃ言ってないで準備しろっ！お前の責任なんだから！」,「別囉哩囉嗦的快點準備！這是妳的責任！」,"""Stop messing around and get ready! It's your responsibility!""","""Stop talking and get ready! This is your fault!""",「시끄럽게 떠들지 말고 준비해! 네 책임이니까!」,「别啰哩啰嗦的快点准备！这是你的责任！」
,Rikka debauchery 1-10,,,,,,,
Rikka.Debauchery1-97,六花,「ひっ、そ、そんなっ！」,「ひっ、そ、そんなっ！」,「噫，怎、怎麼會！」,"""Oh, no, no, no, no!""","""N-No way...""","「히익, 그, 그런!」",「噫、怎、怎么会！」
,,,,,,,,
Rikka.Debauchery1-98,六花,「ご奉仕ってっ！んあっ♥、ちょっ、やめ―――――」,「ご奉仕ってっ！んあっ♥、ちょっ、やめ―――――」,「服務什麼的！嗯啊！等、不要―――」,"""I'm not sure what you mean by ""serving""! Oh, stop it. ―――――""","""Service... What? Wait, no...""","「봉사라니! 응앗♥, 잠깐, 그만―――――」",「服务什么的！嗯啊！等、不要―――」
,,,,,,,,
Rikka.Debauchery1-99,,その後、六花はVIP客達に一晩中性奉仕をするのだった,その後、六花はVIP客達に一晩中性奉仕をするのだった,之後，六花便整晚為VIP客人們提供性服務。,"After that, Rikka provides a neutral service to VIP guests for the night.",Rikka spent the entire night fulfilling sexual needs of the VIPs...,"그 후, 릿카는 VIP 손님들에게 밤새도록 성봉사를 하는 것이었다",之后，六花便整晚为VIP客人们提供性服务。
,,,,,,,,
,,,,,,,,
,,,,,,,,
Rikka Debauchery Scene2,注釈,淫乱化シーン,淫乱化シーン,,淫乱化シーン,,음란화 이벤트,
,,,,,,,,
Rikka.Debauchery2-1,暗転,六花が地下カジノでショーをするようになってからしばらくして―――――,六花が地下カジノでショーをするようになってからしばらくして―――――,六花開始在地下賭場表演過了一段時間後―――――,"Some time after Rikka started putting on shows in underground casinos, ―――――",A while after Rikka started her underground casino show....,릿카가 지하 카지노에서 쇼를 하게 된 지 얼마 지나지 않아―――――,六花开始在地下赌场表演过了一段时间后―――――
,Rikka debauchery 2-1,,,,,,,
Rikka.Debauchery2-2,,ジュポッ、ジュポッ、グポッ、グポッ,ジュポッ、ジュポッ、グポッ、グポッ,咕啵、咕啵、咕啵、咕啵,"Jup, jup, gup, gup, gup.","Squelch, squelch, pop, pop","쥬폿, 쥬폿, 구폿, 구폿",咕啵、咕啵、咕啵、咕啵
,,,,,,,,
Rikka.Debauchery2-3,,カジノに激しい水音が響く,カジノに激しい水音が響く,劇烈的水聲迴盪在賭場裡,Fierce sound of water echoes through the casino,Wet sounds reverberated across the casino.,카지노에 격렬한 물소리가 울린다,剧烈的水声回荡在赌场里
,,,,,,,,
Rikka.Debauchery2-4,六花,「んおっ♥、ん゛っ♥、観客の皆さんっ♥！六花のディルドオナニーショーにお集まりいただきありがとうございますっ！」,「んおっ♥、ん゛っ♥、観客の皆さんっ♥！六花のディルドオナニーショーにお集まりいただきありがとうございますっ！」,「嗯喔！嗯！各位觀眾！感謝大家來參加六花的假陽具自慰秀！」,"""Nnnngggggghhhh, audience! Thank you for coming to Rikka's dildo masturbation show!""","""Nnnnn♥ Nnnnnnn♥ Thank you for coming to Rikka's dildo masturbation show!""","「응옷♥, 응옷 윽♥, 관객 여러분! 릿카의 딜도 자위 쇼에 모여주셔서 감사합니다!」",「嗯喔！、嗯！、各位观众！、感谢大家来参加六花的假阳具自慰秀！」
,,,,,,,,
Rikka.Debauchery2-5,六花,「皆さんのおかげでっ♥、六花のお尻こんな大きなディルドまで入るようになっちゃいましたっ♥」,「皆さんのおかげでっ♥、六花のお尻こんな大きなディルドまで入るようになっちゃいましたっ♥」,「多虧了大家！六花的屁眼已經可以塞進這麼大的假陽具了！」,"""Thanks to all of you, Rikka's ass is now able to accommodate even such a big dildo.""","""Thanks to you, I've been able to fit a massive dildo inside my ass♥""","「여러분 덕분에♥, 릿카 엉덩이 이렇게 큰 딜도까지 들어갈 수 있게 되었어요♥」",「多亏了大家！、六花的屁眼已经可以塞进这么大的假阳具了！」
,,,,,,,,
Rikka.Debauchery2-6,六花,「では私がイクまで六花のディルドオナニーご覧くださいっ♥」,「では私がイクまで六花のディルドオナニーご覧くださいっ♥」,「那麼請大家觀賞六花高潮為止的假陽具自慰秀！」,"""Then please watch Rikka's dildo masturbation until I cum.""","""Please watch the show until I come♥""",「그럼 제가 갈 때까지 릿카의 딜도 자위 봐주세요♥」,「那么请大家观赏六花高潮为止的假阳具自慰秀！」
,Rikka debauchery 2-2,,,,,,,
Rikka.Debauchery2-7,,六花は腕ほどの太さもあるディルドを咥えこみながら、腰の動きを激しくしていく,六花は腕ほどの太さもあるディルドを咥えこみながら、腰の動きを激しくしていく,六花嘴裡叼著手臂般粗的假陽具，加劇了腰部的晃動。,"Rikka sucks a dildo as thick as her arm into her mouth, and her hip movements become more intense.",Rikka stuffed an arm-sized dildo into her ass and started moving her hips.,"릿카는 팔뚝만큼 굵은 딜도를 물고, 허리 움직임을 격렬하게 해나간다",六花嘴里叼着手臂般粗的假阳具，加剧了腰部的晃动。
,,,,,,,,
Rikka.Debauchery2-8,,グポッッ、グポッ、グポッ、グポッ！！,グポッッ、グポッ、グポッ、グポッ！！,咕啵！！咕啵、咕啵、咕啵！！,"Gup, gup, gup, gup!","Claup, claup, pop, pop!","구폿, 구폿, 구폿, 구폿!!",咕啵！！、咕啵、咕啵、咕啵！！
,,,,,,,,
Rikka.Debauchery2-9,六花,「お゛っ♥、お゛っ♥、お゛お゛っ♥」,「お゛っ♥、お゛っ♥、お゛お゛っ♥」,「喔♥、喔♥、喔喔♥」,"""Oooh, oooh, oooh, oooh, oooh, oooh, oooh, oooh, oooh.""","""Ohhhhh♥ Ohhhhhhhh♥ Ohhhhhhhhhhh♥""","「오옷 옷♥, 오옷 옷♥, 오옷 오옷 옷♥」",「喔！、喔！、喔喔！」
,,,,,,,,
Rikka.Debauchery2-10,観客,「六花ちゃん頑張れー！」,「六花ちゃん頑張れー！」,「六花小姐加油！」,"""Rikka―chan, go for it!""","""You can do it!""",「릿카쨩 힘내라ー!」,「六花小姐加油！」
,,,,,,,,
Rikka.Debauchery2-11,六花,「んっ♥、ありがとうございますっ♥、頑張りますっ♥」,「んっ♥、ありがとうございますっ♥、頑張りますっ♥」,「嗯！謝謝大家！我會努力的！」,"""I'll do my best.""","""Thank you! I'm doing my best♥""","「응읏♥, 감사합니다♥, 힘낼게요♥」",「嗯！、谢谢大家！、我会努力的！」
,,,,,,,,
Rikka.Debauchery2-12,観客,「しかしあの聖核戦姫がまさかこんな逸材だったとはな」,「しかしあの聖核戦姫がまさかこんな逸材だったとはな」,「不過沒想到那位聖核戰姫竟然是這種極品。」,"""But I had no idea that the Seikaku Princess was such an extraordinary talent.""","""Who knew a Holy Core Battlemaiden would be so good at this?""",「하지만 저 성핵전희가 설마 이런 일재였다니」,「不过没想到那位圣核战姫竟然是这种极品。」
,,,,,,,,
Rikka.Debauchery2-13,観客,「初めて見た時は真面目な感じなのかと思ったが…」,「初めて見た時は真面目な感じなのかと思ったが…」,「第一次見到時，還以為她是個很正經的人……」,"""'When I first saw it, I thought it was going to be serious...'""","""I thought she was very serious person...""",「처음 봤을 때는 진지한 느낌이라고 생각했는데…」,「第一次见到时，还以为她是个很正经的人……」
,,,,,,,,
Rikka.Debauchery2-14,六花,「んっ♥、ごめんなさいっ♥、六花はケツ穴でイク変態聖核戦姫でしたっ♥」,「んっ♥、ごめんなさいっ♥、六花はケツ穴でイク変態聖核戦姫でしたっ♥」,「嗯！對不起！六花是個會用屁眼高潮的變態聖核戰姫！」,"""I'm sorry, Rikka is a perverted Seikaku Princess who comes in her asshole.""","""Sorry... Rikka is a perverted Holy Core Battlemaiden that loves being fucked in the ass!""","「응읏♥, 죄송합니다♥, 릿카는 엉덩이 구멍으로 가는 변태 성핵전희였습니다♥」",「嗯！、对不起！、六花是个会用屁眼高潮的变态圣核战姫！」
,,,,,,,,
Rikka.Debauchery2-15,,グポッ♥、グポッ♥、グポッ♥、グポッ♥,グポッ♥、グポッ♥、グポッ♥、グポッ♥,咕啵♥、咕啵♥、咕啵♥、咕啵♥,"Gup, gup, gup, gup, gup, gup, gup, gup, gup, gup, gup, gup, gup, gup, gup, gup, gup, gup.","Claup, claup, pop, pop!","구폿♥, 구폿♥, 구폿♥, 구폿♥",咕啵！、咕啵！、咕啵！、咕啵！
,,,,,,,,
Rikka.Debauchery2-16,六花,「ん゛っ♥、お゛おっ♥、皆さんっ♥、六花がイク所みててくださいっ♥！」,「ん゛っ♥、お゛おっ♥、皆さんっ♥、六花がイク所みててくださいっ♥！」,「嗯♥、喔喔♥、各位♥，請看著六花高潮！」,"""D―d―d―d―d―d―d―d―d―d―d―d―d―d―d―d―d―d―d―d―d―d―d―d―d―d―d―d―d―d―d―d―d―d―d―d―d―d―d―d―d―d―d―d―d―d―d―d―d―d―d―d―d―d―d...""","""Nnnnnnn♥ Please watch me when I come!""","「응옷 윽♥, 오옷 오옷♥, 여러분♥, 릿카가 가는 모습 봐주세요♥!」",「嗯！、喔喔！、各位！、请看着六花高潮！」
,,,,,,,,
Rikka.Debauchery2-17,,そして六花は更に腰を振る速度を上げていく,そして六花は更に腰を振る速度を上げていく,接著六花再次加快了擺動腰部的速度。,Rikka then increases the speed at which she shakes her hips.,And her hips moved faster.,그리고 릿카는 더욱 허리를 흔드는 속도를 높여간다,接着六花再次加快了摆动腰部的速度。
,,,,,,,,
Rikka.Debauchery2-18,,グポッ♥、グポッ♥、グポッ♥、グポッ♥,グポッ♥、グポッ♥、グポッ♥、グポッ♥,咕啵♥、咕啵♥、咕啵♥、咕啵♥,"Gup, gup, gup, gup, gup, gup, gup, gup, gup, gup, gup, gup, gup, gup, gup, gup, gup, gup.","Claup, claup, pop, pop!","구폿♥, 구폿♥, 구폿♥, 구폿♥",咕啵！、咕啵！、咕啵！、咕啵！
,,,,,,,,
Rikka.Debauchery2-19,六花,「ん゛っ♥、んお゛っ♥、ふうっ♥、ん゛んっ♥！」,「ん゛っ♥、んお゛っ♥、ふうっ♥、ん゛んっ♥！」,「嗯♥、嗯喔♥、呼♥、嗯嗯♥」,"""D―D―D―D―D―D―D―D―D―D―D―D―D―D―D―D―D―D!""","""Nnnnn♥ Ohhhhhhh♥ Hnnnnn♥""","「응옷 윽♥, 응오옷 옷♥, 후웃♥, 응옷 응윽♥!」",「嗯！、嗯喔！、呼！、嗯嗯！」
,,,,,,,,
Rikka.Debauchery2-20,六花,「ん゛っ♥、んあっ♥！？、やばっ、ディルドが抜け――――」,「ん゛っ♥、んあっ♥！？、やばっ、ディルドが抜け――――」,「嗯♥、嗯啊♥！？糟了，假陽具快要掉了――」,"""♥♥♥♥♥♥♥! Oh my god, the dildo is coming off. ――――""","""Hnnnnnnn♥ Ahhhhhh♥ Wait, the dildo slipped out...""","「응옷 윽♥, 응앗♥!?, 위험해, 딜도가 빠지――――」",「嗯！、嗯啊！？、糟了、假阳具快要掉了――」
,,,,,,,,
Rikka.Debauchery2-21,Rikka debauchery 2-3,ギュポンッ！、グリュリュリュッ！,ギュポンッ！、グリュリュリュッ！,嘰啵！咕嚕嚕嚕！,"Gripon! Grue, grue, grue, grue, grue!",Pop! Click...,"뀨퐁!, 그릇릇릇!",叽啵！、咕噜噜噜！
,,,,,,,,
Rikka.Debauchery2-22,六花,「ひっぎゅううううっ♥！？、んあっ♥、んああ゛っ♥」,「ひっぎゅううううっ♥！？、んあっ♥、んああ゛っ♥」,「噫、呀啊啊啊啊！、嗯啊！、嗯啊啊！」,"""Hi―yoooooooooooo! Oh, oh, oh, oh, oh, oh, oh, oh, oh, oh, oh, oh, oh, oh, oh, oh, oh, oh, oh, oh, oh.""","""Hnnnnnnn! Nnnnnnhaaahhhh♥""","「히익규우우우웃♥!?, 응앗♥, 응아아옷 앗♥」",「噫、呀啊啊啊啊！、嗯啊！、嗯啊啊！」
,,,,,,,,
Rikka.Debauchery2-23,,意図せずディルドが抜けた衝撃で、六花は激しく絶頂を感じてしまう,意図せずディルドが抜けた衝撃で、六花は激しく絶頂を感じてしまう,假陽具意外脫落的衝擊，讓六花感受到了強烈的快感。,The shock of the unintentional release of the dildo causes Rikka to climax violently!,The dildo slipping out unexpectedly brought Rikka to the climax.,"의도치 않게 딜도가 빠진 충격으로, 릿카는 격렬하게 절정을 느껴버린다",假阳具意外脱落的冲击，让六花感受到了强烈的快感。
,,,,,,,,
Rikka.Debauchery2-24,六花,「はあっ♥、はあっ♥、ん゛っ♥」,「はあっ♥、はあっ♥、ん゛っ♥」,「哈啊♥、哈啊♥、嗯♥」,"""Ahh, ah, ah, ah, ah, ah, ah, ah, ah, ah, ah.""","""Haaaa♥ Haaaa♥ Nnnnn♥""","「하앗♥, 하앗♥, 응옷 윽♥」",「哈、哈、嗯！」
,Rikka debauchery 2-4,,,,,,,
Rikka.Debauchery2-25,六花,「ん゛うっ♥、はあっ♥はあっ♥…」,「ん゛うっ♥、はあっ♥はあっ♥…」,「嗯嗚♥、哈啊♥、哈啊♥……」,"""Oh, my God, oh, my God, oh, my God, oh, my God...""","""Nnnnn♥ Haaaa♥""","「응옷 웃♥, 하앗♥하앗♥…」",「嗯呜！、哈、哈……」
,,,,,,,,
Rikka.Debauchery2-26,六花,「ちょっとしたハプニングはありましたが…六花のディルドオナニーショーでしたっ♥」,「ちょっとしたハプニングはありましたが…六花のディルドオナニーショーでしたっ♥」,「雖然發生了一點小插曲……這就是六花的假陽具自慰秀！」,"""Rikka's dildo masturbation show was a little bit of a happening...""","""There was a little incident... But that was the Rikka dildo masturbation show!""",「약간의 해프닝은 있었지만… 릿카의 딜도 자위 쇼였습니다♥」,「虽然发生了一点小插曲……这就是六花的假阳具自慰秀！」
,,,,,,,,
Rikka.Debauchery2-27,,そして観客からは拍手が上がる,そして観客からは拍手が上がる,接著觀眾席響起了掌聲。,And the audience applauds.,The audience clapped.,그리고 관객으로부터 박수가 터져 나온다,接着观众席响起了掌声。
,,,,,,,,
Rikka.Debauchery2-28,六花,「ん゛っ♥、ありがとうございますっ♥…では続いてっ！」,「ん゛っ♥、ありがとうございますっ♥…では続いてっ！」,「嗯♥，謝謝各位♥……那麼接下來！」,"""Thank you very much....now continue!""","""Thank you♥ And now...""","「응옷 윽♥, 감사합니다♥… 그럼 이어서!」",「嗯！、谢谢各位！……那么接下来！」
,,,,,,,,
Rikka.Debauchery2-29,,六花はピリピリと自分の股間の前張りをはがす,六花はピリピリと自分の股間の前張りをはがす,六花撕開了自己胯下的貼布。,Rikka peels off the front lining of her own crotch with a tingle,Rikka took off the skin-colored sheet that was covering her private parts.,릿카는 찌릿찌릿하게 자신의 음모 앞부분을 벗긴다,六花撕开了自己胯下的贴布。
,Rikka debauchery 2-5,,,,,,,
Rikka.Debauchery2-30,六花,「じゃーんっ♥、オナニーでトロトロに出来上がったおマンコですっ♥♥」,「じゃーんっ♥、オナニーでトロトロに出来上がったおマンコですっ♥♥」,「鏘～♥這就是自慰之後變得濕漉漉的鮑魚♥♥」,"""Oh, my masturbating pussy is so soft and tender.""","""Ta-da! A wet pussy from all that masturbating!""","「짜잔♥, 자위로 질척질척하게 완성된 보지입니다♥♥」",「锵～！、这就是自慰之后变得湿漉漉的鲍鱼！」
,,,,,,,,
Rikka.Debauchery2-31,六花,「では…頑張った六花ちゃんにおひねりの代わりに皆様のザーメンぶっかけてくださいっ♥！」,「では…頑張った六花ちゃんにおひねりの代わりに皆様のザーメンぶっかけてくださいっ♥！」,「那麼……作為鼓勵努力的六花小姐的打賞，請各位把精液射向我吧♥」,"""Then...please pour your cum on Rikka―chan for her hard work instead of handing out money!""","""Now, please cover me in your jizz to reward me for the show!""",「그럼… 힘낸 릿카쨩에게 팁 대신 여러분의 정액을 뿌려주세요♥!」,「那么……作为鼓励努力的六花小姐的打赏，请各位把精液射向我吧！」
,,,,,,,,
Rikka.Debauchery2-32,六花,「あ、まだショーの途中なのでおさわりは駄目ですよっ♥」,「あ、まだショーの途中なのでおさわりは駄目ですよっ♥」,「啊，現在還在表演途中，不能觸摸喔♥」,"""Oh, you can't touch me, I'm still in the middle of the show.""","""But the show is still going on, so you can't touch me.""","「아, 아직 쇼 도중이니 만지는 건 안 돼요♥」",「啊，现在还在表演途中，不能触摸喔！」
,,,,,,,,
Rikka.Debauchery2-33,Rikka debauchery 2-6,そして観客たちはステージ上の六花に向かって各々精液を吐き出していく,そして観客たちはステージ上の六花に向かって各々精液を吐き出していく,於是觀眾們各自將精液射向舞台上的六花。,The audience then spewed their semen toward Rikka on stage.,"The audience shot their loads at her.""",그리고 관객들은 무대 위의 릿카를 향해 각자 정액을 뱉어낸다,于是观众们各自将精液射向舞台上的六花。
,,,,,,,,
Rikka.Debauchery2-34,六花,「ん゛っ♥、皆様の精液っ♥、ありがとうございますっ♥」,「ん゛っ♥、皆様の精液っ♥、ありがとうございますっ♥」,「嗯♥非常感謝，大家的精液♥」,"""Thank you very much for your semen.""","""Nnnnnn♥ Thank you so much♥""","「응옷 윽♥, 여러분의 정액♥, 감사합니다♥」",「嗯！、各位的精液！、谢谢大家！」
,Rikka debauchery 2-7,,,,,,,
Rikka.Debauchery2-35,観客,「良かったよ六花ちゃん！毎回見てるけどすっかりガバガバアナルだねっ」,「良かったよ六花ちゃん！毎回見てるけどすっかりガバガバアナルだねっ」,「太棒了六花小姐！雖然我每次都有來看，但妳的屁眼完全變得超寬鬆了呢！」,"""Rikka―chan said, ""That was good, Rikka―chan! I see it every time, but you've got a totally gabba―ass anal!""","""That was great! I've been watching you this whole time. Your asshole has gotten loose!""",「좋았어 릿카쨩! 매번 보지만 완전히 헐렁헐렁 애널이네」,「太棒了六花小姐！虽然我每次都有来看，但你的屁眼完全变得超宽松了呢！」
,,,,,,,,
Rikka.Debauchery2-36,六花,「んあっ♥、ありがとうございますっ♥お兄さんの精液っ、おマンコの良い所にかかってるっ…♥」,「んあっ♥、ありがとうございますっ♥お兄さんの精液っ、おマンコの良い所にかかってるっ…♥」,「嗯啊♥，謝謝這位大哥的精液，正好射在鮑魚最棒的位置上了……♥」,"""I'm so happy to see your cum on my pussy...♥""","""Thank you♥ Your jizz hit me in just the right place♥""","「응앗♥, 감사합니다♥ 오빠의 정액, 보지의 좋은 곳에 묻었어요…♥」",「嗯啊！、谢谢这位大哥的精液、正好射在鲍鱼最棒的位置上了……」
,,,,,,,,
Rikka.Debauchery2-37,,そして六花の下半身が性液まみれになった後――――,そして六花の下半身が性液まみれになった後――――,六花的下半身沾滿精液之後――――,And after Rikka's lower body is covered in sexual fluids: ――――,After her crotch was covered in semen...,그리고 릿카의 하반신이 정액 범벅이 된 후――――,六花的下半身沾满精液之后――――
,Rikka debauchery 2-8,,,,,,,
Rikka.Debauchery2-38,六花,「はあっ♥、はあっ♥…それでは皆さんっ♥、これから六花ちゃんハメハメタイムですっ♥」,「はあっ♥、はあっ♥…それでは皆さんっ♥、これから六花ちゃんハメハメタイムですっ♥」,「哈啊♥、哈啊♥……那麼各位♥，接下來是六花小姐的性愛時間♥」,"""Rikka―chan is about to be fucked.""","""Haaaa♥ Haaaa♥ Now it's time to have sex with Rikka♥""","「하앗♥, 하앗♥… 그럼 여러분♥, 이제부터 릿카쨩 박는 시간입니다♥」",「哈、哈……那么各位！、接下来是六花小姐的性爱时间！」
,,,,,,,,
Rikka.Debauchery2-39,六花,「皆様にオナニーする所見られてっ♥、ザーメンぶっかけられてっ♥、六花我慢できなくなっちゃいましたっ♥」,「皆様にオナニーする所見られてっ♥、ザーメンぶっかけられてっ♥、六花我慢できなくなっちゃいましたっ♥」,「被大家看到自慰的樣子♥，還被射了一身精液♥，六花已經忍不住了♥」,"""Rikka, you saw me masturbating, you sprayed cum on me, I couldn't stand it any longer.""","""After letting you see me playing with myself and then covering me in jizz, I can't wait anymore♥""","「여러분에게 자위하는 모습 보여드리고♥, 정액 뿌려지고♥, 릿카 참을 수 없게 되어버렸어요♥」",「被大家看到自慰的样子！、还被射了一身精液！、六花已经忍不住了！」
,,,,,,,,
Rikka.Debauchery2-40,六花,「調教されて緩くなっちゃった六花のアナルとおマンコ…皆さんで可愛がってくださいっ♥」,「調教されて緩くなっちゃった六花のアナルとおマンコ…皆さんで可愛がってくださいっ♥」,「被調教得鬆軟的六花的屁眼和鮑魚……請大家盡情疼愛吧♥」,"""Rikka's anus and pussy have become loose after being trained....please love them all!""","""Please do whatever you want to my loose asshole and pussy♥""",「조교당해서 헐렁해진 릿카의 애널과 보지… 여러분이 귀여워해주세요♥」,「被调教得松软的六花的屁眼和鲍鱼……请大家尽情疼爱吧！」
,,,,,,,,
Rikka.Debauchery2-41,,観客から歓声が上がり、観客は六花のマンコに照準を合わせる,観客から歓声が上がり、観客は六花のマンコに照準を合わせる,觀眾們發出歡呼聲，將目標對準了六花的鮑魚。,The crowd cheers and the audience sets their sights on Rikka's pussy.,The audience cheered and aimed their cocks at her pussy.,"관객으로부터 환호성이 터져 나오고, 관객은 릿카의 보지에 조준한다",观众们发出欢呼声，将目标对准了六花的鲍鱼。
,,,,,,,,
Rikka.Debauchery2-42,六花,「ふふっ♥、こんなに沢山のおチンポが私をっ…♥」,「ふふっ♥、こんなに沢山のおチンポが私をっ…♥」,「呵呵！這麼多陽具對著我……！」,"""Hmph...so many cocks are coming on me...♥""","""Ahhhhh♥ So many cocks will fuck me soon...♥""","「후훗♥, 이렇게 많은 자지가 나를…♥」",「呵呵！、这么多阳具对着我……！」
,,,,,,,,
Rikka.Debauchery2-43,六花,「ここまで来たら聖核戦姫には戻れない…けどっ♥」,「ここまで来たら聖核戦姫には戻れない…けどっ♥」,「事到如今已經回不去聖核戰姫的身份了……但是♥」,"""I can't go back to being the Seikaku Princess after coming this far...but ♥""","""I can't go back to being a Holy Core Battlemaiden, but...""",「여기까지 오면 성핵전희로는 돌아갈 수 없어… 하지만♥」,「事到如今已经回不去圣核战姫的身份了……但是！」
,,,,,,,,
Rikka.Debauchery2-44,六花,「沢山おチンポに必要とされてっ♥六花幸せですっ♥」,「沢山おチンポに必要とされてっ♥六花幸せですっ♥」,「被這麼多陰莖需要♥，六花覺得好幸福♥」,"""Rikka is so happy to be needed by so many dicks.""","""I'm so glad that so many cocks need me♥""",「많은 자지에게 필요로 여겨져서♥ 릿카 행복해요♥」,「被这么多阴茎需要！六花觉得好幸福！」
,,,,,,,,
Rikka Core Scene１,注釈,聖核シーン１,聖核シーン１,,聖核シーン１,,성핵 이벤트 1,
,,,,,,,,
Rikka.Core1-1,暗転,六花が囚われ調教の日々が続いていたある日,六花が囚われ調教の日々が続いていたある日,六花被囚禁和調教的日子持續著，直到某一天。,"One day, when Rikka was being held captive and trained for days on end.",On an ordinary day of Rikka's confinement and training...,릿카가 사로잡혀 조교의 나날이 계속되던 어느 날,六花被囚禁和调教的日子持续着，直到某一天。
,戦闘背景：地下研究施設,,,,,,,
Rikka.Core1-2,六花,「っ、ここはっ…！？」,「っ、ここはっ…！？」,「這裡是……！？」,"""What is this place?""","""...Where am I?""","「윽, 여기는…!?」",「可恶、这里是……！？」
,,,,,,,,
Rikka.Core1-3,,六花は四方が頑丈な壁で覆われた実験室に入れられていた,六花は四方が頑丈な壁で覆われた実験室に入れられていた,六花被關進了一間四面都被堅固牆壁覆蓋的實驗室裡。,Rikka was kept in a laboratory with sturdy walls on all sides.,She was brought to a lab with walls that looked almost indestructible.,릿카는 사방이 튼튼한 벽으로 둘러싸인 실험실에 갇혀 있었다,六花被关进了一间四面都被坚固墙壁覆盖的实验室里。
,,,,,,,,
Rikka.Core1-4,研究員(立ち絵無し),「どうやら気が付いたようだな」,「どうやら気が付いたようだな」,「看來妳醒了。」,"""It appears you've noticed.""","""You noticed, huh?""",「아무래도 깨어난 모양이군」,「看来你醒了。」
,,,,,,,,
Rikka.Core1-5,,「お前にはこれから怪人研究の実験台になってもらおうと思ってな」,「お前にはこれから怪人研究の実験台になってもらおうと思ってな」,「我打算讓妳成為怪人研究的實驗品。」,"""I'm going to use you as a test subject for my monster research.""","""You're going to be our test subject for researching fiends.""",「너에게는 이제부터 괴인 연구의 실험체가 되어줘야겠다고 생각해서」,「我打算让你成为怪人研究的实验品。」
,,,,,,,,
Rikka.Core1-6,六花,「実験台っ！？、ふざけないでっ、私がそんな簡単に受け入れるとでもっ！」,「実験台っ！？、ふざけないでっ、私がそんな簡単に受け入れるとでもっ！」,「實驗品！？別開玩笑了，妳以為我會輕易接受嗎！」,"""Experimental subjects? Don't be silly, I didn't expect you to accept me so easily!""","""Test subject? No way! Do you think I will just accept?""","「실험체!?, 웃기지 마, 내가 그렇게 쉽게 받아들일 것 같아!」",「实验品！？、别开玩笑了、你以为我会轻易接受吗！」
,,,,,,,,
Rikka.Core1-7,研究員,「ククッ、まあ抵抗したいなら好きにすればいい。まあできるもんならな」,「ククッ、まあ抵抗したいなら好きにすればいい。まあできるもんならな」,「呵呵，如果妳想反抗就隨意吧。如果妳做得到的話。」,"""Kukk, well, if you want to resist, do what you want. Well, if you can.""","""Ha, if you want to resist, be my guest. If you can, that is.""","「크큭, 뭐 저항하고 싶으면 마음대로 해라. 뭐 할 수 있다면 말이지」",「呵呵，如果你想反抗就随意吧。如果你做得到的话。」
,,,,,,,,
Rikka.Core1-8,,その時、六花いる部屋の足元の隙間からグネグネと赤色の肉塊が侵入してくる,その時、六花いる部屋の足元の隙間からグネグネと赤色の肉塊が侵入してくる,就在這時，一團紅色的肉塊扭動著從六花房間地板的縫隙侵入。,"At that moment, a red mass of flesh comes in through a gap at the foot of the room in which Rikka is standing.","At that moment, red chunks of flesh came out from the gaps in the floor.","그때, 릿카가 있는 방의 발밑 틈새로 꿈틀꿈틀 붉은 살덩이가 침입해 온다",就在这时，一团红色的肉块扭动着从六花房间地板的缝隙侵入。
,,,,,,,,
Rikka.Core1-9,六花,「なっ！、なにこれっ！？」,「なっ！、なにこれっ！？」,「這、這是什麼！？」,"""What's this? What is this?""","""Huh? What's this?""","「뭣!, 뭐야 이거!」",「什、这是什么！？」
,,,,,,,,
Rikka.Core1-10,,「足元に絡みついてっ、ぐっ、はなれろっ！」,「足元に絡みついてっ、ぐっ、はなれろっ！」,「它纏住了我的腳，唔，快放開！」,"""'Tangle yourself around my feet, gosh, get off me!""","""It's coming for my feet... Let go!""","「발밑에 얽혀서, 큭, 떨어져!」",「它缠住了我的脚、唔、快放开！」
,,,,,,,,
Rikka.Core1-11,,六花は必死に抵抗するが、肉塊に足を固定され床にへばらせられてしまう,六花は必死に抵抗するが、肉塊に足を固定され床にへばらせられてしまう,六花拼命抵抗，但雙腳被肉塊固定住，整個人被黏在地上。,"Rikka desperately tries to resist, but her legs are pinned by the mass of flesh and she is forced to lie on the floor.","Rikka did her best to resist, but her feet were caught by the flesh chunks and immobolized.","릿카는 필사적으로 저항하지만, 살덩이에 다리가 고정되어 바닥에 달라붙어 버린다",六花拼命抵抗，但双脚被肉块固定住，整个人被黏在地上。
,Rikka core 1-1,,,,,,,
Rikka.Core1-12,六花,「ぐうっ、しまった…っ！」,「ぐうっ、しまった…っ！」,「咕嗚，糟了……！」,"""Ugh, shoot...!""","""Ugh, no way...""","「크윽, 이런…!」",「可恶、糟了……！」
,,,,,,,,
Rikka.Core1-13,,「っ、凄い力っ…私の力を使っても逃げ出せない…っ！」,「っ、凄い力っ…私の力を使っても逃げ出せない…っ！」,「好大的力氣……就算用我的力量也逃不掉……！」,"""I can't escape even if I use my power!""","""This is... I can't get away...""","「윽, 굉장한 힘… 내 힘을 써도 도망칠 수 없어…!」",「好大的力气……就算用我的力量也逃不掉……！」
,Rikka core 1-2,,,,,,,
Rikka.Core1-14,,肉塊は更に六花の体を上り、下半身はほとんど肉塊に飲み込まれてしまう,肉塊は更に六花の体を上り、下半身はほとんど肉塊に飲み込まれてしまう,肉塊繼續向上攀爬六花的身體，下半身幾乎被肉塊吞沒。,"The mass of flesh climbs further up Rikka's body, and her lower body is almost completely swallowed by the mass of flesh.",The chunks then climbed upward and engulfed the lower half of her body.,"살덩이는 더욱 릿카의 몸을 기어올라, 하반신은 거의 살덩이에 삼켜져 버린다",肉块继续向上攀爬六花的身体，下半身几乎被肉块吞没。
,,,,,,,,
Rikka.Core1-15,六花,「っ、ううっ、気持ち悪いっ！このっ、離れろっ！」,「っ、ううっ、気持ち悪いっ！このっ、離れろっ！」,「嗚嗚，好噁心！這東西，快放開我！」,"""I'm so sick of this! Get off of me!""","""This is disgusting! Get away from me!""","「윽, 으윽, 기분 나빠! 이, 떨어져!」",「可恶、呜呜、好恶心！这东西、快放开我！」
,,,,,,,,
Rikka.Core1-16,,六花は全身に力を入れ何とか振りほどこうとするが、肉塊の拘束力の前に腕を動かすことすらかなわない,六花は全身に力を入れ何とか振りほどこうとするが、肉塊の拘束力の前に腕を動かすことすらかなわない,六花使出全身力氣想掙脫，但在肉塊的拘束力面前，連手臂都無法動彈。,"Rikka puts all her strength into her body and tries to shake it off, but she can't even move her arms before the binding power of the mass of flesh!","Rikka summoned all her strength, but she couldn't even lift her arm.","릿카는 온몸에 힘을 주어 어떻게든 뿌리치려 하지만, 살덩이의 구속력 앞에 팔을 움직이는 것조차 불가능하다",六花使出全身力气想挣脱，但在肉块的拘束力面前，连手臂都无法动弹。
,,,,,,,,
Rikka.Core1-17,六花,「っ、こうなったらっ、一気に聖核エネルギーを開放してっ！」,「っ、こうなったらっ、一気に聖核エネルギーを開放してっ！」,「既然這樣，只能一口氣解放聖核能量了！」,"""If this happens, release the Seikaku energy all at once!""","""...I'll just have to unleash my Holy Core energy!""","「윽, 이렇게 되면, 단숨에 성핵 에너지를 개방해서!」",「可恶、既然这样、只能一口气解放圣核能量了！」
,,,,,,,,
Rikka.Core1-18,,「迷ってる暇はない…っ、全力で―――――ひぐうっ！？」,「迷ってる暇はない…っ、全力で―――――ひぐうっ！？」,「沒有時間猶豫了……用盡全力―――――噫嗚！」,"""No time to get lost...I'll do my best to ――――― higu!""","""I don't have time to think... Huhgggggh?!""","「망설일 시간 없어…윽, 전력으로―――――히극!?」",「没有时间犹豫了……、用尽全力―――――噫呜！」
,Rikka core 1-3,,,,,,,
Rikka.Core1-19,,六花の二穴に肉塊が侵入し、六花は思わず声を漏らす,六花の二穴に肉塊が侵入し、六花は思わず声を漏らす,肉塊侵入了六花的兩個洞口，六花忍不住發出了聲音。,"Rikka's two holes are invaded by a lump of meat, and Rikka involuntarily lets out a cry","The flesh chunks entered her vagina and anus, and she let out a noise.","릿카의 두 구멍에 살덩이가 침입하여, 릿카는 무심코 목소리를 흘린다",肉块侵入了六花的两个洞口，六花忍不住发出了声音。
,,,,,,,,
Rikka.Core1-20,,ズプッ、ズルルルッ！,ズプッ、ズルルルッ！,噗滋、咕嚕嚕嚕！,"Zup, zurulu!",Spurt! Spurrrrrrt!,"즈풋, 즈르르르릇!",噗滋、咕噜噜噜！
,,,,,,,,
Rikka.Core1-21,六花,「なっ…ぐうっ！やめっ…うあっ♥！」,「なっ…ぐうっ！やめっ…うあっ♥！」,「什……唔！住手……嗚啊！」,"""I'm going to get you! Stop... ah!""","""Ahhh! Stop! Ahhhhhhhh!""",「뭣… 크윽! 그만… 으앗♥!」,「什……唔！住手……呜啊！」
,,,,,,,,
Rikka.Core1-22,,(やばいっ、お尻の穴からっ、どんどん奥に侵入されてるっ！),(やばいっ、お尻の穴からっ、どんどん奥に侵入されてるっ！),(糟了，從屁眼，不斷往深處侵入了！),"(Oh my God, it's coming in deeper and deeper through my butt hole!)","(Ugh, it's going inside me through my anus...)","(위험해, 엉덩이 구멍에서, 점점 안쪽으로 침입당하고 있어!)",(糟了、从屁眼、不断往深处侵入了！)
,,,,,,,,
Rikka.Core1-23,,「ん゛あっ♥、お腹の中グチュグチュされてっ…集中できないっ！」,「ん゛あっ♥、お腹の中グチュグチュされてっ…集中できないっ！」,「嗯啊！肚子裡被攪得黏糊糊的……無法集中精神！」,"""I can't concentrate!""","""Ahhh... My stomach... I can't focus!""","「응옷 앗♥, 배 속을 질척질척 당해서… 집중할 수 없어!」",「嗯啊！、肚子里被搅得黏糊糊的……无法集中精神！」
,Rikka core 1-4,,,,,,,
Rikka.Core1-24,,そして気が付けば肉塊は六花の首元まで上昇し、今や六花のほぼ全身を包み込んでいる,そして気が付けば肉塊は六花の首元まで上昇し、今や六花のほぼ全身を包み込んでいる,不知不覺中，肉塊已經爬升到六花的頸部，現在幾乎包裹了六花的全身。,"And before you know it, the mass of flesh has risen to Rikka's neck and now encompasses almost her entire body.","Before she knew it, the flesh chunks reached her neck, almost engulfing her fully.","그리고 정신을 차려보니 살덩이는 릿카의 목덜미까지 올라와, 이제 릿카의 거의 전신을 감싸고 있다",不知不觉中，肉块已经爬升到六花的颈部，现在几乎包裹了六花的全身。
,,,,,,,,
Rikka.Core1-25,,「～～～～ッ！、このっ♥、お゛っ♥、はなれ……ろっ♥！」,「～～～～ッ！、このっ♥、お゛っ♥、はなれ……ろっ♥！」,「～～～～！這、可惡！放開……我！」,"""～～～～! Get away from ......!""","""Aghhhh! Ohhhhh... Let me go!""","「~~~~윽!, 이♥, 오옷 옷♥, 떨어…져엇♥!」",「～～～～！、这、可恶！、放开……我！」
,,,,,,,,
Rikka.Core1-26,,六花は必死に抵抗するが、四肢を完全に固定され、もはや逃れる術はなくなっていた,六花は必死に抵抗するが、四肢を完全に固定され、もはや逃れる術はなくなっていた,六花拼命抵抗，但四肢完全被固定，已經沒有逃脫的方法了。,"Rikka desperately resisted, but her limbs were completely immobilized and there was no way for her to escape.","Rikka tried to resist again, but her limbs were stuck and she could not escape.","릿카는 필사적으로 저항하지만, 사지가 완전히 고정되어, 이제 도망칠 방법은 없었다",六花拼命抵抗，但四肢完全被固定，已经没有逃脱的方法了。
,Rikka core 1-5,,,,,,,
Rikka.Core1-27,,グチュッ！ズルルルルッ！,グチュッ！ズルルルルッ！,咕啾！咕嚕嚕嚕嚕！,Guchu! Zurulu!,Squelch! Rrrrrr!,구츗! 즈르르르릇!,咕啾！咕噜噜噜噜！
,,,,,,,,
Rikka.Core1-28,六花,「お゛っ♥、ほお゛っ♥、お゛っ♥！？」,「お゛っ♥、ほお゛っ♥、お゛っ♥！？」,「喔♥、喔喔♥、喔♥！？」,"""Oh, ho, ho, ho, ho, ho!""","""Ohhhh♥ Ohhhhhh♥""","「오옷 옷♥, 호오옷 옷♥, 오옷 옷♥!?」",「喔！、喔喔！、喔！？」
,,,,,,,,
Rikka.Core1-29,,ギュルルルッ、ギュルルルッ,ギュルルルッ、ギュルルルッ,咕嚕嚕嚕、咕嚕嚕嚕！,,"Grrrrr, grrrrrrrr","규르르르릇, 규르르르릇",咕噜噜噜、咕噜噜噜！
,,,,,,,,
Rikka.Core1-30,,「お゛おっ♥、お゛っ♥、お゛おっ♥！？」,「お゛おっ♥、お゛っ♥、お゛おっ♥！？」,「喔喔♥、喔♥、喔喔♥！？」,"""Ooooh ♥, ooooh ♥, ooooh ♥!""","""Ohhhhhhh♥ Ohhhhhhhhhhhhh♥""","「오옷 오옷♥, 오옷 옷♥, 오옷 오옷♥!?」",「喔喔！、喔！、喔喔！？」
,,,,,,,,
Rikka.Core1-31,,(なあっ…♥、これっ、お腹の中っ、上がってきてるっ♥！？),(なあっ…♥、これっ、お腹の中っ、上がってきてるっ♥！？),(什……！這個，在肚子裡，往上爬了！?),(♥♥♥♥♥♥♥♥♥♥♥♥♥♥♥♥♥♥♥♥♥♥♥♥♥♥♥♥♥♥♥♥♥♥♥),(What is this... It's coming up from my stomach...),"(뭣…♥, 이거, 배 속, 올라오고 있어♥!?)",(什……！、这个、在肚子里、往上爬上来了！?)
,,,,,,,,
Rikka.Core1-32,,(体の中までっ、コイツに侵食されてっ、体中に染み込んできてるっ♥！),(体の中までっ、コイツに侵食されてっ、体中に染み込んできてるっ♥！),(連身體裡面，都被這傢伙侵蝕了，滲透到全身了♥！),"(It's invading my body, it's soaking into my body... ♥!)",(It's eating me away from within... It's taking over my body...),"(몸속까지, 이 녀석에게 침식당해서, 온몸에 스며들고 있어♥!)",(连身体里面、都被这家伙侵蚀了、渗透到全身了！)
,,,,,,,,
Rikka.Core1-33,,「っ！！、ゲポッ、おええっ♥！」,「っ！！、ゲポッ、おええっ♥！」,「！！嘔、嘔噁♥！」,"""I'm not sure what to say! Gepoh, oye ♥!""","""...Ughhh! Ughhhh!""","「윽!!, 게폿, 오엣♥!」",「！！、呕、呕恶！」
,,,,,,,,
Rikka.Core1-34,,六花は突然の嘔吐感に襲われる,六花は突然の嘔吐感に襲われる,六花突然感到一陣想吐。,Rikka has a sudden feeling of vomiting,Rikka felt nauseous suddenly.,릿카는 갑작스러운 구토감에 휩싸인다,六花突然感到一阵想吐。
,,,,,,,,
Rikka.Core1-35,,(これっ、お腹にっ♥、すぐそこまで上がってきてるっ♥！),(これっ、お腹にっ♥、すぐそこまで上がってきてるっ♥！),(這個、在我肚子裡♥、已經快要到喉嚨了♥！),"(This, on my stomach, it's coming right up to me!)",(It's... coming up from my stomach...),"(이거, 배에♥, 바로 거기까지 올라오고 있어♥!)",(这个、在我肚子里、已经快要到喉咙了！)
,,,,,,,,
Rikka.Core1-36,,グルルルッ！ギュルルッ♥！,グルルルッ！ギュルルッ♥！,咕嚕嚕！咕嚕嚕♥！, ,Grrrrr! Rrrrrr!,그르르르릇! 규르릇♥!,咕噜噜！咕噜噜！
,,,,,,,,
Rikka.Core1-37,,(オエ…ッ、やだっ♥、気持ち悪いっ！),(オエ…ッ、やだっ♥、気持ち悪いっ！),(嘔……不要♥，好噁心！),"(Oh, my God, that's disgusting!)","(Ugh, this is disgusting...)","(오엣…윽, 싫어♥, 기분 나빠!)",(呕……、不要、好恶心！)
,,,,,,,,
Rikka.Core1-38,,そして六花の気が緩んだ瞬間―――――,そして六花の気が緩んだ瞬間―――――,就在六花鬆懈的瞬間―――――,And the moment Rikka loosened up: ―――――,When Rikka was distracted...,그리고 릿카의 긴장이 풀린 순간―――――,就在六花松懈的瞬间―――――
,Rikka core 1-6 ,,,,,,,
Rikka.Core1-39,,ドバッ、ズルルルルッッ！！！,ドバッ、ズルルルルッッ！！！,啪、咕嚕嚕嚕嚕！！！,,Baahhhhh! Spurrrrrr!,"도밧, 즈르르르릇!!",啪、咕噜噜噜噜！！！
,,,,,,,,
Rikka.Core1-40,,(～～～～～ッッッ！！！),(～～～～～ッッッ！！！),(～～～～～！！！),(～～～～～!!!!!!!!!!!!!!!!!!!!!!!!!!!!),(!!!),(~~~~~윽!!!),(～～～～～！！！)
,,,,,,,,
Rikka.Core1-41,,消化管を貫通した触手が六花の口から勢いよく飛び出す,消化管を貫通した触手が六花の口から勢いよく飛び出す,穿透消化道的觸手猛地從六花的口中噴射而出。,A tentacle pierces the digestive tract and shoots vigorously out of Rikka's mouth.,The tentacle that traveled through her digestive tracts came out from her mouth.,소화관을 관통한 촉수가 릿카의 입에서 힘차게 튀어나온다,穿透消化道的触手猛地从六花的口中喷射而出。
,,,,,,,,
Rikka.Core1-42,六花,「ゴペッ、カヒュッッ♥！」,「ゴペッ、カヒュッッ♥！」,「咳、咳咳♥」,"""Gopek, kahütt ♥!""","""Ugh, haaaaaa...""","「고펫, 카흇♥!」",「咳、咳咳！」
,,,,,,,,
Rikka.Core1-43,,(うあっ♥、やばいっ…息がっ……),(うあっ♥、やばいっ…息がっ……),(嗚啊♥，糟了……無法呼吸……),(Oh my God...my breath.........),"(This is bad, I can't breathe...)","(으앗♥, 위험해… 숨이……)",(呜啊、糟了……无法呼吸……)
,,,,,,,,
Rikka.Core1-44,,(口の中で触手が動いてっ、まずいっ…！),(口の中で触手が動いてっ、まずいっ…！),(觸手在嘴裡動來動去，糟糕……！),(Tentacles are moving in my mouth...!),"(The tentacle is in my mouth, I...)","(입안에서 촉수가 움직여서, 위험해…!)",(触手在嘴里动来动去、糟糕……！)
,,,,,,,,
Rikka.Core1-45,,ズルッ、ズルッ！,ズルッ、ズルッ！,咕溜、咕溜！,"Zulu, zulu!","Zrrrrrr, zrrrrrr!","즈릇, 즈릇!",咕溜、咕溜！
,Rikka core 1-7,,,,,,,
Rikka.Core1-46,,やがて赤い肉塊は六花の頭まで包み込み、そこに何があったのかさえ分からなくなる,やがて赤い肉塊は六花の頭まで包み込み、そこに何があったのかさえ分からなくなる,最終紅色的肉塊連六花的頭部也完全包裹住，看不出裡面有任何東西。,"Eventually, the red mass of flesh envelops Rikka up to her head, and she can't even tell what was there.",The red chunks covered her head and wiped away traces of Rikka in the room.,"이윽고 붉은 살덩이는 릿카의 머리까지 감싸고, 거기에 무엇이 있었는지조차 알 수 없게 된다",最终，红色的肉块连六花的头部也完全包裹住，看不出里面有任何东西。
,,,,,,,,
Rikka.Core1-47,,「カヒュッ、カヒュッ、ん゛ん～～～～～っ！！」,「カヒュッ、カヒュッ、ん゛ん～～～～～っ！！」,「咳咳、咳咳、嗯嗯～～～～～！！」,"""Cahhhh, cahhhh, nnnnnn～～～～～!!!!""","""Guhhhh... Nnnnnn...""","「카흇, 카흇, 응옷 응~~~~~윽!!」",「咳咳、咳咳、嗯嗯～～～～～！！」
,,,,,,,,
Rikka.Core1-48,,(お腹の中からっ、体全体が包み込まれてっ…うあっ♥),(お腹の中からっ、体全体が包み込まれてっ…うあっ♥),(從肚子裡…整個身體都被包住了……嗚啊♥),"(From the inside of my stomach, my whole body is wrapped around...ohhhh ♥)",(It wrapped itself around me from my stomach...),"(배 속에서, 온몸이 감싸여서… 으앗♥)",(从肚子里、整个身体都被包住了……呜啊！)
,,,,,,,,
Rikka.Core1-49,,(呼吸ができない……っ、まずい…意識がっ…………),(呼吸ができない……っ、まずい…意識がっ…………),(不能呼吸……糟了……意識…………),"(I can't breathe. ...... Oh, no... I'm unconscious. ............)",(I can't breathe... My mind... Ughhh...),"(숨 쉴 수 없어……윽, 위험해… 의식이…………)",(不能呼吸……、糟了……意识…………)
,,,,,,,,
Rikka.Core1-50,,(誰か…助け…………),(誰か…助け…………),(誰來……救救我…………),(Anyone...help ............),(Help...),(누구… 도와…………),(谁来……救救我…………)
,,,,,,,,
Rikka.Core1-51,,六花の意識はそこで途絶えた,六花の意識はそこで途絶えた,六花的意識在那裡中斷了。,Rikka's consciousness ceased there.,Rikka lost consciousness.,릿카의 의식은 거기서 끊어졌다,六花的意识在那里中断了。
,,,,,,,,
Rikka Core Scene２,注釈,聖核シーン２,聖核シーン２,,聖核シーン２,,성핵 이벤트 2,
,,,,,,,,
Rikka.Core2-1,黒背景,六花が触手に固定されてからしばらくして―――――,六花が触手に固定されてからしばらくして―――――,六花被觸手固定住後過了一段時間―――――,"Some time after Rikka was pinned to the tentacles, ―――――",Some time passed after Rikka was held down by the tentacles...,릿카가 촉수에게 고정된 후 얼마 지나지 않아―――――,六花被触手固定住后过了一段时间―――――
,暗転,,,,,,,
Rikka.Core2-2,,六花が肉塊に飲み込まれた部屋には形容しがたい異臭が部屋に満ちている,六花が肉塊に飲み込まれた部屋には形容しがたい異臭が部屋に満ちている,六花被肉塊吞噬的房間裡瀰漫著難以形容的異味。,"The room where Rikka was swallowed by the mass of flesh, the room is filled with a strange, indescribable smell.",A pungent smell filled the room where Rikka was devoured by the flesh.,릿카가 살덩이에 삼켜진 방에는 형용하기 어려운 악취가 방에 가득하다,六花被肉块吞噬的房间里弥漫着难以形容的异味。
,Rikka core 2ｰ1,,,,,,,
Rikka.Core2-3,,部屋の中はいたるところに赤色の肉塊がへばりつき、時折脈動を繰り返してる,部屋の中はいたるところに赤色の肉塊がへばりつき、時折脈動を繰り返してる,房間內到處都黏著紅色的肉塊，不時重複著脈動。,"The room is heaving with red flesh everywhere, pulsating from time to time.",The room was covered in red chunks of flesh that sometimes pulsated.,"방 안은 곳곳에 붉은 살덩이가 달라붙어, 때때로 맥동을 반복하고 있다",房间内到处都黏着红色的肉块，不时重复着脉动。
,,,,,,,,
Rikka.Core2-4,,その中心にはピクピクと動くヒトガタの不気味な肉の塊が鎮座していた,その中心にはピクピクと動くヒトガタの不気味な肉の塊が鎮座していた,在它的中心，一個蠕動著的人形、詭異的肉塊安靜地盤踞著。,At the center of it sat an eerie hunk of twitching humanoid flesh.,"In the middle stood a larger chunk that was shaped like a human, and trembled from time to time.",그 중심에는 피크피크 움직이는 인간 형태의 섬뜩한 살덩이가 자리 잡고 있었다,在它的中心，一个蠕动着的人形、诡异的肉块安静地盘踞着。
,,,,,,,,
Rikka.Core2-5,六花,(うっ…一体どれだけの時間が経ったのかさえ分からない……),(うっ…一体どれだけの時間が経ったのかさえ分からない……),(嗚……到底過了多久我也不知道……),(Ugh...I don't even know how much time has passed ......),(I don't know how much time has passed...),(윽… 대체 얼마나 시간이 흘렀는지조차 모르겠어……),(呜……到底过了多久我也不知道……)
,,,,,,,,
Rikka.Core2-6,,(体の感覚が…どこが手で…どこが足なのかも…),(体の感覚が…どこが手で…どこが足なのかも…),(身體的感覺……哪裡是手……哪裡是腳也分不清楚了……),(I can feel my body... where is my hand... where is my foot...),(My body... I can't feel my hands or feet...),(몸의 감각이… 어디가 손이고… 어디가 발인지도…),(身体的感觉……哪里是手……哪里是脚也分不清楚了……)
,,,,,,,,
Rikka.Core2-7,,(私は…今どうなっているの………？),(私は…今どうなっているの………？),(我……現在到底是什麼樣子了……？),(I'm...what's going on now .........?),(What has become of me?),(나는… 지금 어떻게 되어 있는 거지………?),(我……现在到底是什么样子了……？)
,,,,,,,,
Rikka.Core2-8,,六花は既にほとんどの五感を失っていたが、霞む意識で思考をめぐらせる,六花は既にほとんどの五感を失っていたが、霞む意識で思考をめぐらせる,六花雖然已失去大部分五感，但在模糊的意識中進行著思考。,"Rikka had already lost most of her senses, but she was able to think through her hazy consciousness","Rikka lost most of her senses, and she was trying to use what little was left of her mind.","릿카는 이미 거의 모든 오감을 잃었지만, 흐릿한 의식으로 생각을 더듬는다",六花虽然已失去大部分五感，但在模糊的意识中进行着思考。
,,,,,,,,
Rikka.Core2-9,,(っ……悲観していてもしょうがない…っ、何とか今できることを探さないとっ！),(っ……悲観していてもしょうがない…っ、何とか今できることを探さないとっ！),(可惡……光是悲觀也沒用……可惡、要想辦法找到現在能做的事！),(......) It's no use being pessimistic...we have to find something we can do now!,(There's no use being sad. What can I do now?),"(윽…… 비관하고 있어도 소용없어…윽, 어떻게든 지금 할 수 있는 일을 찾아야 해!)",(可恶……光是悲观也没用……可恶、要想办法找到现在能做的事！)
,,,,,,,,
Rikka.Core2-10,,(そう…考える……今の私に出来る事っ……！),(そう…考える……今の私に出来る事っ……！),(對……思考……現在的我能做的事……！),(So...think ...... what I can do now!),"(Yes, I need to focus on what I can do...)",(그래… 생각하자…… 지금 내가 할 수 있는 일……!),(对……思考……现在的我能做的事……！)
,,,,,,,,
Rikka.Core2-11,,(とりあえず少しでも動ける方法を見つけて…………“カラダ“から“デテイク”),(とりあえず少しでも動ける方法を見つけて…………『カラダ』から『デテイク』),(總之先找到一點點能動的方法……然後「從身體」「出來」),"(In the meantime, find a way to move as little as possible and ""detake"" from ............ ""body "")","(I'll have to figure out how to move, even if it's just a little... Leaving my body...)",(일단 조금이라도 움직일 수 있는 방법을 찾아서…………“몸“에서 “나가자”),(总之先找到一点点能动的方法……然后「从身体」「出来」)
,,,,,,,,
Rikka.Core2-12,,(そう…まずは“カラダ”から出て……“カラダ”から出て…………ッ！？),(そう…まずは『カラダ』から出て……『カラダ』から出て…………ッ！？),(對……先「從身體」出來……「從身體」出來…………！？),"(Yes... get out of your ""body"" first. ...... get out of your ""body""... .........?)","(Yes, leaving the body... Leaving the body...?!)",(그래… 우선 “몸”에서 나가서…… “몸”에서 나가서…………윽!?),(对……先「从身体」出来……「从身体」出来…………！？)
,,,,,,,,
Rikka.Core2-13,,(……なっ！？………私…今何を考えて…！？),(……なっ！？………私…今何を考えて…！？),(……什麼！？………我……剛才在想什麼……！？),(...... Hey! ......... I... what was I thinking just now...!),"(Wait, what? What was I thinking?)",(……뭣!?……… 나… 지금 뭘 생각하고…!?),(……什么！？………我……刚才在想什么……！？)
,,,,,,,,
Rikka.Core2-14,,六花は自分の思考の中の不純物に気が付く,六花は自分の思考の中の不純物に気が付く,六花察覺到自己思考中的雜質。,Rikka realizes the impurities in her thoughts.,Rikka noticed the impurities in her thoughts.,릿카는 자신의 사고 속의 불순물을 깨닫는다,六花察觉到自己思考中的杂质。
,,,,,,,,
Rikka.Core2-15,,(体から出る……？！違う！、なんで私はそんな訳の分からないことをっ！？),(体から出る……？！違う！、なんで私はそんな訳の分からないことをっ！？),(從身體出來……？！不對！我為什麼會想這種莫名其妙的事！？),"(...... coming out of your body? No, it's not! Why am I so incomprehensible?)",(Leaving the body? No! Why was I thinking that...),"(몸에서 나간다……!? 아니야!, 왜 나는 그런 말도 안 되는 일을!?)",(从身体出来……？！不对！，我为什么会想这种莫名其妙的事！？)
,,,,,,,,
Rikka.Core2-16,,(私がしなきゃいけないのは“カラダ”から“デル”こと…………でっ！？),(私がしなきゃいけないのは『カラダ』から『デル』こと…………でっ！？),(我必須要做的事是從「身體」裡「出來」…………然後！？),"(All I have to do is ""Dell"" from my ""body"" at ............ ?!!!)",(I have to get out of this body... Huh?),(내가 해야 하는 건 “몸”에서 “나가는” 것…………이고!?),(我必须要做的事是「从身体」「出来」…………然后！？)
,,,,,,,,
Rikka.Core2-17,,(っ！？、違うっ！、そんなこと考えてないッ！),(っ！？、違うっ！、そんなこと考えてないッ！),(！？不對！我沒想過這種事！),"(What? No, no! I'm not thinking like that!)",(No! I wasn't thinking about that!),"(윽!?, 아니야!, 그런 생각 안 했어!)",(！？、不对！、我没想过这种事！)
,,,,,,,,
Rikka.Core2-18,,(これは……ッ、私の思考の中に私じゃない“何か”が侵入してる…！？),(これは……ッ、私の思考の中に私じゃない『何か』が侵入してる…！？),(這是……！有「什麼東西」侵入到我的思考中了……！？),"(This is ......, ""something"" that is not me is invading my thoughts...!)",(This is... Something that isn't me has invaded my mind!),"(이건……윽, 내 생각 속에 내가 아닌 “무언가”가 침입하고 있어…!?)",(这是……！、有「什么东西」侵入到我的思考中了……！？)
,,,,,,,,
Rikka.Core2-19,,六花がそれを認識した瞬間、肉塊が体を震わせた,六花がそれを認識した瞬間、肉塊が体を震わせた,六花意識到這點的瞬間，肉塊震動了身體。,"The moment Rikka recognized it, the mass of flesh shook her body.","When she realized what was happening, her body trembled.","릿카가 그것을 인식한 순간, 살덩이가 몸을 떨었다",六花意识到这点的瞬间，肉块震动了身体。
,,,,,,,,
Rikka.Core2-20,,(っ…！誰だか知らないけどっ！これは私の体っ！),(っ…！誰だか知らないけどっ！これは私の体っ！),(可惡……！不管你是誰！這是我的身體！),(Phew...! I don't know who you are! This is my body!),"(I don't know who you are, but this is my body!)",(윽…! 누군지 모르겠지만! 이건 내 몸!),(可恶……！不管你是谁！这是我的身体！)
,,,,,,,,
Rikka.Core2-21,,(乗っ取られなんかさせないっ……！出て行って！),(乗っ取られなんかさせないっ……！出て行って！),(我不會讓妳奪走的……！給我滾出去！),(I won't let you hijack me. ......! Get out!),(I won't let you take over my body! Get out!),(빼앗기게 놔둘 순 없어……! 나가!),(我不会让你夺走的……！给我滚出去！)
,,,,,,,,
Rikka.Core2-22,,(そう…っ！出ていけっ！、出ていけっ！、出ていけっ！),(そう…っ！出ていけっ！、出ていけっ！、出ていけっ！),(對……！滾出去！滾出去！滾出去！),(So...! Get out! Get out! Get out!),"(That's right, get out! Get out! Get out!)","(그래…윽! 나가!, 나가!, 나가!)",(对……！滚出去！、滚出去！、滚出去！)
,,,,,,,,
Rikka.Core2-23,,(でていけっ！、でていけっ！、でていけっ！、でていけっ！),(でていけっ！、でていけっ！、でていけっ！、でていけっ！),(滾出去！滾出去！滾出去！滾出去！),(Detei kette! Get out of here! Get out! Get out!),"(Get out, get out! Get out! Get out!)","(나가!, 나가!, 나가!, 나가!)",(滚出去！、滚出去！、滚出去！、滚出去！)
,,,,,,,,
Rikka.Core2-24,,(デテイケッ！、デテイケッ！、デテイケッ！、デテイケッ！),(デテイケッ！、デテイケッ！、デテイケッ！、デテイケッ！),(滾出去！滾出去！滾出去！滾出去！),(Detei kek! Deteke! Detekeke! Deteke!),(GET OUT! GET OUT! GET OUT! GET OUT!),"(나가!, 나가!, 나가!, 나가!)",(滚出去！、滚出去！、滚出去！、滚出去！)
,,,,,,,,
Rikka.Core2-25,,(デテイケ、デテイケ、デテイケ、デテイケ、デテイケ、デテイケ),(デテイケ、デテイケ、デテイケ、デテイケ、デテイケ、デテイケ),(滾出去、滾出去、滾出去、滾出去、滾出去、滾出去),"(deteke, deteke, deteke, deteke, deteke, deteke, deteke)",(GET OUT GET OUT GET OUT GET OUT GET OUT),"(나가, 나가, 나가, 나가, 나가, 나가)",(滚出去、滚出去、滚出去、滚出去、滚出去、滚出去)
,,,,,,,,
Rikka.Core2-26,,(デテイケデテイケデテイケデテイケデテイケデテイケデテイケデテイケデテイケデテイケデテイケ),(デテイケデテイケデテイケデテイケデテイケデテイケデテイケデテイケデテイケデテイケデテイケ),(滾出去滾出去滾出去滾出去滾出去滾出去滾出去滾出去滾出去滾出去滾出去),(Detei Ke Detei Ke Detei Ke Detei Ke Detei Ke Detei Ke Detei Ke Detei Ke Detei Ke Detei Ke Detei Ke),(GETOUTGETOUTGETOUTGETOUTGETOUTGETOUTGETOUT),(나가나가나가나가나가나가나가나가나가나가나가),(滚出去滚出去滚出去滚出去滚出去滚出去滚出去滚出去滚出去滚出去滚出去)
,,,,,,,,
Rikka.Core2-27,,(はっ――――――――――っ？！？！),(はっ――――――――――っ？！？！),(哈――――――――――！？！？),(ha ―――――――― ――?!!!),(Huh?!),(핫――――――――――윽?!?!),(哈――――――――――！？！？)
,,,,,,,,
Rikka.Core2-28,,(また思考を乗っ取られてイタ……ッ！？),(また思考を乗っ取られてイタ……ッ！？),(思緒又被奪走了嗎……！？),(Ita......s hijacked my thinking again!),(It took over my mind again...),(또 생각을 빼앗기고 있었어……윽!?),(思绪又被夺走了吗……！？)
,,,,,,,,
Rikka.Core2-29,,(意識を取り戻してっ…コレデ…この体は…ワタシノモノ…ッ！),(意識を取り戻してっ…コレデ…この体は…ワタシノモノ…ッ！),(找回意識……這樣……這個身體就……屬於我了……！),(I regain consciousness...this...body...belongs to me...!),(Now that I've come to... This body... is mine!),(의식을 되찾고… 이걸로… 이 몸은… 나의 것…윽!),(找回意识……这样……这个身体就……属于我了……！)
,,,,,,,,
Rikka.Core2-30,,(……っ！？、違う！あんたの物じゃないっ！私はカイジン…ッ！),(……っ！？、違う！あんたの物じゃないっ！私はカイジン…ッ！),(……！？不對！這不是妳的！我是怪人……！),"(......! No, it's not! I don't belong to you! I am Kaijin...!)",(...No! Not yours! I'm a fiend...),"(……윽!?, 아니야! 네 것이 아니야! 나는 괴인…윽!)",(……！？、不对！这不是你的！我是怪人……！)
,,,,,,,,
Rikka.Core2-31,,(違うっ、私は聖核戦姫ジャナイ……フジュンブツ……！),(違うっ、私は聖核戦姫ジャナイ……フジュンブツ……！),(不對，我不是聖核戰姫……是雜質……！),"(No, I'm not the Seikaku Princess ...... FUJUNBUTSU ......!)",(No... I'm not a Holy Core Battlemaiden... Impurities...),"(아니야, 나는 성핵전희가 아니야…… 불순물……!)",(不对、我不是圣核战姫……是杂质……！)
,,,,,,,,
Rikka.Core2-32,,(ワタシはイラナイ……デテイケ……！),(ワタシはイラナイ……デテイケ……！),(我是不需要的……滾出去……！),(Watashi wa iranai ...... de teike ......!),(I am not needed... Get out!),(나는 필요 없어…… 나가……!),(我不需要……滚出去……！)
,Rikka core 2-2,,,,,,,
Rikka.Core2-33,,その瞬間、肉塊の口が開き、中から青く光るゲル状の物質が現れる,その瞬間、肉塊の口が開き、中から青く光るゲル状の物質が現れる,就在這瞬間，肉塊的嘴巴張開，從中出現了發出藍色光芒的膠狀物質。,"At that moment, the mouth of the lump of meat opens and a blue―glowing gelatinous substance appears from within.","At that moment, the mouth of the flesh chunk opened and a gel-like blue substance emerged.","그 순간, 살덩이의 입이 열리고, 안에서 푸르게 빛나는 겔 상태의 물질이 나타난다",就在这瞬间，肉块的嘴巴张开，从中出现了发出蓝色光芒的胶状物质。
,,,,,,,,
Rikka.Core2-34,,ゴパッ、グジュッ、グジュッ,ゴパッ、グジュッ、グジュッ,嘩啦、咕嘰、咕嘰,"Gobble, gulp, gulp.","Gush, gush, splat","고팟, 구츗, 구츗",哗啦、咕叽、咕叽
,,,,,,,,
Rikka.Core2-35,,(な…にっ♥！？、わたし…どうなって…！？),(な…にっ♥！？、わたし…どうなって…！？),(什……麼！？我……發生什麼事了……！？),(What...what...? What's happening to me...?),(Huh? I... How...),"(뭐…뭣♥!?, 나… 어떻게 된……!?)",(什……么！？、我……发生什么事了……！？)
,,,,,,,,
Rikka.Core2-36,,(オマエ……ハ…イラナイ……デテイケ…！),(オマエ……ハ…イラナイ……デテイケ…！),(妳……不……需……要……滾出去……！),(You .........don't.......... de teike...!),(You are not needed... Get out...),(너……는… 필요 없어…… 나가…!),(你……不……需……要……滚出去……！)
,,,,,,,,
Rikka.Core2-37,,(やっ、嫌だっ！、私は出て行かないっ！),(やっ、嫌だっ！、私は出て行かないっ！),(不、不要！我不會出去的！),"(No, no, no, I'm not leaving! I'm not leaving!)",(No! I will not!),"(시, 싫어!, 나는 나가지 않아!)",(不、不要！、我不会出去的！)
,,,,,,,,
Rikka.Core2-38,,(フフフッ……モウムリ……コレデオワリ……！),(フフフッ……モウムリ……コレデオワリ……！),(呵呵呵……已經不行了……到此為止了……！),(hmmm ...... mouri ...... kore deo wari ......!),(Hehehe... Too late... This is it!),(후후훗…… 이제 무리…… 이걸로 끝……!),(呵呵呵……已经不行了……到此为止了……！)
,,,,,,,,
Rikka.Core2-39,,(サヨウナラ……！),(サヨウナラ……！),(再見了……！),(Sayonara ......!),(Goodbye!),(안녕……!),(再见了……！)
,Rikka core 2-3,,,,,,,
Rikka.Core2-40,,その瞬間肉塊の口が大きく開き、六花の形をした聖核が吐き出される,その瞬間肉塊の口が大きく開き、六花の形をした聖核が吐き出される,就在那瞬間，肉塊的嘴巴張得更大，吐出了六花形狀的聖核。,"At that moment, the mouth of the lump of flesh opens wide and a sacred nucleus in the shape of six flowers is ejected.",The mouth of the flesh chunk opened wide and spat out a Holy Core shaped like Rikka.,"그 순간 살덩이의 입이 크게 열리고, 릿카 형태의 성핵이 토해내진다",就在那瞬间，肉块的嘴巴张得更大，吐出了六花形状的圣核。
,,,,,,,,
Rikka.Core2-41,,ドバッ、ゴボッ、ボトッ！,ドバッ、ゴボッ、ボトッ！,嘩啦、咕嘟、啪搭！,"Boom, gobble, and botto!","Bang, clank, splat","도밧, 고봇, 보톳!",哗啦、咕嘟、啪搭！
,,,,,,,,
Rikka.Core2-42,六花,(っ～～～～～～～～っ！？),(っ～～～～～～～～っ！？),(可惡～～～～～～～～！？),(～～～～～～～～!),(...?!),(윽~~~~~~~~~윽!?),(可恶～～～～～～～～！？)
,,,,,,,,
Rikka.Core2-43,,(何が起きてっ！？、私っ、今どうなってるのっ！？),(何が起きてっ！？、私っ、今どうなってるのっ！？),(發生了什麼事！？我、我現在變成什麼樣子了！？),(What's happening? What's happening to me?),(What's going on? What has become of me?),"(무슨 일이 일어나고!?, 나, 지금 어떻게 되어 있는 거야!?)",(发生了什么事！？、我、我现在变成什么样子了！？)
,,,,,,,,
Rikka.Core2-44,怪人,「オエッ…、ゴボッ、ゲボッ………」,「オエッ…、ゴボッ、ゲボッ………」,「嘔……咕嘟、呃……」,"""Oech..., gobble, gobble. .........""","""Ughh... Cough...""","「오엣… 고봇, 게봇………」",「呕……、咕嘟、呃……」
,,,,,,,,
Rikka.Core2-45,,肉塊はグネグネと形を変え、元の六花の形へと近づいていく,肉塊はグネグネと形を変え、元の六花の形へと近づいていく,肉塊扭動著改變形狀，逐漸接近原本六花的樣子。,The mass of flesh changes its shape and approaches the shape of the original Rikka.,The flesh transformed into what Rikka looked like.,"살덩이는 꿈틀거리며 형태를 바꾸어, 원래 릿카의 형태로 가까워져 간다",肉块扭动着改变形状，逐渐靠近原本六花的样子。
,,,,,,,,
Rikka.Core2-46,,グニュッ、グニュニュッ！,グニュッ、グニュニュッ！,咕妞、咕妞妞！,"Gnu, gnu, gnu!","Shlap, Sshlap....","그뉵, 그뉴늇!",咕妞、咕妞妞！
,Rikka core 2-4,,,,,,,
Rikka.Core2-47,怪人,「ンンッ！……ハアッ、ハアッ！」,「ンンッ！……ハアッ、ハアッ！」,「嗯！……哈、哈！」,"""Nnnngh."" ...... Haah, haah!""","""Nnnnn... Haaaa... Haaa...""","「응응읏!…… 하앗, 하앗!」",「嗯！……哈、哈！」
,,,,,,,,
Rikka.Core2-48,,黄色く発光する目が出現し、六花を包んでいた肉塊は怪人へと変貌する,黄色く発光する目が出現し、六花を包んでいた肉塊は怪人へと変貌する,發出黃色光芒的眼睛出現了，包裹著六花的肉塊變成了怪人。,"Yellow luminescent eyes appear, and the mass of flesh surrounding Rikka transforms into a monster.","With yellow eyes, the flesh that engulfed Rikka became a fiend.","노랗게 발광하는 눈이 나타나고, 릿카를 감싸고 있던 살덩이는 괴인으로 변모한다",发出黄色光芒的眼睛出现了，包裹着六花的肉块变成了怪人。
,,,,,,,,
Rikka.Core2-49,怪人,「ハアッ………フフッ………」,「ハアッ………フフッ………」,「哈……呵呵……」,"""Hah ......... huff .........""","""Haaaa...""",「하앗……… 후훗………」,「哈……呵呵……」
,Rikka core 2-5,,,,,,,
Rikka.Core2-50,,「フフフッ………スゴイチカラ……ッ……♥」,「フフフッ………スゴイチカラ……ッ……♥」,「呵呵呵……好強大的力量……！」,"""Hmph... ......... Sugoichikara... ......... ......♥""","""Hahaha... Power...""",「후후훗……… 굉장한 힘……윽……♥」,「呵呵呵……好强大的力量……！」
,,,,,,,,
Rikka.Core2-51,,「ジユウニ…ウゴケル……フフフッ………♥♥」,「ジユウニ…ウゴケル……フフフッ………♥♥」,「能自由……活動了……呵呵呵………」,"""Jiyuuni...ugokel......fffffff.........♥♥♥""","""Now I can move freely...""",「자유롭게… 움직일 수 있어…… 후후훗………♥♥」,「能自由……活动了……呵呵呵………」
,,,,,,,,
Rikka.Core2-52,六花,(なっ！？、ま、まッて…！),(なっ！？、ま、まッて…！),(什麼！？等、等一下……！),"(What? ! Wait, wait...!)",(Huh? Wait...),"(뭣!?, 자, 잠깐…!)",(什么！？、等、等一下……！)
,,,,,,,,
Rikka.Core2-53,,(駄目ッ！それは私の体っ！返してえっ！),(駄目ッ！それは私の体っ！返してえっ！),(不行！那是我的身體！還給我！),(No! That's my body! Give it back!),(That's my body! Give it back!),(안 돼! 그건 내 몸! 돌려줘엇!),(不行！那是我的身体！还给我！)
,,,,,,,,
Rikka.Core2-54,,そして怪人は股下に転がっている六花に気が付く,そして怪人は股下に転がっている六花に気が付く,接著怪人注意到了躺在胯下的六花。,Then the monster notices Rikka lying in his crotch.,The fiend noticed Rikka on the floor.,그리고 괴인은 발밑에 굴러다니는 릿카를 눈치챈다,接着怪人注意到了躺在胯下的六花。
,,,,,,,,
Rikka.Core2-55,怪人,「アアッ……カワイソウ……♥……モウウゴケナイネ……♥」,「アアッ……カワイソウ……♥……モウウゴケナイネ……♥」,「啊……好可憐……♥……已經動不了了呢……♥」,"""Aaahh......Kawaiisou......♥......Mouugokenai ne......♥""","""Ahhh... Poor you... You can't move anymore...""",「아앗…… 가엾어라……♥…… 이제 움직일 수 없네……♥」,「啊……好可怜……♥……已经动不了了呢……♥」
,,,,,,,,
Rikka.Core2-56,六花,(―――――なっ、やだっ！そ、そんなのっ！),(―――――なっ、やだっ！そ、そんなのっ！),(―――――什麼？不要！那、那種事！),"(――――― Oh, no! Oh, no!)",(No... What's this? No way!),"(―――――뭣, 싫어! 그, 그런 거!)",(―――――什么、不要！那、那种事！)
,,,,,,,,
Rikka.Core2-57,,六花は全身に力を入れようとするが、ゲル状の体をプルプル振るわせることしかできない,六花は全身に力を入れようとするが、ゲル状の体をプルプル振るわせることしかできない,六花試圖使出全身力量，但只能讓膠狀的身體微微顫抖。,"Rikka tries to put all her strength into her body, but she can only shake her gelatinous body","She tried to use her muscles, but she could only shake her gel-like body.","릿카는 온몸에 힘을 주려 하지만, 겔 상태의 몸을 푸들푸들 떨게 할 뿐이다",六花试图使出全身力量，但只能让胶状的身体微微颤抖。
,,,,,,,,
Rikka.Core2-58,怪人,「フフッ………アリガトウ……カラダ……♥」,「フフッ………アリガトウ……カラダ……♥」,「呵呵……謝謝妳……身體……♥」,"""Huff.........Arigato......Karada......♥""","""Heheh... Thank you for the body.""",「후훗……… 고마워…… 몸……♥」,「呵呵……谢谢你……身体……♥」
,,,,,,,,
Rikka.Core2-59,,「ワタシガ…ダイジニスルカラ……ジャアネ……ッ♥」,「ワタシガ…ダイジニスルカラ……ジャアネ……ッ♥」,「我會好好珍惜的……再見了……！」,"""Watashi ga...daijinisuru kara ...... jaane ......♥""","""I will make sure to cherish it. Goodbye.""",「내가… 소중히 할게…… 그럼 안녕……♥」,「我会好好珍惜的……再见了……！」
,,,,,,,,
Rikka.Core2-60,六花,(そんなっ！まって、いやああああっっっ！！),(そんなっ！まって、いやああああっっっ！！),(怎麼會！等等，不要啊啊啊啊啊！！！),"(Sonny! Wait, no!)",(No! No! Wait!),"(그런! 기다려, 싫어어어어어엇!!)",(怎么会！等等、不要啊啊啊啊啊！！！)
,,,,,,,,
Rikka.Core2-61,,――――その後、六花の体を奪った怪人は強力な怪人として聖核戦姫達の敵となった,――――その後、六花の体を奪った怪人は強力な怪人として聖核戦姫達の敵となった,――――之後，奪走六花身體的怪人，成為了強大的怪人，成為了聖核戰姫們的敵人。,"―――― Then, the monster that took Rikka's body became a powerful monster and an enemy of the Seikaku Princesses.",The fiend that took over Rikka's body became a powerful fiend that fought the Holy Core Battlemaidens.,"――――그 후, 릿카의 몸을 빼앗은 괴인은 강력한 괴인으로서 성핵전희들의 적이 되었다",――――之后，夺走六花身体的怪人，成为了强大的怪人，成为了圣核战姫们的敌人。
,,,,,,,,
Rikka.Core2-62,,六花の聖核は回収され加工されて戦闘員達のオナホとして使用されるのだった,六花の聖核は回収され加工されて戦闘員達のオナホとして使用されるのだった,六花的聖核被回收加工，用作戰鬥員們的自慰工具。,"Rikka's Seikaku was recovered, processed, and used as a masturbation device for the combatants.","Rikka's Holy Core was retrieved, then made into a sex sleeve for the soldiers.",릿카의 성핵은 회수되고 가공되어 전투원들의 오나홀로서 사용되었다,六花的圣核被回收加工，用作战斗员们的自慰工具。